sample_id,components.AI_DC1.base_pue,components.AI_DC1.cooling.cycles_of_concentration,components.AI_DC1.temperature_coefficient,maximum_safe_ai_capacity_mw,first_failed_capacity_mw,limiting_constraint,constraint_margin,threshold_interval_mw,feasible_intervals_mw,reentrant_feasibility
0,1.350547802490836,3.518997545148146,0.007216524188131672,750.0,0.0,reclaimed_water_substitution_ratio,0.65,"[None, 0.0]","[[250.0, 750.0]]",True
1,1.3434312891655673,8.844553314883335,0.007854074086055913,750.0,0.0,reclaimed_water_substitution_ratio,0.65,"[None, 0.0]","[[250.0, 750.0]]",True
2,1.3507006254888227,4.631715063987052,0.0077688041371753395,750.0,0.0,reclaimed_water_substitution_ratio,0.65,"[None, 0.0]","[[250.0, 750.0]]",True
3,1.1527951589938052,3.784412457203942,0.007449709658884109,1000.0,0.0,reclaimed_water_substitution_ratio,0.65,"[None, 0.0]","[[250.0, 1000.0]]",True
4,1.2483308964271582,3.8521632045468817,0.006352656469587003,1000.0,0.0,reclaimed_water_substitution_ratio,0.65,"[None, 0.0]","[[250.0, 1000.0]]",True
5,1.1962657544102153,3.25275685502995,0.0022827843914330972,1000.0,0.0,reclaimed_water_substitution_ratio,0.65,"[None, 0.0]","[[250.0, 1000.0]]",True
6,1.3506348104532715,3.430375818622956,0.00736160952042955,750.0,0.0,reclaimed_water_substitution_ratio,0.65,"[None, 0.0]","[[250.0, 750.0]]",True
7,1.2547657814381696,6.1178299625151435,0.0008215830758164248,1000.0,0.0,reclaimed_water_substitution_ratio,0.65,"[None, 0.0]","[[250.0, 1000.0]]",True
8,1.3597338773818568,4.908806853235658,0.006517139518065741,750.0,0.0,reclaimed_water_substitution_ratio,0.65,"[None, 0.0]","[[250.0, 750.0]]",True
9,1.1741395813807167,4.170554990739367,0.0008807231249121729,1000.0,0.0,reclaimed_water_substitution_ratio,0.65,"[None, 0.0]","[[250.0, 1000.0]]",True
10,1.2045767630819852,8.091786411099513,0.004367595302342335,1000.0,0.0,reclaimed_water_substitution_ratio,0.65,"[None, 0.0]","[[250.0, 1000.0]]",True
11,1.2179946801508055,5.711451451939739,0.0031595723634699415,1000.0,0.0,reclaimed_water_substitution_ratio,0.65,"[None, 0.0]","[[250.0, 1000.0]]",True
12,1.2071054944027784,5.402550061812484,0.001057993338344651,1000.0,0.0,reclaimed_water_substitution_ratio,0.65,"[None, 0.0]","[[250.0, 1000.0]]",True
13,1.2572250200606916,3.426105047575522,0.006515292716816187,750.0,0.0,reclaimed_water_substitution_ratio,0.65,"[None, 0.0]","[[250.0, 750.0]]",True
14,1.346241170778046,5.808106864480147,0.0026584935218112965,1000.0,0.0,reclaimed_water_substitution_ratio,0.65,"[None, 0.0]","[[250.0, 1000.0]]",True
15,1.236248052513507,5.344974549478962,0.0014461939169717543,1000.0,0.0,reclaimed_water_substitution_ratio,0.65,"[None, 0.0]","[[250.0, 1000.0]]",True
16,1.3166723210763425,5.492341064893763,0.0076086228922812305,1000.0,0.0,reclaimed_water_substitution_ratio,0.65,"[None, 0.0]","[[250.0, 1000.0]]",True
17,1.1759654024261714,4.672807101858886,0.003923537539199582,1000.0,0.0,reclaimed_water_substitution_ratio,0.65,"[None, 0.0]","[[250.0, 1000.0]]",True
18,1.3343651682776214,3.251044198307013,0.005880825588066307,750.0,0.0,reclaimed_water_substitution_ratio,0.65,"[None, 0.0]","[[250.0, 750.0]]",True
19,1.2565258110777813,4.098541921295184,0.0045721141038216374,1000.0,0.0,reclaimed_water_substitution_ratio,0.65,"[None, 0.0]","[[250.0, 1000.0]]",True
20,1.1608358202650417,5.325787940572167,0.0052443578003633085,1000.0,0.0,reclaimed_water_substitution_ratio,0.65,"[None, 0.0]","[[250.0, 1000.0]]",True
21,1.2204806514715432,7.799193569463259,0.0035159461430836134,1000.0,0.0,reclaimed_water_substitution_ratio,0.65,"[None, 0.0]","[[250.0, 1000.0]]",True
22,1.16952003909512,5.4891705775996185,0.0068882889031720036,1000.0,0.0,reclaimed_water_substitution_ratio,0.65,"[None, 0.0]","[[250.0, 1000.0]]",True
23,1.2679924290327036,4.719866165251827,0.00579199137947649,1000.0,0.0,reclaimed_water_substitution_ratio,0.65,"[None, 0.0]","[[250.0, 1000.0]]",True
24,1.3200236007421233,6.241563703306038,0.004029279041126004,1000.0,0.0,reclaimed_water_substitution_ratio,0.65,"[None, 0.0]","[[250.0, 1000.0]]",True
25,1.2627955564601856,6.148016768021126,0.006721201623477014,1000.0,0.0,reclaimed_water_substitution_ratio,0.65,"[None, 0.0]","[[250.0, 1000.0]]",True
26,1.1626673159806562,8.574336882571142,0.0038076368620596317,1000.0,0.0,reclaimed_water_substitution_ratio,0.65,"[None, 0.0]","[[250.0, 1000.0]]",True
27,1.2215934979128178,5.237661139914209,0.0014357544152622502,1000.0,0.0,reclaimed_water_substitution_ratio,0.65,"[None, 0.0]","[[250.0, 1000.0]]",True
28,1.2160557258526572,8.733035607013168,0.002338427644886381,1000.0,0.0,reclaimed_water_substitution_ratio,0.65,"[None, 0.0]","[[250.0, 1000.0]]",True
29,1.21427290957426,5.955922336170511,0.00440452300048076,1000.0,0.0,reclaimed_water_substitution_ratio,0.65,"[None, 0.0]","[[250.0, 1000.0]]",True
30,1.15846462837584,8.592545557948078,0.004303882782899121,1000.0,0.0,reclaimed_water_substitution_ratio,0.65,"[None, 0.0]","[[250.0, 1000.0]]",True
31,1.1520961559531824,6.419444397708393,0.0021552627612207737,1000.0,0.0,reclaimed_water_substitution_ratio,0.65,"[None, 0.0]","[[250.0, 1000.0]]",True
32,1.2982200008344418,4.308316535320393,0.005093514927813337,1000.0,0.0,reclaimed_water_substitution_ratio,0.65,"[None, 0.0]","[[250.0, 1000.0]]",True
33,1.172254399812599,6.548526559982124,0.00796115620509617,1000.0,0.0,reclaimed_water_substitution_ratio,0.65,"[None, 0.0]","[[250.0, 1000.0]]",True
34,1.2243583851963118,4.995778623371492,0.007510661476205051,1000.0,0.0,reclaimed_water_substitution_ratio,0.65,"[None, 0.0]","[[250.0, 1000.0]]",True
35,1.2186646653350002,4.502735253730625,0.005753904623665226,1000.0,0.0,reclaimed_water_substitution_ratio,0.65,"[None, 0.0]","[[250.0, 1000.0]]",True
36,1.184354132692652,8.183639784676565,0.006537109409531979,1000.0,0.0,reclaimed_water_substitution_ratio,0.65,"[None, 0.0]","[[250.0, 1000.0]]",True
37,1.3004402700782622,4.337241324245135,0.0014594224172049869,1000.0,0.0,reclaimed_water_substitution_ratio,0.65,"[None, 0.0]","[[250.0, 1000.0]]",True
38,1.242694558484366,3.5975847322883316,0.005707967466487558,1000.0,0.0,reclaimed_water_substitution_ratio,0.65,"[None, 0.0]","[[250.0, 1000.0]]",True
39,1.18966241100378,8.48888570961246,0.007989789312788974,1000.0,0.0,reclaimed_water_substitution_ratio,0.65,"[None, 0.0]","[[250.0, 1000.0]]",True
40,1.2912444692971374,5.472215831700627,0.005391908480636776,1000.0,0.0,reclaimed_water_substitution_ratio,0.65,"[None, 0.0]","[[250.0, 1000.0]]",True
41,1.3031683989235419,5.411384141508466,0.00650790565544615,1000.0,0.0,reclaimed_water_substitution_ratio,0.65,"[None, 0.0]","[[250.0, 1000.0]]",True
42,1.1273994922493586,7.009944986783361,0.0007180510477645748,1250.0,0.0,reclaimed_water_substitution_ratio,0.65,"[None, 0.0]","[[250.0, 1250.0]]",True
43,1.2791821219960815,4.618675606692059,0.0067427285034027725,1000.0,0.0,reclaimed_water_substitution_ratio,0.65,"[None, 0.0]","[[250.0, 1000.0]]",True
44,1.121312596993929,6.087558923751896,0.00514682639762281,1000.0,0.0,reclaimed_water_substitution_ratio,0.65,"[None, 0.0]","[[250.0, 1000.0]]",True
45,1.2045947188663924,8.268521403459237,0.007574160725542315,1000.0,0.0,reclaimed_water_substitution_ratio,0.65,"[None, 0.0]","[[250.0, 1000.0]]",True
46,1.2242132816905316,8.327760935961628,0.0009868145215832327,1000.0,0.0,reclaimed_water_substitution_ratio,0.65,"[None, 0.0]","[[250.0, 1000.0]]",True
47,1.3134031977392229,3.7248183750677715,0.005573578015374746,750.0,0.0,reclaimed_water_substitution_ratio,0.65,"[None, 0.0]","[[250.0, 750.0]]",True
48,1.2015036458283501,5.514634243026196,0.0077431067888533624,1000.0,0.0,reclaimed_water_substitution_ratio,0.65,"[None, 0.0]","[[250.0, 1000.0]]",True
49,1.233780563030649,6.756044645652141,0.006474235064813054,1000.0,0.0,reclaimed_water_substitution_ratio,0.65,"[None, 0.0]","[[250.0, 1000.0]]",True
50,1.2874250880161822,5.4085535896654235,0.0022344993885579385,1000.0,0.0,reclaimed_water_substitution_ratio,0.65,"[None, 0.0]","[[250.0, 1000.0]]",True
51,1.3398269031326655,7.109496243358267,0.006188691032128615,1000.0,0.0,reclaimed_water_substitution_ratio,0.65,"[None, 0.0]","[[250.0, 1000.0]]",True
52,1.2058588204642147,4.645666520317482,0.004476337648814072,1000.0,0.0,reclaimed_water_substitution_ratio,0.65,"[None, 0.0]","[[250.0, 1000.0]]",True
53,1.35515753809134,3.983143608964821,0.004046544945680219,1000.0,0.0,reclaimed_water_substitution_ratio,0.65,"[None, 0.0]","[[250.0, 1000.0]]",True
54,1.2684924481386597,8.439193749818044,0.0041864570637566495,1000.0,0.0,reclaimed_water_substitution_ratio,0.65,"[None, 0.0]","[[250.0, 1000.0]]",True
55,1.27139888670093,3.804125114535771,0.006382848875625348,1000.0,0.0,reclaimed_water_substitution_ratio,0.65,"[None, 0.0]","[[250.0, 1000.0]]",True
56,1.3203307928397754,4.753812899495892,0.006932670105924115,1000.0,0.0,reclaimed_water_substitution_ratio,0.65,"[None, 0.0]","[[250.0, 1000.0]]",True
57,1.3052949140322987,7.52294530009255,0.0069823273213759415,1000.0,0.0,reclaimed_water_substitution_ratio,0.65,"[None, 0.0]","[[250.0, 1000.0]]",True
58,1.299102045186029,8.046412766758284,0.004869123416373432,1000.0,0.0,reclaimed_water_substitution_ratio,0.65,"[None, 0.0]","[[250.0, 1000.0]]",True
59,1.2175432430238777,5.660031693665331,0.0036671104141304278,1000.0,0.0,reclaimed_water_substitution_ratio,0.65,"[None, 0.0]","[[250.0, 1000.0]]",True
60,1.3033393491966057,7.675893741908033,0.0040618630810511595,1000.0,0.0,reclaimed_water_substitution_ratio,0.65,"[None, 0.0]","[[250.0, 1000.0]]",True
61,1.128842289987105,8.41587246298463,0.003946550830295728,1000.0,0.0,reclaimed_water_substitution_ratio,0.65,"[None, 0.0]","[[250.0, 1000.0]]",True
62,1.3449865798753922,5.99018833070121,0.002835660938559944,1000.0,0.0,reclaimed_water_substitution_ratio,0.65,"[None, 0.0]","[[250.0, 1000.0]]",True
63,1.1959424346365148,5.044748610775882,0.00505347977059031,1000.0,0.0,reclaimed_water_substitution_ratio,0.65,"[None, 0.0]","[[250.0, 1000.0]]",True
64,1.1573383905835937,5.838110374882451,0.003352496445068242,1000.0,0.0,reclaimed_water_substitution_ratio,0.65,"[None, 0.0]","[[250.0, 1000.0]]",True
65,1.3339557788240342,8.621080686945,0.006084449697428612,1000.0,0.0,reclaimed_water_substitution_ratio,0.65,"[None, 0.0]","[[250.0, 1000.0]]",True
66,1.1822305150485293,3.690429701850751,0.0013871038361903507,1000.0,0.0,reclaimed_water_substitution_ratio,0.65,"[None, 0.0]","[[250.0, 1000.0]]",True
67,1.2987275257728605,8.045001979524207,0.0009514401951024028,1000.0,0.0,reclaimed_water_substitution_ratio,0.65,"[None, 0.0]","[[250.0, 1000.0]]",True
68,1.3435324805334814,4.4729259464453985,0.0006762021040570638,1000.0,0.0,reclaimed_water_substitution_ratio,0.65,"[None, 0.0]","[[250.0, 1000.0]]",True
69,1.140470549573687,5.128166048885205,0.0019218326296955848,1000.0,0.0,reclaimed_water_substitution_ratio,0.65,"[None, 0.0]","[[250.0, 1000.0]]",True
70,1.2020054509790876,7.292737232679526,0.007696211188946969,1000.0,0.0,reclaimed_water_substitution_ratio,0.65,"[None, 0.0]","[[250.0, 1000.0]]",True
71,1.2610411457680735,7.765777781833891,0.006595046650720507,1000.0,0.0,reclaimed_water_substitution_ratio,0.65,"[None, 0.0]","[[250.0, 1000.0]]",True
72,1.200015140213914,6.044909494109765,0.006978856836165552,1000.0,0.0,reclaimed_water_substitution_ratio,0.65,"[None, 0.0]","[[250.0, 1000.0]]",True
73,1.3104484630065316,5.929786844036387,0.002217385144647901,1000.0,0.0,reclaimed_water_substitution_ratio,0.65,"[None, 0.0]","[[250.0, 1000.0]]",True
74,1.2324123993942586,7.708747469894154,0.00568036710161976,1000.0,0.0,reclaimed_water_substitution_ratio,0.65,"[None, 0.0]","[[250.0, 1000.0]]",True
75,1.3079154859023483,4.246779477175305,0.0032474842421467524,1000.0,0.0,reclaimed_water_substitution_ratio,0.65,"[None, 0.0]","[[250.0, 1000.0]]",True
76,1.2782103127746327,7.580386531731496,0.0016575622890905371,1000.0,0.0,reclaimed_water_substitution_ratio,0.65,"[None, 0.0]","[[250.0, 1000.0]]",True
77,1.3583870364103305,4.378626646353787,0.005372435682699815,1000.0,0.0,reclaimed_water_substitution_ratio,0.65,"[None, 0.0]","[[250.0, 1000.0]]",True
78,1.1536309651385608,6.396262141547655,0.006365339450793244,1000.0,0.0,reclaimed_water_substitution_ratio,0.65,"[None, 0.0]","[[250.0, 1000.0]]",True
79,1.1302141582434455,5.0197942784185745,0.004955349139158707,1000.0,0.0,reclaimed_water_substitution_ratio,0.65,"[None, 0.0]","[[250.0, 1000.0]]",True
80,1.2551889247085792,6.893240482883377,0.005775334143098136,1000.0,0.0,reclaimed_water_substitution_ratio,0.65,"[None, 0.0]","[[250.0, 1000.0]]",True
81,1.3359785262668091,6.52084976252187,0.004486518769648883,1000.0,0.0,reclaimed_water_substitution_ratio,0.65,"[None, 0.0]","[[250.0, 1000.0]]",True
82,1.3275788466730527,6.46998646563843,0.0009242631859429982,1000.0,0.0,reclaimed_water_substitution_ratio,0.65,"[None, 0.0]","[[250.0, 1000.0]]",True
83,1.2138826050726361,6.354911094661855,0.0031845506690237548,1000.0,0.0,reclaimed_water_substitution_ratio,0.65,"[None, 0.0]","[[250.0, 1000.0]]",True
84,1.2309602395374566,8.541215730085085,0.0024916914483246472,1000.0,0.0,reclaimed_water_substitution_ratio,0.65,"[None, 0.0]","[[250.0, 1000.0]]",True
85,1.2384437193993256,8.452567437177109,0.001153856327875851,1000.0,0.0,reclaimed_water_substitution_ratio,0.65,"[None, 0.0]","[[250.0, 1000.0]]",True
86,1.3172199222531185,4.743205276740839,0.001405528106615332,1000.0,0.0,reclaimed_water_substitution_ratio,0.65,"[None, 0.0]","[[250.0, 1000.0]]",True
87,1.160733112816714,6.370933025958346,0.0044885199487032686,1000.0,0.0,reclaimed_water_substitution_ratio,0.65,"[None, 0.0]","[[250.0, 1000.0]]",True
88,1.175108278012356,5.505337947298369,0.000519779096318957,1000.0,0.0,reclaimed_water_substitution_ratio,0.65,"[None, 0.0]","[[250.0, 1000.0]]",True
89,1.2899269817082377,5.4720130035111865,0.003510294486593095,1000.0,0.0,reclaimed_water_substitution_ratio,0.65,"[None, 0.0]","[[250.0, 1000.0]]",True
90,1.2399765672264405,8.67784882278638,0.006139142175753376,1000.0,0.0,reclaimed_water_substitution_ratio,0.65,"[None, 0.0]","[[250.0, 1000.0]]",True
91,1.2703750831742917,4.147279471401659,0.006814874732437035,1000.0,0.0,reclaimed_water_substitution_ratio,0.65,"[None, 0.0]","[[250.0, 1000.0]]",True
92,1.3329120312855713,6.387821312075265,0.004433705826114192,1000.0,0.0,reclaimed_water_substitution_ratio,0.65,"[None, 0.0]","[[250.0, 1000.0]]",True
93,1.1242364453747018,3.7086750435525744,0.0012310007400644408,1000.0,0.0,reclaimed_water_substitution_ratio,0.65,"[None, 0.0]","[[250.0, 1000.0]]",True
94,1.197229762434908,5.823724822576866,0.003946239848285394,1000.0,0.0,reclaimed_water_substitution_ratio,0.65,"[None, 0.0]","[[250.0, 1000.0]]",True
95,1.1742271750848612,4.051079490716671,0.005190897250829255,1000.0,0.0,reclaimed_water_substitution_ratio,0.65,"[None, 0.0]","[[250.0, 1000.0]]",True
96,1.196714669579999,5.513396419155649,0.0048236929184648555,1000.0,0.0,reclaimed_water_substitution_ratio,0.65,"[None, 0.0]","[[250.0, 1000.0]]",True
97,1.1748823091207528,7.90497341201732,0.006723527582037436,1000.0,0.0,reclaimed_water_substitution_ratio,0.65,"[None, 0.0]","[[250.0, 1000.0]]",True
98,1.2686924957678882,8.459973956241843,0.0005061481603694358,1000.0,0.0,reclaimed_water_substitution_ratio,0.65,"[None, 0.0]","[[250.0, 1000.0]]",True
99,1.1550143327826354,5.281645885908073,0.004902372172202133,1000.0,0.0,reclaimed_water_substitution_ratio,0.65,"[None, 0.0]","[[250.0, 1000.0]]",True
100,1.169198143526001,6.033461460318842,0.006937296358555341,1000.0,0.0,reclaimed_water_substitution_ratio,0.65,"[None, 0.0]","[[250.0, 1000.0]]",True
101,1.2767745896839433,4.667349474972695,0.00760485010950354,1000.0,0.0,reclaimed_water_substitution_ratio,0.65,"[None, 0.0]","[[250.0, 1000.0]]",True
102,1.2256915048597432,4.180996403222428,0.0023096807814112115,1000.0,0.0,reclaimed_water_substitution_ratio,0.65,"[None, 0.0]","[[250.0, 1000.0]]",True
103,1.281708133887523,5.170943314545386,0.005267871277090049,1000.0,0.0,reclaimed_water_substitution_ratio,0.65,"[None, 0.0]","[[250.0, 1000.0]]",True
104,1.1429501038559093,7.749605389548142,0.005414225439417495,1000.0,0.0,reclaimed_water_substitution_ratio,0.65,"[None, 0.0]","[[250.0, 1000.0]]",True
105,1.135297327725408,5.806735798950818,0.0044003728344750555,1000.0,0.0,reclaimed_water_substitution_ratio,0.65,"[None, 0.0]","[[250.0, 1000.0]]",True
106,1.2683714117804128,6.185442782458198,0.0032205322436178797,1000.0,0.0,reclaimed_water_substitution_ratio,0.65,"[None, 0.0]","[[250.0, 1000.0]]",True
107,1.356082805419195,3.6301834324868754,0.0025471399800336587,750.0,0.0,reclaimed_water_substitution_ratio,0.65,"[None, 0.0]","[[250.0, 750.0]]",True
108,1.3153382027184892,7.161934814099278,0.004707963304948548,1000.0,0.0,reclaimed_water_substitution_ratio,0.65,"[None, 0.0]","[[250.0, 1000.0]]",True
109,1.1231332778712186,7.506814724697668,0.0015871536341909602,1250.0,0.0,reclaimed_water_substitution_ratio,0.65,"[None, 0.0]","[[250.0, 1250.0]]",True
110,1.2336064746165014,8.464248776463819,0.0020662004417545347,1000.0,0.0,reclaimed_water_substitution_ratio,0.65,"[None, 0.0]","[[250.0, 1000.0]]",True
111,1.200761401412184,8.197139522997912,0.007452094638878196,1000.0,0.0,reclaimed_water_substitution_ratio,0.65,"[None, 0.0]","[[250.0, 1000.0]]",True
112,1.3009831868395156,4.014453069875648,0.006138307518905605,1000.0,0.0,reclaimed_water_substitution_ratio,0.65,"[None, 0.0]","[[250.0, 1000.0]]",True
113,1.1401941782888296,5.446014596817335,0.00269745593204741,1000.0,0.0,reclaimed_water_substitution_ratio,0.65,"[None, 0.0]","[[250.0, 1000.0]]",True
114,1.2768506754880438,8.17751245032926,0.004842912261373823,1000.0,0.0,reclaimed_water_substitution_ratio,0.65,"[None, 0.0]","[[250.0, 1000.0]]",True
115,1.1255822416424235,4.465619390238414,0.001776260800473245,1250.0,0.0,reclaimed_water_substitution_ratio,0.65,"[None, 0.0]","[[250.0, 1250.0]]",True
116,1.1219282513702962,3.5121565829107384,0.005079566741372327,1000.0,0.0,reclaimed_water_substitution_ratio,0.65,"[None, 0.0]","[[250.0, 1000.0]]",True
117,1.2770762858574507,6.773793429551421,0.005235773786398943,1000.0,0.0,reclaimed_water_substitution_ratio,0.65,"[None, 0.0]","[[250.0, 1000.0]]",True
118,1.3110630039621667,8.204800401132061,0.004449076704511921,1000.0,0.0,reclaimed_water_substitution_ratio,0.65,"[None, 0.0]","[[250.0, 1000.0]]",True
119,1.1636861370500915,8.956493598835639,0.004441401909461235,1000.0,0.0,reclaimed_water_substitution_ratio,0.65,"[None, 0.0]","[[250.0, 1000.0]]",True
120,1.3008872900045945,8.358470962974089,0.0018682876154866696,1000.0,0.0,reclaimed_water_substitution_ratio,0.65,"[None, 0.0]","[[250.0, 1000.0]]",True
121,1.264902841363055,5.6674750374906875,0.007867038830545632,1000.0,0.0,reclaimed_water_substitution_ratio,0.65,"[None, 0.0]","[[250.0, 1000.0]]",True
122,1.3116806168938668,3.1555856383238696,0.0010522248286955992,750.0,0.0,reclaimed_water_substitution_ratio,0.65,"[None, 0.0]","[[250.0, 750.0]]",True
123,1.3501418693582046,8.661365798774758,0.0006111760287638838,1000.0,0.0,reclaimed_water_substitution_ratio,0.65,"[None, 0.0]","[[250.0, 1000.0]]",True
124,1.1715030113489233,8.617784706449928,0.006369841654242651,1000.0,0.0,reclaimed_water_substitution_ratio,0.65,"[None, 0.0]","[[250.0, 1000.0]]",True
125,1.3355067930540325,8.063291004863792,0.001860603356109745,1000.0,0.0,reclaimed_water_substitution_ratio,0.65,"[None, 0.0]","[[250.0, 1000.0]]",True
126,1.3424114705738759,6.934718010003117,0.005913892543030959,1000.0,0.0,reclaimed_water_substitution_ratio,0.65,"[None, 0.0]","[[250.0, 1000.0]]",True
127,1.3599696797884622,6.97326414364017,0.007440952260682058,750.0,0.0,reclaimed_water_substitution_ratio,0.65,"[None, 0.0]","[[250.0, 750.0]]",True
128,1.2624505815510787,3.571032369929548,0.006659931126096308,1000.0,0.0,reclaimed_water_substitution_ratio,0.65,"[None, 0.0]","[[250.0, 1000.0]]",True
129,1.135309257564222,8.877031134817676,0.006351933994641269,1000.0,0.0,reclaimed_water_substitution_ratio,0.65,"[None, 0.0]","[[250.0, 1000.0]]",True
130,1.136229285525013,6.765188827574176,0.003511221799516735,1000.0,0.0,reclaimed_water_substitution_ratio,0.65,"[None, 0.0]","[[250.0, 1000.0]]",True
131,1.169027772424938,3.988223280401748,0.0031338290124292047,1000.0,0.0,reclaimed_water_substitution_ratio,0.65,"[None, 0.0]","[[250.0, 1000.0]]",True
132,1.2803083957693229,5.315374815713523,0.003914749375792244,1000.0,0.0,reclaimed_water_substitution_ratio,0.65,"[None, 0.0]","[[250.0, 1000.0]]",True
133,1.3514451385937494,5.191983424579608,0.0014172404163464072,1000.0,0.0,reclaimed_water_substitution_ratio,0.65,"[None, 0.0]","[[250.0, 1000.0]]",True
134,1.2834431201970213,7.230507611655618,0.004983636827886549,1000.0,0.0,reclaimed_water_substitution_ratio,0.65,"[None, 0.0]","[[250.0, 1000.0]]",True
135,1.267913705755773,3.732082403329513,0.0012653254684053623,1000.0,0.0,reclaimed_water_substitution_ratio,0.65,"[None, 0.0]","[[250.0, 1000.0]]",True
136,1.2842643134200484,6.255866277221519,0.003818939930961531,1000.0,0.0,reclaimed_water_substitution_ratio,0.65,"[None, 0.0]","[[250.0, 1000.0]]",True
137,1.283026426102483,5.421478858130559,0.007148351925117095,1000.0,0.0,reclaimed_water_substitution_ratio,0.65,"[None, 0.0]","[[250.0, 1000.0]]",True
138,1.1556503335762955,7.67224461883717,0.007511611511638493,1000.0,0.0,reclaimed_water_substitution_ratio,0.65,"[None, 0.0]","[[250.0, 1000.0]]",True
139,1.2598241253322107,6.029400001713917,0.003330328417995784,1000.0,0.0,reclaimed_water_substitution_ratio,0.65,"[None, 0.0]","[[250.0, 1000.0]]",True
140,1.2815790651866044,4.912512281880115,0.001773549926997441,1000.0,0.0,reclaimed_water_substitution_ratio,0.65,"[None, 0.0]","[[250.0, 1000.0]]",True
141,1.3544027265942329,8.904734936613487,0.003022160175424191,1000.0,0.0,reclaimed_water_substitution_ratio,0.65,"[None, 0.0]","[[250.0, 1000.0]]",True
142,1.3463066985001428,8.239994525926928,0.0013967733792134862,1000.0,0.0,reclaimed_water_substitution_ratio,0.65,"[None, 0.0]","[[250.0, 1000.0]]",True
143,1.1419290158795161,5.572935437824067,0.0057335221667359805,1000.0,0.0,reclaimed_water_substitution_ratio,0.65,"[None, 0.0]","[[250.0, 1000.0]]",True
144,1.2561684647755753,5.671369453799523,0.0043324872259519615,1000.0,0.0,reclaimed_water_substitution_ratio,0.65,"[None, 0.0]","[[250.0, 1000.0]]",True
145,1.1424550993298568,4.320484767127479,0.007037496194947182,1000.0,0.0,reclaimed_water_substitution_ratio,0.65,"[None, 0.0]","[[250.0, 1000.0]]",True
146,1.2373324685068607,5.393715869179525,0.006177408319837825,1000.0,0.0,reclaimed_water_substitution_ratio,0.65,"[None, 0.0]","[[250.0, 1000.0]]",True
147,1.1577267877819588,5.43544012395731,0.001011069933569172,1000.0,0.0,reclaimed_water_substitution_ratio,0.65,"[None, 0.0]","[[250.0, 1000.0]]",True
148,1.2926387106374468,5.519882478801313,0.00616936674114282,1000.0,0.0,reclaimed_water_substitution_ratio,0.65,"[None, 0.0]","[[250.0, 1000.0]]",True
149,1.3554936362066985,5.1749525439881285,0.000518977046634821,1000.0,0.0,reclaimed_water_substitution_ratio,0.65,"[None, 0.0]","[[250.0, 1000.0]]",True
150,1.2004174366368217,4.229355304255906,0.004676321602026327,1000.0,0.0,reclaimed_water_substitution_ratio,0.65,"[None, 0.0]","[[250.0, 1000.0]]",True
151,1.3359713126865902,4.011845531134844,0.005238994995605312,1000.0,0.0,reclaimed_water_substitution_ratio,0.65,"[None, 0.0]","[[250.0, 1000.0]]",True
152,1.1936290300414827,5.297295827070523,0.0036980056764157904,1000.0,0.0,reclaimed_water_substitution_ratio,0.65,"[None, 0.0]","[[250.0, 1000.0]]",True
153,1.1713752525499856,7.3953033851641,0.006302315555894264,1000.0,0.0,reclaimed_water_substitution_ratio,0.65,"[None, 0.0]","[[250.0, 1000.0]]",True
154,1.3023008792302957,5.819954874184497,0.004183409898336479,1000.0,0.0,reclaimed_water_substitution_ratio,0.65,"[None, 0.0]","[[250.0, 1000.0]]",True
155,1.2718044549019212,8.004720928981705,0.005189997212398155,1000.0,0.0,reclaimed_water_substitution_ratio,0.65,"[None, 0.0]","[[250.0, 1000.0]]",True
156,1.2074560854589769,5.069893593381908,0.0011402936041951057,1000.0,0.0,reclaimed_water_substitution_ratio,0.65,"[None, 0.0]","[[250.0, 1000.0]]",True
157,1.2579830470639088,5.13211594528799,0.007753773059305474,1000.0,0.0,reclaimed_water_substitution_ratio,0.65,"[None, 0.0]","[[250.0, 1000.0]]",True
158,1.3047630054549382,4.103205456219213,0.0038169054232202416,1000.0,0.0,reclaimed_water_substitution_ratio,0.65,"[None, 0.0]","[[250.0, 1000.0]]",True
159,1.2422567207753692,3.8995681592494496,0.004317702544255432,1000.0,0.0,reclaimed_water_substitution_ratio,0.65,"[None, 0.0]","[[250.0, 1000.0]]",True
160,1.2330171110723644,4.988079467058436,0.0038139924903664037,1000.0,0.0,reclaimed_water_substitution_ratio,0.65,"[None, 0.0]","[[250.0, 1000.0]]",True
161,1.2252035558215644,5.880466145885888,0.005176557878112118,1000.0,0.0,reclaimed_water_substitution_ratio,0.65,"[None, 0.0]","[[250.0, 1000.0]]",True
162,1.2341795418798631,4.677241653121333,0.006311193631745066,1000.0,0.0,reclaimed_water_substitution_ratio,0.65,"[None, 0.0]","[[250.0, 1000.0]]",True
163,1.212789251081691,5.220638603829341,0.0037666787229220585,1000.0,0.0,reclaimed_water_substitution_ratio,0.65,"[None, 0.0]","[[250.0, 1000.0]]",True
164,1.2225854468577526,4.3784516075669915,0.0011263971678654974,1000.0,0.0,reclaimed_water_substitution_ratio,0.65,"[None, 0.0]","[[250.0, 1000.0]]",True
165,1.2267122303213343,4.910725484964433,0.003154362363150607,1000.0,0.0,reclaimed_water_substitution_ratio,0.65,"[None, 0.0]","[[250.0, 1000.0]]",True
166,1.1811037173511345,4.7451373325538055,0.007540928007397633,1000.0,0.0,reclaimed_water_substitution_ratio,0.65,"[None, 0.0]","[[250.0, 1000.0]]",True
167,1.2501277946603255,5.8638877277727985,0.002505514633600748,1000.0,0.0,reclaimed_water_substitution_ratio,0.65,"[None, 0.0]","[[250.0, 1000.0]]",True
168,1.2267858013655588,6.471042072739529,0.0015007503038897922,1000.0,0.0,reclaimed_water_substitution_ratio,0.65,"[None, 0.0]","[[250.0, 1000.0]]",True
169,1.1269126453805258,6.48126378522638,0.0019158660257459648,1250.0,0.0,reclaimed_water_substitution_ratio,0.65,"[None, 0.0]","[[250.0, 1250.0]]",True
170,1.1540478298995522,8.41179266192287,0.0015654950288026346,1000.0,0.0,reclaimed_water_substitution_ratio,0.65,"[None, 0.0]","[[250.0, 1000.0]]",True
171,1.2811654984418257,6.692137080361862,0.001981639879498575,1000.0,0.0,reclaimed_water_substitution_ratio,0.65,"[None, 0.0]","[[250.0, 1000.0]]",True
172,1.2079533510022338,3.3948605641608873,0.000744572071928296,1000.0,0.0,reclaimed_water_substitution_ratio,0.65,"[None, 0.0]","[[250.0, 1000.0]]",True
173,1.263160991818971,5.1938847951400255,0.005374378838135494,1000.0,0.0,reclaimed_water_substitution_ratio,0.65,"[None, 0.0]","[[250.0, 1000.0]]",True
174,1.176462414744871,5.093196077404965,0.0023180641756411534,1000.0,0.0,reclaimed_water_substitution_ratio,0.65,"[None, 0.0]","[[250.0, 1000.0]]",True
175,1.196804318287961,6.290717873195064,0.007304824411264581,1000.0,0.0,reclaimed_water_substitution_ratio,0.65,"[None, 0.0]","[[250.0, 1000.0]]",True
176,1.174364734948,6.7954939354015504,0.0060765880484461715,1000.0,0.0,reclaimed_water_substitution_ratio,0.65,"[None, 0.0]","[[250.0, 1000.0]]",True
177,1.2244960680870982,8.5722702706084,0.003855509911559858,1000.0,0.0,reclaimed_water_substitution_ratio,0.65,"[None, 0.0]","[[250.0, 1000.0]]",True
178,1.2159599731371513,4.8104394527820205,0.004684831930289093,1000.0,0.0,reclaimed_water_substitution_ratio,0.65,"[None, 0.0]","[[250.0, 1000.0]]",True
179,1.2830697090258358,6.8416969169757085,0.004743381759362102,1000.0,0.0,reclaimed_water_substitution_ratio,0.65,"[None, 0.0]","[[250.0, 1000.0]]",True
180,1.2374442380815225,4.545166833414279,0.002370301196036096,1000.0,0.0,reclaimed_water_substitution_ratio,0.65,"[None, 0.0]","[[250.0, 1000.0]]",True
181,1.161405903980387,7.95268290849732,0.004318199801675637,1000.0,0.0,reclaimed_water_substitution_ratio,0.65,"[None, 0.0]","[[250.0, 1000.0]]",True
182,1.1299414390734734,3.4734721563385085,0.005167373956685895,1000.0,0.0,reclaimed_water_substitution_ratio,0.65,"[None, 0.0]","[[250.0, 1000.0]]",True
183,1.2675252075703543,5.0374628870530325,0.0029182517075939515,1000.0,0.0,reclaimed_water_substitution_ratio,0.65,"[None, 0.0]","[[250.0, 1000.0]]",True
184,1.357267790586654,4.454324556814843,0.004766350145629657,1000.0,0.0,reclaimed_water_substitution_ratio,0.65,"[None, 0.0]","[[250.0, 1000.0]]",True
185,1.2415313137767852,7.286750295874121,0.005837477273754096,1000.0,0.0,reclaimed_water_substitution_ratio,0.65,"[None, 0.0]","[[250.0, 1000.0]]",True
186,1.2670684226263185,3.270305929494805,0.0027536700922248707,1000.0,0.0,reclaimed_water_substitution_ratio,0.65,"[None, 0.0]","[[250.0, 1000.0]]",True
187,1.129418173693981,4.308819886754346,0.006512766870813393,1000.0,0.0,reclaimed_water_substitution_ratio,0.65,"[None, 0.0]","[[250.0, 1000.0]]",True
188,1.2419852585322018,6.265098060721159,0.0013094680693012863,1000.0,0.0,reclaimed_water_substitution_ratio,0.65,"[None, 0.0]","[[250.0, 1000.0]]",True
189,1.2067874406976762,4.05202973122011,0.0061492140851267234,1000.0,0.0,reclaimed_water_substitution_ratio,0.65,"[None, 0.0]","[[250.0, 1000.0]]",True
190,1.3330939589905313,6.27187963628367,0.0027208297706366787,1000.0,0.0,reclaimed_water_substitution_ratio,0.65,"[None, 0.0]","[[250.0, 1000.0]]",True
191,1.256690654016872,7.555306319513436,0.0007200503382718932,1000.0,0.0,reclaimed_water_substitution_ratio,0.65,"[None, 0.0]","[[250.0, 1000.0]]",True
192,1.1234335055906661,5.433377452449495,0.0065305131363397675,1000.0,0.0,reclaimed_water_substitution_ratio,0.65,"[None, 0.0]","[[250.0, 1000.0]]",True
193,1.306455242950914,3.7180919037763864,0.0016831331812130498,1000.0,0.0,reclaimed_water_substitution_ratio,0.65,"[None, 0.0]","[[250.0, 1000.0]]",True
194,1.2075800228340157,6.2753895322624444,0.0018015998382288631,1000.0,0.0,reclaimed_water_substitution_ratio,0.65,"[None, 0.0]","[[250.0, 1000.0]]",True
195,1.3155175719704777,6.520944935190548,0.0019486732752278123,1000.0,0.0,reclaimed_water_substitution_ratio,0.65,"[None, 0.0]","[[250.0, 1000.0]]",True
196,1.2544826104579316,6.0783569906658,0.000853874306305166,1000.0,0.0,reclaimed_water_substitution_ratio,0.65,"[None, 0.0]","[[250.0, 1000.0]]",True
197,1.1611373998856633,5.382756553057794,0.006617288136362748,1000.0,0.0,reclaimed_water_substitution_ratio,0.65,"[None, 0.0]","[[250.0, 1000.0]]",True
198,1.2918536026127398,4.46669596024153,0.0038304741700307177,1000.0,0.0,reclaimed_water_substitution_ratio,0.65,"[None, 0.0]","[[250.0, 1000.0]]",True
199,1.304990960587635,5.8107674075936755,0.0031991963511694833,1000.0,0.0,reclaimed_water_substitution_ratio,0.65,"[None, 0.0]","[[250.0, 1000.0]]",True
200,1.2867712249714571,3.8878865196908468,0.0032330279544044724,1000.0,0.0,reclaimed_water_substitution_ratio,0.65,"[None, 0.0]","[[250.0, 1000.0]]",True
201,1.1272436567009905,6.70314572226363,0.007772392913208059,1000.0,0.0,reclaimed_water_substitution_ratio,0.65,"[None, 0.0]","[[250.0, 1000.0]]",True
202,1.2719619159968956,8.42751107134394,0.0017835075238049009,1000.0,0.0,reclaimed_water_substitution_ratio,0.65,"[None, 0.0]","[[250.0, 1000.0]]",True
203,1.3335644293314275,6.666245815795213,0.002290148795046535,1000.0,0.0,reclaimed_water_substitution_ratio,0.65,"[None, 0.0]","[[250.0, 1000.0]]",True
204,1.2359260119376692,8.611067632198164,0.003609694564144876,1000.0,0.0,reclaimed_water_substitution_ratio,0.65,"[None, 0.0]","[[250.0, 1000.0]]",True
205,1.2297933165744124,8.70059256112097,0.006324740340973552,1000.0,0.0,reclaimed_water_substitution_ratio,0.65,"[None, 0.0]","[[250.0, 1000.0]]",True
206,1.1370205076671924,4.676205669670207,0.0033165568589246814,1000.0,0.0,reclaimed_water_substitution_ratio,0.65,"[None, 0.0]","[[250.0, 1000.0]]",True
207,1.1947838602218295,8.675079937273773,0.0024633049958716386,1000.0,0.0,reclaimed_water_substitution_ratio,0.65,"[None, 0.0]","[[250.0, 1000.0]]",True
208,1.2853600159136942,3.8636975023672084,0.0038574593756957234,1000.0,0.0,reclaimed_water_substitution_ratio,0.65,"[None, 0.0]","[[250.0, 1000.0]]",True
209,1.2673461518685523,4.321939760364648,0.006708579645391555,1000.0,0.0,reclaimed_water_substitution_ratio,0.65,"[None, 0.0]","[[250.0, 1000.0]]",True
210,1.230981300271629,4.938988583469703,0.0016415095854538549,1000.0,0.0,reclaimed_water_substitution_ratio,0.65,"[None, 0.0]","[[250.0, 1000.0]]",True
211,1.1773489770759835,7.049660235986861,0.007510363709884149,1000.0,0.0,reclaimed_water_substitution_ratio,0.65,"[None, 0.0]","[[250.0, 1000.0]]",True
212,1.2345854242369614,6.367283278049372,0.006959113029588992,1000.0,0.0,reclaimed_water_substitution_ratio,0.65,"[None, 0.0]","[[250.0, 1000.0]]",True
213,1.1798783517105356,6.127122235777199,0.0064634957544866395,1000.0,0.0,reclaimed_water_substitution_ratio,0.65,"[None, 0.0]","[[250.0, 1000.0]]",True
214,1.2266916565169974,5.896448083003107,0.004120663241386569,1000.0,0.0,reclaimed_water_substitution_ratio,0.65,"[None, 0.0]","[[250.0, 1000.0]]",True
215,1.3042532595109888,6.3225726899997445,0.005100339940613586,1000.0,0.0,reclaimed_water_substitution_ratio,0.65,"[None, 0.0]","[[250.0, 1000.0]]",True
216,1.1246356826903448,5.756601846518194,0.002092251980810299,1250.0,0.0,reclaimed_water_substitution_ratio,0.65,"[None, 0.0]","[[250.0, 1250.0]]",True
217,1.2675612924347794,3.4400795327843405,0.007486083745562212,750.0,0.0,reclaimed_water_substitution_ratio,0.65,"[None, 0.0]","[[250.0, 750.0]]",True
218,1.235638777776906,7.472535118020163,0.0069845451402484725,1000.0,0.0,reclaimed_water_substitution_ratio,0.65,"[None, 0.0]","[[250.0, 1000.0]]",True
219,1.168349257667609,3.4311256353997965,0.0051534473751343405,1000.0,0.0,reclaimed_water_substitution_ratio,0.65,"[None, 0.0]","[[250.0, 1000.0]]",True
220,1.1665851427916958,8.641759558837109,0.005530558414323332,1000.0,0.0,reclaimed_water_substitution_ratio,0.65,"[None, 0.0]","[[250.0, 1000.0]]",True
221,1.2876879221074025,4.711599890695172,0.005655298323114016,1000.0,0.0,reclaimed_water_substitution_ratio,0.65,"[None, 0.0]","[[250.0, 1000.0]]",True
222,1.1395927473657232,5.744475493535105,0.0075593169677732035,1000.0,0.0,reclaimed_water_substitution_ratio,0.65,"[None, 0.0]","[[250.0, 1000.0]]",True
223,1.2017520502733607,8.300852523333043,0.004355073477254144,1000.0,0.0,reclaimed_water_substitution_ratio,0.65,"[None, 0.0]","[[250.0, 1000.0]]",True
224,1.1763734734798328,8.996554673804752,0.007451958828083999,1000.0,0.0,reclaimed_water_substitution_ratio,0.65,"[None, 0.0]","[[250.0, 1000.0]]",True
225,1.3241220186209262,6.827849055214909,0.0038280498257957382,1000.0,0.0,reclaimed_water_substitution_ratio,0.65,"[None, 0.0]","[[250.0, 1000.0]]",True
226,1.1920317750635405,8.712051647350322,0.0051274382610428364,1000.0,0.0,reclaimed_water_substitution_ratio,0.65,"[None, 0.0]","[[250.0, 1000.0]]",True
227,1.226917696076727,3.2994168597092464,0.0013657706025605653,1000.0,0.0,reclaimed_water_substitution_ratio,0.65,"[None, 0.0]","[[250.0, 1000.0]]",True
228,1.332039900449056,5.585054648519369,0.0014477076600746415,1000.0,0.0,reclaimed_water_substitution_ratio,0.65,"[None, 0.0]","[[250.0, 1000.0]]",True
229,1.1534826258060455,5.7841503362117095,0.0021116543244352783,1000.0,0.0,reclaimed_water_substitution_ratio,0.65,"[None, 0.0]","[[250.0, 1000.0]]",True
230,1.1947883151653889,5.699233145270986,0.002731727477394788,1000.0,0.0,reclaimed_water_substitution_ratio,0.65,"[None, 0.0]","[[250.0, 1000.0]]",True
231,1.2774615880821234,4.10343927923945,0.0037056404248502735,1000.0,0.0,reclaimed_water_substitution_ratio,0.65,"[None, 0.0]","[[250.0, 1000.0]]",True
232,1.2383548763161643,6.727401502311117,0.007450714649356522,1000.0,0.0,reclaimed_water_substitution_ratio,0.65,"[None, 0.0]","[[250.0, 1000.0]]",True
233,1.353724349279826,3.0720583801328383,0.006206166540113701,750.0,0.0,reclaimed_water_substitution_ratio,0.65,"[None, 0.0]","[[250.0, 750.0]]",True
234,1.2722904786147902,4.7946362465057435,0.005294381771294997,1000.0,0.0,reclaimed_water_substitution_ratio,0.65,"[None, 0.0]","[[250.0, 1000.0]]",True
235,1.2804362647997494,8.174149528625414,0.006617575820783084,1000.0,0.0,reclaimed_water_substitution_ratio,0.65,"[None, 0.0]","[[250.0, 1000.0]]",True
236,1.121046965386767,6.024935723364561,0.0008604098117737805,1250.0,0.0,reclaimed_water_substitution_ratio,0.65,"[None, 0.0]","[[250.0, 1250.0]]",True
237,1.3391847220345294,8.73578998895543,0.0031916641532074076,1000.0,0.0,reclaimed_water_substitution_ratio,0.65,"[None, 0.0]","[[250.0, 1000.0]]",True
238,1.3245152598836496,3.876752559865965,0.0021470796965760725,1000.0,0.0,reclaimed_water_substitution_ratio,0.65,"[None, 0.0]","[[250.0, 1000.0]]",True
239,1.145411820451079,3.9270308190811902,0.0011846366698859611,1000.0,0.0,reclaimed_water_substitution_ratio,0.65,"[None, 0.0]","[[250.0, 1000.0]]",True
240,1.1503345700934087,6.74934830779858,0.006999303241581892,1000.0,0.0,reclaimed_water_substitution_ratio,0.65,"[None, 0.0]","[[250.0, 1000.0]]",True
241,1.1224397686995058,7.2107721276616,0.005831860659143307,1000.0,0.0,reclaimed_water_substitution_ratio,0.65,"[None, 0.0]","[[250.0, 1000.0]]",True
242,1.357674207021493,3.2992647462177027,0.0009510986302598105,750.0,0.0,reclaimed_water_substitution_ratio,0.65,"[None, 0.0]","[[250.0, 750.0]]",True
243,1.2822923539851112,4.479312648835144,0.004285371642642078,1000.0,0.0,reclaimed_water_substitution_ratio,0.65,"[None, 0.0]","[[250.0, 1000.0]]",True
244,1.2436567098168985,8.646635204350197,0.0033347106422484504,1000.0,0.0,reclaimed_water_substitution_ratio,0.65,"[None, 0.0]","[[250.0, 1000.0]]",True
245,1.2692910818424545,4.028281274942469,0.003418194236989798,1000.0,0.0,reclaimed_water_substitution_ratio,0.65,"[None, 0.0]","[[250.0, 1000.0]]",True
246,1.1211526956169802,5.695753423252224,0.0015003953970593538,1250.0,0.0,reclaimed_water_substitution_ratio,0.65,"[None, 0.0]","[[250.0, 1250.0]]",True
247,1.2491100674511175,5.251801873751168,0.0007733229186096378,1000.0,0.0,reclaimed_water_substitution_ratio,0.65,"[None, 0.0]","[[250.0, 1000.0]]",True
248,1.203337457987235,8.796312570092764,0.006482248964212121,1000.0,0.0,reclaimed_water_substitution_ratio,0.65,"[None, 0.0]","[[250.0, 1000.0]]",True
249,1.126942739709013,3.420150654812439,0.0027374852956626957,1000.0,0.0,reclaimed_water_substitution_ratio,0.65,"[None, 0.0]","[[250.0, 1000.0]]",True
250,1.1264151715108661,6.353018669020792,0.006274871477560562,1000.0,0.0,reclaimed_water_substitution_ratio,0.65,"[None, 0.0]","[[250.0, 1000.0]]",True
251,1.318826295260334,8.266683878014046,0.006871732613645761,1000.0,0.0,reclaimed_water_substitution_ratio,0.65,"[None, 0.0]","[[250.0, 1000.0]]",True
252,1.2686590430717688,8.256967994160508,0.004972947455686832,1000.0,0.0,reclaimed_water_substitution_ratio,0.65,"[None, 0.0]","[[250.0, 1000.0]]",True
253,1.284648092009893,8.336852390670439,0.007079140525331373,1000.0,0.0,reclaimed_water_substitution_ratio,0.65,"[None, 0.0]","[[250.0, 1000.0]]",True
254,1.1433963883350153,5.05715198230961,0.0033471910280866903,1000.0,0.0,reclaimed_water_substitution_ratio,0.65,"[None, 0.0]","[[250.0, 1000.0]]",True
255,1.3201343248500126,5.4117058540725065,0.004469406150794013,1000.0,0.0,reclaimed_water_substitution_ratio,0.65,"[None, 0.0]","[[250.0, 1000.0]]",True
256,1.2266678193703069,5.093929449509592,0.0006176754103489414,1000.0,0.0,reclaimed_water_substitution_ratio,0.65,"[None, 0.0]","[[250.0, 1000.0]]",True
257,1.2093251511452967,8.057538556682974,0.005292804560909397,1000.0,0.0,reclaimed_water_substitution_ratio,0.65,"[None, 0.0]","[[250.0, 1000.0]]",True
258,1.3419634542373098,3.7787868319599744,0.006709317620496372,750.0,0.0,reclaimed_water_substitution_ratio,0.65,"[None, 0.0]","[[250.0, 750.0]]",True
259,1.1250163704602028,6.238001259215188,0.001322811007498544,1250.0,0.0,reclaimed_water_substitution_ratio,0.65,"[None, 0.0]","[[250.0, 1250.0]]",True
260,1.349236024807635,7.895422774903503,0.0028361796278179243,1000.0,0.0,reclaimed_water_substitution_ratio,0.65,"[None, 0.0]","[[250.0, 1000.0]]",True
261,1.2917443041465697,6.121383317022481,0.0015427389481653452,1000.0,0.0,reclaimed_water_substitution_ratio,0.65,"[None, 0.0]","[[250.0, 1000.0]]",True
262,1.175950700684867,8.574041274342676,0.00115225153273437,1000.0,0.0,reclaimed_water_substitution_ratio,0.65,"[None, 0.0]","[[250.0, 1000.0]]",True
263,1.342401187129663,3.3026777723473675,0.0024896154058477297,750.0,0.0,reclaimed_water_substitution_ratio,0.65,"[None, 0.0]","[[250.0, 750.0]]",True
264,1.1862044393953903,4.284465499813311,0.007475928391239834,1000.0,0.0,reclaimed_water_substitution_ratio,0.65,"[None, 0.0]","[[250.0, 1000.0]]",True
265,1.3466324489911377,4.491164833585772,0.004955832347407197,1000.0,0.0,reclaimed_water_substitution_ratio,0.65,"[None, 0.0]","[[250.0, 1000.0]]",True
266,1.1816723611485613,6.007583496511816,0.0028455906435433053,1000.0,0.0,reclaimed_water_substitution_ratio,0.65,"[None, 0.0]","[[250.0, 1000.0]]",True
267,1.2905294541042571,7.359828317848628,0.0007379754824228486,1000.0,0.0,reclaimed_water_substitution_ratio,0.65,"[None, 0.0]","[[250.0, 1000.0]]",True
268,1.172157157888632,5.9220724350257505,0.0009656537174550626,1000.0,0.0,reclaimed_water_substitution_ratio,0.65,"[None, 0.0]","[[250.0, 1000.0]]",True
269,1.3413167178689005,5.560456629034763,0.002654342725052148,1000.0,0.0,reclaimed_water_substitution_ratio,0.65,"[None, 0.0]","[[250.0, 1000.0]]",True
270,1.338265335766779,4.008171666014149,0.006239982121273207,750.0,0.0,reclaimed_water_substitution_ratio,0.65,"[None, 0.0]","[[250.0, 750.0]]",True
271,1.263671647586338,4.579309106643489,0.004776352625086964,1000.0,0.0,reclaimed_water_substitution_ratio,0.65,"[None, 0.0]","[[250.0, 1000.0]]",True
272,1.2707201709792546,6.561975392740347,0.0050370415753932946,1000.0,0.0,reclaimed_water_substitution_ratio,0.65,"[None, 0.0]","[[250.0, 1000.0]]",True
273,1.1594553349331829,8.484210150088387,0.00471851228555273,1000.0,0.0,reclaimed_water_substitution_ratio,0.65,"[None, 0.0]","[[250.0, 1000.0]]",True
274,1.1333376513597115,7.817760474018062,0.00621556549165478,1000.0,0.0,reclaimed_water_substitution_ratio,0.65,"[None, 0.0]","[[250.0, 1000.0]]",True
275,1.1804516638179503,8.632105411795266,0.007214218884029698,1000.0,0.0,reclaimed_water_substitution_ratio,0.65,"[None, 0.0]","[[250.0, 1000.0]]",True
276,1.242629801320323,7.291963698977932,0.005808279604403499,1000.0,0.0,reclaimed_water_substitution_ratio,0.65,"[None, 0.0]","[[250.0, 1000.0]]",True
277,1.1524523015804795,3.617762573241736,0.0006272064246957752,1000.0,0.0,reclaimed_water_substitution_ratio,0.65,"[None, 0.0]","[[250.0, 1000.0]]",True
278,1.1524712258118937,3.2122434282660506,0.0024349016958841235,1000.0,0.0,reclaimed_water_substitution_ratio,0.65,"[None, 0.0]","[[250.0, 1000.0]]",True
279,1.2043519866259131,6.664447872991942,0.0016785144841735182,1000.0,0.0,reclaimed_water_substitution_ratio,0.65,"[None, 0.0]","[[250.0, 1000.0]]",True
280,1.2147204926176713,4.1784238352313965,0.005684121052475588,1000.0,0.0,reclaimed_water_substitution_ratio,0.65,"[None, 0.0]","[[250.0, 1000.0]]",True
281,1.2090855699758438,5.8365131756990385,0.004121715719977485,1000.0,0.0,reclaimed_water_substitution_ratio,0.65,"[None, 0.0]","[[250.0, 1000.0]]",True
282,1.1212470158106491,6.270948208137444,0.002395049331292253,1250.0,0.0,reclaimed_water_substitution_ratio,0.65,"[None, 0.0]","[[250.0, 1250.0]]",True
283,1.1718064318633061,3.9127399372626583,0.004249664964531524,1000.0,0.0,reclaimed_water_substitution_ratio,0.65,"[None, 0.0]","[[250.0, 1000.0]]",True
284,1.2989529380667397,5.578426757587092,0.0044973450479263224,1000.0,0.0,reclaimed_water_substitution_ratio,0.65,"[None, 0.0]","[[250.0, 1000.0]]",True
285,1.2173184821283205,3.368785263228957,0.006401473318087181,1000.0,0.0,reclaimed_water_substitution_ratio,0.65,"[None, 0.0]","[[250.0, 1000.0]]",True
286,1.3125963222384727,6.276344819555066,0.003024864899699841,1000.0,0.0,reclaimed_water_substitution_ratio,0.65,"[None, 0.0]","[[250.0, 1000.0]]",True
287,1.20759956910809,4.661453666229275,0.004585089500800197,1000.0,0.0,reclaimed_water_substitution_ratio,0.65,"[None, 0.0]","[[250.0, 1000.0]]",True
288,1.2066658381667672,5.654720727526765,0.0019807522502307694,1000.0,0.0,reclaimed_water_substitution_ratio,0.65,"[None, 0.0]","[[250.0, 1000.0]]",True
289,1.206657601187259,6.77634708484375,0.006239172946387147,1000.0,0.0,reclaimed_water_substitution_ratio,0.65,"[None, 0.0]","[[250.0, 1000.0]]",True
290,1.249004507451258,8.068608757838648,0.0030642608737096715,1000.0,0.0,reclaimed_water_substitution_ratio,0.65,"[None, 0.0]","[[250.0, 1000.0]]",True
291,1.1665665382419497,4.967529878508964,0.005750219641128922,1000.0,0.0,reclaimed_water_substitution_ratio,0.65,"[None, 0.0]","[[250.0, 1000.0]]",True
292,1.339609151900668,6.664263228368825,0.004621781120285481,1000.0,0.0,reclaimed_water_substitution_ratio,0.65,"[None, 0.0]","[[250.0, 1000.0]]",True
293,1.1326499179558667,5.370025694161352,0.006847015478740875,1000.0,0.0,reclaimed_water_substitution_ratio,0.65,"[None, 0.0]","[[250.0, 1000.0]]",True
294,1.2196750882186724,3.0781627565310448,0.005262992504243606,1000.0,0.0,reclaimed_water_substitution_ratio,0.65,"[None, 0.0]","[[250.0, 1000.0]]",True
295,1.348402275078576,3.476474450779606,0.0021054675666532397,750.0,0.0,reclaimed_water_substitution_ratio,0.65,"[None, 0.0]","[[250.0, 750.0]]",True
296,1.2763589462927272,8.252780575919353,0.007413817509047269,1000.0,0.0,reclaimed_water_substitution_ratio,0.65,"[None, 0.0]","[[250.0, 1000.0]]",True
297,1.2885291467736175,6.875452183026055,0.007579375805520065,1000.0,0.0,reclaimed_water_substitution_ratio,0.65,"[None, 0.0]","[[250.0, 1000.0]]",True
298,1.2564257507328689,5.612368625412975,0.006904948214702229,1000.0,0.0,reclaimed_water_substitution_ratio,0.65,"[None, 0.0]","[[250.0, 1000.0]]",True
299,1.3486916285123565,6.63626078376846,0.006186918801428109,1000.0,0.0,reclaimed_water_substitution_ratio,0.65,"[None, 0.0]","[[250.0, 1000.0]]",True
300,1.1962574093042453,4.832920671113434,0.0025948698961796735,1000.0,0.0,reclaimed_water_substitution_ratio,0.65,"[None, 0.0]","[[250.0, 1000.0]]",True
301,1.2830852626630196,6.48555667102568,0.002244510199875585,1000.0,0.0,reclaimed_water_substitution_ratio,0.65,"[None, 0.0]","[[250.0, 1000.0]]",True
302,1.1303218002624984,4.824135280691466,0.007746450155923061,1000.0,0.0,reclaimed_water_substitution_ratio,0.65,"[None, 0.0]","[[250.0, 1000.0]]",True
303,1.2243603156674965,7.043681794663919,0.00726868865633838,1000.0,0.0,reclaimed_water_substitution_ratio,0.65,"[None, 0.0]","[[250.0, 1000.0]]",True
304,1.3450903133594285,5.940603310308479,0.0014178948488049268,1000.0,0.0,reclaimed_water_substitution_ratio,0.65,"[None, 0.0]","[[250.0, 1000.0]]",True
305,1.3467894699904528,8.050665514335746,0.002194350302745279,1000.0,0.0,reclaimed_water_substitution_ratio,0.65,"[None, 0.0]","[[250.0, 1000.0]]",True
306,1.3088570561820378,8.562698133023044,0.00795259976884547,1000.0,0.0,reclaimed_water_substitution_ratio,0.65,"[None, 0.0]","[[250.0, 1000.0]]",True
307,1.2956937405200482,6.489951814602962,0.0022943406929568358,1000.0,0.0,reclaimed_water_substitution_ratio,0.65,"[None, 0.0]","[[250.0, 1000.0]]",True
308,1.3179087484917262,4.061396434889801,0.0007500290474949842,1000.0,0.0,reclaimed_water_substitution_ratio,0.65,"[None, 0.0]","[[250.0, 1000.0]]",True
309,1.181855193107911,7.706289880903286,0.002589676174662981,1000.0,0.0,reclaimed_water_substitution_ratio,0.65,"[None, 0.0]","[[250.0, 1000.0]]",True
310,1.3411756557260666,5.023769825498443,0.007749257892612176,750.0,0.0,reclaimed_water_substitution_ratio,0.65,"[None, 0.0]","[[250.0, 750.0]]",True
311,1.3434215183320026,6.613591725002809,0.004649719479316861,1000.0,0.0,reclaimed_water_substitution_ratio,0.65,"[None, 0.0]","[[250.0, 1000.0]]",True
312,1.1797785879342522,8.100485094484123,0.006234078504299264,1000.0,0.0,reclaimed_water_substitution_ratio,0.65,"[None, 0.0]","[[250.0, 1000.0]]",True
313,1.3223227615605848,4.100361277619879,0.006375771015484394,1000.0,0.0,reclaimed_water_substitution_ratio,0.65,"[None, 0.0]","[[250.0, 1000.0]]",True
314,1.1366756273407048,3.654254951134736,0.006477264408856164,1000.0,0.0,reclaimed_water_substitution_ratio,0.65,"[None, 0.0]","[[250.0, 1000.0]]",True
315,1.3075421071312832,3.196317957413692,0.0051571366966415046,750.0,0.0,reclaimed_water_substitution_ratio,0.65,"[None, 0.0]","[[250.0, 750.0]]",True
316,1.3024173037449558,5.219098872794916,0.002946080959329753,1000.0,0.0,reclaimed_water_substitution_ratio,0.65,"[None, 0.0]","[[250.0, 1000.0]]",True
317,1.3020065049512228,7.87657989607261,0.0008266875152769516,1000.0,0.0,reclaimed_water_substitution_ratio,0.65,"[None, 0.0]","[[250.0, 1000.0]]",True
318,1.203611660773386,7.109833247490081,0.0010673985203170306,1000.0,0.0,reclaimed_water_substitution_ratio,0.65,"[None, 0.0]","[[250.0, 1000.0]]",True
319,1.3560099681674713,4.477614661793353,0.004738838648595419,1000.0,0.0,reclaimed_water_substitution_ratio,0.65,"[None, 0.0]","[[250.0, 1000.0]]",True
320,1.3087504502307306,7.215659820328338,0.006968094514833984,1000.0,0.0,reclaimed_water_substitution_ratio,0.65,"[None, 0.0]","[[250.0, 1000.0]]",True
321,1.2938123314613825,6.871939044631767,0.00665842091923902,1000.0,0.0,reclaimed_water_substitution_ratio,0.65,"[None, 0.0]","[[250.0, 1000.0]]",True
322,1.2882664851478982,4.290305624569196,0.0021308430184210484,1000.0,0.0,reclaimed_water_substitution_ratio,0.65,"[None, 0.0]","[[250.0, 1000.0]]",True
323,1.2336280226862693,3.6677592578453933,0.00700994288869497,1000.0,0.0,reclaimed_water_substitution_ratio,0.65,"[None, 0.0]","[[250.0, 1000.0]]",True
324,1.1602992224136877,6.007098396632282,0.002839992516225118,1000.0,0.0,reclaimed_water_substitution_ratio,0.65,"[None, 0.0]","[[250.0, 1000.0]]",True
325,1.3372390819779478,8.960891665201384,0.0019212937068376233,1000.0,0.0,reclaimed_water_substitution_ratio,0.65,"[None, 0.0]","[[250.0, 1000.0]]",True
326,1.150289756705047,8.282308353172294,0.00799451422073758,1000.0,0.0,reclaimed_water_substitution_ratio,0.65,"[None, 0.0]","[[250.0, 1000.0]]",True
327,1.1777965145248976,8.141250993680451,0.005468917899311794,1000.0,0.0,reclaimed_water_substitution_ratio,0.65,"[None, 0.0]","[[250.0, 1000.0]]",True
328,1.2057976921137754,5.04994754902363,0.007354290392107865,1000.0,0.0,reclaimed_water_substitution_ratio,0.65,"[None, 0.0]","[[250.0, 1000.0]]",True
329,1.1432974260353135,5.354180861714449,0.005093019190897205,1000.0,0.0,reclaimed_water_substitution_ratio,0.65,"[None, 0.0]","[[250.0, 1000.0]]",True
330,1.2058347496272823,7.151141654838359,0.0036940743466087516,1000.0,0.0,reclaimed_water_substitution_ratio,0.65,"[None, 0.0]","[[250.0, 1000.0]]",True
331,1.3125604323837583,4.905605815291106,0.0016601937887833365,1000.0,0.0,reclaimed_water_substitution_ratio,0.65,"[None, 0.0]","[[250.0, 1000.0]]",True
332,1.3477544397084404,4.188037806362653,0.0030556249742029196,1000.0,0.0,reclaimed_water_substitution_ratio,0.65,"[None, 0.0]","[[250.0, 1000.0]]",True
333,1.3571134486779726,3.040933379038459,0.002246124911556671,750.0,0.0,reclaimed_water_substitution_ratio,0.65,"[None, 0.0]","[[250.0, 750.0]]",True
334,1.2042887830318512,6.257217451965474,0.004980930328031765,1000.0,0.0,reclaimed_water_substitution_ratio,0.65,"[None, 0.0]","[[250.0, 1000.0]]",True
335,1.1209825544416363,5.05131183970791,0.004438410098779514,1000.0,0.0,reclaimed_water_substitution_ratio,0.65,"[None, 0.0]","[[250.0, 1000.0]]",True
336,1.26265825342711,7.717386294680555,0.005482086548008341,1000.0,0.0,reclaimed_water_substitution_ratio,0.65,"[None, 0.0]","[[250.0, 1000.0]]",True
337,1.1612600541469316,7.361738600008009,0.004138633881665128,1000.0,0.0,reclaimed_water_substitution_ratio,0.65,"[None, 0.0]","[[250.0, 1000.0]]",True
338,1.12484133624086,8.110468274875307,0.0030519074155108826,1000.0,0.0,reclaimed_water_substitution_ratio,0.65,"[None, 0.0]","[[250.0, 1000.0]]",True
339,1.309437124485622,8.04932966218691,0.0059928641725523184,1000.0,0.0,reclaimed_water_substitution_ratio,0.65,"[None, 0.0]","[[250.0, 1000.0]]",True
340,1.2528105933090041,4.030996645051259,0.006024580079820579,1000.0,0.0,reclaimed_water_substitution_ratio,0.65,"[None, 0.0]","[[250.0, 1000.0]]",True
341,1.3201502083554018,3.500929227086194,0.0027365266293485563,1000.0,0.0,reclaimed_water_substitution_ratio,0.65,"[None, 0.0]","[[250.0, 1000.0]]",True
342,1.3094739628740848,8.44585378194295,0.003980091427583293,1000.0,0.0,reclaimed_water_substitution_ratio,0.65,"[None, 0.0]","[[250.0, 1000.0]]",True
343,1.1209743521437503,8.396618157985788,0.004672038689075968,1000.0,0.0,reclaimed_water_substitution_ratio,0.65,"[None, 0.0]","[[250.0, 1000.0]]",True
344,1.1814206812768435,8.35230924644988,0.0023252128266796684,1000.0,0.0,reclaimed_water_substitution_ratio,0.65,"[None, 0.0]","[[250.0, 1000.0]]",True
345,1.1284820127384603,6.083165036079357,0.006517744371618978,1000.0,0.0,reclaimed_water_substitution_ratio,0.65,"[None, 0.0]","[[250.0, 1000.0]]",True
346,1.2853400563969282,5.821518805040135,0.00560411182302956,1000.0,0.0,reclaimed_water_substitution_ratio,0.65,"[None, 0.0]","[[250.0, 1000.0]]",True
347,1.1491318399017492,4.559571458172359,0.0014834598091388292,1000.0,0.0,reclaimed_water_substitution_ratio,0.65,"[None, 0.0]","[[250.0, 1000.0]]",True
348,1.1500644952790742,5.6536042321601565,0.0017678047019993963,1000.0,0.0,reclaimed_water_substitution_ratio,0.65,"[None, 0.0]","[[250.0, 1000.0]]",True
349,1.2834294305034843,6.485742888141278,0.005377142542079107,1000.0,0.0,reclaimed_water_substitution_ratio,0.65,"[None, 0.0]","[[250.0, 1000.0]]",True
350,1.278752917967405,5.12476751545587,0.0015285660635060822,1000.0,0.0,reclaimed_water_substitution_ratio,0.65,"[None, 0.0]","[[250.0, 1000.0]]",True
351,1.2908695425810444,5.5154342090244475,0.007235620660294281,1000.0,0.0,reclaimed_water_substitution_ratio,0.65,"[None, 0.0]","[[250.0, 1000.0]]",True
352,1.3182535004018439,7.290244645080737,0.003710969067678276,1000.0,0.0,reclaimed_water_substitution_ratio,0.65,"[None, 0.0]","[[250.0, 1000.0]]",True
353,1.2791445373019348,7.2154888670562665,0.0030741127878935095,1000.0,0.0,reclaimed_water_substitution_ratio,0.65,"[None, 0.0]","[[250.0, 1000.0]]",True
354,1.3522339214487473,3.840315574233573,0.002217107320622457,1000.0,0.0,reclaimed_water_substitution_ratio,0.65,"[None, 0.0]","[[250.0, 1000.0]]",True
355,1.349312837161593,3.3680115596347466,0.007013606015780903,750.0,0.0,reclaimed_water_substitution_ratio,0.65,"[None, 0.0]","[[250.0, 750.0]]",True
356,1.281778295365176,5.976044835683154,0.0033508202869590884,1000.0,0.0,reclaimed_water_substitution_ratio,0.65,"[None, 0.0]","[[250.0, 1000.0]]",True
357,1.255676305349807,7.910190050943349,0.0013451500673893062,1000.0,0.0,reclaimed_water_substitution_ratio,0.65,"[None, 0.0]","[[250.0, 1000.0]]",True
358,1.3462103354549937,4.601247241401277,0.0033452417292963287,1000.0,0.0,reclaimed_water_substitution_ratio,0.65,"[None, 0.0]","[[250.0, 1000.0]]",True
359,1.313156301049034,8.88556459038347,0.007055525421139682,1000.0,0.0,reclaimed_water_substitution_ratio,0.65,"[None, 0.0]","[[250.0, 1000.0]]",True
360,1.1731500439608067,5.377084370596743,0.0017913585309228307,1000.0,0.0,reclaimed_water_substitution_ratio,0.65,"[None, 0.0]","[[250.0, 1000.0]]",True
361,1.2200169188562746,7.108404851220453,0.0051118081705201265,1000.0,0.0,reclaimed_water_substitution_ratio,0.65,"[None, 0.0]","[[250.0, 1000.0]]",True
362,1.1620805017879527,6.271394412486054,0.0066113744347735415,1000.0,0.0,reclaimed_water_substitution_ratio,0.65,"[None, 0.0]","[[250.0, 1000.0]]",True
363,1.1287290564044523,8.888451918371144,0.004637832874231994,1000.0,0.0,reclaimed_water_substitution_ratio,0.65,"[None, 0.0]","[[250.0, 1000.0]]",True
364,1.140708632378154,6.792996308849036,0.0064398703819965875,1000.0,0.0,reclaimed_water_substitution_ratio,0.65,"[None, 0.0]","[[250.0, 1000.0]]",True
365,1.1559529209428654,7.549714724985022,0.004899236005771468,1000.0,0.0,reclaimed_water_substitution_ratio,0.65,"[None, 0.0]","[[250.0, 1000.0]]",True
366,1.2572288166415573,3.0440217142279935,0.005724459406995425,750.0,0.0,reclaimed_water_substitution_ratio,0.65,"[None, 0.0]","[[250.0, 750.0]]",True
367,1.1361896638125695,8.466540180421125,0.0008161661340323472,1250.0,0.0,reclaimed_water_substitution_ratio,0.65,"[None, 0.0]","[[250.0, 1250.0]]",True
368,1.1630775341740893,3.205691167342664,0.007507165940452134,1000.0,0.0,reclaimed_water_substitution_ratio,0.65,"[None, 0.0]","[[250.0, 1000.0]]",True
369,1.284035420867868,5.277537963462348,0.0017558335207962098,1000.0,0.0,reclaimed_water_substitution_ratio,0.65,"[None, 0.0]","[[250.0, 1000.0]]",True
370,1.2755229789029883,8.341085887189063,0.0052478675961798,1000.0,0.0,reclaimed_water_substitution_ratio,0.65,"[None, 0.0]","[[250.0, 1000.0]]",True
371,1.3201875590387437,6.499419276541725,0.005587150095992385,1000.0,0.0,reclaimed_water_substitution_ratio,0.65,"[None, 0.0]","[[250.0, 1000.0]]",True
372,1.1963149144674896,6.797003994586205,0.004322755895203643,1000.0,0.0,reclaimed_water_substitution_ratio,0.65,"[None, 0.0]","[[250.0, 1000.0]]",True
373,1.2027955126034229,4.02283703582108,0.0032453303652729463,1000.0,0.0,reclaimed_water_substitution_ratio,0.65,"[None, 0.0]","[[250.0, 1000.0]]",True
374,1.3181256583672831,7.507668807886541,0.006895869796550609,1000.0,0.0,reclaimed_water_substitution_ratio,0.65,"[None, 0.0]","[[250.0, 1000.0]]",True
375,1.260268887176452,4.868857169549733,0.00593626685421236,1000.0,0.0,reclaimed_water_substitution_ratio,0.65,"[None, 0.0]","[[250.0, 1000.0]]",True
376,1.3090162589174221,5.411700629232958,0.003512218750502028,1000.0,0.0,reclaimed_water_substitution_ratio,0.65,"[None, 0.0]","[[250.0, 1000.0]]",True
377,1.248425799027952,4.336248401122154,0.004883367795687871,1000.0,0.0,reclaimed_water_substitution_ratio,0.65,"[None, 0.0]","[[250.0, 1000.0]]",True
378,1.1969612455297258,6.702400789040681,0.002280568277680128,1000.0,0.0,reclaimed_water_substitution_ratio,0.65,"[None, 0.0]","[[250.0, 1000.0]]",True
379,1.2156303767378576,3.2311749675429353,0.003867501382044292,1000.0,0.0,reclaimed_water_substitution_ratio,0.65,"[None, 0.0]","[[250.0, 1000.0]]",True
380,1.2789502098443883,6.6680200847951685,0.0015339498001956733,1000.0,0.0,reclaimed_water_substitution_ratio,0.65,"[None, 0.0]","[[250.0, 1000.0]]",True
381,1.2213550318725956,6.486441787334568,0.0030615173593923463,1000.0,0.0,reclaimed_water_substitution_ratio,0.65,"[None, 0.0]","[[250.0, 1000.0]]",True
382,1.1770676527832655,5.499275216602078,0.005015900921906034,1000.0,0.0,reclaimed_water_substitution_ratio,0.65,"[None, 0.0]","[[250.0, 1000.0]]",True
383,1.250639643684102,7.589367548141132,0.006807383891690709,1000.0,0.0,reclaimed_water_substitution_ratio,0.65,"[None, 0.0]","[[250.0, 1000.0]]",True
384,1.1730982227240718,3.046774960273229,0.004654502558240894,1000.0,0.0,reclaimed_water_substitution_ratio,0.65,"[None, 0.0]","[[250.0, 1000.0]]",True
385,1.1569755787864202,6.897834686575074,0.0062147904798778835,1000.0,0.0,reclaimed_water_substitution_ratio,0.65,"[None, 0.0]","[[250.0, 1000.0]]",True
386,1.17925690724544,5.176708741361736,0.006505105839924977,1000.0,0.0,reclaimed_water_substitution_ratio,0.65,"[None, 0.0]","[[250.0, 1000.0]]",True
387,1.3365380312727675,4.348030080583082,0.0009665049318202199,1000.0,0.0,reclaimed_water_substitution_ratio,0.65,"[None, 0.0]","[[250.0, 1000.0]]",True
388,1.1280211430960794,3.8354250869303184,0.002833987631130728,1000.0,0.0,reclaimed_water_substitution_ratio,0.65,"[None, 0.0]","[[250.0, 1000.0]]",True
389,1.2301844679064557,5.085653663463021,0.003217989671776801,1000.0,0.0,reclaimed_water_substitution_ratio,0.65,"[None, 0.0]","[[250.0, 1000.0]]",True
390,1.333669558191673,4.48030810359016,0.0054433278319317765,1000.0,0.0,reclaimed_water_substitution_ratio,0.65,"[None, 0.0]","[[250.0, 1000.0]]",True
391,1.2110191095448044,4.767548230649103,0.004807904930686092,1000.0,0.0,reclaimed_water_substitution_ratio,0.65,"[None, 0.0]","[[250.0, 1000.0]]",True
392,1.2520955424907567,5.3407095429496225,0.003736926721734665,1000.0,0.0,reclaimed_water_substitution_ratio,0.65,"[None, 0.0]","[[250.0, 1000.0]]",True
393,1.3564629523703182,7.128367018178119,0.00303546769639915,1000.0,0.0,reclaimed_water_substitution_ratio,0.65,"[None, 0.0]","[[250.0, 1000.0]]",True
394,1.1303265530357038,4.2673222299276485,0.0037601501103382328,1000.0,0.0,reclaimed_water_substitution_ratio,0.65,"[None, 0.0]","[[250.0, 1000.0]]",True
395,1.1885152671332058,8.649272449893717,0.0014524641331200047,1000.0,0.0,reclaimed_water_substitution_ratio,0.65,"[None, 0.0]","[[250.0, 1000.0]]",True
396,1.271958316142872,4.291233404192864,0.0006177487998735221,1000.0,0.0,reclaimed_water_substitution_ratio,0.65,"[None, 0.0]","[[250.0, 1000.0]]",True
397,1.3419553186203896,6.4387540193165265,0.007576345826849884,750.0,0.0,reclaimed_water_substitution_ratio,0.65,"[None, 0.0]","[[250.0, 750.0]]",True
398,1.3216048239567486,7.814313572762219,0.007561438171334242,1000.0,0.0,reclaimed_water_substitution_ratio,0.65,"[None, 0.0]","[[250.0, 1000.0]]",True
399,1.1430992798343147,7.088679179857852,0.0008225587601496812,1250.0,0.0,reclaimed_water_substitution_ratio,0.65,"[None, 0.0]","[[250.0, 1250.0]]",True
400,1.2552349931288391,3.8199919119927803,0.003151670709663909,1000.0,0.0,reclaimed_water_substitution_ratio,0.65,"[None, 0.0]","[[250.0, 1000.0]]",True
401,1.244979307090334,4.938928320137332,0.0020934598464501975,1000.0,0.0,reclaimed_water_substitution_ratio,0.65,"[None, 0.0]","[[250.0, 1000.0]]",True
402,1.1865079683943764,4.343743535990582,0.006667459809878122,1000.0,0.0,reclaimed_water_substitution_ratio,0.65,"[None, 0.0]","[[250.0, 1000.0]]",True
403,1.3316069079873263,5.009694512982399,0.007371316181552118,1000.0,0.0,reclaimed_water_substitution_ratio,0.65,"[None, 0.0]","[[250.0, 1000.0]]",True
404,1.228430306497279,8.752929761379846,0.0065104759709031425,1000.0,0.0,reclaimed_water_substitution_ratio,0.65,"[None, 0.0]","[[250.0, 1000.0]]",True
405,1.2491751303308403,4.0758478491031775,0.003645149841580843,1000.0,0.0,reclaimed_water_substitution_ratio,0.65,"[None, 0.0]","[[250.0, 1000.0]]",True
406,1.242938879189835,7.838668125048507,0.002278606141854148,1000.0,0.0,reclaimed_water_substitution_ratio,0.65,"[None, 0.0]","[[250.0, 1000.0]]",True
407,1.1432982000477674,7.272276881149369,0.0013710348509500332,1000.0,0.0,reclaimed_water_substitution_ratio,0.65,"[None, 0.0]","[[250.0, 1000.0]]",True
408,1.2190973307745139,3.249078127538206,0.005451929434557521,1000.0,0.0,reclaimed_water_substitution_ratio,0.65,"[None, 0.0]","[[250.0, 1000.0]]",True
409,1.3163191836079216,6.583327840601386,0.0008916285198080543,1000.0,0.0,reclaimed_water_substitution_ratio,0.65,"[None, 0.0]","[[250.0, 1000.0]]",True
410,1.28120527516976,5.585630869590585,0.0014145907355673797,1000.0,0.0,reclaimed_water_substitution_ratio,0.65,"[None, 0.0]","[[250.0, 1000.0]]",True
411,1.2837864210405425,4.609258313014752,0.006111499612919463,1000.0,0.0,reclaimed_water_substitution_ratio,0.65,"[None, 0.0]","[[250.0, 1000.0]]",True
412,1.3061774717782735,3.1845986204172796,0.0023380378949619147,750.0,0.0,reclaimed_water_substitution_ratio,0.65,"[None, 0.0]","[[250.0, 750.0]]",True
413,1.3434161755988363,6.637821607507234,0.0062898086134999896,1000.0,0.0,reclaimed_water_substitution_ratio,0.65,"[None, 0.0]","[[250.0, 1000.0]]",True
414,1.1528553089037508,8.034776074121128,0.0019037171915489452,1000.0,0.0,reclaimed_water_substitution_ratio,0.65,"[None, 0.0]","[[250.0, 1000.0]]",True
415,1.316521990406785,3.493694175720638,0.0013200212543751086,1000.0,0.0,reclaimed_water_substitution_ratio,0.65,"[None, 0.0]","[[250.0, 1000.0]]",True
416,1.2817049731482273,4.938650717791141,0.005047200547330311,1000.0,0.0,reclaimed_water_substitution_ratio,0.65,"[None, 0.0]","[[250.0, 1000.0]]",True
417,1.2002580601811739,3.9266775796732505,0.002157939436205459,1000.0,0.0,reclaimed_water_substitution_ratio,0.65,"[None, 0.0]","[[250.0, 1000.0]]",True
418,1.1456366454383389,6.763932910133462,0.00693372530117089,1000.0,0.0,reclaimed_water_substitution_ratio,0.65,"[None, 0.0]","[[250.0, 1000.0]]",True
419,1.350069558189019,3.901344863201803,0.006987707515263088,750.0,0.0,reclaimed_water_substitution_ratio,0.65,"[None, 0.0]","[[250.0, 750.0]]",True
420,1.131687963520641,7.470778688038387,0.005459327972356966,1000.0,0.0,reclaimed_water_substitution_ratio,0.65,"[None, 0.0]","[[250.0, 1000.0]]",True
421,1.3226290624861043,8.435771685796642,0.006338441745792961,1000.0,0.0,reclaimed_water_substitution_ratio,0.65,"[None, 0.0]","[[250.0, 1000.0]]",True
422,1.3592220449405636,3.6645071492238763,0.004103678487132242,750.0,0.0,reclaimed_water_substitution_ratio,0.65,"[None, 0.0]","[[250.0, 750.0]]",True
423,1.3579597389211426,3.7403280834450277,0.0046394084965593295,750.0,0.0,reclaimed_water_substitution_ratio,0.65,"[None, 0.0]","[[250.0, 750.0]]",True
424,1.1613584817475398,6.735944585767553,0.0012576438025140605,1000.0,0.0,reclaimed_water_substitution_ratio,0.65,"[None, 0.0]","[[250.0, 1000.0]]",True
425,1.317195232532001,7.450759633358327,0.004222663763393843,1000.0,0.0,reclaimed_water_substitution_ratio,0.65,"[None, 0.0]","[[250.0, 1000.0]]",True
426,1.2366896893611703,8.354174428505006,0.006945987287341257,1000.0,0.0,reclaimed_water_substitution_ratio,0.65,"[None, 0.0]","[[250.0, 1000.0]]",True
427,1.1412610540052557,8.831722232659121,0.004717421958137598,1000.0,0.0,reclaimed_water_substitution_ratio,0.65,"[None, 0.0]","[[250.0, 1000.0]]",True
428,1.299334379783871,7.475493801417261,0.007869124315203192,1000.0,0.0,reclaimed_water_substitution_ratio,0.65,"[None, 0.0]","[[250.0, 1000.0]]",True
429,1.2691154136534515,6.734093408895822,0.007069497101096044,1000.0,0.0,reclaimed_water_substitution_ratio,0.65,"[None, 0.0]","[[250.0, 1000.0]]",True
430,1.3261412649571438,7.779027695566015,0.0013648271772839873,1000.0,0.0,reclaimed_water_substitution_ratio,0.65,"[None, 0.0]","[[250.0, 1000.0]]",True
431,1.2965258688548533,4.801348320170623,0.005043495154036019,1000.0,0.0,reclaimed_water_substitution_ratio,0.65,"[None, 0.0]","[[250.0, 1000.0]]",True
432,1.2093713658432548,5.008870121704511,0.0015739436270313086,1000.0,0.0,reclaimed_water_substitution_ratio,0.65,"[None, 0.0]","[[250.0, 1000.0]]",True
433,1.3500741172835387,4.6861216825716125,0.0022764889188075397,1000.0,0.0,reclaimed_water_substitution_ratio,0.65,"[None, 0.0]","[[250.0, 1000.0]]",True
434,1.1369649703832823,8.253150377506396,0.00487439737802209,1000.0,0.0,reclaimed_water_substitution_ratio,0.65,"[None, 0.0]","[[250.0, 1000.0]]",True
435,1.1540712233104478,5.112899915977785,0.0019094031210179305,1000.0,0.0,reclaimed_water_substitution_ratio,0.65,"[None, 0.0]","[[250.0, 1000.0]]",True
436,1.25105094271747,8.57011223917291,0.00588654045017465,1000.0,0.0,reclaimed_water_substitution_ratio,0.65,"[None, 0.0]","[[250.0, 1000.0]]",True
437,1.1396514952259973,5.640608004423921,0.004631910087973369,1000.0,0.0,reclaimed_water_substitution_ratio,0.65,"[None, 0.0]","[[250.0, 1000.0]]",True
438,1.1933397452799184,3.8592216162042265,0.006497376640140258,1000.0,0.0,reclaimed_water_substitution_ratio,0.65,"[None, 0.0]","[[250.0, 1000.0]]",True
439,1.3391798456257729,3.7443265326793016,0.003923150947860853,750.0,0.0,reclaimed_water_substitution_ratio,0.65,"[None, 0.0]","[[250.0, 750.0]]",True
440,1.2145778438907535,3.388345107210112,0.004470570751170556,1000.0,0.0,reclaimed_water_substitution_ratio,0.65,"[None, 0.0]","[[250.0, 1000.0]]",True
441,1.322394623182419,7.124364228327222,0.0014673970108073078,1000.0,0.0,reclaimed_water_substitution_ratio,0.65,"[None, 0.0]","[[250.0, 1000.0]]",True
442,1.3291667281766328,4.415011205963807,0.0013799252090549224,1000.0,0.0,reclaimed_water_substitution_ratio,0.65,"[None, 0.0]","[[250.0, 1000.0]]",True
443,1.2113339636958103,5.619789098050877,0.0034291495944987305,1000.0,0.0,reclaimed_water_substitution_ratio,0.65,"[None, 0.0]","[[250.0, 1000.0]]",True
444,1.3293039962908129,3.9284733530269067,0.0023957806632400836,1000.0,0.0,reclaimed_water_substitution_ratio,0.65,"[None, 0.0]","[[250.0, 1000.0]]",True
445,1.3276863553371703,3.556515964984206,0.0028738086489822415,1000.0,0.0,reclaimed_water_substitution_ratio,0.65,"[None, 0.0]","[[250.0, 1000.0]]",True
446,1.2111685882315841,3.936560507260646,0.0011945428198935819,1000.0,0.0,reclaimed_water_substitution_ratio,0.65,"[None, 0.0]","[[250.0, 1000.0]]",True
447,1.2223545715041615,6.00714410337614,0.0014784123691258858,1000.0,0.0,reclaimed_water_substitution_ratio,0.65,"[None, 0.0]","[[250.0, 1000.0]]",True
448,1.258970945286532,8.543942897995004,0.0008593871862445047,1000.0,0.0,reclaimed_water_substitution_ratio,0.65,"[None, 0.0]","[[250.0, 1000.0]]",True
449,1.1240045669461272,4.291789047826667,0.006914754893435552,1000.0,0.0,reclaimed_water_substitution_ratio,0.65,"[None, 0.0]","[[250.0, 1000.0]]",True
450,1.1245439851622627,5.152768726937514,0.005997046507820486,1000.0,0.0,reclaimed_water_substitution_ratio,0.65,"[None, 0.0]","[[250.0, 1000.0]]",True
451,1.221630495087957,4.189410825289153,0.005870750642026572,1000.0,0.0,reclaimed_water_substitution_ratio,0.65,"[None, 0.0]","[[250.0, 1000.0]]",True
452,1.1271303176878036,3.5381351765461835,0.007561728184030673,1000.0,0.0,reclaimed_water_substitution_ratio,0.65,"[None, 0.0]","[[250.0, 1000.0]]",True
453,1.305604172993661,4.112854940088178,0.002592470620353417,1000.0,0.0,reclaimed_water_substitution_ratio,0.65,"[None, 0.0]","[[250.0, 1000.0]]",True
454,1.3035411982048248,4.395997854094524,0.0010572375270874632,1000.0,0.0,reclaimed_water_substitution_ratio,0.65,"[None, 0.0]","[[250.0, 1000.0]]",True
455,1.2646604296665926,3.6241244431756567,0.004432641144661858,1000.0,0.0,reclaimed_water_substitution_ratio,0.65,"[None, 0.0]","[[250.0, 1000.0]]",True
456,1.1608721887035849,7.296486955911886,0.000965828666041995,1000.0,0.0,reclaimed_water_substitution_ratio,0.65,"[None, 0.0]","[[250.0, 1000.0]]",True
457,1.1805262651483817,4.646845690216715,0.006785725488929768,1000.0,0.0,reclaimed_water_substitution_ratio,0.65,"[None, 0.0]","[[250.0, 1000.0]]",True
458,1.3098507763401601,4.904492666922565,0.0021903886554174713,1000.0,0.0,reclaimed_water_substitution_ratio,0.65,"[None, 0.0]","[[250.0, 1000.0]]",True
459,1.1335454459975087,3.844975930504078,0.007017692895509003,1000.0,0.0,reclaimed_water_substitution_ratio,0.65,"[None, 0.0]","[[250.0, 1000.0]]",True
460,1.236570687435249,3.595822122596032,0.004068333852366153,1000.0,0.0,reclaimed_water_substitution_ratio,0.65,"[None, 0.0]","[[250.0, 1000.0]]",True
461,1.3047058902411681,4.058408791823539,0.0039907693585510455,1000.0,0.0,reclaimed_water_substitution_ratio,0.65,"[None, 0.0]","[[250.0, 1000.0]]",True
462,1.3449549533924372,4.417670323930333,0.002317691407849553,1000.0,0.0,reclaimed_water_substitution_ratio,0.65,"[None, 0.0]","[[250.0, 1000.0]]",True
463,1.3377989208336367,6.721548132201441,0.004951804195073725,1000.0,0.0,reclaimed_water_substitution_ratio,0.65,"[None, 0.0]","[[250.0, 1000.0]]",True
464,1.1252523129777936,8.065725811337359,0.004946675008225005,1000.0,0.0,reclaimed_water_substitution_ratio,0.65,"[None, 0.0]","[[250.0, 1000.0]]",True
465,1.2949720902792028,8.950659219711095,0.0024691284075933997,1000.0,0.0,reclaimed_water_substitution_ratio,0.65,"[None, 0.0]","[[250.0, 1000.0]]",True
466,1.1444101361929278,6.0794410546055175,0.007767436048886663,1000.0,0.0,reclaimed_water_substitution_ratio,0.65,"[None, 0.0]","[[250.0, 1000.0]]",True
467,1.1285327940542442,5.302091792171751,0.0006854817858462127,1250.0,0.0,reclaimed_water_substitution_ratio,0.65,"[None, 0.0]","[[250.0, 1250.0]]",True
468,1.149104713281027,6.866789527202921,0.005351050517424611,1000.0,0.0,reclaimed_water_substitution_ratio,0.65,"[None, 0.0]","[[250.0, 1000.0]]",True
469,1.2755891682704092,3.264391291036743,0.0037835657266178245,1000.0,0.0,reclaimed_water_substitution_ratio,0.65,"[None, 0.0]","[[250.0, 1000.0]]",True
470,1.3264091969060416,6.1759625691833095,0.0036767064838205007,1000.0,0.0,reclaimed_water_substitution_ratio,0.65,"[None, 0.0]","[[250.0, 1000.0]]",True
471,1.1248268551635987,5.5135051809119,0.006967184566715506,1000.0,0.0,reclaimed_water_substitution_ratio,0.65,"[None, 0.0]","[[250.0, 1000.0]]",True
472,1.2230780931131175,4.061165134857827,0.002959388567870795,1000.0,0.0,reclaimed_water_substitution_ratio,0.65,"[None, 0.0]","[[250.0, 1000.0]]",True
473,1.3092638403699517,6.467025239532797,0.0008241494930294197,1000.0,0.0,reclaimed_water_substitution_ratio,0.65,"[None, 0.0]","[[250.0, 1000.0]]",True
474,1.2909301588444053,7.1966805317763765,0.004343266862308678,1000.0,0.0,reclaimed_water_substitution_ratio,0.65,"[None, 0.0]","[[250.0, 1000.0]]",True
475,1.3220339814530893,8.843562363673438,0.005971166738687557,1000.0,0.0,reclaimed_water_substitution_ratio,0.65,"[None, 0.0]","[[250.0, 1000.0]]",True
476,1.1886172448121561,4.11146003611386,0.0032709396696469955,1000.0,0.0,reclaimed_water_substitution_ratio,0.65,"[None, 0.0]","[[250.0, 1000.0]]",True
477,1.1887345871917951,6.460677781007112,0.007750368082677379,1000.0,0.0,reclaimed_water_substitution_ratio,0.65,"[None, 0.0]","[[250.0, 1000.0]]",True
478,1.337600858220718,8.002117433494133,0.0032795949040047867,1000.0,0.0,reclaimed_water_substitution_ratio,0.65,"[None, 0.0]","[[250.0, 1000.0]]",True
479,1.2436766407719908,4.525115138619914,0.0007691479479950203,1000.0,0.0,reclaimed_water_substitution_ratio,0.65,"[None, 0.0]","[[250.0, 1000.0]]",True
480,1.186670924064108,5.803862222285444,0.0019207419363536469,1000.0,0.0,reclaimed_water_substitution_ratio,0.65,"[None, 0.0]","[[250.0, 1000.0]]",True
481,1.2108193546240722,4.829623394036065,0.004995412446963936,1000.0,0.0,reclaimed_water_substitution_ratio,0.65,"[None, 0.0]","[[250.0, 1000.0]]",True
482,1.3495405766728856,7.059654027400142,0.007214844486182188,750.0,0.0,reclaimed_water_substitution_ratio,0.65,"[None, 0.0]","[[250.0, 750.0]]",True
483,1.3261970835071901,5.443916064713624,0.005979743716584092,1000.0,0.0,reclaimed_water_substitution_ratio,0.65,"[None, 0.0]","[[250.0, 1000.0]]",True
484,1.1470362260631302,5.078718135911313,0.002354580378459637,1000.0,0.0,reclaimed_water_substitution_ratio,0.65,"[None, 0.0]","[[250.0, 1000.0]]",True
485,1.1571985802817284,6.074986306948607,0.0031464223345109483,1000.0,0.0,reclaimed_water_substitution_ratio,0.65,"[None, 0.0]","[[250.0, 1000.0]]",True
486,1.1471022388885372,3.638206277496268,0.007330890390296262,1000.0,0.0,reclaimed_water_substitution_ratio,0.65,"[None, 0.0]","[[250.0, 1000.0]]",True
487,1.3456359675111336,8.994542188261999,0.0012830456772085284,1000.0,0.0,reclaimed_water_substitution_ratio,0.65,"[None, 0.0]","[[250.0, 1000.0]]",True
488,1.2942225676980126,8.836613912558171,0.0024704432535898845,1000.0,0.0,reclaimed_water_substitution_ratio,0.65,"[None, 0.0]","[[250.0, 1000.0]]",True
489,1.2468575615980386,7.2510267220317255,0.003022107092907453,1000.0,0.0,reclaimed_water_substitution_ratio,0.65,"[None, 0.0]","[[250.0, 1000.0]]",True
490,1.151865912930882,8.933529570549641,0.0011286538425795837,1000.0,0.0,reclaimed_water_substitution_ratio,0.65,"[None, 0.0]","[[250.0, 1000.0]]",True
491,1.167233551423451,7.694804400611105,0.0035204028950710183,1000.0,0.0,reclaimed_water_substitution_ratio,0.65,"[None, 0.0]","[[250.0, 1000.0]]",True
492,1.182406268540995,4.046724775657066,0.005482060507525378,1000.0,0.0,reclaimed_water_substitution_ratio,0.65,"[None, 0.0]","[[250.0, 1000.0]]",True
493,1.3385835156565626,7.144473169159278,0.0069883690256910425,1000.0,0.0,reclaimed_water_substitution_ratio,0.65,"[None, 0.0]","[[250.0, 1000.0]]",True
494,1.2162659327558971,8.680151285752416,0.002678860248702445,1000.0,0.0,reclaimed_water_substitution_ratio,0.65,"[None, 0.0]","[[250.0, 1000.0]]",True
495,1.2240399781217344,3.090361655255942,0.0032902489666133796,1000.0,0.0,reclaimed_water_substitution_ratio,0.65,"[None, 0.0]","[[250.0, 1000.0]]",True
496,1.3348584981972766,6.033955717848604,0.007546618695566484,750.0,0.0,reclaimed_water_substitution_ratio,0.65,"[None, 0.0]","[[250.0, 750.0]]",True
497,1.3108343926612673,4.968819227748992,0.005239499341587609,1000.0,0.0,reclaimed_water_substitution_ratio,0.65,"[None, 0.0]","[[250.0, 1000.0]]",True
498,1.1669892587038848,8.641586540338508,0.007227252715019599,1000.0,0.0,reclaimed_water_substitution_ratio,0.65,"[None, 0.0]","[[250.0, 1000.0]]",True
499,1.308288859327388,5.4804980693907694,0.004057425606359788,1000.0,0.0,reclaimed_water_substitution_ratio,0.65,"[None, 0.0]","[[250.0, 1000.0]]",True
500,1.1507160631359246,3.3802456814865662,0.0026244231242635633,1000.0,0.0,reclaimed_water_substitution_ratio,0.65,"[None, 0.0]","[[250.0, 1000.0]]",True
501,1.3208399284909151,8.834554754532036,0.004816390681226305,1000.0,0.0,reclaimed_water_substitution_ratio,0.65,"[None, 0.0]","[[250.0, 1000.0]]",True
502,1.1821468024440378,4.248050538179901,0.0019073497092136605,1000.0,0.0,reclaimed_water_substitution_ratio,0.65,"[None, 0.0]","[[250.0, 1000.0]]",True
503,1.1681390991719776,3.2503671664652893,0.0043209869614508,1000.0,0.0,reclaimed_water_substitution_ratio,0.65,"[None, 0.0]","[[250.0, 1000.0]]",True
504,1.1849170627237156,8.170131535503051,0.004411678323371103,1000.0,0.0,reclaimed_water_substitution_ratio,0.65,"[None, 0.0]","[[250.0, 1000.0]]",True
505,1.3410346475511117,8.219829671417234,0.007345110107819398,750.0,0.0,reclaimed_water_substitution_ratio,0.65,"[None, 0.0]","[[250.0, 750.0]]",True
506,1.2280610696864138,5.565468414011831,0.0013090846763377365,1000.0,0.0,reclaimed_water_substitution_ratio,0.65,"[None, 0.0]","[[250.0, 1000.0]]",True
507,1.1811711986351023,6.379533101669276,0.007078888380354639,1000.0,0.0,reclaimed_water_substitution_ratio,0.65,"[None, 0.0]","[[250.0, 1000.0]]",True
508,1.1972857600996958,5.905155822025865,0.004720930613643306,1000.0,0.0,reclaimed_water_substitution_ratio,0.65,"[None, 0.0]","[[250.0, 1000.0]]",True
509,1.3350117331235976,6.429775785627022,0.0037125382452511094,1000.0,0.0,reclaimed_water_substitution_ratio,0.65,"[None, 0.0]","[[250.0, 1000.0]]",True
510,1.2239096189690255,7.12827431270121,0.007761783650456806,1000.0,0.0,reclaimed_water_substitution_ratio,0.65,"[None, 0.0]","[[250.0, 1000.0]]",True
511,1.2849832068123803,3.9076432692512597,0.006302381022742181,1000.0,0.0,reclaimed_water_substitution_ratio,0.65,"[None, 0.0]","[[250.0, 1000.0]]",True
512,1.1775109291319554,7.189830360761656,0.004780715475659178,1000.0,0.0,reclaimed_water_substitution_ratio,0.65,"[None, 0.0]","[[250.0, 1000.0]]",True
513,1.273488867040158,3.3563510507933847,0.005377030908546196,750.0,0.0,reclaimed_water_substitution_ratio,0.65,"[None, 0.0]","[[250.0, 750.0]]",True
514,1.3092785746188376,7.585280580396916,0.005868532859581617,1000.0,0.0,reclaimed_water_substitution_ratio,0.65,"[None, 0.0]","[[250.0, 1000.0]]",True
515,1.2287725163752246,3.130777682522214,0.001845551427514954,1000.0,0.0,reclaimed_water_substitution_ratio,0.65,"[None, 0.0]","[[250.0, 1000.0]]",True
516,1.20719798887216,5.956641607361039,0.005340426053259496,1000.0,0.0,reclaimed_water_substitution_ratio,0.65,"[None, 0.0]","[[250.0, 1000.0]]",True
517,1.294747389410506,6.011572774295312,0.0071684103342196,1000.0,0.0,reclaimed_water_substitution_ratio,0.65,"[None, 0.0]","[[250.0, 1000.0]]",True
518,1.352710556608788,3.531821385036411,0.0075761099634030354,750.0,0.0,reclaimed_water_substitution_ratio,0.65,"[None, 0.0]","[[250.0, 750.0]]",True
519,1.2889927289719847,5.8056287203521135,0.0019502224030904134,1000.0,0.0,reclaimed_water_substitution_ratio,0.65,"[None, 0.0]","[[250.0, 1000.0]]",True
520,1.2029329035512482,8.812823184336683,0.006080491653519239,1000.0,0.0,reclaimed_water_substitution_ratio,0.65,"[None, 0.0]","[[250.0, 1000.0]]",True
521,1.247559904904632,7.492557507344522,0.00737878223186896,1000.0,0.0,reclaimed_water_substitution_ratio,0.65,"[None, 0.0]","[[250.0, 1000.0]]",True
522,1.269564710194338,5.882140775388408,0.00722997372158839,1000.0,0.0,reclaimed_water_substitution_ratio,0.65,"[None, 0.0]","[[250.0, 1000.0]]",True
523,1.3525029953135992,6.738727128939736,0.00437015572808859,1000.0,0.0,reclaimed_water_substitution_ratio,0.65,"[None, 0.0]","[[250.0, 1000.0]]",True
524,1.2873447496112724,5.439116367138135,0.0032077996367256777,1000.0,0.0,reclaimed_water_substitution_ratio,0.65,"[None, 0.0]","[[250.0, 1000.0]]",True
525,1.2888354713440209,3.469645555535688,0.004188033475560441,1000.0,0.0,reclaimed_water_substitution_ratio,0.65,"[None, 0.0]","[[250.0, 1000.0]]",True
526,1.1822619865527284,3.709511206358587,0.0017759740356471034,1000.0,0.0,reclaimed_water_substitution_ratio,0.65,"[None, 0.0]","[[250.0, 1000.0]]",True
527,1.2729722578087153,7.132664526586331,0.0016956534439836548,1000.0,0.0,reclaimed_water_substitution_ratio,0.65,"[None, 0.0]","[[250.0, 1000.0]]",True
528,1.2739506864082566,6.395468618033575,0.0032809177675306926,1000.0,0.0,reclaimed_water_substitution_ratio,0.65,"[None, 0.0]","[[250.0, 1000.0]]",True
529,1.2720402797253576,7.545684524458201,0.002593624738469582,1000.0,0.0,reclaimed_water_substitution_ratio,0.65,"[None, 0.0]","[[250.0, 1000.0]]",True
530,1.2548104023925168,4.295006159755827,0.0024798135975729906,1000.0,0.0,reclaimed_water_substitution_ratio,0.65,"[None, 0.0]","[[250.0, 1000.0]]",True
531,1.1664290373725312,6.105341925043577,0.001641489312146153,1000.0,0.0,reclaimed_water_substitution_ratio,0.65,"[None, 0.0]","[[250.0, 1000.0]]",True
532,1.1672733359368008,7.675888172487165,0.0016998421348192966,1000.0,0.0,reclaimed_water_substitution_ratio,0.65,"[None, 0.0]","[[250.0, 1000.0]]",True
533,1.222271521003575,4.004320325904035,0.0038765384135832238,1000.0,0.0,reclaimed_water_substitution_ratio,0.65,"[None, 0.0]","[[250.0, 1000.0]]",True
534,1.2321591107132652,3.6146644534518173,0.0027041934074964946,1000.0,0.0,reclaimed_water_substitution_ratio,0.65,"[None, 0.0]","[[250.0, 1000.0]]",True
535,1.181520519426039,3.92828575976357,0.0022425636804810365,1000.0,0.0,reclaimed_water_substitution_ratio,0.65,"[None, 0.0]","[[250.0, 1000.0]]",True
536,1.3096709329106284,8.101727449894872,0.0035971501031348578,1000.0,0.0,reclaimed_water_substitution_ratio,0.65,"[None, 0.0]","[[250.0, 1000.0]]",True
537,1.2841708388805435,6.270319538082714,0.006304165711667335,1000.0,0.0,reclaimed_water_substitution_ratio,0.65,"[None, 0.0]","[[250.0, 1000.0]]",True
538,1.1340693607231087,3.5276253001206666,0.006964255725924726,1000.0,0.0,reclaimed_water_substitution_ratio,0.65,"[None, 0.0]","[[250.0, 1000.0]]",True
539,1.2929911415937125,4.195039303567747,0.004837467085850634,1000.0,0.0,reclaimed_water_substitution_ratio,0.65,"[None, 0.0]","[[250.0, 1000.0]]",True
540,1.159673347218971,8.037073107873667,0.007755682205441962,1000.0,0.0,reclaimed_water_substitution_ratio,0.65,"[None, 0.0]","[[250.0, 1000.0]]",True
541,1.2185670266152122,5.859186530516895,0.004417199895124341,1000.0,0.0,reclaimed_water_substitution_ratio,0.65,"[None, 0.0]","[[250.0, 1000.0]]",True
542,1.3440424228450065,4.005146912952815,0.005244151340522404,750.0,0.0,reclaimed_water_substitution_ratio,0.65,"[None, 0.0]","[[250.0, 750.0]]",True
543,1.187915934240132,4.7241763272116755,0.002084926899993086,1000.0,0.0,reclaimed_water_substitution_ratio,0.65,"[None, 0.0]","[[250.0, 1000.0]]",True
544,1.1708514558449679,4.054929103804024,0.005698520114896962,1000.0,0.0,reclaimed_water_substitution_ratio,0.65,"[None, 0.0]","[[250.0, 1000.0]]",True
545,1.223800779643532,7.225441451882917,0.005620008562511422,1000.0,0.0,reclaimed_water_substitution_ratio,0.65,"[None, 0.0]","[[250.0, 1000.0]]",True
546,1.2191927931039912,4.065890390695762,0.004253233589477085,1000.0,0.0,reclaimed_water_substitution_ratio,0.65,"[None, 0.0]","[[250.0, 1000.0]]",True
547,1.261234720328465,3.48857607936914,0.007891965531541364,750.0,0.0,reclaimed_water_substitution_ratio,0.65,"[None, 0.0]","[[250.0, 750.0]]",True
548,1.3529197139072209,5.699086746142789,0.00264498819817748,1000.0,0.0,reclaimed_water_substitution_ratio,0.65,"[None, 0.0]","[[250.0, 1000.0]]",True
549,1.2246728571376289,4.340897422373742,0.006687490402112816,1000.0,0.0,reclaimed_water_substitution_ratio,0.65,"[None, 0.0]","[[250.0, 1000.0]]",True
550,1.1636893251494285,5.491092014944514,0.002760503241058846,1000.0,0.0,reclaimed_water_substitution_ratio,0.65,"[None, 0.0]","[[250.0, 1000.0]]",True
551,1.2379671780541122,7.900466907787431,0.0009939910031963434,1000.0,0.0,reclaimed_water_substitution_ratio,0.65,"[None, 0.0]","[[250.0, 1000.0]]",True
552,1.2103774028857188,6.878229701511383,0.0024963303597824523,1000.0,0.0,reclaimed_water_substitution_ratio,0.65,"[None, 0.0]","[[250.0, 1000.0]]",True
553,1.3585895993288415,4.33658322825109,0.0025773169534853684,1000.0,0.0,reclaimed_water_substitution_ratio,0.65,"[None, 0.0]","[[250.0, 1000.0]]",True
554,1.342563666275804,6.065678056305922,0.0007784125786704356,1000.0,0.0,reclaimed_water_substitution_ratio,0.65,"[None, 0.0]","[[250.0, 1000.0]]",True
555,1.1893716313602987,5.715096088815097,0.0006770081671282442,1000.0,0.0,reclaimed_water_substitution_ratio,0.65,"[None, 0.0]","[[250.0, 1000.0]]",True
556,1.3030548136962927,7.190720873658253,0.002706327811638604,1000.0,0.0,reclaimed_water_substitution_ratio,0.65,"[None, 0.0]","[[250.0, 1000.0]]",True
557,1.2649002660806345,8.748797490900763,0.005583468195135673,1000.0,0.0,reclaimed_water_substitution_ratio,0.65,"[None, 0.0]","[[250.0, 1000.0]]",True
558,1.2489601557113605,6.355172221979071,0.006044963020644832,1000.0,0.0,reclaimed_water_substitution_ratio,0.65,"[None, 0.0]","[[250.0, 1000.0]]",True
559,1.2430085199024827,8.44887742691957,0.0006873087456759065,1000.0,0.0,reclaimed_water_substitution_ratio,0.65,"[None, 0.0]","[[250.0, 1000.0]]",True
560,1.251965013682768,3.8712827221279755,0.005122071656727248,1000.0,0.0,reclaimed_water_substitution_ratio,0.65,"[None, 0.0]","[[250.0, 1000.0]]",True
561,1.199130719487432,3.6160636838951437,0.005496594218123322,1000.0,0.0,reclaimed_water_substitution_ratio,0.65,"[None, 0.0]","[[250.0, 1000.0]]",True
562,1.1206973609060003,4.952028231080512,0.0008557991087259557,1250.0,0.0,reclaimed_water_substitution_ratio,0.65,"[None, 0.0]","[[250.0, 1250.0]]",True
563,1.2007593644357388,6.715979426634703,0.00467353705460288,1000.0,0.0,reclaimed_water_substitution_ratio,0.65,"[None, 0.0]","[[250.0, 1000.0]]",True
564,1.3014678741617236,7.034233983555675,0.002670346789456382,1000.0,0.0,reclaimed_water_substitution_ratio,0.65,"[None, 0.0]","[[250.0, 1000.0]]",True
565,1.2448561291236315,7.131093387650971,0.007907068639895909,1000.0,0.0,reclaimed_water_substitution_ratio,0.65,"[None, 0.0]","[[250.0, 1000.0]]",True
566,1.300257115322982,7.364787561160204,0.004864717459894804,1000.0,0.0,reclaimed_water_substitution_ratio,0.65,"[None, 0.0]","[[250.0, 1000.0]]",True
567,1.3460851988533438,6.803838758974981,0.0070554208458742836,750.0,0.0,reclaimed_water_substitution_ratio,0.65,"[None, 0.0]","[[250.0, 750.0]]",True
568,1.156718775762296,8.803139855970272,0.0019949128089503665,1000.0,0.0,reclaimed_water_substitution_ratio,0.65,"[None, 0.0]","[[250.0, 1000.0]]",True
569,1.228079684860595,7.08416475692608,0.002265056294698734,1000.0,0.0,reclaimed_water_substitution_ratio,0.65,"[None, 0.0]","[[250.0, 1000.0]]",True
570,1.3256858186376275,5.580318604250918,0.004595994809544295,1000.0,0.0,reclaimed_water_substitution_ratio,0.65,"[None, 0.0]","[[250.0, 1000.0]]",True
571,1.3516573111393306,3.226142791001471,0.004183544913273978,750.0,0.0,reclaimed_water_substitution_ratio,0.65,"[None, 0.0]","[[250.0, 750.0]]",True
572,1.330857184150613,7.8584477188889466,0.004004642331472049,1000.0,0.0,reclaimed_water_substitution_ratio,0.65,"[None, 0.0]","[[250.0, 1000.0]]",True
573,1.2801832151511265,3.0737610578043744,0.002305591545191577,750.0,0.0,reclaimed_water_substitution_ratio,0.65,"[None, 0.0]","[[250.0, 750.0]]",True
574,1.3406905439746775,4.026112628210286,0.005515012787612395,750.0,0.0,reclaimed_water_substitution_ratio,0.65,"[None, 0.0]","[[250.0, 750.0]]",True
575,1.225563073768527,5.647859058470018,0.0015946331587514846,1000.0,0.0,reclaimed_water_substitution_ratio,0.65,"[None, 0.0]","[[250.0, 1000.0]]",True
576,1.3460467323614596,8.89540532914975,0.0031196532553518894,1000.0,0.0,reclaimed_water_substitution_ratio,0.65,"[None, 0.0]","[[250.0, 1000.0]]",True
577,1.1825199579338945,4.332532619085061,0.002180965757721175,1000.0,0.0,reclaimed_water_substitution_ratio,0.65,"[None, 0.0]","[[250.0, 1000.0]]",True
578,1.187026904790745,5.568320521401214,0.0014599064384094975,1000.0,0.0,reclaimed_water_substitution_ratio,0.65,"[None, 0.0]","[[250.0, 1000.0]]",True
579,1.1578571955078487,5.1136371090883275,0.002049573818784057,1000.0,0.0,reclaimed_water_substitution_ratio,0.65,"[None, 0.0]","[[250.0, 1000.0]]",True
580,1.2648452839567121,7.815500717945621,0.0034720168933732943,1000.0,0.0,reclaimed_water_substitution_ratio,0.65,"[None, 0.0]","[[250.0, 1000.0]]",True
581,1.2575937215998287,4.150133773395968,0.006363279059893022,1000.0,0.0,reclaimed_water_substitution_ratio,0.65,"[None, 0.0]","[[250.0, 1000.0]]",True
582,1.347770365135693,4.693037240260119,0.00436658844744175,1000.0,0.0,reclaimed_water_substitution_ratio,0.65,"[None, 0.0]","[[250.0, 1000.0]]",True
583,1.1679015042535201,5.695752861063773,0.0032278429795750637,1000.0,0.0,reclaimed_water_substitution_ratio,0.65,"[None, 0.0]","[[250.0, 1000.0]]",True
584,1.1217809649848636,8.06053125082489,0.0005144661575118583,1250.0,0.0,reclaimed_water_substitution_ratio,0.65,"[None, 0.0]","[[250.0, 1250.0]]",True
585,1.2226754946034326,4.816520311214477,0.005504257160725905,1000.0,0.0,reclaimed_water_substitution_ratio,0.65,"[None, 0.0]","[[250.0, 1000.0]]",True
586,1.2437451252624674,3.05745428109648,0.001836778767718584,1000.0,0.0,reclaimed_water_substitution_ratio,0.65,"[None, 0.0]","[[250.0, 1000.0]]",True
587,1.255543327518137,7.079469289419525,0.0020935216944070337,1000.0,0.0,reclaimed_water_substitution_ratio,0.65,"[None, 0.0]","[[250.0, 1000.0]]",True
588,1.317473475002597,5.871877843131875,0.002907575883169236,1000.0,0.0,reclaimed_water_substitution_ratio,0.65,"[None, 0.0]","[[250.0, 1000.0]]",True
589,1.1700877989241922,8.403074533103975,0.003920887094625789,1000.0,0.0,reclaimed_water_substitution_ratio,0.65,"[None, 0.0]","[[250.0, 1000.0]]",True
590,1.1640635890099569,7.965180534841273,0.004916563849411585,1000.0,0.0,reclaimed_water_substitution_ratio,0.65,"[None, 0.0]","[[250.0, 1000.0]]",True
591,1.1583883544097313,4.761230639906177,0.006158272713806961,1000.0,0.0,reclaimed_water_substitution_ratio,0.65,"[None, 0.0]","[[250.0, 1000.0]]",True
592,1.2123227407818753,7.901317302921387,0.0012340020759411523,1000.0,0.0,reclaimed_water_substitution_ratio,0.65,"[None, 0.0]","[[250.0, 1000.0]]",True
593,1.2445997568130016,5.7617030030996865,0.0033724999700810053,1000.0,0.0,reclaimed_water_substitution_ratio,0.65,"[None, 0.0]","[[250.0, 1000.0]]",True
594,1.2891859063615534,8.923950336794586,0.002007552259221833,1000.0,0.0,reclaimed_water_substitution_ratio,0.65,"[None, 0.0]","[[250.0, 1000.0]]",True
595,1.3548023536436378,5.260193464947742,0.00325690308658956,1000.0,0.0,reclaimed_water_substitution_ratio,0.65,"[None, 0.0]","[[250.0, 1000.0]]",True
596,1.1525771808293397,3.0377867032890276,0.0057646663735988635,1000.0,0.0,reclaimed_water_substitution_ratio,0.65,"[None, 0.0]","[[250.0, 1000.0]]",True
597,1.131946171939825,4.234541401723119,0.002602348164641362,1000.0,0.0,reclaimed_water_substitution_ratio,0.65,"[None, 0.0]","[[250.0, 1000.0]]",True
598,1.2842483968725513,5.7733155662635465,0.006394277351434219,1000.0,0.0,reclaimed_water_substitution_ratio,0.65,"[None, 0.0]","[[250.0, 1000.0]]",True
599,1.3448843845192178,5.854571699752299,0.0014023061836196896,1000.0,0.0,reclaimed_water_substitution_ratio,0.65,"[None, 0.0]","[[250.0, 1000.0]]",True
600,1.136392915854105,4.718999485987997,0.0011270386719699397,1250.0,0.0,reclaimed_water_substitution_ratio,0.65,"[None, 0.0]","[[250.0, 1250.0]]",True
601,1.2035437602406582,5.712456676974683,0.004658533361573687,1000.0,0.0,reclaimed_water_substitution_ratio,0.65,"[None, 0.0]","[[250.0, 1000.0]]",True
602,1.3521478173238757,3.823359593647936,0.006737187503667287,750.0,0.0,reclaimed_water_substitution_ratio,0.65,"[None, 0.0]","[[250.0, 750.0]]",True
603,1.2240649167435342,4.675546538646241,0.003270603090574012,1000.0,0.0,reclaimed_water_substitution_ratio,0.65,"[None, 0.0]","[[250.0, 1000.0]]",True
604,1.323906256763492,4.160426639529507,0.0065452169397408055,1000.0,0.0,reclaimed_water_substitution_ratio,0.65,"[None, 0.0]","[[250.0, 1000.0]]",True
605,1.3344504151749708,8.168137587693012,0.0046034568023605865,1000.0,0.0,reclaimed_water_substitution_ratio,0.65,"[None, 0.0]","[[250.0, 1000.0]]",True
606,1.2831698466995047,5.117427909229235,0.0064265479237952654,1000.0,0.0,reclaimed_water_substitution_ratio,0.65,"[None, 0.0]","[[250.0, 1000.0]]",True
607,1.1241076526287903,7.818638792053267,0.001284521209202173,1250.0,0.0,reclaimed_water_substitution_ratio,0.65,"[None, 0.0]","[[250.0, 1250.0]]",True
608,1.2544268923521331,8.989879100923446,0.007894162666391556,1000.0,0.0,reclaimed_water_substitution_ratio,0.65,"[None, 0.0]","[[250.0, 1000.0]]",True
609,1.1604126915044668,4.822378592041067,0.0039534878573937865,1000.0,0.0,reclaimed_water_substitution_ratio,0.65,"[None, 0.0]","[[250.0, 1000.0]]",True
610,1.353002674200483,5.837729057218202,0.002344008289881804,1000.0,0.0,reclaimed_water_substitution_ratio,0.65,"[None, 0.0]","[[250.0, 1000.0]]",True
611,1.151960303909389,6.605339503613992,0.0059865298115514,1000.0,0.0,reclaimed_water_substitution_ratio,0.65,"[None, 0.0]","[[250.0, 1000.0]]",True
612,1.3578059786910273,7.498674281903332,0.007467936145949778,750.0,0.0,reclaimed_water_substitution_ratio,0.65,"[None, 0.0]","[[250.0, 750.0]]",True
613,1.308964166589854,3.7064842515599086,0.0013983469834052426,1000.0,0.0,reclaimed_water_substitution_ratio,0.65,"[None, 0.0]","[[250.0, 1000.0]]",True
614,1.2508789758177006,4.113428793133441,0.0010277235069441244,1000.0,0.0,reclaimed_water_substitution_ratio,0.65,"[None, 0.0]","[[250.0, 1000.0]]",True
615,1.2521612503026176,6.679404972856771,0.002293638750160803,1000.0,0.0,reclaimed_water_substitution_ratio,0.65,"[None, 0.0]","[[250.0, 1000.0]]",True
616,1.1248864057320282,7.656815047714589,0.00530117081417821,1000.0,0.0,reclaimed_water_substitution_ratio,0.65,"[None, 0.0]","[[250.0, 1000.0]]",True
617,1.1567057302184254,7.666842463674571,0.004987239367985709,1000.0,0.0,reclaimed_water_substitution_ratio,0.65,"[None, 0.0]","[[250.0, 1000.0]]",True
618,1.309602760251236,5.6120606825223955,0.0028812959367849485,1000.0,0.0,reclaimed_water_substitution_ratio,0.65,"[None, 0.0]","[[250.0, 1000.0]]",True
619,1.176492289361136,3.691464128324185,0.0015322843042028438,1000.0,0.0,reclaimed_water_substitution_ratio,0.65,"[None, 0.0]","[[250.0, 1000.0]]",True
620,1.2580957803316937,8.645123411873309,0.0006066592601431215,1000.0,0.0,reclaimed_water_substitution_ratio,0.65,"[None, 0.0]","[[250.0, 1000.0]]",True
621,1.1662872453597868,4.994518812815346,0.005337266181788919,1000.0,0.0,reclaimed_water_substitution_ratio,0.65,"[None, 0.0]","[[250.0, 1000.0]]",True
622,1.1913120406011886,6.622167028935804,0.005766740204294693,1000.0,0.0,reclaimed_water_substitution_ratio,0.65,"[None, 0.0]","[[250.0, 1000.0]]",True
623,1.35980722485473,8.554111311930015,0.004077762431925798,1000.0,0.0,reclaimed_water_substitution_ratio,0.65,"[None, 0.0]","[[250.0, 1000.0]]",True
624,1.156286895600801,8.857617500498757,0.003503294469876506,1000.0,0.0,reclaimed_water_substitution_ratio,0.65,"[None, 0.0]","[[250.0, 1000.0]]",True
625,1.3242701377714017,7.370294033776769,0.005016678489877722,1000.0,0.0,reclaimed_water_substitution_ratio,0.65,"[None, 0.0]","[[250.0, 1000.0]]",True
626,1.1458394401957201,4.085033807459238,0.002016540842873328,1000.0,0.0,reclaimed_water_substitution_ratio,0.65,"[None, 0.0]","[[250.0, 1000.0]]",True
627,1.3437086192012395,4.9007051683854606,0.0038635466020207634,1000.0,0.0,reclaimed_water_substitution_ratio,0.65,"[None, 0.0]","[[250.0, 1000.0]]",True
628,1.2280238801538652,8.57271369518254,0.00554454540523629,1000.0,0.0,reclaimed_water_substitution_ratio,0.65,"[None, 0.0]","[[250.0, 1000.0]]",True
629,1.2563317430046321,5.435952597925414,0.0066503963103906275,1000.0,0.0,reclaimed_water_substitution_ratio,0.65,"[None, 0.0]","[[250.0, 1000.0]]",True
630,1.1533926400636445,7.791716359453216,0.005800190909372633,1000.0,0.0,reclaimed_water_substitution_ratio,0.65,"[None, 0.0]","[[250.0, 1000.0]]",True
631,1.259682291454087,7.09320948085625,0.002219673480505532,1000.0,0.0,reclaimed_water_substitution_ratio,0.65,"[None, 0.0]","[[250.0, 1000.0]]",True
632,1.2091844019358504,4.414390027008664,0.005888061762921544,1000.0,0.0,reclaimed_water_substitution_ratio,0.65,"[None, 0.0]","[[250.0, 1000.0]]",True
633,1.1581541692718418,5.780958414422053,0.0030220587370367305,1000.0,0.0,reclaimed_water_substitution_ratio,0.65,"[None, 0.0]","[[250.0, 1000.0]]",True
634,1.2747034034099545,7.709133834180493,0.005090869654791509,1000.0,0.0,reclaimed_water_substitution_ratio,0.65,"[None, 0.0]","[[250.0, 1000.0]]",True
635,1.2908481546742412,7.7860299550150245,0.007464564841048901,1000.0,0.0,reclaimed_water_substitution_ratio,0.65,"[None, 0.0]","[[250.0, 1000.0]]",True
636,1.2491692617573438,3.281508300397406,0.0014945722388825904,1000.0,0.0,reclaimed_water_substitution_ratio,0.65,"[None, 0.0]","[[250.0, 1000.0]]",True
637,1.3591191212130906,4.791102008821207,0.002017232494516398,1000.0,0.0,reclaimed_water_substitution_ratio,0.65,"[None, 0.0]","[[250.0, 1000.0]]",True
638,1.2415180775518189,6.627470877124159,0.0018568935305040407,1000.0,0.0,reclaimed_water_substitution_ratio,0.65,"[None, 0.0]","[[250.0, 1000.0]]",True
639,1.267679292086546,4.156764803282319,0.007019851788520704,1000.0,0.0,reclaimed_water_substitution_ratio,0.65,"[None, 0.0]","[[250.0, 1000.0]]",True
640,1.1203614496341674,7.891881846825192,0.004489015008920221,1000.0,0.0,reclaimed_water_substitution_ratio,0.65,"[None, 0.0]","[[250.0, 1000.0]]",True
641,1.3011388902965215,5.954267293842288,0.007068412130485329,1000.0,0.0,reclaimed_water_substitution_ratio,0.65,"[None, 0.0]","[[250.0, 1000.0]]",True
642,1.1772505947794403,6.9419139640197205,0.0016940892524672044,1000.0,0.0,reclaimed_water_substitution_ratio,0.65,"[None, 0.0]","[[250.0, 1000.0]]",True
643,1.2161412922187926,4.326358801123739,0.007232304193033763,1000.0,0.0,reclaimed_water_substitution_ratio,0.65,"[None, 0.0]","[[250.0, 1000.0]]",True
644,1.3209816138912838,5.098489840845691,0.002354009717570174,1000.0,0.0,reclaimed_water_substitution_ratio,0.65,"[None, 0.0]","[[250.0, 1000.0]]",True
645,1.2158745932769102,8.033362872430306,0.006680105739775833,1000.0,0.0,reclaimed_water_substitution_ratio,0.65,"[None, 0.0]","[[250.0, 1000.0]]",True
646,1.286965892690854,6.670923839291152,0.0038962168716478356,1000.0,0.0,reclaimed_water_substitution_ratio,0.65,"[None, 0.0]","[[250.0, 1000.0]]",True
647,1.2126581456995855,8.735399722914984,0.0010418234131565533,1000.0,0.0,reclaimed_water_substitution_ratio,0.65,"[None, 0.0]","[[250.0, 1000.0]]",True
648,1.2044673005565016,3.8883432874976505,0.007957422234757011,1000.0,0.0,reclaimed_water_substitution_ratio,0.65,"[None, 0.0]","[[250.0, 1000.0]]",True
649,1.330241336312454,7.206105345624799,0.0034506991194081715,1000.0,0.0,reclaimed_water_substitution_ratio,0.65,"[None, 0.0]","[[250.0, 1000.0]]",True
650,1.2308254023242426,5.75407137471854,0.002535599227106822,1000.0,0.0,reclaimed_water_substitution_ratio,0.65,"[None, 0.0]","[[250.0, 1000.0]]",True
651,1.2569619987786016,4.735799618073303,0.0007660348239233615,1000.0,0.0,reclaimed_water_substitution_ratio,0.65,"[None, 0.0]","[[250.0, 1000.0]]",True
652,1.323026673325752,5.006697803731985,0.003567448004847694,1000.0,0.0,reclaimed_water_substitution_ratio,0.65,"[None, 0.0]","[[250.0, 1000.0]]",True
653,1.2138543177849432,8.344117738463723,0.0032994711710777093,1000.0,0.0,reclaimed_water_substitution_ratio,0.65,"[None, 0.0]","[[250.0, 1000.0]]",True
654,1.2011028672267527,5.593488550560995,0.004536441957113006,1000.0,0.0,reclaimed_water_substitution_ratio,0.65,"[None, 0.0]","[[250.0, 1000.0]]",True
655,1.359898814103187,4.203445800472522,0.0065918994182949334,750.0,0.0,reclaimed_water_substitution_ratio,0.65,"[None, 0.0]","[[250.0, 750.0]]",True
656,1.3093862128708953,7.664276770639288,0.002560937474960327,1000.0,0.0,reclaimed_water_substitution_ratio,0.65,"[None, 0.0]","[[250.0, 1000.0]]",True
657,1.2617563079438632,5.280403879648984,0.0045314533969171115,1000.0,0.0,reclaimed_water_substitution_ratio,0.65,"[None, 0.0]","[[250.0, 1000.0]]",True
658,1.2556987886373185,6.279013967192505,0.004342996286571839,1000.0,0.0,reclaimed_water_substitution_ratio,0.65,"[None, 0.0]","[[250.0, 1000.0]]",True
659,1.1695051013277096,5.650012277838242,0.006220582958866771,1000.0,0.0,reclaimed_water_substitution_ratio,0.65,"[None, 0.0]","[[250.0, 1000.0]]",True
660,1.1469307035714214,3.206718601379709,0.0033451111611533736,1000.0,0.0,reclaimed_water_substitution_ratio,0.65,"[None, 0.0]","[[250.0, 1000.0]]",True
661,1.2247418823292093,3.0133016507711083,0.0032412136288572984,1000.0,0.0,reclaimed_water_substitution_ratio,0.65,"[None, 0.0]","[[250.0, 1000.0]]",True
662,1.1681381214444078,4.5407895313615345,0.0027258689776007363,1000.0,0.0,reclaimed_water_substitution_ratio,0.65,"[None, 0.0]","[[250.0, 1000.0]]",True
663,1.2861836884161537,4.790952336994408,0.0069763757290150375,1000.0,0.0,reclaimed_water_substitution_ratio,0.65,"[None, 0.0]","[[250.0, 1000.0]]",True
664,1.187492297453848,8.933678635855191,0.003363767291567652,1000.0,0.0,reclaimed_water_substitution_ratio,0.65,"[None, 0.0]","[[250.0, 1000.0]]",True
665,1.3470715727458644,6.355470251842375,0.004500613280093671,1000.0,0.0,reclaimed_water_substitution_ratio,0.65,"[None, 0.0]","[[250.0, 1000.0]]",True
666,1.2626454714959083,3.8574241947398105,0.0021314244694796503,1000.0,0.0,reclaimed_water_substitution_ratio,0.65,"[None, 0.0]","[[250.0, 1000.0]]",True
667,1.1736508857041783,6.693742571580563,0.005890478004167331,1000.0,0.0,reclaimed_water_substitution_ratio,0.65,"[None, 0.0]","[[250.0, 1000.0]]",True
668,1.3049361075535444,7.066982939400591,0.006113659562106608,1000.0,0.0,reclaimed_water_substitution_ratio,0.65,"[None, 0.0]","[[250.0, 1000.0]]",True
669,1.1498530247646688,6.349874511866918,0.0053096481958176105,1000.0,0.0,reclaimed_water_substitution_ratio,0.65,"[None, 0.0]","[[250.0, 1000.0]]",True
670,1.1703935754410977,7.069634169950525,0.00578727801524506,1000.0,0.0,reclaimed_water_substitution_ratio,0.65,"[None, 0.0]","[[250.0, 1000.0]]",True
671,1.3091763723913354,3.0447839693473675,0.0029428204289149167,750.0,0.0,reclaimed_water_substitution_ratio,0.65,"[None, 0.0]","[[250.0, 750.0]]",True
672,1.2857559293780079,5.480814945334809,0.007230555162364618,1000.0,0.0,reclaimed_water_substitution_ratio,0.65,"[None, 0.0]","[[250.0, 1000.0]]",True
673,1.1815376651112124,4.112213017766151,0.004232239410576455,1000.0,0.0,reclaimed_water_substitution_ratio,0.65,"[None, 0.0]","[[250.0, 1000.0]]",True
674,1.167325335916011,6.747297565772557,0.004922906084596241,1000.0,0.0,reclaimed_water_substitution_ratio,0.65,"[None, 0.0]","[[250.0, 1000.0]]",True
675,1.2164534358972665,8.577035671446074,0.0029108601236330694,1000.0,0.0,reclaimed_water_substitution_ratio,0.65,"[None, 0.0]","[[250.0, 1000.0]]",True
676,1.1524131526763155,8.46857977428243,0.0016376362421658735,1000.0,0.0,reclaimed_water_substitution_ratio,0.65,"[None, 0.0]","[[250.0, 1000.0]]",True
677,1.190868814289784,8.573946291300276,0.00700232880665147,1000.0,0.0,reclaimed_water_substitution_ratio,0.65,"[None, 0.0]","[[250.0, 1000.0]]",True
678,1.1990622736827046,4.512903719913731,0.0017853608776747408,1000.0,0.0,reclaimed_water_substitution_ratio,0.65,"[None, 0.0]","[[250.0, 1000.0]]",True
679,1.2867010082260595,3.354566518559646,0.00410526426050184,750.0,0.0,reclaimed_water_substitution_ratio,0.65,"[None, 0.0]","[[250.0, 750.0]]",True
680,1.136501400836524,7.662804739269666,0.0019911508395308855,1000.0,0.0,reclaimed_water_substitution_ratio,0.65,"[None, 0.0]","[[250.0, 1000.0]]",True
681,1.2419083485924702,6.23548960803759,0.00383853702803299,1000.0,0.0,reclaimed_water_substitution_ratio,0.65,"[None, 0.0]","[[250.0, 1000.0]]",True
682,1.1203476063152258,7.628120182584248,0.007370546221405993,1000.0,0.0,reclaimed_water_substitution_ratio,0.65,"[None, 0.0]","[[250.0, 1000.0]]",True
683,1.1564812011244465,5.116049934725005,0.007577796016666286,1000.0,0.0,reclaimed_water_substitution_ratio,0.65,"[None, 0.0]","[[250.0, 1000.0]]",True
684,1.2793752333190584,7.439657260061183,0.002793795833395132,1000.0,0.0,reclaimed_water_substitution_ratio,0.65,"[None, 0.0]","[[250.0, 1000.0]]",True
685,1.168929680845762,3.1083310694737456,0.0015888938938246706,1000.0,0.0,reclaimed_water_substitution_ratio,0.65,"[None, 0.0]","[[250.0, 1000.0]]",True
686,1.1644254098792066,3.625847000585632,0.0008067444053202059,1000.0,0.0,reclaimed_water_substitution_ratio,0.65,"[None, 0.0]","[[250.0, 1000.0]]",True
687,1.2567437340462768,8.40402720668899,0.003046872762788967,1000.0,0.0,reclaimed_water_substitution_ratio,0.65,"[None, 0.0]","[[250.0, 1000.0]]",True
688,1.2927099508460904,3.8466862211855326,0.006339874818656837,1000.0,0.0,reclaimed_water_substitution_ratio,0.65,"[None, 0.0]","[[250.0, 1000.0]]",True
689,1.1961986454224625,7.270568085559487,0.003139118191295049,1000.0,0.0,reclaimed_water_substitution_ratio,0.65,"[None, 0.0]","[[250.0, 1000.0]]",True
690,1.147007290723838,5.242393660642195,0.0006216661865889252,1250.0,0.0,reclaimed_water_substitution_ratio,0.65,"[None, 0.0]","[[250.0, 1250.0]]",True
691,1.343051460229555,4.561946425833542,0.007794518917439246,750.0,0.0,reclaimed_water_substitution_ratio,0.65,"[None, 0.0]","[[250.0, 750.0]]",True
692,1.1563967167443279,8.863508315351696,0.0021397140456403314,1000.0,0.0,reclaimed_water_substitution_ratio,0.65,"[None, 0.0]","[[250.0, 1000.0]]",True
693,1.1431919549851706,6.967557943909352,0.0005403500523632749,1250.0,0.0,reclaimed_water_substitution_ratio,0.65,"[None, 0.0]","[[250.0, 1250.0]]",True
694,1.3031855913672636,7.457943521793589,0.004021485621249035,1000.0,0.0,reclaimed_water_substitution_ratio,0.65,"[None, 0.0]","[[250.0, 1000.0]]",True
695,1.2108963131875383,3.629803109300851,0.0036065120231449396,1000.0,0.0,reclaimed_water_substitution_ratio,0.65,"[None, 0.0]","[[250.0, 1000.0]]",True
696,1.2701292789329874,5.8397909499547636,0.005304653993505191,1000.0,0.0,reclaimed_water_substitution_ratio,0.65,"[None, 0.0]","[[250.0, 1000.0]]",True
697,1.2665692331205234,4.600752520589948,0.004337274895658863,1000.0,0.0,reclaimed_water_substitution_ratio,0.65,"[None, 0.0]","[[250.0, 1000.0]]",True
698,1.3291297215356213,6.544729384027718,0.0066834360483469,1000.0,0.0,reclaimed_water_substitution_ratio,0.65,"[None, 0.0]","[[250.0, 1000.0]]",True
699,1.329196755034003,7.071717248193655,0.00411365925724857,1000.0,0.0,reclaimed_water_substitution_ratio,0.65,"[None, 0.0]","[[250.0, 1000.0]]",True
700,1.3211038795988501,4.40199062260302,0.004608515870974135,1000.0,0.0,reclaimed_water_substitution_ratio,0.65,"[None, 0.0]","[[250.0, 1000.0]]",True
701,1.2962523444447636,8.368682495509828,0.005458647688636636,1000.0,0.0,reclaimed_water_substitution_ratio,0.65,"[None, 0.0]","[[250.0, 1000.0]]",True
702,1.1527184910036319,6.158461924689418,0.0054919610833503215,1000.0,0.0,reclaimed_water_substitution_ratio,0.65,"[None, 0.0]","[[250.0, 1000.0]]",True
703,1.2945430720416433,6.091881701032068,0.004795194707865713,1000.0,0.0,reclaimed_water_substitution_ratio,0.65,"[None, 0.0]","[[250.0, 1000.0]]",True
704,1.1885697931773136,6.604062660879495,0.005434111871242616,1000.0,0.0,reclaimed_water_substitution_ratio,0.65,"[None, 0.0]","[[250.0, 1000.0]]",True
705,1.1508941583298924,8.921021396672405,0.00462347071164974,1000.0,0.0,reclaimed_water_substitution_ratio,0.65,"[None, 0.0]","[[250.0, 1000.0]]",True
706,1.162574519025251,7.275972963145354,0.0036595760183597502,1000.0,0.0,reclaimed_water_substitution_ratio,0.65,"[None, 0.0]","[[250.0, 1000.0]]",True
707,1.1508559564439202,6.6694574613103,0.002980559473777854,1000.0,0.0,reclaimed_water_substitution_ratio,0.65,"[None, 0.0]","[[250.0, 1000.0]]",True
708,1.2621422844232013,7.901398429761384,0.0050670053683003966,1000.0,0.0,reclaimed_water_substitution_ratio,0.65,"[None, 0.0]","[[250.0, 1000.0]]",True
709,1.2961040037253762,5.8897992448678504,0.0026674100580102366,1000.0,0.0,reclaimed_water_substitution_ratio,0.65,"[None, 0.0]","[[250.0, 1000.0]]",True
710,1.1516774822402942,4.223054353608622,0.0007469286815355962,1000.0,0.0,reclaimed_water_substitution_ratio,0.65,"[None, 0.0]","[[250.0, 1000.0]]",True
711,1.161313845359122,6.451005765636746,0.00766279349197828,1000.0,0.0,reclaimed_water_substitution_ratio,0.65,"[None, 0.0]","[[250.0, 1000.0]]",True
712,1.1214244083395448,3.212779493129046,0.004452221045017607,1000.0,0.0,reclaimed_water_substitution_ratio,0.65,"[None, 0.0]","[[250.0, 1000.0]]",True
713,1.1319587432787068,8.40314813014568,0.004114275003444703,1000.0,0.0,reclaimed_water_substitution_ratio,0.65,"[None, 0.0]","[[250.0, 1000.0]]",True
714,1.1461277587654974,4.784330421319184,0.004237313832197612,1000.0,0.0,reclaimed_water_substitution_ratio,0.65,"[None, 0.0]","[[250.0, 1000.0]]",True
715,1.2187240923389888,8.850986413894336,0.001317333305269799,1000.0,0.0,reclaimed_water_substitution_ratio,0.65,"[None, 0.0]","[[250.0, 1000.0]]",True
716,1.2304118788335439,7.4699115729663905,0.0067065624030005,1000.0,0.0,reclaimed_water_substitution_ratio,0.65,"[None, 0.0]","[[250.0, 1000.0]]",True
717,1.1617148811262907,5.341670223890264,0.0047110737222272395,1000.0,0.0,reclaimed_water_substitution_ratio,0.65,"[None, 0.0]","[[250.0, 1000.0]]",True
718,1.2190175169572917,3.0846004082980967,0.0024387807961408986,1000.0,0.0,reclaimed_water_substitution_ratio,0.65,"[None, 0.0]","[[250.0, 1000.0]]",True
719,1.141988942424846,8.075356127898768,0.00693349899684984,1000.0,0.0,reclaimed_water_substitution_ratio,0.65,"[None, 0.0]","[[250.0, 1000.0]]",True
720,1.27713934851137,7.429647691324663,0.005803710805666721,1000.0,0.0,reclaimed_water_substitution_ratio,0.65,"[None, 0.0]","[[250.0, 1000.0]]",True
721,1.1537203916646273,7.197626858513843,0.006731070724231186,1000.0,0.0,reclaimed_water_substitution_ratio,0.65,"[None, 0.0]","[[250.0, 1000.0]]",True
722,1.2569212486049088,8.832123504012516,0.007590566136593575,1000.0,0.0,reclaimed_water_substitution_ratio,0.65,"[None, 0.0]","[[250.0, 1000.0]]",True
723,1.2661840296850224,8.355341999541942,0.006440203700664542,1000.0,0.0,reclaimed_water_substitution_ratio,0.65,"[None, 0.0]","[[250.0, 1000.0]]",True
724,1.24965245540105,5.747300067152514,0.0013485149303674455,1000.0,0.0,reclaimed_water_substitution_ratio,0.65,"[None, 0.0]","[[250.0, 1000.0]]",True
725,1.1796354991691287,8.51605571453862,0.005822624304579903,1000.0,0.0,reclaimed_water_substitution_ratio,0.65,"[None, 0.0]","[[250.0, 1000.0]]",True
726,1.2286373834425341,5.0431030341246785,0.002897760644529671,1000.0,0.0,reclaimed_water_substitution_ratio,0.65,"[None, 0.0]","[[250.0, 1000.0]]",True
727,1.1471861739310814,5.163183394529657,0.0018799556551982498,1000.0,0.0,reclaimed_water_substitution_ratio,0.65,"[None, 0.0]","[[250.0, 1000.0]]",True
728,1.1886420145769705,6.037218819632804,0.004617156984396353,1000.0,0.0,reclaimed_water_substitution_ratio,0.65,"[None, 0.0]","[[250.0, 1000.0]]",True
729,1.2753786813512258,4.327457881456309,0.0020292362423007973,1000.0,0.0,reclaimed_water_substitution_ratio,0.65,"[None, 0.0]","[[250.0, 1000.0]]",True
730,1.2588431886522429,8.325035156006228,0.006689550801173729,1000.0,0.0,reclaimed_water_substitution_ratio,0.65,"[None, 0.0]","[[250.0, 1000.0]]",True
731,1.1557118419846568,3.1413841712309103,0.007982967122879372,1000.0,0.0,reclaimed_water_substitution_ratio,0.65,"[None, 0.0]","[[250.0, 1000.0]]",True
732,1.3365794569481566,5.219674755658858,0.002184382337568707,1000.0,0.0,reclaimed_water_substitution_ratio,0.65,"[None, 0.0]","[[250.0, 1000.0]]",True
733,1.1280710764493809,7.820081473771208,0.0011354798784477971,1250.0,0.0,reclaimed_water_substitution_ratio,0.65,"[None, 0.0]","[[250.0, 1250.0]]",True
734,1.3480674098660468,3.7526404639764923,0.007226559615069251,750.0,0.0,reclaimed_water_substitution_ratio,0.65,"[None, 0.0]","[[250.0, 750.0]]",True
735,1.2854238234039743,5.890748076187858,0.004258301574307953,1000.0,0.0,reclaimed_water_substitution_ratio,0.65,"[None, 0.0]","[[250.0, 1000.0]]",True
736,1.235430698897549,4.770812764812671,0.0031279413534769326,1000.0,0.0,reclaimed_water_substitution_ratio,0.65,"[None, 0.0]","[[250.0, 1000.0]]",True
737,1.334867691794113,5.60562635721061,0.0038548868692760796,1000.0,0.0,reclaimed_water_substitution_ratio,0.65,"[None, 0.0]","[[250.0, 1000.0]]",True
738,1.338043295111128,6.3633816789822255,0.001340469006812002,1000.0,0.0,reclaimed_water_substitution_ratio,0.65,"[None, 0.0]","[[250.0, 1000.0]]",True
739,1.336093927531809,4.464726757586336,0.002123446002190783,1000.0,0.0,reclaimed_water_substitution_ratio,0.65,"[None, 0.0]","[[250.0, 1000.0]]",True
740,1.1464585580302848,8.398910008862984,0.0063938944827091095,1000.0,0.0,reclaimed_water_substitution_ratio,0.65,"[None, 0.0]","[[250.0, 1000.0]]",True
741,1.2605702971546653,5.309384423826314,0.007156110448506493,1000.0,0.0,reclaimed_water_substitution_ratio,0.65,"[None, 0.0]","[[250.0, 1000.0]]",True
742,1.2883954691405428,5.5103817896156695,0.0048936672966486145,1000.0,0.0,reclaimed_water_substitution_ratio,0.65,"[None, 0.0]","[[250.0, 1000.0]]",True
743,1.1253970691591195,8.296096269882309,0.002060914184355515,1250.0,0.0,reclaimed_water_substitution_ratio,0.65,"[None, 0.0]","[[250.0, 1250.0]]",True
744,1.140633400146486,3.938582360845536,0.005716798759719156,1000.0,0.0,reclaimed_water_substitution_ratio,0.65,"[None, 0.0]","[[250.0, 1000.0]]",True
745,1.3011159296166344,8.306797233496905,0.006275842191776262,1000.0,0.0,reclaimed_water_substitution_ratio,0.65,"[None, 0.0]","[[250.0, 1000.0]]",True
746,1.319417136985221,3.1601006800676563,0.005458760326023732,750.0,0.0,reclaimed_water_substitution_ratio,0.65,"[None, 0.0]","[[250.0, 750.0]]",True
747,1.1872067244047457,6.04740792921719,0.005865821029164418,1000.0,0.0,reclaimed_water_substitution_ratio,0.65,"[None, 0.0]","[[250.0, 1000.0]]",True
748,1.1389523341842211,5.13588479067635,0.00694062909453161,1000.0,0.0,reclaimed_water_substitution_ratio,0.65,"[None, 0.0]","[[250.0, 1000.0]]",True
749,1.2533442731630249,4.97825135180311,0.005288205733559351,1000.0,0.0,reclaimed_water_substitution_ratio,0.65,"[None, 0.0]","[[250.0, 1000.0]]",True
750,1.127439199239155,6.740046308166586,0.006728729953014725,1000.0,0.0,reclaimed_water_substitution_ratio,0.65,"[None, 0.0]","[[250.0, 1000.0]]",True
751,1.2463192258148807,4.014519988524006,0.0024025034799467684,1000.0,0.0,reclaimed_water_substitution_ratio,0.65,"[None, 0.0]","[[250.0, 1000.0]]",True
752,1.3017439570928988,6.758235915575542,0.0016258804548919415,1000.0,0.0,reclaimed_water_substitution_ratio,0.65,"[None, 0.0]","[[250.0, 1000.0]]",True
753,1.1682285866789996,8.94518223551399,0.0055905959873241255,1000.0,0.0,reclaimed_water_substitution_ratio,0.65,"[None, 0.0]","[[250.0, 1000.0]]",True
754,1.2451086380805165,8.193462951948003,0.000959543541903617,1000.0,0.0,reclaimed_water_substitution_ratio,0.65,"[None, 0.0]","[[250.0, 1000.0]]",True
755,1.3048105372082157,7.396564669805668,0.001584021718111562,1000.0,0.0,reclaimed_water_substitution_ratio,0.65,"[None, 0.0]","[[250.0, 1000.0]]",True
756,1.3576324217125197,3.7384083330593896,0.006187865942140344,750.0,0.0,reclaimed_water_substitution_ratio,0.65,"[None, 0.0]","[[250.0, 750.0]]",True
757,1.201710804539831,4.437059328764833,0.004241520065163581,1000.0,0.0,reclaimed_water_substitution_ratio,0.65,"[None, 0.0]","[[250.0, 1000.0]]",True
758,1.32384843203623,3.408166932135055,0.0025786967450340172,750.0,0.0,reclaimed_water_substitution_ratio,0.65,"[None, 0.0]","[[250.0, 750.0]]",True
759,1.3386795887862226,7.247651002874061,0.007424735834734521,750.0,0.0,reclaimed_water_substitution_ratio,0.65,"[None, 0.0]","[[250.0, 750.0]]",True
760,1.2581350005167136,5.142529425451801,0.0017288202777185708,1000.0,0.0,reclaimed_water_substitution_ratio,0.65,"[None, 0.0]","[[250.0, 1000.0]]",True
761,1.1381374575847387,5.814310456820843,0.0017955827411702025,1000.0,0.0,reclaimed_water_substitution_ratio,0.65,"[None, 0.0]","[[250.0, 1000.0]]",True
762,1.3034725763817558,4.261747448526674,0.0065771695109923655,1000.0,0.0,reclaimed_water_substitution_ratio,0.65,"[None, 0.0]","[[250.0, 1000.0]]",True
763,1.3024187579835858,4.028261923396886,0.006949310310327087,1000.0,0.0,reclaimed_water_substitution_ratio,0.65,"[None, 0.0]","[[250.0, 1000.0]]",True
764,1.1851573731193963,3.5000901818942394,0.006593935428397828,1000.0,0.0,reclaimed_water_substitution_ratio,0.65,"[None, 0.0]","[[250.0, 1000.0]]",True
765,1.2198563578603085,8.694707882783876,0.00647102025192073,1000.0,0.0,reclaimed_water_substitution_ratio,0.65,"[None, 0.0]","[[250.0, 1000.0]]",True
766,1.2802804673312342,7.21572581602971,0.003152024261149598,1000.0,0.0,reclaimed_water_substitution_ratio,0.65,"[None, 0.0]","[[250.0, 1000.0]]",True
767,1.2082071995667876,3.533040082936162,0.0011724167412542324,1000.0,0.0,reclaimed_water_substitution_ratio,0.65,"[None, 0.0]","[[250.0, 1000.0]]",True
768,1.1408917766793174,6.008101069388786,0.0014693286422305515,1000.0,0.0,reclaimed_water_substitution_ratio,0.65,"[None, 0.0]","[[250.0, 1000.0]]",True
769,1.1669301391947575,5.95266465958397,0.0017986648687068885,1000.0,0.0,reclaimed_water_substitution_ratio,0.65,"[None, 0.0]","[[250.0, 1000.0]]",True
770,1.178067393362523,7.592483582502678,0.007522680735597859,1000.0,0.0,reclaimed_water_substitution_ratio,0.65,"[None, 0.0]","[[250.0, 1000.0]]",True
771,1.1690098931815127,8.686425743364074,0.0011242320632662505,1000.0,0.0,reclaimed_water_substitution_ratio,0.65,"[None, 0.0]","[[250.0, 1000.0]]",True
772,1.285276012047575,3.641887415717867,0.007942943616972096,750.0,0.0,reclaimed_water_substitution_ratio,0.65,"[None, 0.0]","[[250.0, 750.0]]",True
773,1.3068853896210462,4.778901801937849,0.004186264500439624,1000.0,0.0,reclaimed_water_substitution_ratio,0.65,"[None, 0.0]","[[250.0, 1000.0]]",True
774,1.267525463651007,3.677766800235689,0.007806796385286557,750.0,0.0,reclaimed_water_substitution_ratio,0.65,"[None, 0.0]","[[250.0, 750.0]]",True
775,1.208728861013328,7.963668474780524,0.007125131128057174,1000.0,0.0,reclaimed_water_substitution_ratio,0.65,"[None, 0.0]","[[250.0, 1000.0]]",True
776,1.305978940396768,6.58122679842226,0.005547696631838251,1000.0,0.0,reclaimed_water_substitution_ratio,0.65,"[None, 0.0]","[[250.0, 1000.0]]",True
777,1.2090357536929375,7.20669530633627,0.003499730957152571,1000.0,0.0,reclaimed_water_substitution_ratio,0.65,"[None, 0.0]","[[250.0, 1000.0]]",True
778,1.1447984454456828,7.958129778246324,0.007686922238118404,1000.0,0.0,reclaimed_water_substitution_ratio,0.65,"[None, 0.0]","[[250.0, 1000.0]]",True
779,1.1416988129902863,4.2480858065022975,0.00238089368118366,1000.0,0.0,reclaimed_water_substitution_ratio,0.65,"[None, 0.0]","[[250.0, 1000.0]]",True
780,1.1273981354256897,4.639961456741068,0.0054581421819845655,1000.0,0.0,reclaimed_water_substitution_ratio,0.65,"[None, 0.0]","[[250.0, 1000.0]]",True
781,1.3281477486528817,7.150266939219984,0.0071590920420932305,1000.0,0.0,reclaimed_water_substitution_ratio,0.65,"[None, 0.0]","[[250.0, 1000.0]]",True
782,1.196512031530925,8.196594068247748,0.0039983374813751,1000.0,0.0,reclaimed_water_substitution_ratio,0.65,"[None, 0.0]","[[250.0, 1000.0]]",True
783,1.2755183101371843,7.373706918672648,0.007067152549505611,1000.0,0.0,reclaimed_water_substitution_ratio,0.65,"[None, 0.0]","[[250.0, 1000.0]]",True
784,1.2838062945924735,5.681634762428375,0.004086306581489918,1000.0,0.0,reclaimed_water_substitution_ratio,0.65,"[None, 0.0]","[[250.0, 1000.0]]",True
785,1.190433349573988,4.7228587846888255,0.005695540507176192,1000.0,0.0,reclaimed_water_substitution_ratio,0.65,"[None, 0.0]","[[250.0, 1000.0]]",True
786,1.1338446440220042,8.025103169729128,0.007154873826427254,1000.0,0.0,reclaimed_water_substitution_ratio,0.65,"[None, 0.0]","[[250.0, 1000.0]]",True
787,1.1905218831492803,3.98955657102749,0.002889513275389237,1000.0,0.0,reclaimed_water_substitution_ratio,0.65,"[None, 0.0]","[[250.0, 1000.0]]",True
788,1.293842918336746,7.369661553821497,0.0020861202993296673,1000.0,0.0,reclaimed_water_substitution_ratio,0.65,"[None, 0.0]","[[250.0, 1000.0]]",True
789,1.1780726972026696,6.452096988105925,0.0036787003215466942,1000.0,0.0,reclaimed_water_substitution_ratio,0.65,"[None, 0.0]","[[250.0, 1000.0]]",True
790,1.2127097379619347,3.3908860466898116,0.004071033717255316,1000.0,0.0,reclaimed_water_substitution_ratio,0.65,"[None, 0.0]","[[250.0, 1000.0]]",True
791,1.2506405130821945,4.909879346648334,0.005211679777940377,1000.0,0.0,reclaimed_water_substitution_ratio,0.65,"[None, 0.0]","[[250.0, 1000.0]]",True
792,1.249815770855427,7.413278975771824,0.0022903995531841134,1000.0,0.0,reclaimed_water_substitution_ratio,0.65,"[None, 0.0]","[[250.0, 1000.0]]",True
793,1.329873090755648,6.344224527202955,0.003336756768087481,1000.0,0.0,reclaimed_water_substitution_ratio,0.65,"[None, 0.0]","[[250.0, 1000.0]]",True
794,1.3523031164041905,7.029617396125791,0.006225935459780372,1000.0,0.0,reclaimed_water_substitution_ratio,0.65,"[None, 0.0]","[[250.0, 1000.0]]",True
795,1.3431686736619606,5.551755051643387,0.0018207522356341863,1000.0,0.0,reclaimed_water_substitution_ratio,0.65,"[None, 0.0]","[[250.0, 1000.0]]",True
796,1.194964005056462,3.2520053569814804,0.0025955525450392578,1000.0,0.0,reclaimed_water_substitution_ratio,0.65,"[None, 0.0]","[[250.0, 1000.0]]",True
797,1.162690285158759,6.018069311526595,0.005126809724147113,1000.0,0.0,reclaimed_water_substitution_ratio,0.65,"[None, 0.0]","[[250.0, 1000.0]]",True
798,1.3088574601950866,8.975291258931861,0.0030310124583484374,1000.0,0.0,reclaimed_water_substitution_ratio,0.65,"[None, 0.0]","[[250.0, 1000.0]]",True
799,1.3330152904759736,7.171236654330792,0.0018716363826444665,1000.0,0.0,reclaimed_water_substitution_ratio,0.65,"[None, 0.0]","[[250.0, 1000.0]]",True
800,1.1473670889344654,5.704149444060499,0.004621680090453252,1000.0,0.0,reclaimed_water_substitution_ratio,0.65,"[None, 0.0]","[[250.0, 1000.0]]",True
801,1.2829598686175667,5.248439221863122,0.003378402088498452,1000.0,0.0,reclaimed_water_substitution_ratio,0.65,"[None, 0.0]","[[250.0, 1000.0]]",True
802,1.1958900786977726,7.291181767519566,0.002107676447681691,1000.0,0.0,reclaimed_water_substitution_ratio,0.65,"[None, 0.0]","[[250.0, 1000.0]]",True
803,1.1545339877041172,3.263512734773757,0.0049142509751815226,1000.0,0.0,reclaimed_water_substitution_ratio,0.65,"[None, 0.0]","[[250.0, 1000.0]]",True
804,1.1566769092884708,3.830627448743501,0.00102956356240095,1000.0,0.0,reclaimed_water_substitution_ratio,0.65,"[None, 0.0]","[[250.0, 1000.0]]",True
805,1.258540293642014,6.760009770591457,0.0020328853386144437,1000.0,0.0,reclaimed_water_substitution_ratio,0.65,"[None, 0.0]","[[250.0, 1000.0]]",True
806,1.2436883112829915,4.51334769234473,0.005037777498453813,1000.0,0.0,reclaimed_water_substitution_ratio,0.65,"[None, 0.0]","[[250.0, 1000.0]]",True
807,1.2027542688856787,7.525589742698743,0.0017864266659116546,1000.0,0.0,reclaimed_water_substitution_ratio,0.65,"[None, 0.0]","[[250.0, 1000.0]]",True
808,1.192132262574028,8.727196543865535,0.00603587337755661,1000.0,0.0,reclaimed_water_substitution_ratio,0.65,"[None, 0.0]","[[250.0, 1000.0]]",True
809,1.2681799862468073,7.577964591381164,0.0075126906201980845,1000.0,0.0,reclaimed_water_substitution_ratio,0.65,"[None, 0.0]","[[250.0, 1000.0]]",True
810,1.2891489083398504,8.98366633740509,0.005007462988899498,1000.0,0.0,reclaimed_water_substitution_ratio,0.65,"[None, 0.0]","[[250.0, 1000.0]]",True
811,1.3174908081720895,5.085691057084878,0.001719518571174004,1000.0,0.0,reclaimed_water_substitution_ratio,0.65,"[None, 0.0]","[[250.0, 1000.0]]",True
812,1.123483865781141,7.314306871383303,0.002781517850291705,1000.0,0.0,reclaimed_water_substitution_ratio,0.65,"[None, 0.0]","[[250.0, 1000.0]]",True
813,1.1827447895428362,7.7769892542159,0.0035194459060370296,1000.0,0.0,reclaimed_water_substitution_ratio,0.65,"[None, 0.0]","[[250.0, 1000.0]]",True
814,1.3555859767041958,5.1073714345911,0.005764123322018188,1000.0,0.0,reclaimed_water_substitution_ratio,0.65,"[None, 0.0]","[[250.0, 1000.0]]",True
815,1.1332720200812563,3.198172055031682,0.0012609196959469772,1000.0,0.0,reclaimed_water_substitution_ratio,0.65,"[None, 0.0]","[[250.0, 1000.0]]",True
816,1.341258940256999,6.481099271053406,0.004988777247382217,1000.0,0.0,reclaimed_water_substitution_ratio,0.65,"[None, 0.0]","[[250.0, 1000.0]]",True
817,1.2852367945224656,6.363476865457691,0.006096618536218797,1000.0,0.0,reclaimed_water_substitution_ratio,0.65,"[None, 0.0]","[[250.0, 1000.0]]",True
818,1.3578586505069579,8.807312971854518,0.0036093889233572017,1000.0,0.0,reclaimed_water_substitution_ratio,0.65,"[None, 0.0]","[[250.0, 1000.0]]",True
819,1.1646891087345168,3.2157617536916865,0.006395826724587552,1000.0,0.0,reclaimed_water_substitution_ratio,0.65,"[None, 0.0]","[[250.0, 1000.0]]",True
820,1.1525157471445056,3.1717148209057067,0.0026088168811610533,1000.0,0.0,reclaimed_water_substitution_ratio,0.65,"[None, 0.0]","[[250.0, 1000.0]]",True
821,1.286034240161765,3.7041863233352137,0.0016729641993287697,1000.0,0.0,reclaimed_water_substitution_ratio,0.65,"[None, 0.0]","[[250.0, 1000.0]]",True
822,1.1840621572183905,3.541172292108369,0.006998356178718855,1000.0,0.0,reclaimed_water_substitution_ratio,0.65,"[None, 0.0]","[[250.0, 1000.0]]",True
823,1.279130183710058,6.950358714841183,0.007749540834139774,1000.0,0.0,reclaimed_water_substitution_ratio,0.65,"[None, 0.0]","[[250.0, 1000.0]]",True
824,1.2310505414828246,8.095307622587592,0.005988653173207124,1000.0,0.0,reclaimed_water_substitution_ratio,0.65,"[None, 0.0]","[[250.0, 1000.0]]",True
825,1.163614504378313,5.566508577431483,0.006569388178567911,1000.0,0.0,reclaimed_water_substitution_ratio,0.65,"[None, 0.0]","[[250.0, 1000.0]]",True
826,1.155459115471986,7.860566457429026,0.0007849318159849988,1000.0,0.0,reclaimed_water_substitution_ratio,0.65,"[None, 0.0]","[[250.0, 1000.0]]",True
827,1.3155890852620504,5.76028748579065,0.0017818680031922922,1000.0,0.0,reclaimed_water_substitution_ratio,0.65,"[None, 0.0]","[[250.0, 1000.0]]",True
828,1.2076330380703855,4.7374805068142525,0.004204260062519704,1000.0,0.0,reclaimed_water_substitution_ratio,0.65,"[None, 0.0]","[[250.0, 1000.0]]",True
829,1.260707626069616,8.231250866670262,0.004769443103369119,1000.0,0.0,reclaimed_water_substitution_ratio,0.65,"[None, 0.0]","[[250.0, 1000.0]]",True
830,1.20971271454184,4.675265502011289,0.004014193461678495,1000.0,0.0,reclaimed_water_substitution_ratio,0.65,"[None, 0.0]","[[250.0, 1000.0]]",True
831,1.2280180403921683,4.263755401782801,0.0009472595816257452,1000.0,0.0,reclaimed_water_substitution_ratio,0.65,"[None, 0.0]","[[250.0, 1000.0]]",True
832,1.3445163057279084,8.576692069944967,0.004465664484890507,1000.0,0.0,reclaimed_water_substitution_ratio,0.65,"[None, 0.0]","[[250.0, 1000.0]]",True
833,1.256251066844374,6.527879918201434,0.004837024246373771,1000.0,0.0,reclaimed_water_substitution_ratio,0.65,"[None, 0.0]","[[250.0, 1000.0]]",True
834,1.3414916772438938,7.811086777643365,0.005530976782741823,1000.0,0.0,reclaimed_water_substitution_ratio,0.65,"[None, 0.0]","[[250.0, 1000.0]]",True
835,1.2125481617359786,3.0536320339644254,0.007956617610302264,750.0,0.0,reclaimed_water_substitution_ratio,0.65,"[None, 0.0]","[[250.0, 750.0]]",True
836,1.2300536877578068,4.087212697518108,0.0041133073769494015,1000.0,0.0,reclaimed_water_substitution_ratio,0.65,"[None, 0.0]","[[250.0, 1000.0]]",True
837,1.3360444822700783,8.791860247922708,0.005089739488127075,1000.0,0.0,reclaimed_water_substitution_ratio,0.65,"[None, 0.0]","[[250.0, 1000.0]]",True
838,1.2194122155914697,8.75990444442237,0.0005209642420088938,1000.0,0.0,reclaimed_water_substitution_ratio,0.65,"[None, 0.0]","[[250.0, 1000.0]]",True
839,1.1477572763484516,3.997421466391192,0.0026393884993843745,1000.0,0.0,reclaimed_water_substitution_ratio,0.65,"[None, 0.0]","[[250.0, 1000.0]]",True
840,1.3554224180506202,4.949036430067025,0.002918014437423531,1000.0,0.0,reclaimed_water_substitution_ratio,0.65,"[None, 0.0]","[[250.0, 1000.0]]",True
841,1.344223767532558,6.764324533779401,0.003806498611399696,1000.0,0.0,reclaimed_water_substitution_ratio,0.65,"[None, 0.0]","[[250.0, 1000.0]]",True
842,1.3182419677091515,3.733326427346888,0.0025502606711940057,1000.0,0.0,reclaimed_water_substitution_ratio,0.65,"[None, 0.0]","[[250.0, 1000.0]]",True
843,1.219764847979751,6.38244783226778,0.00422926776426181,1000.0,0.0,reclaimed_water_substitution_ratio,0.65,"[None, 0.0]","[[250.0, 1000.0]]",True
844,1.3081234688370291,8.965748072003358,0.006895748463922085,1000.0,0.0,reclaimed_water_substitution_ratio,0.65,"[None, 0.0]","[[250.0, 1000.0]]",True
845,1.2996358178763985,7.938761040070135,0.003142318186031229,1000.0,0.0,reclaimed_water_substitution_ratio,0.65,"[None, 0.0]","[[250.0, 1000.0]]",True
846,1.3429345089567097,5.232517296283632,0.0019557169895114412,1000.0,0.0,reclaimed_water_substitution_ratio,0.65,"[None, 0.0]","[[250.0, 1000.0]]",True
847,1.3434551735570657,7.985871988750176,0.00229936110992264,1000.0,0.0,reclaimed_water_substitution_ratio,0.65,"[None, 0.0]","[[250.0, 1000.0]]",True
848,1.2300047308374475,5.766690390563358,0.004102625595420648,1000.0,0.0,reclaimed_water_substitution_ratio,0.65,"[None, 0.0]","[[250.0, 1000.0]]",True
849,1.2103644949207237,3.2752498126570124,0.00473982429942001,1000.0,0.0,reclaimed_water_substitution_ratio,0.65,"[None, 0.0]","[[250.0, 1000.0]]",True
850,1.1373330300421791,5.250015575216883,0.0047837566728359485,1000.0,0.0,reclaimed_water_substitution_ratio,0.65,"[None, 0.0]","[[250.0, 1000.0]]",True
851,1.3180661640447395,8.309379027935233,0.003240167139470838,1000.0,0.0,reclaimed_water_substitution_ratio,0.65,"[None, 0.0]","[[250.0, 1000.0]]",True
852,1.2787644529185553,8.501690835202677,0.007198677960754001,1000.0,0.0,reclaimed_water_substitution_ratio,0.65,"[None, 0.0]","[[250.0, 1000.0]]",True
853,1.3277421261469406,5.10060796361132,0.0024660314831561818,1000.0,0.0,reclaimed_water_substitution_ratio,0.65,"[None, 0.0]","[[250.0, 1000.0]]",True
854,1.15773676196831,3.9644550225386603,0.0016580342179464444,1000.0,0.0,reclaimed_water_substitution_ratio,0.65,"[None, 0.0]","[[250.0, 1000.0]]",True
855,1.2027782905997308,3.410026994997924,0.0016980919562323059,1000.0,0.0,reclaimed_water_substitution_ratio,0.65,"[None, 0.0]","[[250.0, 1000.0]]",True
856,1.3266259342805182,4.918811952802185,0.005683204429418453,1000.0,0.0,reclaimed_water_substitution_ratio,0.65,"[None, 0.0]","[[250.0, 1000.0]]",True
857,1.2237103607358097,4.719905305011332,0.00345022911519614,1000.0,0.0,reclaimed_water_substitution_ratio,0.65,"[None, 0.0]","[[250.0, 1000.0]]",True
858,1.3283403404286986,5.056181071697722,0.007465571670465299,1000.0,0.0,reclaimed_water_substitution_ratio,0.65,"[None, 0.0]","[[250.0, 1000.0]]",True
859,1.1740423491611338,7.071677677419007,0.005198711383443647,1000.0,0.0,reclaimed_water_substitution_ratio,0.65,"[None, 0.0]","[[250.0, 1000.0]]",True
860,1.2033822969646613,8.13682495037034,0.006323207757863684,1000.0,0.0,reclaimed_water_substitution_ratio,0.65,"[None, 0.0]","[[250.0, 1000.0]]",True
861,1.3081659860453385,6.018851372719692,0.0007196970654585156,1000.0,0.0,reclaimed_water_substitution_ratio,0.65,"[None, 0.0]","[[250.0, 1000.0]]",True
862,1.2240184881955611,8.170054765314056,0.004490032405966923,1000.0,0.0,reclaimed_water_substitution_ratio,0.65,"[None, 0.0]","[[250.0, 1000.0]]",True
863,1.1628128287449835,3.953839386507817,0.0027018124480522334,1000.0,0.0,reclaimed_water_substitution_ratio,0.65,"[None, 0.0]","[[250.0, 1000.0]]",True
864,1.3119556300076887,4.751978381851194,0.00514473386420076,1000.0,0.0,reclaimed_water_substitution_ratio,0.65,"[None, 0.0]","[[250.0, 1000.0]]",True
865,1.222763498566251,8.174947808407442,0.007928614753165171,1000.0,0.0,reclaimed_water_substitution_ratio,0.65,"[None, 0.0]","[[250.0, 1000.0]]",True
866,1.3394100887685099,5.416176605318168,0.0067733760051178,1000.0,0.0,reclaimed_water_substitution_ratio,0.65,"[None, 0.0]","[[250.0, 1000.0]]",True
867,1.1698061591040598,8.958885116521206,0.003147898824219545,1000.0,0.0,reclaimed_water_substitution_ratio,0.65,"[None, 0.0]","[[250.0, 1000.0]]",True
868,1.1448059673433535,8.123525512873972,0.002524543269301767,1000.0,0.0,reclaimed_water_substitution_ratio,0.65,"[None, 0.0]","[[250.0, 1000.0]]",True
869,1.199422076182125,4.290338612664204,0.0021210480242042054,1000.0,0.0,reclaimed_water_substitution_ratio,0.65,"[None, 0.0]","[[250.0, 1000.0]]",True
870,1.1256254994923456,8.825484730603208,0.005026677480322603,1000.0,0.0,reclaimed_water_substitution_ratio,0.65,"[None, 0.0]","[[250.0, 1000.0]]",True
871,1.2754759722064835,3.687446974039308,0.0021585795569459883,1000.0,0.0,reclaimed_water_substitution_ratio,0.65,"[None, 0.0]","[[250.0, 1000.0]]",True
872,1.1300608156728316,3.362851799170131,0.005650705061559324,1000.0,0.0,reclaimed_water_substitution_ratio,0.65,"[None, 0.0]","[[250.0, 1000.0]]",True
873,1.3210253019134472,3.6337864256108485,0.0016854200612163243,1000.0,0.0,reclaimed_water_substitution_ratio,0.65,"[None, 0.0]","[[250.0, 1000.0]]",True
874,1.2917133484638497,7.797681473813697,0.006418875905083997,1000.0,0.0,reclaimed_water_substitution_ratio,0.65,"[None, 0.0]","[[250.0, 1000.0]]",True
875,1.2183290159835611,5.5703820799389065,0.007149889355008843,1000.0,0.0,reclaimed_water_substitution_ratio,0.65,"[None, 0.0]","[[250.0, 1000.0]]",True
876,1.2424174057472746,7.416016106294304,0.0015610754124586366,1000.0,0.0,reclaimed_water_substitution_ratio,0.65,"[None, 0.0]","[[250.0, 1000.0]]",True
877,1.1937725060504805,8.662683646429501,0.0023308541581093614,1000.0,0.0,reclaimed_water_substitution_ratio,0.65,"[None, 0.0]","[[250.0, 1000.0]]",True
878,1.1290407310741633,3.8786122175391764,0.007439580371898864,1000.0,0.0,reclaimed_water_substitution_ratio,0.65,"[None, 0.0]","[[250.0, 1000.0]]",True
879,1.3220002973673024,7.990752242224826,0.00680899755954791,1000.0,0.0,reclaimed_water_substitution_ratio,0.65,"[None, 0.0]","[[250.0, 1000.0]]",True
880,1.2069907357044096,3.4759831439011117,0.0023680996181253554,1000.0,0.0,reclaimed_water_substitution_ratio,0.65,"[None, 0.0]","[[250.0, 1000.0]]",True
881,1.1621649881254659,6.828530574305236,0.007505563482600317,1000.0,0.0,reclaimed_water_substitution_ratio,0.65,"[None, 0.0]","[[250.0, 1000.0]]",True
882,1.3145973009180913,7.482643234158033,0.004663719484241364,1000.0,0.0,reclaimed_water_substitution_ratio,0.65,"[None, 0.0]","[[250.0, 1000.0]]",True
883,1.2309598298832305,7.354700849525889,0.004581022196990983,1000.0,0.0,reclaimed_water_substitution_ratio,0.65,"[None, 0.0]","[[250.0, 1000.0]]",True
884,1.2827429749781418,6.012241086865402,0.0005449819704740687,1000.0,0.0,reclaimed_water_substitution_ratio,0.65,"[None, 0.0]","[[250.0, 1000.0]]",True
885,1.3356239071607408,3.058726659675016,0.0020819987294070255,750.0,0.0,reclaimed_water_substitution_ratio,0.65,"[None, 0.0]","[[250.0, 750.0]]",True
886,1.1860960927436912,8.839110510417747,0.0019734172612387293,1000.0,0.0,reclaimed_water_substitution_ratio,0.65,"[None, 0.0]","[[250.0, 1000.0]]",True
887,1.1528936274059773,5.86100129492361,0.007597755143512306,1000.0,0.0,reclaimed_water_substitution_ratio,0.65,"[None, 0.0]","[[250.0, 1000.0]]",True
888,1.162714975795481,3.5077301358394735,0.0022927323343743832,1000.0,0.0,reclaimed_water_substitution_ratio,0.65,"[None, 0.0]","[[250.0, 1000.0]]",True
889,1.35679892060055,5.4199272480528675,0.0005455860722747808,1000.0,0.0,reclaimed_water_substitution_ratio,0.65,"[None, 0.0]","[[250.0, 1000.0]]",True
890,1.2098006562102188,7.265616039469467,0.001995825528670791,1000.0,0.0,reclaimed_water_substitution_ratio,0.65,"[None, 0.0]","[[250.0, 1000.0]]",True
891,1.1618232357583693,7.613251968568904,0.007842795042672943,1000.0,0.0,reclaimed_water_substitution_ratio,0.65,"[None, 0.0]","[[250.0, 1000.0]]",True
892,1.2490193555426852,6.935908943158713,0.004570875364832187,1000.0,0.0,reclaimed_water_substitution_ratio,0.65,"[None, 0.0]","[[250.0, 1000.0]]",True
893,1.1648184957191112,5.785164356004825,0.005552663292967136,1000.0,0.0,reclaimed_water_substitution_ratio,0.65,"[None, 0.0]","[[250.0, 1000.0]]",True
894,1.188829806825111,8.074100179454547,0.0028530201300418956,1000.0,0.0,reclaimed_water_substitution_ratio,0.65,"[None, 0.0]","[[250.0, 1000.0]]",True
895,1.260510176593919,5.753993757162741,0.004868946147793754,1000.0,0.0,reclaimed_water_substitution_ratio,0.65,"[None, 0.0]","[[250.0, 1000.0]]",True
896,1.2693619732225394,8.377135311622459,0.007751719113856215,1000.0,0.0,reclaimed_water_substitution_ratio,0.65,"[None, 0.0]","[[250.0, 1000.0]]",True
897,1.2726272333447373,7.149676620351006,0.0012791113227402784,1000.0,0.0,reclaimed_water_substitution_ratio,0.65,"[None, 0.0]","[[250.0, 1000.0]]",True
898,1.2743820707494342,4.722950844496399,0.006860367394701004,1000.0,0.0,reclaimed_water_substitution_ratio,0.65,"[None, 0.0]","[[250.0, 1000.0]]",True
899,1.3140049187390672,7.578448095975993,0.0008084102359476315,1000.0,0.0,reclaimed_water_substitution_ratio,0.65,"[None, 0.0]","[[250.0, 1000.0]]",True
900,1.2761416835479014,3.485364188332057,0.007918971471311305,750.0,0.0,reclaimed_water_substitution_ratio,0.65,"[None, 0.0]","[[250.0, 750.0]]",True
901,1.232417425910001,8.436048400438239,0.0016848901468701884,1000.0,0.0,reclaimed_water_substitution_ratio,0.65,"[None, 0.0]","[[250.0, 1000.0]]",True
902,1.3542146264482329,6.370405859069754,0.003294164749281941,1000.0,0.0,reclaimed_water_substitution_ratio,0.65,"[None, 0.0]","[[250.0, 1000.0]]",True
903,1.2465981589937658,4.05158155298835,0.005391472771179915,1000.0,0.0,reclaimed_water_substitution_ratio,0.65,"[None, 0.0]","[[250.0, 1000.0]]",True
904,1.2541904420010161,4.669645929680994,0.0043216955874285316,1000.0,0.0,reclaimed_water_substitution_ratio,0.65,"[None, 0.0]","[[250.0, 1000.0]]",True
905,1.3356432982362163,6.00445493104258,0.0028639885051977725,1000.0,0.0,reclaimed_water_substitution_ratio,0.65,"[None, 0.0]","[[250.0, 1000.0]]",True
906,1.1774208040247776,7.953513400467438,0.006111202076585269,1000.0,0.0,reclaimed_water_substitution_ratio,0.65,"[None, 0.0]","[[250.0, 1000.0]]",True
907,1.1948264849899317,8.131422909843582,0.0015830819128678526,1000.0,0.0,reclaimed_water_substitution_ratio,0.65,"[None, 0.0]","[[250.0, 1000.0]]",True
908,1.157110590809891,8.305299252141726,0.007321161041807852,1000.0,0.0,reclaimed_water_substitution_ratio,0.65,"[None, 0.0]","[[250.0, 1000.0]]",True
909,1.1993365889015637,5.486408905510974,0.002510179473857415,1000.0,0.0,reclaimed_water_substitution_ratio,0.65,"[None, 0.0]","[[250.0, 1000.0]]",True
910,1.1224028070825283,6.606656158305399,0.0009745255689623709,1250.0,0.0,reclaimed_water_substitution_ratio,0.65,"[None, 0.0]","[[250.0, 1250.0]]",True
911,1.3031716980493593,5.814971205621144,0.004606459499307748,1000.0,0.0,reclaimed_water_substitution_ratio,0.65,"[None, 0.0]","[[250.0, 1000.0]]",True
912,1.2686230439645998,8.134338591592885,0.007653345836394312,1000.0,0.0,reclaimed_water_substitution_ratio,0.65,"[None, 0.0]","[[250.0, 1000.0]]",True
913,1.3593105511479882,3.2498462604311595,0.0009996640207816283,750.0,0.0,reclaimed_water_substitution_ratio,0.65,"[None, 0.0]","[[250.0, 750.0]]",True
914,1.2019535990055445,6.470093545702139,0.001100445101630113,1000.0,0.0,reclaimed_water_substitution_ratio,0.65,"[None, 0.0]","[[250.0, 1000.0]]",True
915,1.202339965423202,7.863906920721403,0.004931218447101145,1000.0,0.0,reclaimed_water_substitution_ratio,0.65,"[None, 0.0]","[[250.0, 1000.0]]",True
916,1.2113909394987687,3.8728503739846967,0.0036792800193355675,1000.0,0.0,reclaimed_water_substitution_ratio,0.65,"[None, 0.0]","[[250.0, 1000.0]]",True
917,1.2427054946733747,4.06738319646161,0.00260898771300911,1000.0,0.0,reclaimed_water_substitution_ratio,0.65,"[None, 0.0]","[[250.0, 1000.0]]",True
918,1.1230476089522266,7.331370733209472,0.0013855504555834244,1250.0,0.0,reclaimed_water_substitution_ratio,0.65,"[None, 0.0]","[[250.0, 1250.0]]",True
919,1.343181958771013,8.761685898194706,0.0021565265026160328,1000.0,0.0,reclaimed_water_substitution_ratio,0.65,"[None, 0.0]","[[250.0, 1000.0]]",True
920,1.274879462247752,5.708569755591928,0.001774370229177569,1000.0,0.0,reclaimed_water_substitution_ratio,0.65,"[None, 0.0]","[[250.0, 1000.0]]",True
921,1.1232909327516238,3.489422659286296,0.0016611404775287299,1000.0,0.0,reclaimed_water_substitution_ratio,0.65,"[None, 0.0]","[[250.0, 1000.0]]",True
922,1.2640293029282328,8.69700712190464,0.005309433017295301,1000.0,0.0,reclaimed_water_substitution_ratio,0.65,"[None, 0.0]","[[250.0, 1000.0]]",True
923,1.3501287876990138,8.113905103424042,0.001809586138558336,1000.0,0.0,reclaimed_water_substitution_ratio,0.65,"[None, 0.0]","[[250.0, 1000.0]]",True
924,1.2150053858952214,7.718481255048905,0.006274619491096346,1000.0,0.0,reclaimed_water_substitution_ratio,0.65,"[None, 0.0]","[[250.0, 1000.0]]",True
925,1.1547962573644848,4.399101858055964,0.0020643818249582693,1000.0,0.0,reclaimed_water_substitution_ratio,0.65,"[None, 0.0]","[[250.0, 1000.0]]",True
926,1.3036422451409901,4.1726251254190885,0.0058134383130075545,1000.0,0.0,reclaimed_water_substitution_ratio,0.65,"[None, 0.0]","[[250.0, 1000.0]]",True
927,1.3053579927465753,5.3398932001020265,0.003920882901542312,1000.0,0.0,reclaimed_water_substitution_ratio,0.65,"[None, 0.0]","[[250.0, 1000.0]]",True
928,1.2298963318657432,8.036963052853759,0.006538266071797383,1000.0,0.0,reclaimed_water_substitution_ratio,0.65,"[None, 0.0]","[[250.0, 1000.0]]",True
929,1.3388763495025964,5.4427811019191195,0.003349002776163634,1000.0,0.0,reclaimed_water_substitution_ratio,0.65,"[None, 0.0]","[[250.0, 1000.0]]",True
930,1.2372220507947498,8.893325149499011,0.006300575241458753,1000.0,0.0,reclaimed_water_substitution_ratio,0.65,"[None, 0.0]","[[250.0, 1000.0]]",True
931,1.208017397392041,8.533626341306373,0.007950503608689175,1000.0,0.0,reclaimed_water_substitution_ratio,0.65,"[None, 0.0]","[[250.0, 1000.0]]",True
932,1.334217289049323,5.533895751512159,0.0007052473771482024,1000.0,0.0,reclaimed_water_substitution_ratio,0.65,"[None, 0.0]","[[250.0, 1000.0]]",True
933,1.3084962215224925,6.942581323523199,0.005291619499710947,1000.0,0.0,reclaimed_water_substitution_ratio,0.65,"[None, 0.0]","[[250.0, 1000.0]]",True
934,1.2134150427016621,8.373179584180518,0.002530563673608651,1000.0,0.0,reclaimed_water_substitution_ratio,0.65,"[None, 0.0]","[[250.0, 1000.0]]",True
935,1.1849113910287152,6.066591678698339,0.006065090150856243,1000.0,0.0,reclaimed_water_substitution_ratio,0.65,"[None, 0.0]","[[250.0, 1000.0]]",True
936,1.2375242913128919,7.232303602652346,0.006364008002367702,1000.0,0.0,reclaimed_water_substitution_ratio,0.65,"[None, 0.0]","[[250.0, 1000.0]]",True
937,1.2948570336194158,4.073216504012286,0.007530754045103305,1000.0,0.0,reclaimed_water_substitution_ratio,0.65,"[None, 0.0]","[[250.0, 1000.0]]",True
938,1.2283373491961378,4.126199768479853,0.0013692116125070698,1000.0,0.0,reclaimed_water_substitution_ratio,0.65,"[None, 0.0]","[[250.0, 1000.0]]",True
939,1.1773545124959335,7.387607740212948,0.006790745998611637,1000.0,0.0,reclaimed_water_substitution_ratio,0.65,"[None, 0.0]","[[250.0, 1000.0]]",True
940,1.337932069422393,4.898629933925971,0.0005066720356150255,1000.0,0.0,reclaimed_water_substitution_ratio,0.65,"[None, 0.0]","[[250.0, 1000.0]]",True
941,1.152458493454646,7.300824981833188,0.007001978384379539,1000.0,0.0,reclaimed_water_substitution_ratio,0.65,"[None, 0.0]","[[250.0, 1000.0]]",True
942,1.296633949021512,8.955270566517434,0.001552920359565227,1000.0,0.0,reclaimed_water_substitution_ratio,0.65,"[None, 0.0]","[[250.0, 1000.0]]",True
943,1.3131963071439334,5.69142415944701,0.0011144290840762738,1000.0,0.0,reclaimed_water_substitution_ratio,0.65,"[None, 0.0]","[[250.0, 1000.0]]",True
944,1.330528122745321,7.806245577190181,0.0037974052212366503,1000.0,0.0,reclaimed_water_substitution_ratio,0.65,"[None, 0.0]","[[250.0, 1000.0]]",True
945,1.1368776311919033,3.7984236318059743,0.0032643114814154147,1000.0,0.0,reclaimed_water_substitution_ratio,0.65,"[None, 0.0]","[[250.0, 1000.0]]",True
946,1.2113958438474264,3.052931891997857,0.0014216613193851128,1000.0,0.0,reclaimed_water_substitution_ratio,0.65,"[None, 0.0]","[[250.0, 1000.0]]",True
947,1.2907354031315883,4.937740026955833,0.005696099690908408,1000.0,0.0,reclaimed_water_substitution_ratio,0.65,"[None, 0.0]","[[250.0, 1000.0]]",True
948,1.1446749187664063,8.499778533440647,0.00508926822643045,1000.0,0.0,reclaimed_water_substitution_ratio,0.65,"[None, 0.0]","[[250.0, 1000.0]]",True
949,1.213511877260651,5.349401521555873,0.004146734029601146,1000.0,0.0,reclaimed_water_substitution_ratio,0.65,"[None, 0.0]","[[250.0, 1000.0]]",True
950,1.333789625675338,4.5787059891077,0.004221662763944512,1000.0,0.0,reclaimed_water_substitution_ratio,0.65,"[None, 0.0]","[[250.0, 1000.0]]",True
951,1.2590133736031381,3.322197014707184,0.007746374302603394,750.0,0.0,reclaimed_water_substitution_ratio,0.65,"[None, 0.0]","[[250.0, 750.0]]",True
952,1.2355232519527206,7.20009048580439,0.007318063217268323,1000.0,0.0,reclaimed_water_substitution_ratio,0.65,"[None, 0.0]","[[250.0, 1000.0]]",True
953,1.3222235613554545,7.057961114073125,0.006651698472305231,1000.0,0.0,reclaimed_water_substitution_ratio,0.65,"[None, 0.0]","[[250.0, 1000.0]]",True
954,1.3538168824627181,4.0798441473954234,0.007776629492559696,750.0,0.0,reclaimed_water_substitution_ratio,0.65,"[None, 0.0]","[[250.0, 750.0]]",True
955,1.2360745018593193,6.86226494778341,0.003634934405584163,1000.0,0.0,reclaimed_water_substitution_ratio,0.65,"[None, 0.0]","[[250.0, 1000.0]]",True
956,1.342066356765962,7.304775390684674,0.007185972888293887,750.0,0.0,reclaimed_water_substitution_ratio,0.65,"[None, 0.0]","[[250.0, 750.0]]",True
957,1.1918531284047091,8.036151848691997,0.0014862744477532348,1000.0,0.0,reclaimed_water_substitution_ratio,0.65,"[None, 0.0]","[[250.0, 1000.0]]",True
958,1.2058808607662987,7.123569986220543,0.0014361338609708515,1000.0,0.0,reclaimed_water_substitution_ratio,0.65,"[None, 0.0]","[[250.0, 1000.0]]",True
959,1.3105979204482745,6.667120222105102,0.0052780745992170985,1000.0,0.0,reclaimed_water_substitution_ratio,0.65,"[None, 0.0]","[[250.0, 1000.0]]",True
960,1.3380078516743261,3.932086241534801,0.0018604036976714242,1000.0,0.0,reclaimed_water_substitution_ratio,0.65,"[None, 0.0]","[[250.0, 1000.0]]",True
961,1.1597917312719441,4.211643462659362,0.0005155040502060888,1000.0,0.0,reclaimed_water_substitution_ratio,0.65,"[None, 0.0]","[[250.0, 1000.0]]",True
962,1.254056243518376,7.5659243882053095,0.007639814023309419,1000.0,0.0,reclaimed_water_substitution_ratio,0.65,"[None, 0.0]","[[250.0, 1000.0]]",True
963,1.20051340286427,7.621644658841213,0.005600493090016739,1000.0,0.0,reclaimed_water_substitution_ratio,0.65,"[None, 0.0]","[[250.0, 1000.0]]",True
964,1.2077929683822313,3.2645144010133276,0.0046079743791862405,1000.0,0.0,reclaimed_water_substitution_ratio,0.65,"[None, 0.0]","[[250.0, 1000.0]]",True
965,1.132717414429961,3.8134186127076486,0.0009653388794507604,1000.0,0.0,reclaimed_water_substitution_ratio,0.65,"[None, 0.0]","[[250.0, 1000.0]]",True
966,1.1884793663790028,7.440586192634417,0.0019763084748258353,1000.0,0.0,reclaimed_water_substitution_ratio,0.65,"[None, 0.0]","[[250.0, 1000.0]]",True
967,1.3053518045397163,3.78032097469983,0.005020916886618473,1000.0,0.0,reclaimed_water_substitution_ratio,0.65,"[None, 0.0]","[[250.0, 1000.0]]",True
968,1.1293927247045472,7.5850723504461275,0.006039168671170929,1000.0,0.0,reclaimed_water_substitution_ratio,0.65,"[None, 0.0]","[[250.0, 1000.0]]",True
969,1.221168995060193,8.850997622645544,0.002921800457698829,1000.0,0.0,reclaimed_water_substitution_ratio,0.65,"[None, 0.0]","[[250.0, 1000.0]]",True
970,1.1605984369024775,3.9159262412333744,0.007343499415814442,1000.0,0.0,reclaimed_water_substitution_ratio,0.65,"[None, 0.0]","[[250.0, 1000.0]]",True
971,1.1838725218747048,8.332052116581286,0.0028288244956297367,1000.0,0.0,reclaimed_water_substitution_ratio,0.65,"[None, 0.0]","[[250.0, 1000.0]]",True
972,1.201919788404939,6.710721954267926,0.0027786007680689544,1000.0,0.0,reclaimed_water_substitution_ratio,0.65,"[None, 0.0]","[[250.0, 1000.0]]",True
973,1.26787161223297,8.230720271986508,0.0071721488079483,1000.0,0.0,reclaimed_water_substitution_ratio,0.65,"[None, 0.0]","[[250.0, 1000.0]]",True
974,1.2961408845379494,3.5342264042103144,0.006277766466840593,750.0,0.0,reclaimed_water_substitution_ratio,0.65,"[None, 0.0]","[[250.0, 750.0]]",True
975,1.266401479242433,8.792941138759426,0.00534500546705792,1000.0,0.0,reclaimed_water_substitution_ratio,0.65,"[None, 0.0]","[[250.0, 1000.0]]",True
976,1.1285578624585797,8.636556587087043,0.007358493354122409,1000.0,0.0,reclaimed_water_substitution_ratio,0.65,"[None, 0.0]","[[250.0, 1000.0]]",True
977,1.2153671084272852,5.813060397639836,0.0014449203187662497,1000.0,0.0,reclaimed_water_substitution_ratio,0.65,"[None, 0.0]","[[250.0, 1000.0]]",True
978,1.3177350350327846,6.554589665191809,0.005347047190058435,1000.0,0.0,reclaimed_water_substitution_ratio,0.65,"[None, 0.0]","[[250.0, 1000.0]]",True
979,1.315673595548814,5.725162519525137,0.0013464453759957917,1000.0,0.0,reclaimed_water_substitution_ratio,0.65,"[None, 0.0]","[[250.0, 1000.0]]",True
980,1.2946383024868646,4.974779779993089,0.0030462230887804823,1000.0,0.0,reclaimed_water_substitution_ratio,0.65,"[None, 0.0]","[[250.0, 1000.0]]",True
981,1.3491868107958842,6.752952407602141,0.0008040832538328067,1000.0,0.0,reclaimed_water_substitution_ratio,0.65,"[None, 0.0]","[[250.0, 1000.0]]",True
982,1.286298707540929,6.309783920561442,0.006393117085467666,1000.0,0.0,reclaimed_water_substitution_ratio,0.65,"[None, 0.0]","[[250.0, 1000.0]]",True
983,1.3225471746365185,4.474233858543671,0.00337051987342705,1000.0,0.0,reclaimed_water_substitution_ratio,0.65,"[None, 0.0]","[[250.0, 1000.0]]",True
984,1.2776558247459218,3.196474257565785,0.0032267939204386185,750.0,0.0,reclaimed_water_substitution_ratio,0.65,"[None, 0.0]","[[250.0, 750.0]]",True
985,1.3591602818667858,5.008586028071521,0.005833000644256833,1000.0,0.0,reclaimed_water_substitution_ratio,0.65,"[None, 0.0]","[[250.0, 1000.0]]",True
986,1.304055198535294,6.356895388310711,0.002336625557796315,1000.0,0.0,reclaimed_water_substitution_ratio,0.65,"[None, 0.0]","[[250.0, 1000.0]]",True
987,1.3438137984103313,6.014651929534696,0.003402397430831838,1000.0,0.0,reclaimed_water_substitution_ratio,0.65,"[None, 0.0]","[[250.0, 1000.0]]",True
988,1.209506363783145,7.659680621578955,0.0057383269359659195,1000.0,0.0,reclaimed_water_substitution_ratio,0.65,"[None, 0.0]","[[250.0, 1000.0]]",True
989,1.120814441961256,3.0222065755774814,0.007686194941886281,1000.0,0.0,reclaimed_water_substitution_ratio,0.65,"[None, 0.0]","[[250.0, 1000.0]]",True
990,1.2982339832148773,4.668006728751746,0.0010008186037863257,1000.0,0.0,reclaimed_water_substitution_ratio,0.65,"[None, 0.0]","[[250.0, 1000.0]]",True
991,1.2661207087426993,4.047825408519517,0.004726951023711732,1000.0,0.0,reclaimed_water_substitution_ratio,0.65,"[None, 0.0]","[[250.0, 1000.0]]",True
992,1.1426677715933498,4.336018688470267,0.0007885210756404561,1250.0,0.0,reclaimed_water_substitution_ratio,0.65,"[None, 0.0]","[[250.0, 1250.0]]",True
993,1.1921487722022446,3.36877698039505,0.004829212163226683,1000.0,0.0,reclaimed_water_substitution_ratio,0.65,"[None, 0.0]","[[250.0, 1000.0]]",True
994,1.3541419931966314,3.106383416148792,0.005138679118122946,750.0,0.0,reclaimed_water_substitution_ratio,0.65,"[None, 0.0]","[[250.0, 750.0]]",True
995,1.2076465020306661,5.43985182779427,0.0052904654183924624,1000.0,0.0,reclaimed_water_substitution_ratio,0.65,"[None, 0.0]","[[250.0, 1000.0]]",True
996,1.2651403990890548,6.421928535158157,0.006981098422715579,1000.0,0.0,reclaimed_water_substitution_ratio,0.65,"[None, 0.0]","[[250.0, 1000.0]]",True
997,1.1929578088134574,3.790969493551991,0.004248270571615689,1000.0,0.0,reclaimed_water_substitution_ratio,0.65,"[None, 0.0]","[[250.0, 1000.0]]",True
998,1.3061906894790845,5.928979794765435,0.006210104013849922,1000.0,0.0,reclaimed_water_substitution_ratio,0.65,"[None, 0.0]","[[250.0, 1000.0]]",True
999,1.3077176675899673,3.428750621651848,0.006063758332328023,750.0,0.0,reclaimed_water_substitution_ratio,0.65,"[None, 0.0]","[[250.0, 750.0]]",True
1000,1.3318624996888586,4.994113249290351,0.0018326083076214454,1000.0,0.0,reclaimed_water_substitution_ratio,0.65,"[None, 0.0]","[[250.0, 1000.0]]",True
1001,1.297062610852752,4.37638350119323,0.0007270664869795012,1000.0,0.0,reclaimed_water_substitution_ratio,0.65,"[None, 0.0]","[[250.0, 1000.0]]",True
1002,1.1287262290085909,7.114993159827284,0.0026722535243688837,1000.0,0.0,reclaimed_water_substitution_ratio,0.65,"[None, 0.0]","[[250.0, 1000.0]]",True
1003,1.3238661147525486,4.004880722538742,0.003138349913752996,1000.0,0.0,reclaimed_water_substitution_ratio,0.65,"[None, 0.0]","[[250.0, 1000.0]]",True
1004,1.310942134248429,6.803497070259015,0.005540671336340184,1000.0,0.0,reclaimed_water_substitution_ratio,0.65,"[None, 0.0]","[[250.0, 1000.0]]",True
1005,1.3468642412140295,8.856228631544264,0.0007016489444637495,1000.0,0.0,reclaimed_water_substitution_ratio,0.65,"[None, 0.0]","[[250.0, 1000.0]]",True
1006,1.1481547134732402,8.99316050296808,0.005432069293351206,1000.0,0.0,reclaimed_water_substitution_ratio,0.65,"[None, 0.0]","[[250.0, 1000.0]]",True
1007,1.137446558921849,5.664655807235196,0.005067061538811479,1000.0,0.0,reclaimed_water_substitution_ratio,0.65,"[None, 0.0]","[[250.0, 1000.0]]",True
1008,1.1209918609201543,5.436603943477068,0.004687437243472739,1000.0,0.0,reclaimed_water_substitution_ratio,0.65,"[None, 0.0]","[[250.0, 1000.0]]",True
1009,1.2982532932631574,8.349196313944141,0.006824897383652152,1000.0,0.0,reclaimed_water_substitution_ratio,0.65,"[None, 0.0]","[[250.0, 1000.0]]",True
1010,1.2975192294849545,5.16561466732995,0.007461208183660533,1000.0,0.0,reclaimed_water_substitution_ratio,0.65,"[None, 0.0]","[[250.0, 1000.0]]",True
1011,1.332135184732121,6.263775806718076,0.001976286654592917,1000.0,0.0,reclaimed_water_substitution_ratio,0.65,"[None, 0.0]","[[250.0, 1000.0]]",True
1012,1.2630645494184836,8.554096192718047,0.0076245842063679264,1000.0,0.0,reclaimed_water_substitution_ratio,0.65,"[None, 0.0]","[[250.0, 1000.0]]",True
1013,1.3326932127422348,5.801299326614819,0.007215634832708373,1000.0,0.0,reclaimed_water_substitution_ratio,0.65,"[None, 0.0]","[[250.0, 1000.0]]",True
1014,1.2662205154355752,5.077942888043615,0.002335424400961692,1000.0,0.0,reclaimed_water_substitution_ratio,0.65,"[None, 0.0]","[[250.0, 1000.0]]",True
1015,1.2728137153014643,6.699270266060898,0.0019123569921824222,1000.0,0.0,reclaimed_water_substitution_ratio,0.65,"[None, 0.0]","[[250.0, 1000.0]]",True
1016,1.2026498605468603,7.626300801910461,0.0017991982427369472,1000.0,0.0,reclaimed_water_substitution_ratio,0.65,"[None, 0.0]","[[250.0, 1000.0]]",True
1017,1.354283119937373,8.96832587615792,0.0031380221621152638,1000.0,0.0,reclaimed_water_substitution_ratio,0.65,"[None, 0.0]","[[250.0, 1000.0]]",True
1018,1.2568897291020105,6.552812121960254,0.005469219866272777,1000.0,0.0,reclaimed_water_substitution_ratio,0.65,"[None, 0.0]","[[250.0, 1000.0]]",True
1019,1.2475406142403158,6.042840598654523,0.0031394853037660176,1000.0,0.0,reclaimed_water_substitution_ratio,0.65,"[None, 0.0]","[[250.0, 1000.0]]",True
1020,1.338737517097205,7.261932795102115,0.0037626857911695704,1000.0,0.0,reclaimed_water_substitution_ratio,0.65,"[None, 0.0]","[[250.0, 1000.0]]",True
1021,1.2884325835104404,7.4542929386197425,0.004021223809372603,1000.0,0.0,reclaimed_water_substitution_ratio,0.65,"[None, 0.0]","[[250.0, 1000.0]]",True
1022,1.129716306250678,4.850289353815472,0.00551888155951547,1000.0,0.0,reclaimed_water_substitution_ratio,0.65,"[None, 0.0]","[[250.0, 1000.0]]",True
1023,1.262441635748654,8.94411337137629,0.0025035206275116737,1000.0,0.0,reclaimed_water_substitution_ratio,0.65,"[None, 0.0]","[[250.0, 1000.0]]",True
