OrganizationIdentifier,OrganizationFormalName,ActivityIdentifier,ActivityTypeCode,ActivityMediaName,ActivityMediaSubdivisionName,ActivityStartDate,ActivityStartTime/Time,ActivityStartTime/TimeZoneCode,ActivityEndDate,ActivityEndTime/Time,ActivityEndTime/TimeZoneCode,ActivityDepthHeightMeasure/MeasureValue,ActivityDepthHeightMeasure/MeasureUnitCode,ActivityDepthAltitudeReferencePointText,ActivityTopDepthHeightMeasure/MeasureValue,ActivityTopDepthHeightMeasure/MeasureUnitCode,ActivityBottomDepthHeightMeasure/MeasureValue,ActivityBottomDepthHeightMeasure/MeasureUnitCode,ProjectIdentifier,ActivityConductingOrganizationText,MonitoringLocationIdentifier,ActivityCommentText,SampleAquifer,HydrologicCondition,HydrologicEvent,SampleCollectionMethod/MethodIdentifier,SampleCollectionMethod/MethodIdentifierContext,SampleCollectionMethod/MethodName,SampleCollectionEquipmentName,ResultDetectionConditionText,CharacteristicName,ResultSampleFractionText,ResultMeasureValue,ResultMeasure/MeasureUnitCode,MeasureQualifierCode,ResultStatusIdentifier,StatisticalBaseCode,ResultValueTypeName,ResultWeightBasisText,ResultTimeBasisText,ResultTemperatureBasisText,ResultParticleSizeBasisText,PrecisionValue,ResultCommentText,USGSPCode,ResultDepthHeightMeasure/MeasureValue,ResultDepthHeightMeasure/MeasureUnitCode,ResultDepthAltitudeReferencePointText,SubjectTaxonomicName,SampleTissueAnatomyName,ResultAnalyticalMethod/MethodIdentifier,ResultAnalyticalMethod/MethodIdentifierContext,ResultAnalyticalMethod/MethodName,MethodDescriptionText,LaboratoryName,AnalysisStartDate,ResultLaboratoryCommentText,DetectionQuantitationLimitTypeName,DetectionQuantitationLimitMeasure/MeasureValue,DetectionQuantitationLimitMeasure/MeasureUnitCode,PreparationStartDate,ProviderName
USGS-OK,USGS Oklahoma Water Science Center,nwisok.01.01800384,Sample-Routine,Water,Surface Water,2018-07-09,10:30:00,CDT,,,,,,,,,,,National Water Quality Assessment Program (NAWQA),U.S. Geological Survey-Water Resources Discipline,USGS-07241550,,,"Stable, normal stage",Routine sample,40,USGS parameter code 82398,Multiple verticals,US DH-81,,Alkalinity,Dissolved,176,mg/l CaCO3,,Accepted,,Actual,,,,,,Hold-time violation - for accurate results measure in the field without delay. See NWQL Tech Memo 95-01 Holding-Time Violation - for accurate results measure in the field without delay. See NWQL Tech Memo 95-01.,29801,,,,,,TT040,USGS,"Alkalinity, titr. pH 4.5 (NWQL)","USGS TWRI 5-A1/1989, p 57","USGS-National Water Quality Lab, Denver, CO",2018-07-25,holding time exceededsee result laboratory comment,Blank-adjusted method detect limit,4,mg/l CaCO3,,NWIS
USGS-OK,USGS Oklahoma Water Science Center,nwisok.01.01800384,Sample-Routine,Water,Surface Water,2018-07-09,10:30:00,CDT,,,,,,,,,,,National Water Quality Assessment Program (NAWQA),U.S. Geological Survey-Water Resources Discipline,USGS-07241550,,,"Stable, normal stage",Routine sample,40,USGS parameter code 82398,Multiple verticals,US DH-81,,Alkalinity,Dissolved,182,mg/l CaCO3,,Accepted,,Actual,,,,,,,39086,,,,,,,,,,U.S. Geological Survey-Water Resources Discipline,,,,,,,NWIS
USGS-OK,USGS Oklahoma Water Science Center,nwisok.01.01800166,Sample-Routine,Water,Surface Water,2018-03-05,12:00:00,CST,,,,,,,,,,,National Water Quality Assessment Program (NAWQA),U.S. Geological Survey-Water Resources Discipline,USGS-07241550,L-0650001 Added RU,,"Stable, normal stage",Routine sample,40,USGS parameter code 82398,Multiple verticals,US DH-81 with Teflon cap and nozzle,,Alkalinity,Dissolved,176,mg/l CaCO3,,Accepted,,Actual,,,,,,Hold-time violation - for accurate results measure in the field without delay. See NWQL Tech Memo 95-01 Holding-Time Violation - for accurate results measure in the field without delay. See NWQL Tech Memo 95-01.,29801,,,,,,TT040,USGS,"Alkalinity, titr. pH 4.5 (NWQL)","USGS TWRI 5-A1/1989, p 57","USGS-National Water Quality Lab, Denver, CO",2018-03-15,holding time exceededsee result laboratory comment,Blank-adjusted method detect limit,4,mg/l CaCO3,,NWIS
USGS-OK,USGS Oklahoma Water Science Center,nwisok.01.01800166,Sample-Routine,Water,Surface Water,2018-03-05,12:00:00,CST,,,,,,,,,,,National Water Quality Assessment Program (NAWQA),U.S. Geological Survey-Water Resources Discipline,USGS-07241550,L-0650001 Added RU,,"Stable, normal stage",Routine sample,40,USGS parameter code 82398,Multiple verticals,US DH-81 with Teflon cap and nozzle,,Alkalinity,Dissolved,177,mg/l CaCO3,,Accepted,,Actual,,,,,,,39086,,,,,,,,,,U.S. Geological Survey-Water Resources Discipline,,,,,,,NWIS
USGS-OK,USGS Oklahoma Water Science Center,nwisok.01.01800084,Sample-Routine,Water,Surface Water,2018-01-08,10:00:00,CST,,,,,,,,,,,National Water Quality Assessment Program (NAWQA),U.S. Geological Survey-Water Resources Discipline,USGS-07241550,L-0090028 X=SUSO not received,,"Stable, low stage",Routine sample,40,USGS parameter code 82398,Multiple verticals,Open-Mouth Bottle,,Alkalinity,Dissolved,210,mg/l CaCO3,,Accepted,,Actual,,,,,,Hold-time violation - for accurate results measure in the field without delay. See NWQL Tech Memo 95-01 Holding-Time Violation - for accurate results measure in the field without delay. See NWQL Tech Memo 95-01.,29801,,,,,,TT040,USGS,"Alkalinity, titr. pH 4.5 (NWQL)","USGS TWRI 5-A1/1989, p 57","USGS-National Water Quality Lab, Denver, CO",2018-01-16,holding time exceededsee result laboratory comment,Blank-adjusted method detect limit,4,mg/l CaCO3,,NWIS
USGS-OK,USGS Oklahoma Water Science Center,nwisok.01.01800084,Sample-Routine,Water,Surface Water,2018-01-08,10:00:00,CST,,,,,,,,,,,National Water Quality Assessment Program (NAWQA),U.S. Geological Survey-Water Resources Discipline,USGS-07241550,L-0090028 X=SUSO not received,,"Stable, low stage",Routine sample,40,USGS parameter code 82398,Multiple verticals,Open-Mouth Bottle,,Alkalinity,Dissolved,193,mg/l CaCO3,,Accepted,,Actual,,,,,,,39086,,,,,,,,,,U.S. Geological Survey-Water Resources Discipline,,,,,,,NWIS
USGS-OK,USGS Oklahoma Water Science Center,nwisok.01.01800512,Sample-Routine,Water,Surface Water,2018-09-05,10:30:00,CDT,,,,,,,,,,,,U.S. Geological Survey-Water Resources Discipline,USGS-07241550,,,Falling stage,Routine sample,10,USGS parameter code 82398,Equal width increment (ewi),US DH-95 plastic bottle,,Alkalinity,Dissolved,79,mg/l CaCO3,,Accepted,,Actual,,,,,,,39086,,,,,,,,,,U.S. Geological Survey-Water Resources Discipline,,,,,,,NWIS
USGS-OK,USGS Oklahoma Water Science Center,nwisok.01.01800512,Sample-Routine,Water,Surface Water,2018-09-05,10:30:00,CDT,,,,,,,,,,,,U.S. Geological Survey-Water Resources Discipline,USGS-07241550,,,Falling stage,Routine sample,10,USGS parameter code 82398,Equal width increment (ewi),US DH-95 plastic bottle,,Alkalinity,Total,99.6,mg/l CaCO3,,Accepted,,Actual,,,,,,Hold-time violation - for accurate results measure in the field without delay. See NWQL Tech Memo 95-01 Holding-Time Violation - for accurate results measure in the field without delay. See NWQL Tech Memo 95-01.,90410,,,,,,TT040,USGS,"Alkalinity, titr. pH 4.5 (NWQL)","USGS TWRI 5-A1/1989, p 57","USGS-National Water Quality Lab, Denver, CO",2018-10-05,"holding time exceededvalue verified by rerun, same methodsee result laboratory comment",Blank-adjusted method detect limit,4,mg/l CaCO3,,NWIS
USGS-OK,USGS Oklahoma Water Science Center,nwisok.01.01800306,Sample-Routine,Water,Surface Water,2018-06-05,12:00:00,CDT,,,,,,,,,,,,U.S. Geological Survey-Water Resources Discipline,USGS-07241550,,,"Stable, normal stage",Routine sample,40,USGS parameter code 82398,Multiple verticals,US DH-81,,Alkalinity,Dissolved,159,mg/l CaCO3,,Accepted,,Actual,,,,,,,39086,,,,,,,,,,U.S. Geological Survey-Water Resources Discipline,,,,,,,NWIS
USGS-OK,USGS Oklahoma Water Science Center,nwisok.01.01800306,Sample-Routine,Water,Surface Water,2018-06-05,12:00:00,CDT,,,,,,,,,,,,U.S. Geological Survey-Water Resources Discipline,USGS-07241550,,,"Stable, normal stage",Routine sample,40,USGS parameter code 82398,Multiple verticals,US DH-81,,Alkalinity,Total,164,mg/l CaCO3,,Accepted,,Actual,,,,,,Hold-time violation - for accurate results measure in the field without delay. See NWQL Tech Memo 95-01 Holding-Time Violation - for accurate results measure in the field without delay. See NWQL Tech Memo 95-01.,90410,,,,,,TT040,USGS,"Alkalinity, titr. pH 4.5 (NWQL)","USGS TWRI 5-A1/1989, p 57","USGS-National Water Quality Lab, Denver, CO",2018-06-19,holding time exceededsee result laboratory comment,Blank-adjusted method detect limit,4,mg/l CaCO3,,NWIS
USGS-OK,USGS Oklahoma Water Science Center,nwisok.01.01900008,Sample-Routine,Water,Surface Water,2018-10-11,10:30:00,CDT,,,,,,,,,,,,U.S. Geological Survey-Water Resources Discipline,USGS-07241550,,,Falling stage,Routine sample,10,USGS parameter code 82398,Equal width increment (ewi),US DH-95 plastic bottle,,Alkalinity,Dissolved,84,mg/l CaCO3,,Accepted,,Actual,,,,,,,39086,,,,,,,,,,U.S. Geological Survey-Water Resources Discipline,,,,,,,NWIS
USGS-OK,USGS Oklahoma Water Science Center,nwisok.01.01900008,Sample-Routine,Water,Surface Water,2018-10-11,10:30:00,CDT,,,,,,,,,,,,U.S. Geological Survey-Water Resources Discipline,USGS-07241550,,,Falling stage,Routine sample,10,USGS parameter code 82398,Equal width increment (ewi),US DH-95 plastic bottle,,Alkalinity,Total,114,mg/l CaCO3,,Accepted,,Actual,,,,,,Hold-time violation - for accurate results measure in the field without delay. See NWQL Tech Memo 95-01 Holding-Time Violation - for accurate results measure in the field without delay. See NWQL Tech Memo 95-01.,90410,,,,,,TT040,USGS,"Alkalinity, titr. pH 4.5 (NWQL)","USGS TWRI 5-A1/1989, p 57","USGS-National Water Quality Lab, Denver, CO",2018-11-02,"holding time exceededvalue verified by rerun, same methodsee result laboratory comment",Blank-adjusted method detect limit,4,mg/l CaCO3,,NWIS
USGS-OK,USGS Oklahoma Water Science Center,nwisok.01.01900001,Sample-Routine,Water,Surface Water,2018-10-04,10:40:00,CDT,,,,,,,,,,,National Water Quality Assessment Program (NAWQA),U.S. Geological Survey-Water Resources Discipline,USGS-07241550,"L-2780075 LC 4200 deleted.  LC 4200 is not required for filtration of a UAS.  KMS, 10/10/18",,"Stable, normal stage",Routine sample,40,USGS parameter code 82398,Multiple verticals,US DH-81 with Teflon cap and nozzle,,Alkalinity,Dissolved,182,mg/l CaCO3,,Accepted,,Actual,,,,,,,39086,,,,,,,,,,U.S. Geological Survey-Water Resources Discipline,,,,,,,NWIS
USGS-OK,USGS Oklahoma Water Science Center,nwisok.01.01900001,Sample-Routine,Water,Surface Water,2018-10-04,10:40:00,CDT,,,,,,,,,,,National Water Quality Assessment Program (NAWQA),U.S. Geological Survey-Water Resources Discipline,USGS-07241550,"L-2780075 LC 4200 deleted.  LC 4200 is not required for filtration of a UAS.  KMS, 10/10/18",,"Stable, normal stage",Routine sample,40,USGS parameter code 82398,Multiple verticals,US DH-81 with Teflon cap and nozzle,,Alkalinity,Dissolved,170,mg/l CaCO3,,Accepted,,Actual,,,,,,Hold-time violation - for accurate results measure in the field without delay. See NWQL Tech Memo 95-01 Holding-Time Violation - for accurate results measure in the field without delay. See NWQL Tech Memo 95-01.,29801,,,,,,TT040,USGS,"Alkalinity, titr. pH 4.5 (NWQL)","USGS TWRI 5-A1/1989, p 57","USGS-National Water Quality Lab, Denver, CO",2018-10-19,holding time exceededsee result laboratory comment,Blank-adjusted method detect limit,4,mg/l CaCO3,,NWIS
USGS-OK,USGS Oklahoma Water Science Center,nwisok.01.01800257,Sample-Routine,Water,Surface Water,2018-05-08,11:20:00,CDT,,,,,,,,,,,,U.S. Geological Survey-Water Resources Discipline,USGS-07241550,"L-1290058 FCC date =20180502, TOC sta id =07241520",,"Stable, normal stage",Routine sample,40,USGS parameter code 82398,Multiple verticals,US DH-81,,Alkalinity,Dissolved,170,mg/l CaCO3,,Accepted,,Actual,,,,,,,39086,,,,,,,,,,U.S. Geological Survey-Water Resources Discipline,,,,,,,NWIS
USGS-OK,USGS Oklahoma Water Science Center,nwisok.01.01800257,Sample-Routine,Water,Surface Water,2018-05-08,11:20:00,CDT,,,,,,,,,,,,U.S. Geological Survey-Water Resources Discipline,USGS-07241550,"L-1290058 FCC date =20180502, TOC sta id =07241520",,"Stable, normal stage",Routine sample,40,USGS parameter code 82398,Multiple verticals,US DH-81,,Alkalinity,Total,170,mg/l CaCO3,,Accepted,,Actual,,,,,,Hold-time violation - for accurate results measure in the field without delay. See NWQL Tech Memo 95-01 Holding-Time Violation - for accurate results measure in the field without delay. See NWQL Tech Memo 95-01.,90410,,,,,,TT040,USGS,"Alkalinity, titr. pH 4.5 (NWQL)","USGS TWRI 5-A1/1989, p 57","USGS-National Water Quality Lab, Denver, CO",2018-05-21,holding time exceededsee result laboratory comment,Blank-adjusted method detect limit,4,mg/l CaCO3,,NWIS
USGS-OK,USGS Oklahoma Water Science Center,nwisok.01.01800466,Sample-Routine,Water,Surface Water,2018-08-08,13:30:00,CDT,,,,,,,,,,,,U.S. Geological Survey-Water Resources Discipline,USGS-07241550,L-2220090 X=time on FU is 1300.,,Rising stage,Routine sample,40,USGS parameter code 82398,Multiple verticals,US DH-81,,Alkalinity,Dissolved,155,mg/l CaCO3,,Accepted,,Actual,,,,,,,39086,,,,,,,,,,U.S. Geological Survey-Water Resources Discipline,,,,,,,NWIS
USGS-OK,USGS Oklahoma Water Science Center,nwisok.01.01800466,Sample-Routine,Water,Surface Water,2018-08-08,13:30:00,CDT,,,,,,,,,,,,U.S. Geological Survey-Water Resources Discipline,USGS-07241550,L-2220090 X=time on FU is 1300.,,Rising stage,Routine sample,40,USGS parameter code 82398,Multiple verticals,US DH-81,,Alkalinity,Total,156,mg/l CaCO3,,Accepted,,Actual,,,,,,Hold-time violation - for accurate results measure in the field without delay. See NWQL Tech Memo 95-01 Holding-Time Violation - for accurate results measure in the field without delay. See NWQL Tech Memo 95-01.,90410,,,,,,TT040,USGS,"Alkalinity, titr. pH 4.5 (NWQL)","USGS TWRI 5-A1/1989, p 57","USGS-National Water Quality Lab, Denver, CO",2018-08-27,holding time exceededsee result laboratory comment,Blank-adjusted method detect limit,4,mg/l CaCO3,,NWIS
USGS-OK,USGS Oklahoma Water Science Center,nwisok.01.01800501,Sample-Routine,Water,Surface Water,2018-08-23,10:30:00,CDT,,,,,,,,,,,National Water Quality Assessment Program (NAWQA),U.S. Geological Survey-Water Resources Discipline,USGS-07241550,,,"Stable, normal stage",Routine sample,40,USGS parameter code 82398,Multiple verticals,US DH-81 with Teflon cap and nozzle,,Alkalinity,Dissolved,162,mg/l CaCO3,,Accepted,,Actual,,,,,,Hold-time violation - for accurate results measure in the field without delay. See NWQL Tech Memo 95-01 Holding-Time Violation - for accurate results measure in the field without delay. See NWQL Tech Memo 95-01.,29801,,,,,,TT040,USGS,"Alkalinity, titr. pH 4.5 (NWQL)","USGS TWRI 5-A1/1989, p 57","USGS-National Water Quality Lab, Denver, CO",2018-09-12,holding time exceededsee result laboratory comment,Blank-adjusted method detect limit,4,mg/l CaCO3,,NWIS
USGS-OK,USGS Oklahoma Water Science Center,nwisok.01.01800501,Sample-Routine,Water,Surface Water,2018-08-23,10:30:00,CDT,,,,,,,,,,,National Water Quality Assessment Program (NAWQA),U.S. Geological Survey-Water Resources Discipline,USGS-07241550,,,"Stable, normal stage",Routine sample,40,USGS parameter code 82398,Multiple verticals,US DH-81 with Teflon cap and nozzle,,Alkalinity,Dissolved,173,mg/l CaCO3,,Accepted,,Actual,,,,,,,39086,,,,,,,,,,U.S. Geological Survey-Water Resources Discipline,,,,,,,NWIS
USGS-OK,USGS Oklahoma Water Science Center,nwisok.01.01800244,Sample-Routine,Water,Surface Water,2018-05-01,13:50:00,CDT,,,,,,,,,,,National Water Quality Assessment Program (NAWQA),U.S. Geological Survey-Water Resources Discipline,USGS-07241550,,,"Stable, low stage",Routine sample,40,USGS parameter code 82398,Multiple verticals,US DH-81 with Teflon cap and nozzle,,Alkalinity,Dissolved,183,mg/l CaCO3,,Accepted,,Actual,,,,,,Hold-time violation - for accurate results measure in the field without delay. See NWQL Tech Memo 95-01 Holding-Time Violation - for accurate results measure in the field without delay. See NWQL Tech Memo 95-01.,29801,,,,,,TT040,USGS,"Alkalinity, titr. pH 4.5 (NWQL)","USGS TWRI 5-A1/1989, p 57","USGS-National Water Quality Lab, Denver, CO",2018-05-18,holding time exceededsee result laboratory comment,Blank-adjusted method detect limit,4,mg/l CaCO3,,NWIS
USGS-OK,USGS Oklahoma Water Science Center,nwisok.01.01800244,Sample-Routine,Water,Surface Water,2018-05-01,13:50:00,CDT,,,,,,,,,,,National Water Quality Assessment Program (NAWQA),U.S. Geological Survey-Water Resources Discipline,USGS-07241550,,,"Stable, low stage",Routine sample,40,USGS parameter code 82398,Multiple verticals,US DH-81 with Teflon cap and nozzle,,Alkalinity,Dissolved,187,mg/l CaCO3,,Accepted,,Actual,,,,,,,39086,,,,,,,,,,U.S. Geological Survey-Water Resources Discipline,,,,,,,NWIS
USGS-OK,USGS Oklahoma Water Science Center,nwisok.01.01800086,Quality Control Sample-Field Replicate,Water,Surface Water,2018-01-11,11:00:00,CST,,,,,,,,,,,,U.S. Geological Survey-Water Resources Discipline,USGS-07241550,L-0120120 Updated ST from 9 per T. Tibbetts. JPC 1/12/18,,"Stable, normal stage",Routine sample,40,USGS parameter code 82398,Multiple verticals,US DH-81,,Alkalinity,Dissolved,251,mg/l CaCO3,,Accepted,,Actual,,,,,,,39086,,,,,,,,,,U.S. Geological Survey-Water Resources Discipline,,,,,,,NWIS
USGS-OK,USGS Oklahoma Water Science Center,nwisok.01.01800086,Quality Control Sample-Field Replicate,Water,Surface Water,2018-01-11,11:00:00,CST,,,,,,,,,,,,U.S. Geological Survey-Water Resources Discipline,USGS-07241550,L-0120120 Updated ST from 9 per T. Tibbetts. JPC 1/12/18,,"Stable, normal stage",Routine sample,40,USGS parameter code 82398,Multiple verticals,US DH-81,,Alkalinity,Total,204,mg/l CaCO3,,Accepted,,Actual,,,,,,Hold-time violation - for accurate results measure in the field without delay. See NWQL Tech Memo 95-01 Holding-Time Violation - for accurate results measure in the field without delay. See NWQL Tech Memo 95-01. The holding time for the processing of this sample has been exceeded,90410,,,,,,TT040,USGS,"Alkalinity, titr. pH 4.5 (NWQL)","USGS TWRI 5-A1/1989, p 57","USGS-National Water Quality Lab, Denver, CO",2018-02-12,"holding time exceededvalue verified by rerun, same methodsee result laboratory comment",Blank-adjusted method detect limit,4,mg/l CaCO3,,NWIS
USGS-OK,USGS Oklahoma Water Science Center,nwisok.01.01800457,Sample-Routine,Water,Surface Water,2018-08-06,11:00:00,CDT,,,,,,,,,,,National Water Quality Assessment Program (NAWQA),U.S. Geological Survey-Water Resources Discipline,USGS-07241550,"L-2190014 Improper sample container. RU w/clear cap, FU w/clear cap and FA w/black cap. All three and not acidified.    FA btl condition changed to improper preservation, JNV   Lab acidification lab code 3105 added, JNV   FA preserved by Cecilia O'Connor on 8/14/18 @ 200pm, JNV",,"Stable, normal stage",Routine sample,40,USGS parameter code 82398,Multiple verticals,US DH-81 with Teflon cap and nozzle,,Alkalinity,Dissolved,171,mg/l CaCO3,,Accepted,,Actual,,,,,,Hold-time violation - for accurate results measure in the field without delay. See NWQL Tech Memo 95-01 Holding-Time Violation - for accurate results measure in the field without delay. See NWQL Tech Memo 95-01.,29801,,,,,,TT040,USGS,"Alkalinity, titr. pH 4.5 (NWQL)","USGS TWRI 5-A1/1989, p 57","USGS-National Water Quality Lab, Denver, CO",2018-08-21,holding time exceededsee result laboratory comment,Blank-adjusted method detect limit,4,mg/l CaCO3,,NWIS
USGS-OK,USGS Oklahoma Water Science Center,nwisok.01.01800457,Sample-Routine,Water,Surface Water,2018-08-06,11:00:00,CDT,,,,,,,,,,,National Water Quality Assessment Program (NAWQA),U.S. Geological Survey-Water Resources Discipline,USGS-07241550,"L-2190014 Improper sample container. RU w/clear cap, FU w/clear cap and FA w/black cap. All three and not acidified.    FA btl condition changed to improper preservation, JNV   Lab acidification lab code 3105 added, JNV   FA preserved by Cecilia O'Connor on 8/14/18 @ 200pm, JNV",,"Stable, normal stage",Routine sample,40,USGS parameter code 82398,Multiple verticals,US DH-81 with Teflon cap and nozzle,,Alkalinity,Dissolved,172,mg/l CaCO3,,Accepted,,Actual,,,,,,,39086,,,,,,,,,,U.S. Geological Survey-Water Resources Discipline,,,,,,,NWIS
USGS-OK,USGS Oklahoma Water Science Center,nwisok.01.01900037,Sample-Routine,Water,Surface Water,2018-11-07,13:00:00,CST,,,,,,,,,,,National Water Quality Assessment Program (NAWQA),U.S. Geological Survey-Water Resources Discipline,USGS-07241550,algae growth,,"Stable, high stage",Routine sample,40,USGS parameter code 82398,Multiple verticals,US DH-95 Teflon bottle,,Alkalinity,Dissolved,178,mg/l CaCO3,,Accepted,,Actual,,,,,,Hold-time violation - for accurate results measure in the field without delay. See NWQL Tech Memo 95-01 Holding-Time Violation - for accurate results measure in the field without delay. See NWQL Tech Memo 95-01.,29801,,,,,,TT040,USGS,"Alkalinity, titr. pH 4.5 (NWQL)","USGS TWRI 5-A1/1989, p 57","USGS-National Water Quality Lab, Denver, CO",2018-11-20,holding time exceededsee result laboratory comment,Blank-adjusted method detect limit,4,mg/l CaCO3,,NWIS
USGS-OK,USGS Oklahoma Water Science Center,nwisok.01.01900037,Sample-Routine,Water,Surface Water,2018-11-07,13:00:00,CST,,,,,,,,,,,National Water Quality Assessment Program (NAWQA),U.S. Geological Survey-Water Resources Discipline,USGS-07241550,algae growth,,"Stable, high stage",Routine sample,40,USGS parameter code 82398,Multiple verticals,US DH-95 Teflon bottle,,Alkalinity,Dissolved,166,mg/l CaCO3,,Accepted,,Actual,,,,,,,39086,,,,,,,,,,U.S. Geological Survey-Water Resources Discipline,,,,,,,NWIS
USGS-OK,USGS Oklahoma Water Science Center,nwisok.01.01800175,Sample-Routine,Water,Surface Water,2018-03-07,09:30:00,CST,,,,,,,,,,,,U.S. Geological Survey-Water Resources Discipline,USGS-07241550,,,"Stable, normal stage",Routine sample,40,USGS parameter code 82398,Multiple verticals,US DH-81,,Alkalinity,Dissolved,174,mg/l CaCO3,,Accepted,,Actual,,,,,,,39086,,,,,,,,,,U.S. Geological Survey-Water Resources Discipline,,,,,,,NWIS
USGS-OK,USGS Oklahoma Water Science Center,nwisok.01.01800175,Sample-Routine,Water,Surface Water,2018-03-07,09:30:00,CST,,,,,,,,,,,,U.S. Geological Survey-Water Resources Discipline,USGS-07241550,,,"Stable, normal stage",Routine sample,40,USGS parameter code 82398,Multiple verticals,US DH-81,,Alkalinity,Total,172,mg/l CaCO3,,Accepted,,Actual,,,,,,Hold-time violation - for accurate results measure in the field without delay. See NWQL Tech Memo 95-01 Holding-Time Violation - for accurate results measure in the field without delay. See NWQL Tech Memo 95-01.,90410,,,,,,TT040,USGS,"Alkalinity, titr. pH 4.5 (NWQL)","USGS TWRI 5-A1/1989, p 57","USGS-National Water Quality Lab, Denver, CO",2018-03-27,holding time exceededsee result laboratory comment,Blank-adjusted method detect limit,4,mg/l CaCO3,,NWIS
USGS-OK,USGS Oklahoma Water Science Center,nwisok.01.01800300,Quality Control Sample-Field Replicate,Water,Surface Water,2018-06-04,11:40:00,CDT,,,,,,,,,,,National Water Quality Assessment Program (NAWQA),U.S. Geological Survey-Water Resources Discipline,USGS-07241550,,,Falling stage,Routine sample,40,USGS parameter code 82398,Multiple verticals,US DH-81,,Alkalinity,Dissolved,187,mg/l CaCO3,,Accepted,,Actual,,,,,,Hold-time violation - for accurate results measure in the field without delay. See NWQL Tech Memo 95-01 Holding-Time Violation - for accurate results measure in the field without delay. See NWQL Tech Memo 95-01.,29801,,,,,,TT040,USGS,"Alkalinity, titr. pH 4.5 (NWQL)","USGS TWRI 5-A1/1989, p 57","USGS-National Water Quality Lab, Denver, CO",2018-06-20,holding time exceededsee result laboratory comment,Blank-adjusted method detect limit,4,mg/l CaCO3,,NWIS
USGS-OK,USGS Oklahoma Water Science Center,nwisok.01.01800300,Quality Control Sample-Field Replicate,Water,Surface Water,2018-06-04,11:40:00,CDT,,,,,,,,,,,National Water Quality Assessment Program (NAWQA),U.S. Geological Survey-Water Resources Discipline,USGS-07241550,,,Falling stage,Routine sample,40,USGS parameter code 82398,Multiple verticals,US DH-81,,Alkalinity,Dissolved,187,mg/l CaCO3,,Accepted,,Actual,,,,,,,39086,,,,,,,,,,U.S. Geological Survey-Water Resources Discipline,,,,,,,NWIS
USGS-OK,USGS Oklahoma Water Science Center,nwisok.01.01800334,Quality Control Sample-Field Replicate,Water,Surface Water,2018-06-20,11:15:00,CDT,,,,,,,,,,,National Water Quality Assessment Program (NAWQA),U.S. Geological Survey-Water Resources Discipline,USGS-07241550,"L-1720079 FA btl condition changed to improper preservation, JNV  Lab acidification lab code 3105 added, JNV  FA preserved by Cecilia O'Connor on 6/27/18 @ 2:45, JNV",,Rising stage,Routine sample,40,USGS parameter code 82398,Multiple verticals,US DH-81,,Alkalinity,Dissolved,158,mg/l CaCO3,,Accepted,,Actual,,,,,,Hold-time violation - for accurate results measure in the field without delay. See NWQL Tech Memo 95-01 Holding-Time Violation - for accurate results measure in the field without delay. See NWQL Tech Memo 95-01.,29801,,,,,,TT040,USGS,"Alkalinity, titr. pH 4.5 (NWQL)","USGS TWRI 5-A1/1989, p 57","USGS-National Water Quality Lab, Denver, CO",2018-07-11,holding time exceededsee result laboratory comment,Blank-adjusted method detect limit,4,mg/l CaCO3,,NWIS
USGS-OK,USGS Oklahoma Water Science Center,nwisok.01.01800334,Quality Control Sample-Field Replicate,Water,Surface Water,2018-06-20,11:15:00,CDT,,,,,,,,,,,National Water Quality Assessment Program (NAWQA),U.S. Geological Survey-Water Resources Discipline,USGS-07241550,"L-1720079 FA btl condition changed to improper preservation, JNV  Lab acidification lab code 3105 added, JNV  FA preserved by Cecilia O'Connor on 6/27/18 @ 2:45, JNV",,Rising stage,Routine sample,40,USGS parameter code 82398,Multiple verticals,US DH-81,,Alkalinity,Dissolved,159,mg/l CaCO3,,Accepted,,Actual,,,,,,,39086,,,,,,,,,,U.S. Geological Survey-Water Resources Discipline,,,,,,,NWIS
USGS-OK,USGS Oklahoma Water Science Center,nwisok.01.01800372,Sample-Routine,Water,Surface Water,2018-06-28,10:00:00,CDT,,,,,,,,,,,National Water Quality Assessment Program (NAWQA),U.S. Geological Survey-Water Resources Discipline,USGS-07241550,,,"Stable, normal stage",Routine sample,40,USGS parameter code 82398,Multiple verticals,US DH-95 plastic bottle,,Alkalinity,Dissolved,131,mg/l CaCO3,,Accepted,,Actual,,,,,,Hold-time violation - for accurate results measure in the field without delay. See NWQL Tech Memo 95-01 Holding-Time Violation - for accurate results measure in the field without delay. See NWQL Tech Memo 95-01.,29801,,,,,,TT040,USGS,"Alkalinity, titr. pH 4.5 (NWQL)","USGS TWRI 5-A1/1989, p 57","USGS-National Water Quality Lab, Denver, CO",2018-07-19,holding time exceededsee result laboratory comment,Blank-adjusted method detect limit,4,mg/l CaCO3,,NWIS
USGS-OK,USGS Oklahoma Water Science Center,nwisok.01.01800372,Sample-Routine,Water,Surface Water,2018-06-28,10:00:00,CDT,,,,,,,,,,,National Water Quality Assessment Program (NAWQA),U.S. Geological Survey-Water Resources Discipline,USGS-07241550,,,"Stable, normal stage",Routine sample,40,USGS parameter code 82398,Multiple verticals,US DH-95 plastic bottle,,Alkalinity,Dissolved,128,mg/l CaCO3,,Accepted,,Actual,,,,,,,39086,,,,,,,,,,U.S. Geological Survey-Water Resources Discipline,,,,,,,NWIS
USGS-OK,USGS Oklahoma Water Science Center,nwisok.01.01900049,Sample-Routine,Water,Surface Water,2018-11-14,12:00:00,CST,,,,,,,,,,,,U.S. Geological Survey-Water Resources Discipline,USGS-07241550,L-3190002 Proposal CL17015 has expired and is not required for these analyses. 11/16/2018 mec,,"Stable, normal stage",Routine sample,40,USGS parameter code 82398,Multiple verticals,US DH-95 Teflon bottle,,Alkalinity,Dissolved,181,mg/l CaCO3,,Accepted,,Actual,,,,,,,39086,,,,,,TT061,USGS,"Alkalinity, IPT, Hach",USGS National Field Manual,,,,,,,,NWIS
USGS-OK,USGS Oklahoma Water Science Center,nwisok.01.01900049,Sample-Routine,Water,Surface Water,2018-11-14,12:00:00,CST,,,,,,,,,,,,U.S. Geological Survey-Water Resources Discipline,USGS-07241550,L-3190002 Proposal CL17015 has expired and is not required for these analyses. 11/16/2018 mec,,"Stable, normal stage",Routine sample,40,USGS parameter code 82398,Multiple verticals,US DH-95 Teflon bottle,,Alkalinity,Total,188,mg/l CaCO3,,Accepted,,Actual,,,,,,Hold-time violation - for accurate results measure in the field without delay. See NWQL Tech Memo 95-01 Holding-Time Violation - for accurate results measure in the field without delay. See NWQL Tech Memo 95-01.,90410,,,,,,TT040,USGS,"Alkalinity, titr. pH 4.5 (NWQL)","USGS TWRI 5-A1/1989, p 57","USGS-National Water Quality Lab, Denver, CO",2018-11-27,holding time exceededsee result laboratory comment,Blank-adjusted method detect limit,4,mg/l CaCO3,,NWIS
USGS-OK,USGS Oklahoma Water Science Center,nwisok.01.01800406,Sample-Routine,Water,Surface Water,2018-07-23,14:30:00,CDT,,,,,,,,,,,National Water Quality Assessment Program (NAWQA),U.S. Geological Survey-Water Resources Discipline,USGS-07241550,,,"Stable, normal stage",Routine sample,40,USGS parameter code 82398,Multiple verticals,US DH-81 with Teflon cap and nozzle,,Alkalinity,Dissolved,179,mg/l CaCO3,,Accepted,,Actual,,,,,,Hold-time violation - for accurate results measure in the field without delay. See NWQL Tech Memo 95-01 Holding-Time Violation - for accurate results measure in the field without delay. See NWQL Tech Memo 95-01.,29801,,,,,,TT040,USGS,"Alkalinity, titr. pH 4.5 (NWQL)","USGS TWRI 5-A1/1989, p 57","USGS-National Water Quality Lab, Denver, CO",2018-08-07,holding time exceededsee result laboratory comment,Blank-adjusted method detect limit,4,mg/l CaCO3,,NWIS
USGS-OK,USGS Oklahoma Water Science Center,nwisok.01.01800406,Sample-Routine,Water,Surface Water,2018-07-23,14:30:00,CDT,,,,,,,,,,,National Water Quality Assessment Program (NAWQA),U.S. Geological Survey-Water Resources Discipline,USGS-07241550,,,"Stable, normal stage",Routine sample,40,USGS parameter code 82398,Multiple verticals,US DH-81 with Teflon cap and nozzle,,Alkalinity,Dissolved,176,mg/l CaCO3,,Accepted,,Actual,,,,,,,39086,,,,,,,,,,U.S. Geological Survey-Water Resources Discipline,,,,,,,NWIS
USGS-OK,USGS Oklahoma Water Science Center,nwisok.01.01800511,Sample-Routine,Water,Surface Water,2018-09-05,10:20:00,CDT,,,,,,,,,,,National Water Quality Assessment Program (NAWQA),U.S. Geological Survey-Water Resources Discipline,USGS-07241550,,,Falling stage,Routine sample,10,USGS parameter code 82398,Equal width increment (ewi),US DH-81 with Teflon cap and nozzle,,Alkalinity,Dissolved,79.5,mg/l CaCO3,,Accepted,,Actual,,,,,,Hold-time violation - for accurate results measure in the field without delay. See NWQL Tech Memo 95-01 Holding-Time Violation - for accurate results measure in the field without delay. See NWQL Tech Memo 95-01.,29801,,,,,,TT040,USGS,"Alkalinity, titr. pH 4.5 (NWQL)","USGS TWRI 5-A1/1989, p 57","USGS-National Water Quality Lab, Denver, CO",2018-10-02,holding time exceededsee result laboratory comment,Blank-adjusted method detect limit,4,mg/l CaCO3,,NWIS
USGS-OK,USGS Oklahoma Water Science Center,nwisok.01.01800511,Sample-Routine,Water,Surface Water,2018-09-05,10:20:00,CDT,,,,,,,,,,,National Water Quality Assessment Program (NAWQA),U.S. Geological Survey-Water Resources Discipline,USGS-07241550,,,Falling stage,Routine sample,10,USGS parameter code 82398,Equal width increment (ewi),US DH-81 with Teflon cap and nozzle,,Alkalinity,Dissolved,80,mg/l CaCO3,,Accepted,,Actual,,,,,,,39086,,,,,,,,,,,,,,,,,NWIS
USGS-OK,USGS Oklahoma Water Science Center,nwisok.01.01900093,Sample-Routine,Water,Surface Water,2018-12-20,11:15:00,CST,,,,,,,,,,,,U.S. Geological Survey-Water Resources Discipline,USGS-07241550,,,Falling stage,Routine sample,40,USGS parameter code 82398,Multiple verticals,US DH-81 with Teflon cap and nozzle,,Alkalinity,Dissolved,195,mg/l CaCO3,,Accepted,,Actual,,,,,,,39086,,,,,,TT061,USGS,"Alkalinity, IPT, Hach",USGS National Field Manual,U.S. Geological Survey-Water Resources Discipline,,,,,,,NWIS
USGS-OK,USGS Oklahoma Water Science Center,nwisok.01.01900093,Sample-Routine,Water,Surface Water,2018-12-20,11:15:00,CST,,,,,,,,,,,,U.S. Geological Survey-Water Resources Discipline,USGS-07241550,,,Falling stage,Routine sample,40,USGS parameter code 82398,Multiple verticals,US DH-81 with Teflon cap and nozzle,,Alkalinity,Total,198,mg/l CaCO3,,Accepted,,Actual,,,,,,Hold-time violation - for accurate results measure in the field without delay. See NWQL Tech Memo 95-01 Holding-Time Violation - for accurate results measure in the field without delay. See NWQL Tech Memo 95-01. The holding time for the processing of this sample has been exceeded,90410,,,,,,TT040,USGS,"Alkalinity, titr. pH 4.5 (NWQL)","USGS TWRI 5-A1/1989, p 57","USGS-National Water Quality Lab, Denver, CO",2019-02-08,holding time exceededsee result laboratory comment,Blank-adjusted method detect limit,4,mg/l CaCO3,,NWIS
USGS-OK,USGS Oklahoma Water Science Center,nwisok.01.01800106,Sample-Routine,Water,Surface Water,2018-02-08,12:45:00,CST,,,,,,,,,,,,U.S. Geological Survey-Water Resources Discipline,USGS-07241550,,,"Stable, normal stage",Volcanic action,40,USGS parameter code 82398,Multiple verticals,US DH-81,,Alkalinity,Dissolved,173,mg/l CaCO3,,Accepted,,Actual,,,,,,,39086,,,,,,,,,,U.S. Geological Survey-Water Resources Discipline,,,,,,,NWIS
USGS-OK,USGS Oklahoma Water Science Center,nwisok.01.01800106,Sample-Routine,Water,Surface Water,2018-02-08,12:45:00,CST,,,,,,,,,,,,U.S. Geological Survey-Water Resources Discipline,USGS-07241550,,,"Stable, normal stage",Volcanic action,40,USGS parameter code 82398,Multiple verticals,US DH-81,,Alkalinity,Total,173,mg/l CaCO3,,Accepted,,Actual,,,,,,Hold-time violation - for accurate results measure in the field without delay. See NWQL Tech Memo 95-01 Holding-Time Violation - for accurate results measure in the field without delay. See NWQL Tech Memo 95-01.,90410,,,,,,TT040,USGS,"Alkalinity, titr. pH 4.5 (NWQL)","USGS TWRI 5-A1/1989, p 57","USGS-National Water Quality Lab, Denver, CO",2018-02-12,holding time exceededsee result laboratory comment,Blank-adjusted method detect limit,4,mg/l CaCO3,,NWIS
USGS-OK,USGS Oklahoma Water Science Center,nwisok.01.01800299,Sample-Routine,Water,Surface Water,2018-05-31,11:30:00,CDT,,,,,,,,,,,National Water Quality Assessment Program (NAWQA),U.S. Geological Survey-Water Resources Discipline,USGS-07241550,"L-1520113 X=UAS and DIC not received.  Deleted LC2616, LC2617 and LC8097. 6/4/2018 mec",,"Stable, normal stage",Routine sample,40,USGS parameter code 82398,Multiple verticals,US DH-81,,Alkalinity,Dissolved,172,mg/l CaCO3,,Accepted,,Actual,,,,,,Hold-time violation - for accurate results measure in the field without delay. See NWQL Tech Memo 95-01 Holding-Time Violation - for accurate results measure in the field without delay. See NWQL Tech Memo 95-01.,29801,,,,,,TT040,USGS,"Alkalinity, titr. pH 4.5 (NWQL)","USGS TWRI 5-A1/1989, p 57","USGS-National Water Quality Lab, Denver, CO",2018-06-15,holding time exceededsee result laboratory comment,Blank-adjusted method detect limit,4,mg/l CaCO3,,NWIS
USGS-OK,USGS Oklahoma Water Science Center,nwisok.01.01800299,Sample-Routine,Water,Surface Water,2018-05-31,11:30:00,CDT,,,,,,,,,,,National Water Quality Assessment Program (NAWQA),U.S. Geological Survey-Water Resources Discipline,USGS-07241550,"L-1520113 X=UAS and DIC not received.  Deleted LC2616, LC2617 and LC8097. 6/4/2018 mec",,"Stable, normal stage",Routine sample,40,USGS parameter code 82398,Multiple verticals,US DH-81,,Alkalinity,Dissolved,175,mg/l CaCO3,,Accepted,,Actual,,,,,,,39086,,,,,,,,,,U.S. Geological Survey-Water Resources Discipline,,,,,,,NWIS
USGS-OK,USGS Oklahoma Water Science Center,nwisok.01.01800103,Sample-Routine,Water,Surface Water,2018-02-06,09:50:00,CST,,,,,,,,,,,National Water Quality Assessment Program (NAWQA),U.S. Geological Survey-Water Resources Discipline,USGS-07241550,L-0380057 No SUSO received,,"Stable, low stage",Routine sample,40,USGS parameter code 82398,Multiple verticals,US DH-81,,Alkalinity,Dissolved,197,mg/l CaCO3,,Accepted,,Actual,,,,,,Hold-time violation - for accurate results measure in the field without delay. See NWQL Tech Memo 95-01 Holding-Time Violation - for accurate results measure in the field without delay. See NWQL Tech Memo 95-01.,29801,,,,,,TT040,USGS,"Alkalinity, titr. pH 4.5 (NWQL)","USGS TWRI 5-A1/1989, p 57","USGS-National Water Quality Lab, Denver, CO",2018-02-15,holding time exceededsample was dilutedsee result laboratory comment,Blank-adjusted method detect limit,4,mg/l CaCO3,,NWIS
USGS-OK,USGS Oklahoma Water Science Center,nwisok.01.01800103,Sample-Routine,Water,Surface Water,2018-02-06,09:50:00,CST,,,,,,,,,,,National Water Quality Assessment Program (NAWQA),U.S. Geological Survey-Water Resources Discipline,USGS-07241550,L-0380057 No SUSO received,,"Stable, low stage",Routine sample,40,USGS parameter code 82398,Multiple verticals,US DH-81,,Alkalinity,Dissolved,184,mg/l CaCO3,,Accepted,,Actual,,,,,,,39086,,,,,,,,,,U.S. Geological Survey-Water Resources Discipline,,,,,,,NWIS
USGS-OK,USGS Oklahoma Water Science Center,nwisok.01.01800393,Sample-Routine,Water,Surface Water,2018-07-11,12:30:00,CDT,,,,,,,,,,,,U.S. Geological Survey-Water Resources Discipline,USGS-07241550,,,"Stable, normal stage",Routine sample,40,USGS parameter code 82398,Multiple verticals,US DH-81,,Alkalinity,Dissolved,179,mg/l CaCO3,,Accepted,,Actual,,,,,,,39086,,,,,,,,,,U.S. Geological Survey-Water Resources Discipline,,,,,,,NWIS
USGS-OK,USGS Oklahoma Water Science Center,nwisok.01.01800393,Sample-Routine,Water,Surface Water,2018-07-11,12:30:00,CDT,,,,,,,,,,,,U.S. Geological Survey-Water Resources Discipline,USGS-07241550,,,"Stable, normal stage",Routine sample,40,USGS parameter code 82398,Multiple verticals,US DH-81,,Alkalinity,Total,187,mg/l CaCO3,,Accepted,,Actual,,,,,,Hold-time violation - for accurate results measure in the field without delay. See NWQL Tech Memo 95-01 Holding-Time Violation - for accurate results measure in the field without delay. See NWQL Tech Memo 95-01.,90410,,,,,,TT040,USGS,"Alkalinity, titr. pH 4.5 (NWQL)","USGS TWRI 5-A1/1989, p 57","USGS-National Water Quality Lab, Denver, CO",2018-07-26,holding time exceededsee result laboratory comment,Blank-adjusted method detect limit,4,mg/l CaCO3,,NWIS
USGS-OK,USGS Oklahoma Water Science Center,nwisok.01.01800230,Sample-Routine,Water,Surface Water,2018-04-17,10:00:00,CDT,,,,,,,,,,,,U.S. Geological Survey-Water Resources Discipline,USGS-07241550,,,"Stable, low stage",Routine sample,40,USGS parameter code 82398,Multiple verticals,US DH-81,,Alkalinity,Dissolved,187,mg/l CaCO3,,Accepted,,Actual,,,,,,,39086,,,,,,,,,,U.S. Geological Survey-Water Resources Discipline,,,,,,,NWIS
USGS-OK,USGS Oklahoma Water Science Center,nwisok.01.01800230,Sample-Routine,Water,Surface Water,2018-04-17,10:00:00,CDT,,,,,,,,,,,,U.S. Geological Survey-Water Resources Discipline,USGS-07241550,,,"Stable, low stage",Routine sample,40,USGS parameter code 82398,Multiple verticals,US DH-81,,Alkalinity,Total,185,mg/l CaCO3,,Accepted,,Actual,,,,,,Hold-time violation - for accurate results measure in the field without delay. See NWQL Tech Memo 95-01 Holding-Time Violation - for accurate results measure in the field without delay. See NWQL Tech Memo 95-01.,90410,,,,,,TT040,USGS,"Alkalinity, titr. pH 4.5 (NWQL)","USGS TWRI 5-A1/1989, p 57","USGS-National Water Quality Lab, Denver, CO",2018-05-15,holding time exceededsee result laboratory comment,Blank-adjusted method detect limit,4,mg/l CaCO3,,NWIS
USGS-OK,USGS Oklahoma Water Science Center,nwisok.01.01800279,Sample-Routine,Water,Surface Water,2018-05-14,10:20:00,CDT,,,,,,,,,,,National Water Quality Assessment Program (NAWQA),U.S. Geological Survey-Water Resources Discipline,USGS-07241550,"L-1350043 DOC btl condition changed to improper preservation, JNV",,"Stable, normal stage",Routine sample,40,USGS parameter code 82398,Multiple verticals,US DH-81,,Alkalinity,Dissolved,173,mg/l CaCO3,,Accepted,,Actual,,,,,,Hold-time violation - for accurate results measure in the field without delay. See NWQL Tech Memo 95-01 Holding-Time Violation - for accurate results measure in the field without delay. See NWQL Tech Memo 95-01.,29801,,,,,,TT040,USGS,"Alkalinity, titr. pH 4.5 (NWQL)","USGS TWRI 5-A1/1989, p 57","USGS-National Water Quality Lab, Denver, CO",2018-06-05,holding time exceededsee result laboratory comment,Blank-adjusted method detect limit,4,mg/l CaCO3,,NWIS
USGS-OK,USGS Oklahoma Water Science Center,nwisok.01.01800279,Sample-Routine,Water,Surface Water,2018-05-14,10:20:00,CDT,,,,,,,,,,,National Water Quality Assessment Program (NAWQA),U.S. Geological Survey-Water Resources Discipline,USGS-07241550,"L-1350043 DOC btl condition changed to improper preservation, JNV",,"Stable, normal stage",Routine sample,40,USGS parameter code 82398,Multiple verticals,US DH-81,,Alkalinity,Dissolved,165,mg/l CaCO3,,Accepted,,Actual,,,,,,,39086,,,,,,,,,,U.S. Geological Survey-Water Resources Discipline,,,,,,,NWIS
USGS-OK,USGS Oklahoma Water Science Center,nwisok.01.01900092,Sample-Routine,Water,Surface Water,2018-12-20,11:00:00,CST,,,,,,,,,,,National Water Quality Assessment Program (NAWQA),U.S. Geological Survey-Water Resources Discipline,USGS-07241550,L-3550252 LC2625 deleted HM 2/7/19 LC 2629 deleted HM 2/7/19,,Falling stage,Routine sample,40,USGS parameter code 82398,Multiple verticals,US DH-81 with Teflon cap and nozzle,,Alkalinity,Dissolved,198,mg/l CaCO3,,Accepted,,Actual,,,,,,Hold-time violation - for accurate results measure in the field without delay. See NWQL Tech Memo 95-01 Holding-Time Violation - for accurate results measure in the field without delay. See NWQL Tech Memo 95-01. The holding time for the processing of this sample has been exceeded,29801,,,,,,TT040,USGS,"Alkalinity, titr. pH 4.5 (NWQL)","USGS TWRI 5-A1/1989, p 57","USGS-National Water Quality Lab, Denver, CO",2019-02-07,holding time exceededsee result laboratory comment,Blank-adjusted method detect limit,4,mg/l CaCO3,,NWIS
USGS-OK,USGS Oklahoma Water Science Center,nwisok.01.01900092,Sample-Routine,Water,Surface Water,2018-12-20,11:00:00,CST,,,,,,,,,,,National Water Quality Assessment Program (NAWQA),U.S. Geological Survey-Water Resources Discipline,USGS-07241550,L-3550252 LC2625 deleted HM 2/7/19 LC 2629 deleted HM 2/7/19,,Falling stage,Routine sample,40,USGS parameter code 82398,Multiple verticals,US DH-81 with Teflon cap and nozzle,,Alkalinity,Dissolved,195,mg/l CaCO3,,Accepted,,Actual,,,,,,,39086,,,,,,TT061,USGS,"Alkalinity, IPT, Hach",USGS National Field Manual,U.S. Geological Survey-Water Resources Discipline,,,,,,,NWIS
USGS-OK,USGS Oklahoma Water Science Center,nwisok.01.01800213,Sample-Routine,Water,Surface Water,2018-04-09,11:10:00,CST,,,,,,,,,,,National Water Quality Assessment Program (NAWQA),U.S. Geological Survey-Water Resources Discipline,USGS-07241550,,,"Stable, normal stage",Routine sample,40,USGS parameter code 82398,Multiple verticals,US DH-81 with Teflon cap and nozzle,,Alkalinity,Dissolved,186,mg/l CaCO3,,Accepted,,Actual,,,,,,Hold-time violation - for accurate results measure in the field without delay. See NWQL Tech Memo 95-01 Holding-Time Violation - for accurate results measure in the field without delay. See NWQL Tech Memo 95-01.,29801,,,,,,TT040,USGS,"Alkalinity, titr. pH 4.5 (NWQL)","USGS TWRI 5-A1/1989, p 57","USGS-National Water Quality Lab, Denver, CO",2018-04-18,holding time exceededsee result laboratory comment,Blank-adjusted method detect limit,4,mg/l CaCO3,,NWIS
USGS-OK,USGS Oklahoma Water Science Center,nwisok.01.01800213,Sample-Routine,Water,Surface Water,2018-04-09,11:10:00,CST,,,,,,,,,,,National Water Quality Assessment Program (NAWQA),U.S. Geological Survey-Water Resources Discipline,USGS-07241550,,,"Stable, normal stage",Routine sample,40,USGS parameter code 82398,Multiple verticals,US DH-81 with Teflon cap and nozzle,,Alkalinity,Dissolved,187,mg/l CaCO3,,Accepted,,Actual,,,,,,,39086,,,,,,,,,,U.S. Geological Survey-Water Resources Discipline,,,,,,,NWIS
USGS-OK,USGS Oklahoma Water Science Center,nwisok.01.01900269,Sample-Routine,Water,Surface Water,2019-05-30,16:00:00,CDT,,,,,,,,,,,,U.S. Geological Survey-Water Resources Discipline,USGS-07241550,"L-1510026 X= Station ID on TBY, WCA, FCC and TOC is 07241520.",,Falling stage,Routine sample,40,USGS parameter code 82398,Multiple verticals,US DH-95 Teflon bottle,,Alkalinity,Dissolved,119,mg/l CaCO3,,Accepted,,Actual,,,,,,,39086,,,,,,TT061,USGS,"Alkalinity, IPT, Hach",USGS National Field Manual,U.S. Geological Survey-Water Resources Discipline,,,,,,,NWIS
USGS-OK,USGS Oklahoma Water Science Center,nwisok.01.01900269,Sample-Routine,Water,Surface Water,2019-05-30,16:00:00,CDT,,,,,,,,,,,,U.S. Geological Survey-Water Resources Discipline,USGS-07241550,"L-1510026 X= Station ID on TBY, WCA, FCC and TOC is 07241520.",,Falling stage,Routine sample,40,USGS parameter code 82398,Multiple verticals,US DH-95 Teflon bottle,,Alkalinity,Total,170,mg/l CaCO3,,Accepted,,Actual,,,,,,Hold-time violation - for accurate results measure in the field without delay. See NWQL Tech Memo 95-01 Holding-Time Violation - for accurate results measure in the field without delay. See NWQL Tech Memo 95-01.,90410,,,,,,TT040,USGS,"Alkalinity, titr. pH 4.5 (NWQL)","USGS TWRI 5-A1/1989, p 57","USGS-National Water Quality Lab, Denver, CO",2019-06-26,"holding time exceededvalue verified by rerun, same methodsee result laboratory comment",Blank-adjusted method detect limit,4,mg/l CaCO3,,NWIS
USGS-OK,USGS Oklahoma Water Science Center,nwisok.01.02000001,Sample-Routine,Water,Surface Water,2019-10-01,11:30:00,CDT,,,,,,,,,,,National Water Quality Assessment Program (NAWQA),U.S. Geological Survey-Water Resources Discipline,USGS-07241550,,,"Stable, normal stage",Routine sample,10,USGS parameter code 82398,Equal width increment (ewi),US DH-81 with Teflon cap and nozzle,,Alkalinity,Dissolved,202,mg/l CaCO3,,Accepted,,Actual,,,,,,Hold-time violation - for accurate results measure in the field without delay. See NWQL Tech Memo 95-01 Holding-Time Violation - for accurate results measure in the field without delay. See NWQL Tech Memo 95-01.,29801,,,,,,TT040,USGS,"Alkalinity, titr. pH 4.5 (NWQL)","USGS TWRI 5-A1/1989, p 57","USGS-National Water Quality Lab, Denver, CO",2019-10-22,holding time exceededsee result laboratory comment,Blank-adjusted method detect limit,4,mg/l CaCO3,,NWIS
USGS-OK,USGS Oklahoma Water Science Center,nwisok.01.02000001,Sample-Routine,Water,Surface Water,2019-10-01,11:30:00,CDT,,,,,,,,,,,National Water Quality Assessment Program (NAWQA),U.S. Geological Survey-Water Resources Discipline,USGS-07241550,,,"Stable, normal stage",Routine sample,10,USGS parameter code 82398,Equal width increment (ewi),US DH-81 with Teflon cap and nozzle,,Alkalinity,Dissolved,207,mg/l CaCO3,,Accepted,,Actual,,,,,,,39086,,,,,,TT061,USGS,"Alkalinity, IPT, Hach",USGS National Field Manual,U.S. Geological Survey-Water Resources Discipline,,,,,,,NWIS
USGS-OK,USGS Oklahoma Water Science Center,nwisok.01.01900099,Sample-Routine,Water,Surface Water,2019-01-31,12:00:00,CST,,,,,,,,,,,National Water Quality Assessment Program (NAWQA),U.S. Geological Survey-Water Resources Discipline,USGS-07241550,algae growth,,"Stable, normal stage",Routine sample,40,USGS parameter code 82398,Multiple verticals,US DH-81 with Teflon cap and nozzle,,Alkalinity,Dissolved,268,mg/l CaCO3,,Accepted,,Actual,,,,,,Hold-time violation - for accurate results measure in the field without delay. See NWQL Tech Memo 95-01 Holding-Time Violation - for accurate results measure in the field without delay. See NWQL Tech Memo 95-01.,29801,,,,,,TT040,USGS,"Alkalinity, titr. pH 4.5 (NWQL)","USGS TWRI 5-A1/1989, p 57","USGS-National Water Quality Lab, Denver, CO",2019-02-20,holding time exceededsee result laboratory comment,Blank-adjusted method detect limit,4,mg/l CaCO3,,NWIS
USGS-OK,USGS Oklahoma Water Science Center,nwisok.01.01900099,Sample-Routine,Water,Surface Water,2019-01-31,12:00:00,CST,,,,,,,,,,,National Water Quality Assessment Program (NAWQA),U.S. Geological Survey-Water Resources Discipline,USGS-07241550,algae growth,,"Stable, normal stage",Routine sample,40,USGS parameter code 82398,Multiple verticals,US DH-81 with Teflon cap and nozzle,,Alkalinity,Dissolved,283,mg/l CaCO3,,Accepted,,Actual,,,,,,,39086,,,,,,,,,,U.S. Geological Survey-Water Resources Discipline,,,,,,,NWIS
USGS-OK,USGS Oklahoma Water Science Center,nwisok.01.01900397,Sample-Routine,Water,Surface Water,2019-08-12,11:30:00,CDT,,,,,,,,,,,National Water Quality Assessment Program (NAWQA),U.S. Geological Survey-Water Resources Discipline,USGS-07241550,,,"Stable, normal stage",Routine sample,10,USGS parameter code 82398,Equal width increment (ewi),US DH-95 Teflon bottle,,Alkalinity,Dissolved,189,mg/l CaCO3,,Accepted,,Actual,,,,,,Hold-time violation - for accurate results measure in the field without delay. See NWQL Tech Memo 95-01 Holding-Time Violation - for accurate results measure in the field without delay. See NWQL Tech Memo 95-01.,29801,,,,,,TT040,USGS,"Alkalinity, titr. pH 4.5 (NWQL)","USGS TWRI 5-A1/1989, p 57","USGS-National Water Quality Lab, Denver, CO",2019-08-26,holding time exceededsee result laboratory comment,Blank-adjusted method detect limit,4,mg/l CaCO3,,NWIS
USGS-OK,USGS Oklahoma Water Science Center,nwisok.01.01900397,Sample-Routine,Water,Surface Water,2019-08-12,11:30:00,CDT,,,,,,,,,,,National Water Quality Assessment Program (NAWQA),U.S. Geological Survey-Water Resources Discipline,USGS-07241550,,,"Stable, normal stage",Routine sample,10,USGS parameter code 82398,Equal width increment (ewi),US DH-95 Teflon bottle,,Alkalinity,Dissolved,181,mg/l CaCO3,,Accepted,,Actual,,,,,,,39086,,,,,,TT061,USGS,"Alkalinity, IPT, Hach",USGS National Field Manual,U.S. Geological Survey-Water Resources Discipline,,,,,,,NWIS
USGS-OK,USGS Oklahoma Water Science Center,nwisok.01.02000052,Sample-Routine,Water,Surface Water,2019-11-21,10:30:00,CST,,,,,,,,,,,,U.S. Geological Survey-Water Resources Discipline,USGS-07241550,,,"Stable, low stage",Routine sample,40,USGS parameter code 82398,Multiple verticals,US DH-81,,Alkalinity,Dissolved,230,mg/l CaCO3,,Accepted,,Actual,,,,,,,39086,,,,,,TT061,USGS,"Alkalinity, IPT, Hach",USGS National Field Manual,U.S. Geological Survey-Water Resources Discipline,,,,,,,NWIS
USGS-OK,USGS Oklahoma Water Science Center,nwisok.01.02000052,Sample-Routine,Water,Surface Water,2019-11-21,10:30:00,CST,,,,,,,,,,,,U.S. Geological Survey-Water Resources Discipline,USGS-07241550,,,"Stable, low stage",Routine sample,40,USGS parameter code 82398,Multiple verticals,US DH-81,,Alkalinity,Total,230,mg/l CaCO3,,Accepted,,Actual,,,,,,Hold-time violation - for accurate results measure in the field without delay. See NWQL Tech Memo 95-01 Holding-Time Violation - for accurate results measure in the field without delay. See NWQL Tech Memo 95-01.,90410,,,,,,TT040,USGS,"Alkalinity, titr. pH 4.5 (NWQL)","USGS TWRI 5-A1/1989, p 57","USGS-National Water Quality Lab, Denver, CO",2019-12-09,holding time exceededsee result laboratory comment,Blank-adjusted method detect limit,4,mg/l CaCO3,,NWIS
USGS-OK,USGS Oklahoma Water Science Center,nwisok.01.01900401,Sample-Routine,Water,Surface Water,2019-08-20,11:30:00,CDT,,,,,,,,,,,National Water Quality Assessment Program (NAWQA),U.S. Geological Survey-Water Resources Discipline,USGS-07241550,,,"Stable, normal stage",Routine sample,10,USGS parameter code 82398,Equal width increment (ewi),US DH-95 Teflon bottle,,Alkalinity,Dissolved,205,mg/l CaCO3,,Accepted,,Actual,,,,,,Hold-time violation - for accurate results measure in the field without delay. See NWQL Tech Memo 95-01 Holding-Time Violation - for accurate results measure in the field without delay. See NWQL Tech Memo 95-01.,29801,,,,,,TT040,USGS,"Alkalinity, titr. pH 4.5 (NWQL)","USGS TWRI 5-A1/1989, p 57","USGS-National Water Quality Lab, Denver, CO",2019-09-04,holding time exceededsee result laboratory comment,Blank-adjusted method detect limit,4,mg/l CaCO3,,NWIS
USGS-OK,USGS Oklahoma Water Science Center,nwisok.01.01900289,Quality Control Sample-Field Replicate,Water,Surface Water,2019-06-11,12:00:00,CDT,,,,,,,,,,,National Water Quality Assessment Program (NAWQA),U.S. Geological Survey-Water Resources Discipline,USGS-07241550,,,Falling stage,Routine sample,40,USGS parameter code 82398,Multiple verticals,US DH-95 Teflon bottle,,Alkalinity,Dissolved,132,mg/l CaCO3,,Accepted,,Actual,,,,,,Hold-time violation - for accurate results measure in the field without delay. See NWQL Tech Memo 95-01 Holding-Time Violation - for accurate results measure in the field without delay. See NWQL Tech Memo 95-01.,29801,,,,,,TT040,USGS,"Alkalinity, titr. pH 4.5 (NWQL)","USGS TWRI 5-A1/1989, p 57","USGS-National Water Quality Lab, Denver, CO",2019-06-25,holding time exceededsee result laboratory comment,Blank-adjusted method detect limit,4,mg/l CaCO3,,NWIS
USGS-OK,USGS Oklahoma Water Science Center,nwisok.01.01900289,Quality Control Sample-Field Replicate,Water,Surface Water,2019-06-11,12:00:00,CDT,,,,,,,,,,,National Water Quality Assessment Program (NAWQA),U.S. Geological Survey-Water Resources Discipline,USGS-07241550,,,Falling stage,Routine sample,40,USGS parameter code 82398,Multiple verticals,US DH-95 Teflon bottle,,Alkalinity,Dissolved,130,mg/l CaCO3,,Accepted,,Actual,,,,,,,39086,,,,,,TT061,USGS,"Alkalinity, IPT, Hach",USGS National Field Manual,,,,,,,,NWIS
USGS-OK,USGS Oklahoma Water Science Center,nwisok.01.01900368,Sample-Routine,Water,Surface Water,2019-07-18,10:30:00,CDT,,,,,,,,,,,,U.S. Geological Survey-Water Resources Discipline,USGS-07241550,"Pesticide sample was planned but not obtained. Updated Null Qualifier to ""a""",,"Stable, normal stage",Routine sample,10,USGS parameter code 82398,Equal width increment (ewi),US DH-95 plastic bottle,,Alkalinity,Dissolved,221,mg/l CaCO3,,Accepted,,Actual,,,,,,,39086,,,,,,TT061,USGS,"Alkalinity, IPT, Hach",USGS National Field Manual,U.S. Geological Survey-Water Resources Discipline,,,,,,,NWIS
USGS-OK,USGS Oklahoma Water Science Center,nwisok.01.01900368,Sample-Routine,Water,Surface Water,2019-07-18,10:30:00,CDT,,,,,,,,,,,,U.S. Geological Survey-Water Resources Discipline,USGS-07241550,"Pesticide sample was planned but not obtained. Updated Null Qualifier to ""a""",,"Stable, normal stage",Routine sample,10,USGS parameter code 82398,Equal width increment (ewi),US DH-95 plastic bottle,,Alkalinity,Total,236,mg/l CaCO3,,Accepted,,Actual,,,,,,Hold-time violation - for accurate results measure in the field without delay. See NWQL Tech Memo 95-01 Holding-Time Violation - for accurate results measure in the field without delay. See NWQL Tech Memo 95-01.,90410,,,,,,TT040,USGS,"Alkalinity, titr. pH 4.5 (NWQL)","USGS TWRI 5-A1/1989, p 57","USGS-National Water Quality Lab, Denver, CO",2019-08-05,holding time exceededsee result laboratory comment,Blank-adjusted method detect limit,4,mg/l CaCO3,,NWIS
USGS-OK,USGS Oklahoma Water Science Center,nwisok.01.01900155,Sample-Routine,Water,Surface Water,2019-03-21,10:30:00,CST,,,,,,,,,,,National Water Quality Assessment Program (NAWQA),U.S. Geological Survey-Water Resources Discipline,USGS-07241550,,,"Stable, normal stage",Routine sample,40,USGS parameter code 82398,Multiple verticals,US DH-81 with Teflon cap and nozzle,,Alkalinity,Dissolved,227,mg/l CaCO3,,Accepted,,Actual,,,,,,Hold-time violation - for accurate results measure in the field without delay. See NWQL Tech Memo 95-01 Holding-Time Violation - for accurate results measure in the field without delay. See NWQL Tech Memo 95-01.,29801,,,,,,TT040,USGS,"Alkalinity, titr. pH 4.5 (NWQL)","USGS TWRI 5-A1/1989, p 57","USGS-National Water Quality Lab, Denver, CO",2019-04-02,holding time exceededsee result laboratory comment,Blank-adjusted method detect limit,4,mg/l CaCO3,,NWIS
USGS-OK,USGS Oklahoma Water Science Center,nwisok.01.01900155,Sample-Routine,Water,Surface Water,2019-03-21,10:30:00,CST,,,,,,,,,,,National Water Quality Assessment Program (NAWQA),U.S. Geological Survey-Water Resources Discipline,USGS-07241550,,,"Stable, normal stage",Routine sample,40,USGS parameter code 82398,Multiple verticals,US DH-81 with Teflon cap and nozzle,,Alkalinity,Dissolved,226,mg/l CaCO3,,Accepted,,Actual,,,,,,,39086,,,,,,TT061,USGS,"Alkalinity, IPT, Hach",USGS National Field Manual,U.S. Geological Survey-Water Resources Discipline,,,,,,,NWIS
USGS-OK,USGS Oklahoma Water Science Center,nwisok.01.01900267,Sample-Routine,Water,Surface Water,2019-05-28,11:30:00,CDT,,,,,,,,,,,National Water Quality Assessment Program (NAWQA),U.S. Geological Survey-Water Resources Discipline,USGS-07241550,L-1510025 No PEST received.  Deleted LS2437. 5/29/2019 mec,,Falling stage,Routine sample,10,USGS parameter code 82398,Equal width increment (ewi),US DH-95 Teflon bottle,,Alkalinity,Dissolved,122,mg/l CaCO3,,Accepted,,Actual,,,,,,Hold-time violation - for accurate results measure in the field without delay. See NWQL Tech Memo 95-01 Holding-Time Violation - for accurate results measure in the field without delay. See NWQL Tech Memo 95-01.,29801,,,,,,TT040,USGS,"Alkalinity, titr. pH 4.5 (NWQL)","USGS TWRI 5-A1/1989, p 57","USGS-National Water Quality Lab, Denver, CO",2019-06-13,holding time exceededsee result laboratory comment,Blank-adjusted method detect limit,4,mg/l CaCO3,,NWIS
USGS-OK,USGS Oklahoma Water Science Center,nwisok.01.01900267,Sample-Routine,Water,Surface Water,2019-05-28,11:30:00,CDT,,,,,,,,,,,National Water Quality Assessment Program (NAWQA),U.S. Geological Survey-Water Resources Discipline,USGS-07241550,L-1510025 No PEST received.  Deleted LS2437. 5/29/2019 mec,,Falling stage,Routine sample,10,USGS parameter code 82398,Equal width increment (ewi),US DH-95 Teflon bottle,,Alkalinity,Dissolved,119,mg/l CaCO3,,Accepted,,Actual,,,,,,,39086,,,,,,TT061,USGS,"Alkalinity, IPT, Hach",USGS National Field Manual,U.S. Geological Survey-Water Resources Discipline,,,,,,,NWIS
USGS-OK,USGS Oklahoma Water Science Center,nwisok.01.01900181,Sample-Routine,Water,Surface Water,2019-04-16,11:00:00,CST,,,,,,,,,,,National Water Quality Assessment Program (NAWQA),U.S. Geological Survey-Water Resources Discipline,USGS-07241550,L-1080318 X= Station ID on TBY is 0724150. FED EX LATE DELIVERY. RECEIVED 4/18/2019.,,Falling stage,Routine sample,40,USGS parameter code 82398,Multiple verticals,US DH-95 Teflon bottle,,Alkalinity,Dissolved,137,mg/l CaCO3,,Accepted,,Actual,,,,,,Hold-time violation - for accurate results measure in the field without delay. See NWQL Tech Memo 95-01 Holding-Time Violation - for accurate results measure in the field without delay. See NWQL Tech Memo 95-01.,29801,,,,,,TT040,USGS,"Alkalinity, titr. pH 4.5 (NWQL)","USGS TWRI 5-A1/1989, p 57","USGS-National Water Quality Lab, Denver, CO",2019-05-03,holding time exceededsee result laboratory comment,Blank-adjusted method detect limit,4,mg/l CaCO3,,NWIS
USGS-OK,USGS Oklahoma Water Science Center,nwisok.01.01900181,Sample-Routine,Water,Surface Water,2019-04-16,11:00:00,CST,,,,,,,,,,,National Water Quality Assessment Program (NAWQA),U.S. Geological Survey-Water Resources Discipline,USGS-07241550,L-1080318 X= Station ID on TBY is 0724150. FED EX LATE DELIVERY. RECEIVED 4/18/2019.,,Falling stage,Routine sample,40,USGS parameter code 82398,Multiple verticals,US DH-95 Teflon bottle,,Alkalinity,Dissolved,125,mg/l CaCO3,,Accepted,,Actual,,,,,,,39086,,,,,,TT061,USGS,"Alkalinity, IPT, Hach",USGS National Field Manual,U.S. Geological Survey-Water Resources Discipline,,,,,,,NWIS
USGS-OK,USGS Oklahoma Water Science Center,nwisok.01.01900103,Sample-Routine,Water,Surface Water,2019-02-04,10:00:00,CST,,,,,,,,,,,,U.S. Geological Survey-Water Resources Discipline,USGS-07241550,L-0360082 Deleted LC 3211 per Eschenburg/Miller.  KB 2/6/19,,"Stable, normal stage",Routine sample,40,USGS parameter code 82398,Multiple verticals,US DH-81 with Teflon cap and nozzle,,Alkalinity,Dissolved,275,mg/l CaCO3,,Accepted,,Actual,,,,,,,39086,,,,,,TT061,USGS,"Alkalinity, IPT, Hach",USGS National Field Manual,U.S. Geological Survey-Water Resources Discipline,,,,,,,NWIS
USGS-OK,USGS Oklahoma Water Science Center,nwisok.01.01900103,Sample-Routine,Water,Surface Water,2019-02-04,10:00:00,CST,,,,,,,,,,,,U.S. Geological Survey-Water Resources Discipline,USGS-07241550,L-0360082 Deleted LC 3211 per Eschenburg/Miller.  KB 2/6/19,,"Stable, normal stage",Routine sample,40,USGS parameter code 82398,Multiple verticals,US DH-81 with Teflon cap and nozzle,,Alkalinity,Total,267,mg/l CaCO3,,Accepted,,Actual,,,,,,Hold-time violation - for accurate results measure in the field without delay. See NWQL Tech Memo 95-01 Holding-Time Violation - for accurate results measure in the field without delay. See NWQL Tech Memo 95-01.,90410,,,,,,TT040,USGS,"Alkalinity, titr. pH 4.5 (NWQL)","USGS TWRI 5-A1/1989, p 57","USGS-National Water Quality Lab, Denver, CO",2019-02-22,holding time exceededsee result laboratory comment,Blank-adjusted method detect limit,4,mg/l CaCO3,,NWIS
USGS-OK,USGS Oklahoma Water Science Center,nwisok.01.01900259,Sample-Routine,Water,Surface Water,2019-05-20,11:00:00,CST,,,,,,,,,,,National Water Quality Assessment Program (NAWQA),U.S. Geological Survey-Water Resources Discipline,USGS-07241550,,,Falling stage,Routine sample,10,USGS parameter code 82398,Equal width increment (ewi),US DH-95 Teflon bottle,,Alkalinity,Dissolved,150,mg/l CaCO3,,Accepted,,Actual,,,,,,Hold-time violation - for accurate results measure in the field without delay. See NWQL Tech Memo 95-01 Holding-Time Violation - for accurate results measure in the field without delay. See NWQL Tech Memo 95-01.,29801,,,,,,TT040,USGS,"Alkalinity, titr. pH 4.5 (NWQL)","USGS TWRI 5-A1/1989, p 57","USGS-National Water Quality Lab, Denver, CO",2019-06-11,holding time exceededsee result laboratory comment,Blank-adjusted method detect limit,4,mg/l CaCO3,,NWIS
USGS-OK,USGS Oklahoma Water Science Center,nwisok.01.01900259,Sample-Routine,Water,Surface Water,2019-05-20,11:00:00,CST,,,,,,,,,,,National Water Quality Assessment Program (NAWQA),U.S. Geological Survey-Water Resources Discipline,USGS-07241550,,,Falling stage,Routine sample,10,USGS parameter code 82398,Equal width increment (ewi),US DH-95 Teflon bottle,,Alkalinity,Dissolved,151,mg/l CaCO3,,Accepted,,Actual,,,,,,,39086,,,,,,TT061,USGS,"Alkalinity, IPT, Hach",USGS National Field Manual,U.S. Geological Survey-Water Resources Discipline,,,,,,,NWIS
USGS-OK,USGS Oklahoma Water Science Center,nwisok.01.01900423,Sample-Routine,Water,Surface Water,2019-09-03,12:30:00,CDT,,,,,,,,,,,National Water Quality Assessment Program (NAWQA),U.S. Geological Survey-Water Resources Discipline,USGS-07241550,,,"Stable, normal stage",Routine sample,40,USGS parameter code 82398,Multiple verticals,US DH-81 with Teflon cap and nozzle,,Alkalinity,Dissolved,188,mg/l CaCO3,,Accepted,,Actual,,,,,,Hold-time violation - for accurate results measure in the field without delay. See NWQL Tech Memo 95-01 Holding-Time Violation - for accurate results measure in the field without delay. See NWQL Tech Memo 95-01.,29801,,,,,,TT040,USGS,"Alkalinity, titr. pH 4.5 (NWQL)","USGS TWRI 5-A1/1989, p 57","USGS-National Water Quality Lab, Denver, CO",2019-09-17,holding time exceededsee result laboratory comment,Blank-adjusted method detect limit,4,mg/l CaCO3,,NWIS
USGS-OK,USGS Oklahoma Water Science Center,nwisok.01.01900423,Sample-Routine,Water,Surface Water,2019-09-03,12:30:00,CDT,,,,,,,,,,,National Water Quality Assessment Program (NAWQA),U.S. Geological Survey-Water Resources Discipline,USGS-07241550,,,"Stable, normal stage",Routine sample,40,USGS parameter code 82398,Multiple verticals,US DH-81 with Teflon cap and nozzle,,Alkalinity,Dissolved,202,mg/l CaCO3,,Accepted,,Actual,,,,,,,39086,,,,,,TT061,USGS,"Alkalinity, IPT, Hach",USGS National Field Manual,U.S. Geological Survey-Water Resources Discipline,,,,,,,NWIS
USGS-OK,USGS Oklahoma Water Science Center,nwisok.01.01900363,Sample-Routine,Water,Surface Water,2019-07-15,13:30:00,CDT,,,,,,,,,,,National Water Quality Assessment Program (NAWQA),U.S. Geological Survey-Water Resources Discipline,USGS-07241550,,,Falling stage,Routine sample,10,USGS parameter code 82398,Equal width increment (ewi),US DH-95 Teflon bottle,,Alkalinity,Dissolved,236,mg/l CaCO3,,Accepted,,Actual,,,,,,Hold-time violation - for accurate results measure in the field without delay. See NWQL Tech Memo 95-01 Holding-Time Violation - for accurate results measure in the field without delay. See NWQL Tech Memo 95-01.,29801,,,,,,TT040,USGS,"Alkalinity, titr. pH 4.5 (NWQL)","USGS TWRI 5-A1/1989, p 57","USGS-National Water Quality Lab, Denver, CO",2019-07-29,holding time exceededsee result laboratory comment,Blank-adjusted method detect limit,4,mg/l CaCO3,,NWIS
USGS-OK,USGS Oklahoma Water Science Center,nwisok.01.01900363,Sample-Routine,Water,Surface Water,2019-07-15,13:30:00,CDT,,,,,,,,,,,National Water Quality Assessment Program (NAWQA),U.S. Geological Survey-Water Resources Discipline,USGS-07241550,,,Falling stage,Routine sample,10,USGS parameter code 82398,Equal width increment (ewi),US DH-95 Teflon bottle,,Alkalinity,Dissolved,227,mg/l CaCO3,,Accepted,,Actual,,,,,,,39086,,,,,,TT061,USGS,"Alkalinity, IPT, Hach",USGS National Field Manual,U.S. Geological Survey-Water Resources Discipline,,,,,,,NWIS
USGS-OK,USGS Oklahoma Water Science Center,nwisok.01.01900395,Sample-Routine,Water,Surface Water,2019-08-08,12:00:00,CDT,,,,,,,,,,,,U.S. Geological Survey-Water Resources Discipline,USGS-07241550,,,Rising stage,Routine sample,10,USGS parameter code 82398,Equal width increment (ewi),US DH-95 Teflon bottle,,Alkalinity,Dissolved,256,mg/l CaCO3,,Accepted,,Actual,,,,,,,39086,,,,,,TT061,USGS,"Alkalinity, IPT, Hach",USGS National Field Manual,U.S. Geological Survey-Water Resources Discipline,,,,,,,NWIS
USGS-OK,USGS Oklahoma Water Science Center,nwisok.01.01900395,Sample-Routine,Water,Surface Water,2019-08-08,12:00:00,CDT,,,,,,,,,,,,U.S. Geological Survey-Water Resources Discipline,USGS-07241550,,,Rising stage,Routine sample,10,USGS parameter code 82398,Equal width increment (ewi),US DH-95 Teflon bottle,,Alkalinity,Total,218,mg/l CaCO3,,Accepted,,Actual,,,,,,Hold-time violation - for accurate results measure in the field without delay. See NWQL Tech Memo 95-01 Holding-Time Violation - for accurate results measure in the field without delay. See NWQL Tech Memo 95-01.,90410,,,,,,TT040,USGS,"Alkalinity, titr. pH 4.5 (NWQL)","USGS TWRI 5-A1/1989, p 57","USGS-National Water Quality Lab, Denver, CO",2019-08-27,holding time exceededsee result laboratory comment,Blank-adjusted method detect limit,4,mg/l CaCO3,,NWIS
USGS-OK,USGS Oklahoma Water Science Center,nwisok.01.01900135,Sample-Routine,Water,Surface Water,2019-03-06,13:15:00,CST,,,,,,,,,,,,U.S. Geological Survey-Water Resources Discipline,USGS-07241550,,,"Stable, normal stage",Routine sample,40,USGS parameter code 82398,Multiple verticals,US DH-81,,Alkalinity,Dissolved,282,mg/l CaCO3,,Accepted,,Actual,,,,,,,39086,,,,,,,,,,U.S. Geological Survey-Water Resources Discipline,,,,,,,NWIS
USGS-OK,USGS Oklahoma Water Science Center,nwisok.01.01900135,Sample-Routine,Water,Surface Water,2019-03-06,13:15:00,CST,,,,,,,,,,,,U.S. Geological Survey-Water Resources Discipline,USGS-07241550,,,"Stable, normal stage",Routine sample,40,USGS parameter code 82398,Multiple verticals,US DH-81,,Alkalinity,Total,280,mg/l CaCO3,,Accepted,,Actual,,,,,,Hold-time violation - for accurate results measure in the field without delay. See NWQL Tech Memo 95-01 Holding-Time Violation - for accurate results measure in the field without delay. See NWQL Tech Memo 95-01.,90410,,,,,,TT040,USGS,"Alkalinity, titr. pH 4.5 (NWQL)","USGS TWRI 5-A1/1989, p 57","USGS-National Water Quality Lab, Denver, CO",2019-03-20,holding time exceededsee result laboratory comment,Blank-adjusted method detect limit,4,mg/l CaCO3,,NWIS
USGS-OK,USGS Oklahoma Water Science Center,nwisok.01.01900098,Quality Control Sample-Field Replicate,Water,Surface Water,2019-01-30,13:30:00,CST,,,,,,,,,,,,U.S. Geological Survey-Water Resources Discipline,USGS-07241550,,,"Stable, normal stage",Routine sample,40,USGS parameter code 82398,Multiple verticals,US DH-81,,Alkalinity,Dissolved,268,mg/l CaCO3,,Accepted,,Actual,,,,,,,39086,,,,,,TT061,USGS,"Alkalinity, IPT, Hach",USGS National Field Manual,,,,,,,,NWIS
USGS-OK,USGS Oklahoma Water Science Center,nwisok.01.01900098,Quality Control Sample-Field Replicate,Water,Surface Water,2019-01-30,13:30:00,CST,,,,,,,,,,,,U.S. Geological Survey-Water Resources Discipline,USGS-07241550,,,"Stable, normal stage",Routine sample,40,USGS parameter code 82398,Multiple verticals,US DH-81,,Alkalinity,Total,271,mg/l CaCO3,,Accepted,,Actual,,,,,,Hold-time violation - for accurate results measure in the field without delay. See NWQL Tech Memo 95-01 Holding-Time Violation - for accurate results measure in the field without delay. See NWQL Tech Memo 95-01.,90410,,,,,,TT040,USGS,"Alkalinity, titr. pH 4.5 (NWQL)","USGS TWRI 5-A1/1989, p 57","USGS-National Water Quality Lab, Denver, CO",2019-02-22,holding time exceededsee result laboratory comment,Blank-adjusted method detect limit,4,mg/l CaCO3,,NWIS
USGS-OK,USGS Oklahoma Water Science Center,nwisok.01.02000042,Sample-Routine,Water,Surface Water,2019-11-05,10:30:00,CST,,,,,,,,,,,National Water Quality Assessment Program (NAWQA),U.S. Geological Survey-Water Resources Discipline,USGS-07241550,L-3100064 X = Please do not ship coolers inside of cardboard boxes/containers.,,"Stable, low stage",Routine sample,10,USGS parameter code 82398,Equal width increment (ewi),US DH-81 with Teflon cap and nozzle,,Alkalinity,Dissolved,196,mg/l CaCO3,,Accepted,,Actual,,,,,,Hold-time violation - for accurate results measure in the field without delay. See NWQL Tech Memo 95-01 Holding-Time Violation - for accurate results measure in the field without delay. See NWQL Tech Memo 95-01.,29801,,,,,,TT040,USGS,"Alkalinity, titr. pH 4.5 (NWQL)","USGS TWRI 5-A1/1989, p 57","USGS-National Water Quality Lab, Denver, CO",2019-11-20,holding time exceededsee result laboratory comment,Blank-adjusted method detect limit,4,mg/l CaCO3,,NWIS
USGS-OK,USGS Oklahoma Water Science Center,nwisok.01.02000042,Sample-Routine,Water,Surface Water,2019-11-05,10:30:00,CST,,,,,,,,,,,National Water Quality Assessment Program (NAWQA),U.S. Geological Survey-Water Resources Discipline,USGS-07241550,L-3100064 X = Please do not ship coolers inside of cardboard boxes/containers.,,"Stable, low stage",Routine sample,10,USGS parameter code 82398,Equal width increment (ewi),US DH-81 with Teflon cap and nozzle,,Alkalinity,Dissolved,191,mg/l CaCO3,,Accepted,,Actual,,,,,,,39086,,,,,,TT061,USGS,"Alkalinity, IPT, Hach",USGS National Field Manual,U.S. Geological Survey-Water Resources Discipline,,,,,,,NWIS
USGS-OK,USGS Oklahoma Water Science Center,nwisok.01.02000017,Sample-Routine,Water,Surface Water,2019-10-10,09:30:00,CDT,,,,,,,,,,,,U.S. Geological Survey-Water Resources Discipline,USGS-07241550,,,"Stable, normal stage",Routine sample,40,USGS parameter code 82398,Multiple verticals,US DH-81,,Alkalinity,Dissolved,145,mg/l CaCO3,,Accepted,,Actual,,,,,,,39086,,,,,,TT061,USGS,"Alkalinity, IPT, Hach",USGS National Field Manual,U.S. Geological Survey-Water Resources Discipline,,,,,,,NWIS
USGS-OK,USGS Oklahoma Water Science Center,nwisok.01.02000017,Sample-Routine,Water,Surface Water,2019-10-10,09:30:00,CDT,,,,,,,,,,,,U.S. Geological Survey-Water Resources Discipline,USGS-07241550,,,"Stable, normal stage",Routine sample,40,USGS parameter code 82398,Multiple verticals,US DH-81,,Alkalinity,Total,213,mg/l CaCO3,,Accepted,,Actual,,,,,,Hold-time violation - for accurate results measure in the field without delay. See NWQL Tech Memo 95-01 Holding-Time Violation - for accurate results measure in the field without delay. See NWQL Tech Memo 95-01. The holding time for the processing of this sample has been exceeded,90410,,,,,,TT040,USGS,"Alkalinity, titr. pH 4.5 (NWQL)","USGS TWRI 5-A1/1989, p 57","USGS-National Water Quality Lab, Denver, CO",2019-11-19,"holding time exceededvalue verified by rerun, same methodsee result laboratory comment",Blank-adjusted method detect limit,4,mg/l CaCO3,,NWIS
USGS-OK,USGS Oklahoma Water Science Center,nwisok.01.01900192,Sample-Routine,Water,Surface Water,2019-04-17,13:30:00,CDT,,,,,,,,,,,,U.S. Geological Survey-Water Resources Discipline,USGS-07241550,,,"Stable, normal stage",Routine sample,40,USGS parameter code 82398,Multiple verticals,US DH-95 plastic bottle,,Alkalinity,Dissolved,165,mg/l CaCO3,,Accepted,,Actual,,,,,,,39086,,,,,,TT061,USGS,"Alkalinity, IPT, Hach",USGS National Field Manual,U.S. Geological Survey-Water Resources Discipline,,,,,,,NWIS
USGS-OK,USGS Oklahoma Water Science Center,nwisok.01.01900192,Sample-Routine,Water,Surface Water,2019-04-17,13:30:00,CDT,,,,,,,,,,,,U.S. Geological Survey-Water Resources Discipline,USGS-07241550,,,"Stable, normal stage",Routine sample,40,USGS parameter code 82398,Multiple verticals,US DH-95 plastic bottle,,Alkalinity,Total,181,mg/l CaCO3,,Accepted,,Actual,,,,,,Hold-time violation - for accurate results measure in the field without delay. See NWQL Tech Memo 95-01 Holding-Time Violation - for accurate results measure in the field without delay. See NWQL Tech Memo 95-01.,90410,,,,,,TT040,USGS,"Alkalinity, titr. pH 4.5 (NWQL)","USGS TWRI 5-A1/1989, p 57","USGS-National Water Quality Lab, Denver, CO",2019-04-25,holding time exceededsee result laboratory comment,Blank-adjusted method detect limit,4,mg/l CaCO3,,NWIS
USGS-OK,USGS Oklahoma Water Science Center,nwisok.01.01900280,Sample-Routine,Water,Surface Water,2019-06-04,11:30:00,CDT,,,,,,,,,,,National Water Quality Assessment Program (NAWQA),U.S. Geological Survey-Water Resources Discipline,USGS-07241550,,,Falling stage,Routine sample,40,USGS parameter code 82398,Multiple verticals,US DH-95 Teflon bottle,,Alkalinity,Dissolved,238,mg/l CaCO3,,Accepted,,Actual,,,,,,Hold-time violation - for accurate results measure in the field without delay. See NWQL Tech Memo 95-01 Holding-Time Violation - for accurate results measure in the field without delay. See NWQL Tech Memo 95-01.,29801,,,,,,TT040,USGS,"Alkalinity, titr. pH 4.5 (NWQL)","USGS TWRI 5-A1/1989, p 57","USGS-National Water Quality Lab, Denver, CO",2019-06-25,"holding time exceededvalue verified by rerun, same methodsee result laboratory comment",Blank-adjusted method detect limit,4,mg/l CaCO3,,NWIS
USGS-OK,USGS Oklahoma Water Science Center,nwisok.01.01900280,Sample-Routine,Water,Surface Water,2019-06-04,11:30:00,CDT,,,,,,,,,,,National Water Quality Assessment Program (NAWQA),U.S. Geological Survey-Water Resources Discipline,USGS-07241550,,,Falling stage,Routine sample,40,USGS parameter code 82398,Multiple verticals,US DH-95 Teflon bottle,,Alkalinity,Dissolved,293,mg/l CaCO3,,Accepted,,Actual,,,,,,,39086,,,,,,TT061,USGS,"Alkalinity, IPT, Hach",USGS National Field Manual,U.S. Geological Survey-Water Resources Discipline,,,,,,,NWIS
USGS-OK,USGS Oklahoma Water Science Center,nwisok.01.01900247,Sample-Routine,Water,Surface Water,2019-05-09,10:30:00,CDT,,,,,,,,,,,National Water Quality Assessment Program (NAWQA),U.S. Geological Survey-Water Resources Discipline,USGS-07241550,,,Falling stage,Routine sample,10,USGS parameter code 82398,Equal width increment (ewi),US DH-95 Teflon bottle,,Alkalinity,Dissolved,98.3,mg/l CaCO3,,Accepted,,Actual,,,,,,Hold-time violation - for accurate results measure in the field without delay. See NWQL Tech Memo 95-01 Holding-Time Violation - for accurate results measure in the field without delay. See NWQL Tech Memo 95-01. The holding time for the processing of this sample has been exceeded,29801,,,,,,TT040,USGS,"Alkalinity, titr. pH 4.5 (NWQL)","USGS TWRI 5-A1/1989, p 57","USGS-National Water Quality Lab, Denver, CO",2019-06-11,"holding time exceededvalue verified by rerun, same methodsee result laboratory comment",Blank-adjusted method detect limit,4,mg/l CaCO3,,NWIS
USGS-OK,USGS Oklahoma Water Science Center,nwisok.01.01900381,Sample-Routine,Water,Surface Water,2019-07-25,12:00:00,CDT,,,,,,,,,,,National Water Quality Assessment Program (NAWQA),U.S. Geological Survey-Water Resources Discipline,USGS-07241550,"L-2070197 X = No Time or Date on RU, WCA, TBY.",,"Stable, normal stage",Routine sample,40,USGS parameter code 82398,Multiple verticals,US DH-95 Teflon bottle,,Alkalinity,Dissolved,225,mg/l CaCO3,,Accepted,,Actual,,,,,,Hold-time violation - for accurate results measure in the field without delay. See NWQL Tech Memo 95-01 Holding-Time Violation - for accurate results measure in the field without delay. See NWQL Tech Memo 95-01.,29801,,,,,,TT040,USGS,"Alkalinity, titr. pH 4.5 (NWQL)","USGS TWRI 5-A1/1989, p 57","USGS-National Water Quality Lab, Denver, CO",2019-08-12,holding time exceededsee result laboratory comment,Blank-adjusted method detect limit,4,mg/l CaCO3,,NWIS
USGS-OK,USGS Oklahoma Water Science Center,nwisok.01.01900381,Sample-Routine,Water,Surface Water,2019-07-25,12:00:00,CDT,,,,,,,,,,,National Water Quality Assessment Program (NAWQA),U.S. Geological Survey-Water Resources Discipline,USGS-07241550,"L-2070197 X = No Time or Date on RU, WCA, TBY.",,"Stable, normal stage",Routine sample,40,USGS parameter code 82398,Multiple verticals,US DH-95 Teflon bottle,,Alkalinity,Dissolved,236,mg/l CaCO3,,Accepted,,Actual,,,,,,,39086,,,,,,TT061,USGS,"Alkalinity, IPT, Hach",USGS National Field Manual,U.S. Geological Survey-Water Resources Discipline,,,,,,,NWIS
USGS-OK,USGS Oklahoma Water Science Center,nwisok.01.02000063,Sample-Routine,Water,Surface Water,2019-12-03,10:30:00,CST,,,,,,,,,,,National Water Quality Assessment Program (NAWQA),U.S. Geological Survey-Water Resources Discipline,USGS-07241550,L-3380028 X = Date on sample bottles is 2019/12/03. X = 3 DIC's received.  Changed sample date from 2019/12/30 to 2019/12/03. 12/4/2019 mec,,"Stable, low stage",Routine sample,40,USGS parameter code 82398,Multiple verticals,US DH-81 with Teflon cap and nozzle,,Alkalinity,Dissolved,244,mg/l CaCO3,,Accepted,,Actual,,,,,,Hold-time violation - for accurate results measure in the field without delay. See NWQL Tech Memo 95-01 Holding-Time Violation - for accurate results measure in the field without delay. See NWQL Tech Memo 95-01.,29801,,,,,,TT040,USGS,"Alkalinity, titr. pH 4.5 (NWQL)","USGS TWRI 5-A1/1989, p 57","USGS-National Water Quality Lab, Denver, CO",2019-12-17,"holding time exceededvalue verified by rerun, same methodsee result laboratory comment",Blank-adjusted method detect limit,4,mg/l CaCO3,,NWIS
USGS-OK,USGS Oklahoma Water Science Center,nwisok.01.02000063,Sample-Routine,Water,Surface Water,2019-12-03,10:30:00,CST,,,,,,,,,,,National Water Quality Assessment Program (NAWQA),U.S. Geological Survey-Water Resources Discipline,USGS-07241550,L-3380028 X = Date on sample bottles is 2019/12/03. X = 3 DIC's received.  Changed sample date from 2019/12/30 to 2019/12/03. 12/4/2019 mec,,"Stable, low stage",Routine sample,40,USGS parameter code 82398,Multiple verticals,US DH-81 with Teflon cap and nozzle,,Alkalinity,Dissolved,314,mg/l CaCO3,,Accepted,,Actual,,,,,,,39086,,,,,,TT061,USGS,"Alkalinity, IPT, Hach",USGS National Field Manual,U.S. Geological Survey-Water Resources Discipline,,,,,,,NWIS
USGS-OK,USGS Oklahoma Water Science Center,nwisok.01.01900106,Sample-Routine,Water,Surface Water,2019-02-06,13:00:00,CST,,,,,,,,,,,National Water Quality Assessment Program (NAWQA),U.S. Geological Survey-Water Resources Discipline,USGS-07241550,,,"Stable, normal stage",Routine sample,40,USGS parameter code 82398,Multiple verticals,US DH-81 with Teflon cap and nozzle,,Alkalinity,Dissolved,268,mg/l CaCO3,,Accepted,,Actual,,,,,,Hold-time violation - for accurate results measure in the field without delay. See NWQL Tech Memo 95-01 Holding-Time Violation - for accurate results measure in the field without delay. See NWQL Tech Memo 95-01.,29801,,,,,,TT040,USGS,"Alkalinity, titr. pH 4.5 (NWQL)","USGS TWRI 5-A1/1989, p 57","USGS-National Water Quality Lab, Denver, CO",2019-02-21,holding time exceededsee result laboratory comment,Blank-adjusted method detect limit,4,mg/l CaCO3,,NWIS
USGS-OK,USGS Oklahoma Water Science Center,nwisok.01.01900106,Sample-Routine,Water,Surface Water,2019-02-06,13:00:00,CST,,,,,,,,,,,National Water Quality Assessment Program (NAWQA),U.S. Geological Survey-Water Resources Discipline,USGS-07241550,,,"Stable, normal stage",Routine sample,40,USGS parameter code 82398,Multiple verticals,US DH-81 with Teflon cap and nozzle,,Alkalinity,Dissolved,273,mg/l CaCO3,,Accepted,,Actual,,,,,,,39086,,,,,,,,,,U.S. Geological Survey-Water Resources Discipline,,,,,,,NWIS
USGS-OK,USGS Oklahoma Water Science Center,nwisok.01.01900430,Sample-Routine,Water,Surface Water,2019-09-11,10:00:00,CDT,,,,,,,,,,,,U.S. Geological Survey-Water Resources Discipline,USGS-07241550,,,"Stable, normal stage",Routine sample,40,USGS parameter code 82398,Multiple verticals,US DH-81,,Alkalinity,Dissolved,230,mg/l CaCO3,,Accepted,,Actual,,,,,,,39086,,,,,,TT061,USGS,"Alkalinity, IPT, Hach",USGS National Field Manual,U.S. Geological Survey-Water Resources Discipline,,,,,,,NWIS
USGS-OK,USGS Oklahoma Water Science Center,nwisok.01.01900430,Sample-Routine,Water,Surface Water,2019-09-11,10:00:00,CDT,,,,,,,,,,,,U.S. Geological Survey-Water Resources Discipline,USGS-07241550,,,"Stable, normal stage",Routine sample,40,USGS parameter code 82398,Multiple verticals,US DH-81,,Alkalinity,Total,236,mg/l CaCO3,,Accepted,,Actual,,,,,,Hold-time violation - for accurate results measure in the field without delay. See NWQL Tech Memo 95-01 Holding-Time Violation - for accurate results measure in the field without delay. See NWQL Tech Memo 95-01.,90410,,,,,,TT040,USGS,"Alkalinity, titr. pH 4.5 (NWQL)","USGS TWRI 5-A1/1989, p 57","USGS-National Water Quality Lab, Denver, CO",2019-09-24,holding time exceededsee result laboratory comment,Blank-adjusted method detect limit,4,mg/l CaCO3,,NWIS
USGS-OK,USGS Oklahoma Water Science Center,nwisok.01.02000065,Sample-Routine,Water,Surface Water,2019-12-04,12:15:00,CST,,,,,,,,,,,,U.S. Geological Survey-Water Resources Discipline,USGS-07241550,,,"Stable, low stage",Routine sample,40,USGS parameter code 82398,Multiple verticals,US DH-81,,Alkalinity,Dissolved,238,mg/l CaCO3,,Accepted,,Actual,,,,,,,39086,,,,,,TT061,USGS,"Alkalinity, IPT, Hach",USGS National Field Manual,U.S. Geological Survey-Water Resources Discipline,,,,,,,NWIS
USGS-OK,USGS Oklahoma Water Science Center,nwisok.01.02000065,Sample-Routine,Water,Surface Water,2019-12-04,12:15:00,CST,,,,,,,,,,,,U.S. Geological Survey-Water Resources Discipline,USGS-07241550,,,"Stable, low stage",Routine sample,40,USGS parameter code 82398,Multiple verticals,US DH-81,,Alkalinity,Total,236,mg/l CaCO3,,Accepted,,Actual,,,,,,Hold-time violation - for accurate results measure in the field without delay. See NWQL Tech Memo 95-01 Holding-Time Violation - for accurate results measure in the field without delay. See NWQL Tech Memo 95-01.,90410,,,,,,TT040,USGS,"Alkalinity, titr. pH 4.5 (NWQL)","USGS TWRI 5-A1/1989, p 57","USGS-National Water Quality Lab, Denver, CO",2019-12-19,holding time exceededsee result laboratory comment,Blank-adjusted method detect limit,4,mg/l CaCO3,,NWIS
USGS-OK,USGS Oklahoma Water Science Center,nwisok.01.01900282,Sample-Routine,Water,Surface Water,2019-06-05,15:00:00,CDT,,,,,,,,,,,,U.S. Geological Survey-Water Resources Discipline,USGS-07241550,,,Falling stage,Routine sample,40,USGS parameter code 82398,Multiple verticals,US DH-95 Teflon bottle,,Alkalinity,Dissolved,227,mg/l CaCO3,,Accepted,,Actual,,,,,,,39086,,,,,,TT061,USGS,"Alkalinity, IPT, Hach",USGS National Field Manual,U.S. Geological Survey-Water Resources Discipline,,,,,,,NWIS
USGS-OK,USGS Oklahoma Water Science Center,nwisok.01.01900282,Sample-Routine,Water,Surface Water,2019-06-05,15:00:00,CDT,,,,,,,,,,,,U.S. Geological Survey-Water Resources Discipline,USGS-07241550,,,Falling stage,Routine sample,40,USGS parameter code 82398,Multiple verticals,US DH-95 Teflon bottle,,Alkalinity,Total,247,mg/l CaCO3,,Accepted,,Actual,,,,,,Hold-time violation - for accurate results measure in the field without delay. See NWQL Tech Memo 95-01 Holding-Time Violation - for accurate results measure in the field without delay. See NWQL Tech Memo 95-01.,90410,,,,,,TT040,USGS,"Alkalinity, titr. pH 4.5 (NWQL)","USGS TWRI 5-A1/1989, p 57","USGS-National Water Quality Lab, Denver, CO",2019-06-19,holding time exceededsee result laboratory comment,Blank-adjusted method detect limit,4,mg/l CaCO3,,NWIS
USGS-OK,USGS Oklahoma Water Science Center,nwisok.01.02000102,Sample-Routine,Water,Surface Water,2020-01-15,10:00:00,CST,,,,,,,,,,,National Water Quality Assessment Program (NAWQA),U.S. Geological Survey-Water Resources Discipline,USGS-07241550,,,"Stable, low stage",Routine sample,40,USGS parameter code 82398,Multiple verticals,US DH-81 with Teflon cap and nozzle,,Alkalinity,Dissolved,240,mg/l CaCO3,,Accepted,,Actual,,,,,,Hold-time violation - for accurate results measure in the field without delay. See NWQL Tech Memo 95-01 Holding-Time Violation - for accurate results measure in the field without delay. See NWQL Tech Memo 95-01.,29801,,,,,,TT040,USGS,"Alkalinity, titr. pH 4.5 (NWQL)","USGS TWRI 5-A1/1989, p 57","USGS-National Water Quality Lab, Denver, CO",2020-01-28,holding time exceededsee result laboratory comment,Blank-adjusted method detect limit,4,mg/l CaCO3,,NWIS
USGS-OK,USGS Oklahoma Water Science Center,nwisok.01.02000102,Sample-Routine,Water,Surface Water,2020-01-15,10:00:00,CST,,,,,,,,,,,National Water Quality Assessment Program (NAWQA),U.S. Geological Survey-Water Resources Discipline,USGS-07241550,,,"Stable, low stage",Routine sample,40,USGS parameter code 82398,Multiple verticals,US DH-81 with Teflon cap and nozzle,,Alkalinity,Dissolved,248,mg/l CaCO3,,Accepted,,Actual,,,,,,,39086,,,,,,TT061,USGS,"Alkalinity, IPT, Hach",USGS National Field Manual,U.S. Geological Survey-Water Resources Discipline,,,,,,,NWIS
USGS-OK,USGS Oklahoma Water Science Center,nwisok.01.02000330,Quality Control Sample-Field Replicate,Water,Surface Water,2020-06-16,13:00:00,CDT,,,,,,,,,,,National Water Quality Assessment Program (NAWQA),U.S. Geological Survey-Water Resources Discipline,USGS-07241550,DI Rinse x 2,,"Stable, normal stage",Routine sample,40,USGS parameter code 82398,Multiple verticals,US DH-81 with Teflon cap and nozzle,,Alkalinity,Dissolved,229,mg/l CaCO3,,Accepted,,Actual,,,,,,Holding-Time Violation - for accurate results measure in the field without delay. See NWQL Tech Memo 95-01.,29801,,,,,,TT040,USGS,"Alkalinity, titr. pH 4.5 (NWQL)","USGS TWRI 5-A1/1989, p 57","USGS-National Water Quality Lab, Denver, CO",2020-07-09,"holding time exceededvalue verified by rerun, same methodsee result laboratory comment",Blank-adjusted method detect limit,4,mg/l CaCO3,,NWIS
USGS-OK,USGS Oklahoma Water Science Center,nwisok.01.02000330,Quality Control Sample-Field Replicate,Water,Surface Water,2020-06-16,13:00:00,CDT,,,,,,,,,,,National Water Quality Assessment Program (NAWQA),U.S. Geological Survey-Water Resources Discipline,USGS-07241550,DI Rinse x 2,,"Stable, normal stage",Routine sample,40,USGS parameter code 82398,Multiple verticals,US DH-81 with Teflon cap and nozzle,,Alkalinity,Dissolved,191,mg/l CaCO3,,Accepted,,Actual,,,,,,,39086,,,,,,TT061,USGS,"Alkalinity, IPT, Hach",USGS National Field Manual,U.S. Geological Survey-Water Resources Discipline,,,,,,,NWIS
USGS-OK,USGS Oklahoma Water Science Center,nwisok.01.02000399,Sample-Routine,Water,Surface Water,2020-08-19,10:30:00,CDT,,,,,,,,,,,,U.S. Geological Survey-Water Resources Discipline,USGS-07241550,,,Rising stage,Routine sample,40,USGS parameter code 82398,Multiple verticals,US DH-81 with Teflon cap and nozzle,,Alkalinity,Dissolved,147,mg/l CaCO3,,Accepted,,Actual,,,,,,,39086,,,,,,TT061,USGS,"Alkalinity, IPT, Hach",USGS National Field Manual,U.S. Geological Survey-Water Resources Discipline,,,,,,,NWIS
USGS-OK,USGS Oklahoma Water Science Center,nwisok.01.02000399,Sample-Routine,Water,Surface Water,2020-08-19,10:30:00,CDT,,,,,,,,,,,,U.S. Geological Survey-Water Resources Discipline,USGS-07241550,,,Rising stage,Routine sample,40,USGS parameter code 82398,Multiple verticals,US DH-81 with Teflon cap and nozzle,,Alkalinity,Total,165,mg/l CaCO3,,Accepted,,Actual,,,,,,Holding-Time Violation - for accurate results measure in the field without delay. See NWQL Tech Memo 95-01.,90410,,,,,,TT040,USGS,"Alkalinity, titr. pH 4.5 (NWQL)","USGS TWRI 5-A1/1989, p 57","USGS-National Water Quality Lab, Denver, CO",2020-09-18,holding time exceededsee result laboratory comment,Blank-adjusted method detect limit,4,mg/l CaCO3,,NWIS
USGS-OK,USGS Oklahoma Water Science Center,nwisok.01.02100098,Sample-Routine,Water,Surface Water,2020-12-03,15:00:00,CST,,,,,,,,,,,,U.S. Geological Survey-Water Resources Discipline,USGS-07241550,,,"Stable, normal stage",Routine sample,10,USGS parameter code 82398,Equal width increment (ewi),US DH-81,,Alkalinity,Dissolved,219,mg/l CaCO3,,Accepted,,Actual,,,,,,,39086,,,,,,TT061,USGS,"Alkalinity, IPT, Hach",USGS National Field Manual,U.S. Geological Survey-Water Resources Discipline,,,,,,,NWIS
USGS-OK,USGS Oklahoma Water Science Center,nwisok.01.02100098,Sample-Routine,Water,Surface Water,2020-12-03,15:00:00,CST,,,,,,,,,,,,U.S. Geological Survey-Water Resources Discipline,USGS-07241550,,,"Stable, normal stage",Routine sample,10,USGS parameter code 82398,Equal width increment (ewi),US DH-81,,Alkalinity,Total,205,mg/l CaCO3,,Accepted,,Actual,,,,,,Holding-Time Violation - for accurate results measure in the field without delay. See NWQL Tech Memo 95-01.,90410,,,,,,TT040,USGS,"Alkalinity, titr. pH 4.5 (NWQL)","USGS TWRI 5-A1/1989, p 57","USGS-National Water Quality Lab, Denver, CO",2020-12-30,holding time exceededsee result laboratory comment,Blank-adjusted method detect limit,4,mg/l CaCO3,,NWIS
USGS-OK,USGS Oklahoma Water Science Center,nwisok.01.02100065,Sample-Routine,Water,Surface Water,2020-12-01,10:00:00,CST,,,,,,,,,,,National Water Quality Assessment Program (NAWQA),U.S. Geological Survey-Water Resources Discipline,USGS-07241550,,,"Stable, normal stage",Routine sample,40,USGS parameter code 82398,Multiple verticals,US DH-81 with Teflon cap and nozzle,,Alkalinity,Dissolved,212,mg/l CaCO3,,Accepted,,Actual,,,,,,Holding-Time Violation - for accurate results measure in the field without delay. See NWQL Tech Memo 95-01.,29801,,,,,,TT040,USGS,"Alkalinity, titr. pH 4.5 (NWQL)","USGS TWRI 5-A1/1989, p 57","USGS-National Water Quality Lab, Denver, CO",2020-12-28,holding time exceededsee result laboratory comment,Blank-adjusted method detect limit,4,mg/l CaCO3,,NWIS
USGS-OK,USGS Oklahoma Water Science Center,nwisok.01.02100065,Sample-Routine,Water,Surface Water,2020-12-01,10:00:00,CST,,,,,,,,,,,National Water Quality Assessment Program (NAWQA),U.S. Geological Survey-Water Resources Discipline,USGS-07241550,,,"Stable, normal stage",Routine sample,40,USGS parameter code 82398,Multiple verticals,US DH-81 with Teflon cap and nozzle,,Alkalinity,Dissolved,217,mg/l CaCO3,,Accepted,,Actual,,,,,,,39086,,,,,,TT061,USGS,"Alkalinity, IPT, Hach",USGS National Field Manual,U.S. Geological Survey-Water Resources Discipline,,,,,,,NWIS
USGS-OK,USGS Oklahoma Water Science Center,nwisok.01.02000276,Sample-Routine,Water,Surface Water,2020-05-11,10:30:00,CDT,,,,,,,,,,,National Water Quality Assessment Program (NAWQA),U.S. Geological Survey-Water Resources Discipline,USGS-07241550,L-1330077 No date or time on samples except for PEST and TPCN.,,Falling stage,Routine sample,40,USGS parameter code 82398,Multiple verticals,US DH-81 with Teflon cap and nozzle,,Alkalinity,Dissolved,205,mg/l CaCO3,,Accepted,,Actual,,,,,,Holding-Time Violation - for accurate results measure in the field without delay. See NWQL Tech Memo 95-01.,29801,,,,,,TT040,USGS,"Alkalinity, titr. pH 4.5 (NWQL)","USGS TWRI 5-A1/1989, p 57","USGS-National Water Quality Lab, Denver, CO",2020-06-04,holding time exceededsee result laboratory comment,Blank-adjusted method detect limit,4,mg/l CaCO3,,NWIS
USGS-OK,USGS Oklahoma Water Science Center,nwisok.01.02000276,Sample-Routine,Water,Surface Water,2020-05-11,10:30:00,CDT,,,,,,,,,,,National Water Quality Assessment Program (NAWQA),U.S. Geological Survey-Water Resources Discipline,USGS-07241550,L-1330077 No date or time on samples except for PEST and TPCN.,,Falling stage,Routine sample,40,USGS parameter code 82398,Multiple verticals,US DH-81 with Teflon cap and nozzle,,Alkalinity,Dissolved,207,mg/l CaCO3,,Accepted,,Actual,,,,,,,39086,,,,,,TT061,USGS,"Alkalinity, IPT, Hach",USGS National Field Manual,U.S. Geological Survey-Water Resources Discipline,,,,,,,NWIS
USGS-OK,USGS Oklahoma Water Science Center,nwisok.01.02000320,Sample-Routine,Water,Surface Water,2020-06-11,08:30:00,CDT,,,,,,,,,,,National Water Quality Assessment Program (NAWQA),U.S. Geological Survey-Water Resources Discipline,USGS-07241550,,,Rising stage,Routine sample,40,USGS parameter code 82398,Multiple verticals,US DH-81 with Teflon cap and nozzle,,Alkalinity,Dissolved,253,mg/l CaCO3,,Accepted,,Actual,,,,,,Holding-Time Violation - for accurate results measure in the field without delay. See NWQL Tech Memo 95-01.,29801,,,,,,TT040,USGS,"Alkalinity, titr. pH 4.5 (NWQL)","USGS TWRI 5-A1/1989, p 57","USGS-National Water Quality Lab, Denver, CO",2020-07-06,holding time exceededsee result laboratory comment,Blank-adjusted method detect limit,4,mg/l CaCO3,,NWIS
USGS-OK,USGS Oklahoma Water Science Center,nwisok.01.02000320,Sample-Routine,Water,Surface Water,2020-06-11,08:30:00,CDT,,,,,,,,,,,National Water Quality Assessment Program (NAWQA),U.S. Geological Survey-Water Resources Discipline,USGS-07241550,,,Rising stage,Routine sample,40,USGS parameter code 82398,Multiple verticals,US DH-81 with Teflon cap and nozzle,,Alkalinity,Dissolved,247,mg/l CaCO3,,Accepted,,Actual,,,,,,,39086,,,,,,TT061,USGS,"Alkalinity, IPT, Hach",USGS National Field Manual,U.S. Geological Survey-Water Resources Discipline,,,,,,,NWIS
USGS-OK,USGS Oklahoma Water Science Center,nwisok.01.02000170,Sample-Routine,Water,Surface Water,2020-03-10,10:30:00,CST,,,,,,,,,,,National Water Quality Assessment Program (NAWQA),U.S. Geological Survey-Water Resources Discipline,USGS-07241550,,,Falling stage,Routine sample,40,USGS parameter code 82398,Multiple verticals,US DH-81 with Teflon cap and nozzle,,Alkalinity,Dissolved,244,mg/l CaCO3,,Accepted,,Actual,,,,,,Hold-time violation - for accurate results measure in the field without delay. See NWQL Tech Memo 95-01 Holding-Time Violation - for accurate results measure in the field without delay. See NWQL Tech Memo 95-01.,29801,,,,,,TT040,USGS,"Alkalinity, titr. pH 4.5 (NWQL)","USGS TWRI 5-A1/1989, p 57","USGS-National Water Quality Lab, Denver, CO",2020-04-01,holding time exceededsee result laboratory comment,Blank-adjusted method detect limit,4,mg/l CaCO3,,NWIS
USGS-OK,USGS Oklahoma Water Science Center,nwisok.01.02000170,Sample-Routine,Water,Surface Water,2020-03-10,10:30:00,CST,,,,,,,,,,,National Water Quality Assessment Program (NAWQA),U.S. Geological Survey-Water Resources Discipline,USGS-07241550,,,Falling stage,Routine sample,40,USGS parameter code 82398,Multiple verticals,US DH-81 with Teflon cap and nozzle,,Alkalinity,Dissolved,246,mg/l CaCO3,,Accepted,,Actual,,,,,,,39086,,,,,,TT061,USGS,"Alkalinity, IPT, Hach",USGS National Field Manual,U.S. Geological Survey-Water Resources Discipline,,,,,,,NWIS
USGS-OK,USGS Oklahoma Water Science Center,nwisok.01.02000371,Sample-Routine,Water,Surface Water,2020-07-23,11:30:00,CDT,,,,,,,,,,,National Water Quality Assessment Program (NAWQA),U.S. Geological Survey-Water Resources Discipline,USGS-07241550,,,"Stable, low stage",Routine sample,40,USGS parameter code 82398,Multiple verticals,US DH-81 with Teflon cap and nozzle,,Alkalinity,Dissolved,192,mg/l CaCO3,,Accepted,,Actual,,,,,,Holding-Time Violation - for accurate results measure in the field without delay. See NWQL Tech Memo 95-01.,29801,,,,,,TT040,USGS,"Alkalinity, titr. pH 4.5 (NWQL)","USGS TWRI 5-A1/1989, p 57","USGS-National Water Quality Lab, Denver, CO",2020-08-21,holding time exceededsee result laboratory comment,Blank-adjusted method detect limit,4,mg/l CaCO3,,NWIS
USGS-OK,USGS Oklahoma Water Science Center,nwisok.01.02000371,Sample-Routine,Water,Surface Water,2020-07-23,11:30:00,CDT,,,,,,,,,,,National Water Quality Assessment Program (NAWQA),U.S. Geological Survey-Water Resources Discipline,USGS-07241550,,,"Stable, low stage",Routine sample,40,USGS parameter code 82398,Multiple verticals,US DH-81 with Teflon cap and nozzle,,Alkalinity,Dissolved,163,mg/l CaCO3,,Accepted,,Actual,,,,,,,39086,,,,,,TT061,USGS,"Alkalinity, IPT, Hach",USGS National Field Manual,U.S. Geological Survey-Water Resources Discipline,,,,,,,NWIS
USGS-OK,USGS Oklahoma Water Science Center,nwisok.01.02000290,Sample-Routine,Water,Surface Water,2020-05-20,13:00:00,CDT,,,,,,,,,,,National Water Quality Assessment Program (NAWQA),U.S. Geological Survey-Water Resources Discipline,USGS-07241550,,,"Stable, low stage",Routine sample,10,USGS parameter code 82398,Equal width increment (ewi),US DH-81 with Teflon cap and nozzle,,Alkalinity,Dissolved,242,mg/l CaCO3,,Accepted,,Actual,,,,,,Holding-Time Violation - for accurate results measure in the field without delay. See NWQL Tech Memo 95-01.,29801,,,,,,TT040,USGS,"Alkalinity, titr. pH 4.5 (NWQL)","USGS TWRI 5-A1/1989, p 57","USGS-National Water Quality Lab, Denver, CO",2020-06-02,holding time exceededsee result laboratory comment,Blank-adjusted method detect limit,4,mg/l CaCO3,,NWIS
USGS-OK,USGS Oklahoma Water Science Center,nwisok.01.02000290,Sample-Routine,Water,Surface Water,2020-05-20,13:00:00,CDT,,,,,,,,,,,National Water Quality Assessment Program (NAWQA),U.S. Geological Survey-Water Resources Discipline,USGS-07241550,,,"Stable, low stage",Routine sample,10,USGS parameter code 82398,Equal width increment (ewi),US DH-81 with Teflon cap and nozzle,,Alkalinity,Dissolved,330,mg/l CaCO3,,Accepted,,Actual,,,,,,,39086,,,,,,TT061,USGS,"Alkalinity, IPT, Hach",USGS National Field Manual,U.S. Geological Survey-Water Resources Discipline,,,,,,,NWIS
USGS-OK,USGS Oklahoma Water Science Center,nwisok.01.02100009,Sample-Routine,Water,Surface Water,2020-10-22,10:30:00,CDT,,,,,,,,,,,National Water Quality Assessment Program (NAWQA),U.S. Geological Survey-Water Resources Discipline,USGS-07241550,,,"Stable, normal stage",Routine sample,40,USGS parameter code 82398,Multiple verticals,US DH-81 with Teflon cap and nozzle,,Alkalinity,Dissolved,226,mg/l CaCO3,,Accepted,,Actual,,,,,,Hold time parameters were exceeded during the collection to analysis phase of sample processing. Holding-Time Violation - for accurate results measure in the field without delay. See NWQL Tech Memo 95-01.,29801,,,,,,TT040,USGS,"Alkalinity, titr. pH 4.5 (NWQL)","USGS TWRI 5-A1/1989, p 57","USGS-National Water Quality Lab, Denver, CO",2020-11-24,holding time exceededsee result laboratory comment,Blank-adjusted method detect limit,4,mg/l CaCO3,,NWIS
USGS-OK,USGS Oklahoma Water Science Center,nwisok.01.02100009,Sample-Routine,Water,Surface Water,2020-10-22,10:30:00,CDT,,,,,,,,,,,National Water Quality Assessment Program (NAWQA),U.S. Geological Survey-Water Resources Discipline,USGS-07241550,,,"Stable, normal stage",Routine sample,40,USGS parameter code 82398,Multiple verticals,US DH-81 with Teflon cap and nozzle,,Alkalinity,Dissolved,222,mg/l CaCO3,,Accepted,,Actual,,,,,,,39086,,,,,,TT061,USGS,"Alkalinity, IPT, Hach",USGS National Field Manual,U.S. Geological Survey-Water Resources Discipline,,,,,,,NWIS
USGS-OK,USGS Oklahoma Water Science Center,nwisok.01.02100053,Sample-Routine,Water,Surface Water,2020-11-19,11:00:00,CST,,,,,,,,,,,,U.S. Geological Survey-Water Resources Discipline,USGS-07241550,,,"Stable, normal stage",Routine sample,40,USGS parameter code 82398,Multiple verticals,US DH-81 with Teflon cap and nozzle,,Alkalinity,Dissolved,211,mg/l CaCO3,,Accepted,,Actual,,,,,,,39086,,,,,,TT061,USGS,"Alkalinity, IPT, Hach",USGS National Field Manual,U.S. Geological Survey-Water Resources Discipline,,,,,,,NWIS
USGS-OK,USGS Oklahoma Water Science Center,nwisok.01.02100053,Sample-Routine,Water,Surface Water,2020-11-19,11:00:00,CST,,,,,,,,,,,,U.S. Geological Survey-Water Resources Discipline,USGS-07241550,,,"Stable, normal stage",Routine sample,40,USGS parameter code 82398,Multiple verticals,US DH-81 with Teflon cap and nozzle,,Alkalinity,Total,216,mg/l CaCO3,,Accepted,,Actual,,,,,,Hold time parameters were exceeded during the collection to analysis phase of sample processing. Holding-Time Violation - for accurate results measure in the field without delay. See NWQL Tech Memo 95-01.,90410,,,,,,TT040,USGS,"Alkalinity, titr. pH 4.5 (NWQL)","USGS TWRI 5-A1/1989, p 57","USGS-National Water Quality Lab, Denver, CO",2020-12-22,holding time exceededsee result laboratory comment,Blank-adjusted method detect limit,4,mg/l CaCO3,,NWIS
USGS-OK,USGS Oklahoma Water Science Center,nwisok.01.02000133,Sample-Routine,Water,Surface Water,2020-02-04,11:00:00,CST,,,,,,,,,,,National Water Quality Assessment Program (NAWQA),U.S. Geological Survey-Water Resources Discipline,USGS-07241550,,,Rising stage,Routine sample,10,USGS parameter code 82398,Equal width increment (ewi),US DH-95 Teflon bottle,,Alkalinity,Dissolved,205,mg/l CaCO3,,Accepted,,Actual,,,,,,Hold-time violation - for accurate results measure in the field without delay. See NWQL Tech Memo 95-01 Holding-Time Violation - for accurate results measure in the field without delay. See NWQL Tech Memo 95-01.,29801,,,,,,TT040,USGS,"Alkalinity, titr. pH 4.5 (NWQL)","USGS TWRI 5-A1/1989, p 57","USGS-National Water Quality Lab, Denver, CO",2020-02-12,holding time exceededsee result laboratory comment,Blank-adjusted method detect limit,4,mg/l CaCO3,,NWIS
USGS-OK,USGS Oklahoma Water Science Center,nwisok.01.02000133,Sample-Routine,Water,Surface Water,2020-02-04,11:00:00,CST,,,,,,,,,,,National Water Quality Assessment Program (NAWQA),U.S. Geological Survey-Water Resources Discipline,USGS-07241550,,,Rising stage,Routine sample,10,USGS parameter code 82398,Equal width increment (ewi),US DH-95 Teflon bottle,,Alkalinity,Dissolved,225,mg/l CaCO3,,Accepted,,Actual,,,,,,,39086,,,,,,TT061,USGS,"Alkalinity, IPT, Hach",USGS National Field Manual,U.S. Geological Survey-Water Resources Discipline,,,,,,,NWIS
USGS-OK,USGS Oklahoma Water Science Center,nwisok.01.02000422,Sample-Routine,Water,Surface Water,2020-09-21,12:00:00,CDT,,,,,,,,,,,National Water Quality Assessment Program (NAWQA),U.S. Geological Survey-Water Resources Discipline,USGS-07241550,,,"Stable, normal stage",Routine sample,60,USGS parameter code 82398,Weighted bottle,Weighted-bottle sampler,,Alkalinity,Dissolved,184,mg/l CaCO3,,Accepted,,Actual,,,,,,Hold time parameters were exceeded during the collection to analysis phase of sample processing. Holding-Time Violation - for accurate results measure in the field without delay. See NWQL Tech Memo 95-01.,29801,,,,,,TT040,USGS,"Alkalinity, titr. pH 4.5 (NWQL)","USGS TWRI 5-A1/1989, p 57","USGS-National Water Quality Lab, Denver, CO",2020-10-22,holding time exceededsee result laboratory comment,Blank-adjusted method detect limit,4,mg/l CaCO3,,NWIS
USGS-OK,USGS Oklahoma Water Science Center,nwisok.01.02000422,Sample-Routine,Water,Surface Water,2020-09-21,12:00:00,CDT,,,,,,,,,,,National Water Quality Assessment Program (NAWQA),U.S. Geological Survey-Water Resources Discipline,USGS-07241550,,,"Stable, normal stage",Routine sample,60,USGS parameter code 82398,Weighted bottle,Weighted-bottle sampler,,Alkalinity,Dissolved,167,mg/l CaCO3,,Accepted,,Actual,,,,,,,39086,,,,,,TT061,USGS,"Alkalinity, IPT, Hach",USGS National Field Manual,U.S. Geological Survey-Water Resources Discipline,,,,,,,NWIS
USGS-OK,USGS Oklahoma Water Science Center,nwisok.01.02100022,Sample-Routine,Water,Surface Water,2020-10-07,11:30:00,CDT,,,,,,,,,,,,U.S. Geological Survey-Water Resources Discipline,USGS-07241550,,,"Stable, normal stage",Routine sample,40,USGS parameter code 82398,Multiple verticals,US DH-81,,Alkalinity,Dissolved,208,mg/l CaCO3,,Accepted,,Actual,,,,,,,39086,,,,,,TT061,USGS,"Alkalinity, IPT, Hach",USGS National Field Manual,U.S. Geological Survey-Water Resources Discipline,,,,,,,NWIS
USGS-OK,USGS Oklahoma Water Science Center,nwisok.01.02100022,Sample-Routine,Water,Surface Water,2020-10-07,11:30:00,CDT,,,,,,,,,,,,U.S. Geological Survey-Water Resources Discipline,USGS-07241550,,,"Stable, normal stage",Routine sample,40,USGS parameter code 82398,Multiple verticals,US DH-81,,Alkalinity,Total,211,mg/l CaCO3,,Accepted,,Actual,,,,,,Holding-Time Violation - for accurate results measure in the field without delay. See NWQL Tech Memo 95-01.,90410,,,,,,TT040,USGS,"Alkalinity, titr. pH 4.5 (NWQL)","USGS TWRI 5-A1/1989, p 57","USGS-National Water Quality Lab, Denver, CO",2020-10-28,holding time exceededsee result laboratory comment,Blank-adjusted method detect limit,4,mg/l CaCO3,,NWIS
USGS-OK,USGS Oklahoma Water Science Center,nwisok.01.02000356,Sample-Routine,Water,Surface Water,2020-07-13,10:30:00,CDT,,,,,,,,,,,National Water Quality Assessment Program (NAWQA),U.S. Geological Survey-Water Resources Discipline,USGS-07241550,,,Falling stage,Routine sample,10,USGS parameter code 82398,Equal width increment (ewi),US DH-81 with Teflon cap and nozzle,,Alkalinity,Dissolved,132,mg/l CaCO3,,Accepted,,Actual,,,,,,Holding-Time Violation - for accurate results measure in the field without delay. See NWQL Tech Memo 95-01.,29801,,,,,,TT040,USGS,"Alkalinity, titr. pH 4.5 (NWQL)","USGS TWRI 5-A1/1989, p 57","USGS-National Water Quality Lab, Denver, CO",2020-08-04,holding time exceededsee result laboratory comment,Blank-adjusted method detect limit,4,mg/l CaCO3,,NWIS
USGS-OK,USGS Oklahoma Water Science Center,nwisok.01.02000356,Sample-Routine,Water,Surface Water,2020-07-13,10:30:00,CDT,,,,,,,,,,,National Water Quality Assessment Program (NAWQA),U.S. Geological Survey-Water Resources Discipline,USGS-07241550,,,Falling stage,Routine sample,10,USGS parameter code 82398,Equal width increment (ewi),US DH-81 with Teflon cap and nozzle,,Alkalinity,Dissolved,124,mg/l CaCO3,,Accepted,,Actual,,,,,,,39086,,,,,,TT061,USGS,"Alkalinity, IPT, Hach",USGS National Field Manual,U.S. Geological Survey-Water Resources Discipline,,,,,,,NWIS
USGS-OK,USGS Oklahoma Water Science Center,nwisok.01.02100047,Sample-Routine,Water,Surface Water,2020-11-10,12:00:00,CST,,,,,,,,,,,National Water Quality Assessment Program (NAWQA),U.S. Geological Survey-Water Resources Discipline,USGS-07241550,,,"Stable, normal stage",Routine sample,40,USGS parameter code 82398,Multiple verticals,US DH-81 with Teflon cap and nozzle,,Alkalinity,Dissolved,210,mg/l CaCO3,,Accepted,,Actual,,,,,,Hold time parameters were exceeded during the collection to analysis phase of sample processing. Holding-Time Violation - for accurate results measure in the field without delay. See NWQL Tech Memo 95-01.,29801,,,,,,TT040,USGS,"Alkalinity, titr. pH 4.5 (NWQL)","USGS TWRI 5-A1/1989, p 57","USGS-National Water Quality Lab, Denver, CO",2020-12-14,holding time exceededsee result laboratory comment,Blank-adjusted method detect limit,4,mg/l CaCO3,,NWIS
USGS-OK,USGS Oklahoma Water Science Center,nwisok.01.02100047,Sample-Routine,Water,Surface Water,2020-11-10,12:00:00,CST,,,,,,,,,,,National Water Quality Assessment Program (NAWQA),U.S. Geological Survey-Water Resources Discipline,USGS-07241550,,,"Stable, normal stage",Routine sample,40,USGS parameter code 82398,Multiple verticals,US DH-81 with Teflon cap and nozzle,,Alkalinity,Dissolved,198,mg/l CaCO3,,Accepted,,Actual,,,,,,,39086,,,,,,TT061,USGS,"Alkalinity, IPT, Hach",USGS National Field Manual,U.S. Geological Survey-Water Resources Discipline,,,,,,,NWIS
USGS-OK,USGS Oklahoma Water Science Center,nwisok.01.02000382,Sample-Routine,Water,Surface Water,2020-08-11,10:30:00,CDT,,,,,,,,,,,National Water Quality Assessment Program (NAWQA),U.S. Geological Survey-Water Resources Discipline,USGS-07241550,,,Falling stage,Routine sample,40,USGS parameter code 82398,Multiple verticals,US DH-81 with Teflon cap and nozzle,,Alkalinity,Dissolved,178,mg/l CaCO3,,Accepted,,Actual,,,,,,Holding-Time Violation - for accurate results measure in the field without delay. See NWQL Tech Memo 95-01.,29801,,,,,,TT040,USGS,"Alkalinity, titr. pH 4.5 (NWQL)","USGS TWRI 5-A1/1989, p 57","USGS-National Water Quality Lab, Denver, CO",2020-09-03,holding time exceededsee result laboratory comment,Blank-adjusted method detect limit,4,mg/l CaCO3,,NWIS
USGS-OK,USGS Oklahoma Water Science Center,nwisok.01.02000382,Sample-Routine,Water,Surface Water,2020-08-11,10:30:00,CDT,,,,,,,,,,,National Water Quality Assessment Program (NAWQA),U.S. Geological Survey-Water Resources Discipline,USGS-07241550,,,Falling stage,Routine sample,40,USGS parameter code 82398,Multiple verticals,US DH-81 with Teflon cap and nozzle,,Alkalinity,Dissolved,173,mg/l CaCO3,,Accepted,,Actual,,,,,,,39086,,,,,,TT061,USGS,"Alkalinity, IPT, Hach",USGS National Field Manual,U.S. Geological Survey-Water Resources Discipline,,,,,,,NWIS
USGS-OK,USGS Oklahoma Water Science Center,nwisok.01.02000352,Sample-Routine,Water,Surface Water,2020-07-08,10:00:00,CST,,,,,,,,,,,,U.S. Geological Survey-Water Resources Discipline,USGS-07241550,,,"Stable, high stage",Routine sample,40,USGS parameter code 82398,Multiple verticals,US DH-81,,Alkalinity,Dissolved,266,mg/l CaCO3,,Accepted,,Actual,,,,,,,39086,,,,,,TT061,USGS,"Alkalinity, IPT, Hach",USGS National Field Manual,U.S. Geological Survey-Water Resources Discipline,,,,,,,NWIS
USGS-OK,USGS Oklahoma Water Science Center,nwisok.01.02000352,Sample-Routine,Water,Surface Water,2020-07-08,10:00:00,CST,,,,,,,,,,,,U.S. Geological Survey-Water Resources Discipline,USGS-07241550,,,"Stable, high stage",Routine sample,40,USGS parameter code 82398,Multiple verticals,US DH-81,,Alkalinity,Total,216,mg/l CaCO3,,Accepted,,Actual,,,,,,Hold time parameters were exceeded during the collection to analysis phase of sample processing. Holding-Time Violation - for accurate results measure in the field without delay. See NWQL Tech Memo 95-01.,90410,,,,,,TT040,USGS,"Alkalinity, titr. pH 4.5 (NWQL)","USGS TWRI 5-A1/1989, p 57","USGS-National Water Quality Lab, Denver, CO",2020-11-16,"holding time exceededvalue verified by rerun, same methodsee result laboratory comment",Blank-adjusted method detect limit,4,mg/l CaCO3,,NWIS
USGS-OK,USGS Oklahoma Water Science Center,nwisok.01.02000090,Sample-Routine,Water,Surface Water,2020-01-08,13:00:00,CST,,,,,,,,,,,,U.S. Geological Survey-Water Resources Discipline,USGS-07241550,,,"Stable, normal stage",Routine sample,40,USGS parameter code 82398,Multiple verticals,US DH-81,,Alkalinity,Dissolved,236,mg/l CaCO3,,Accepted,,Actual,,,,,,,39086,,,,,,TT061,USGS,"Alkalinity, IPT, Hach",USGS National Field Manual,U.S. Geological Survey-Water Resources Discipline,,,,,,,NWIS
USGS-OK,USGS Oklahoma Water Science Center,nwisok.01.02000090,Sample-Routine,Water,Surface Water,2020-01-08,13:00:00,CST,,,,,,,,,,,,U.S. Geological Survey-Water Resources Discipline,USGS-07241550,,,"Stable, normal stage",Routine sample,40,USGS parameter code 82398,Multiple verticals,US DH-81,,Alkalinity,Total,213,mg/l CaCO3,,Accepted,,Actual,,,,,,Hold-time violation - for accurate results measure in the field without delay. See NWQL Tech Memo 95-01 Holding-Time Violation - for accurate results measure in the field without delay. See NWQL Tech Memo 95-01.,90410,,,,,,TT040,USGS,"Alkalinity, titr. pH 4.5 (NWQL)","USGS TWRI 5-A1/1989, p 57","USGS-National Water Quality Lab, Denver, CO",2020-01-29,holding time exceededsee result laboratory comment,Blank-adjusted method detect limit,4,mg/l CaCO3,,NWIS
USGS-OK,USGS Oklahoma Water Science Center,nwisok.01.02000254,Sample-Routine,Water,Surface Water,2020-04-23,10:30:00,CDT,,,,,,,,,,,,U.S. Geological Survey-Water Resources Discipline,USGS-07241550,,,Falling stage,Routine sample,10,USGS parameter code 82398,Equal width increment (ewi),US DH-95 plastic bottle,,Alkalinity,Dissolved,187,mg/l CaCO3,,Accepted,,Actual,,,,,,,39086,,,,,,TT061,USGS,"Alkalinity, IPT, Hach",USGS National Field Manual,U.S. Geological Survey-Water Resources Discipline,,,,,,,NWIS
USGS-OK,USGS Oklahoma Water Science Center,nwisok.01.02000254,Sample-Routine,Water,Surface Water,2020-04-23,10:30:00,CDT,,,,,,,,,,,,U.S. Geological Survey-Water Resources Discipline,USGS-07241550,,,Falling stage,Routine sample,10,USGS parameter code 82398,Equal width increment (ewi),US DH-95 plastic bottle,,Alkalinity,Total,213,mg/l CaCO3,,Accepted,,Actual,,,,,,Hold-time violation - for accurate results measure in the field without delay. See NWQL Tech Memo 95-01 Holding-Time Violation - for accurate results measure in the field without delay. See NWQL Tech Memo 95-01.,90410,,,,,,TT040,USGS,"Alkalinity, titr. pH 4.5 (NWQL)","USGS TWRI 5-A1/1989, p 57","USGS-National Water Quality Lab, Denver, CO",2020-05-05,holding time exceededsee result laboratory comment,Blank-adjusted method detect limit,4,mg/l CaCO3,,NWIS
USGS-OK,USGS Oklahoma Water Science Center,nwisok.01.02000296,Sample-Routine,Water,Surface Water,2020-05-27,13:00:00,CDT,,,,,,,,,,,National Water Quality Assessment Program (NAWQA),U.S. Geological Survey-Water Resources Discipline,USGS-07241550,,,Falling stage,Routine sample,40,USGS parameter code 82398,Multiple verticals,US DH-81 with Teflon cap and nozzle,,Alkalinity,Dissolved,184,mg/l CaCO3,,Accepted,,Actual,,,,,,Holding-Time Violation - for accurate results measure in the field without delay. See NWQL Tech Memo 95-01.,29801,,,,,,TT040,USGS,"Alkalinity, titr. pH 4.5 (NWQL)","USGS TWRI 5-A1/1989, p 57","USGS-National Water Quality Lab, Denver, CO",2020-06-10,holding time exceededsee result laboratory comment,Blank-adjusted method detect limit,4,mg/l CaCO3,,NWIS
USGS-OK,USGS Oklahoma Water Science Center,nwisok.01.02000296,Sample-Routine,Water,Surface Water,2020-05-27,13:00:00,CDT,,,,,,,,,,,National Water Quality Assessment Program (NAWQA),U.S. Geological Survey-Water Resources Discipline,USGS-07241550,,,Falling stage,Routine sample,40,USGS parameter code 82398,Multiple verticals,US DH-81 with Teflon cap and nozzle,,Alkalinity,Dissolved,185,mg/l CaCO3,,Accepted,,Actual,,,,,,,39086,,,,,,TT061,USGS,"Alkalinity, IPT, Hach",USGS National Field Manual,U.S. Geological Survey-Water Resources Discipline,,,,,,,NWIS
USGS-OK,USGS Oklahoma Water Science Center,nwisok.01.02000234,Sample-Routine,Water,Surface Water,2020-04-09,13:00:00,CDT,,,,,,,,,,,National Water Quality Assessment Program (NAWQA),U.S. Geological Survey-Water Resources Discipline,USGS-07241550,L-1010013 DOC was not acidified per T. Tibbetts. JPC 4/10/20,,"Stable, normal stage",Routine sample,40,USGS parameter code 82398,Multiple verticals,US DH-95 Teflon bottle,,Alkalinity,Dissolved,274,mg/l CaCO3,,Accepted,,Actual,,,,,,Hold-time violation - for accurate results measure in the field without delay. See NWQL Tech Memo 95-01 Holding-Time Violation - for accurate results measure in the field without delay. See NWQL Tech Memo 95-01.,29801,,,,,,TT040,USGS,"Alkalinity, titr. pH 4.5 (NWQL)","USGS TWRI 5-A1/1989, p 57","USGS-National Water Quality Lab, Denver, CO",2020-04-28,holding time exceededsee result laboratory comment,Blank-adjusted method detect limit,4,mg/l CaCO3,,NWIS
USGS-OK,USGS Oklahoma Water Science Center,nwisok.01.02000234,Sample-Routine,Water,Surface Water,2020-04-09,13:00:00,CDT,,,,,,,,,,,National Water Quality Assessment Program (NAWQA),U.S. Geological Survey-Water Resources Discipline,USGS-07241550,L-1010013 DOC was not acidified per T. Tibbetts. JPC 4/10/20,,"Stable, normal stage",Routine sample,40,USGS parameter code 82398,Multiple verticals,US DH-95 Teflon bottle,,Alkalinity,Dissolved,248,mg/l CaCO3,,Accepted,,Actual,,,,,,,39086,,,,,,TT061,USGS,"Alkalinity, IPT, Hach",USGS National Field Manual,U.S. Geological Survey-Water Resources Discipline,,,,,,,NWIS
USGS-OK,USGS Oklahoma Water Science Center,nwisok.01.02000317,Sample-Routine,Water,Surface Water,2020-06-10,12:00:00,CDT,,,,,,,,,,,,U.S. Geological Survey-Water Resources Discipline,USGS-07241550,,,"Stable, low stage",Routine sample,40,USGS parameter code 82398,Multiple verticals,US DH-81,,Alkalinity,Dissolved,212,mg/l CaCO3,,Accepted,,Actual,,,,,,,39086,,,,,,TT061,USGS,"Alkalinity, IPT, Hach",USGS National Field Manual,U.S. Geological Survey-Water Resources Discipline,,,,,,,NWIS
USGS-OK,USGS Oklahoma Water Science Center,nwisok.01.02000317,Sample-Routine,Water,Surface Water,2020-06-10,12:00:00,CDT,,,,,,,,,,,,U.S. Geological Survey-Water Resources Discipline,USGS-07241550,,,"Stable, low stage",Routine sample,40,USGS parameter code 82398,Multiple verticals,US DH-81,,Alkalinity,Total,255,mg/l CaCO3,,Accepted,,Actual,,,,,,Holding-Time Violation - for accurate results measure in the field without delay. See NWQL Tech Memo 95-01.,90410,,,,,,TT040,USGS,"Alkalinity, titr. pH 4.5 (NWQL)","USGS TWRI 5-A1/1989, p 57","USGS-National Water Quality Lab, Denver, CO",2020-07-10,"holding time exceededvalue verified by rerun, same methodsee result laboratory comment",Blank-adjusted method detect limit,4,mg/l CaCO3,,NWIS
USGS-OK,USGS Oklahoma Water Science Center,nwisok.01.02000301,Sample-Routine,Water,Surface Water,2020-05-28,11:30:00,CDT,,,,,,,,,,,,U.S. Geological Survey-Water Resources Discipline,USGS-07241550,,,Falling stage,Routine sample,40,USGS parameter code 82398,Multiple verticals,US DH-81 with Teflon cap and nozzle,,Alkalinity,Dissolved,207,mg/l CaCO3,,Accepted,,Actual,,,,,,,39086,,,,,,TT061,USGS,"Alkalinity, IPT, Hach",USGS National Field Manual,U.S. Geological Survey-Water Resources Discipline,,,,,,,NWIS
USGS-OK,USGS Oklahoma Water Science Center,nwisok.01.02000301,Sample-Routine,Water,Surface Water,2020-05-28,11:30:00,CDT,,,,,,,,,,,,U.S. Geological Survey-Water Resources Discipline,USGS-07241550,,,Falling stage,Routine sample,40,USGS parameter code 82398,Multiple verticals,US DH-81 with Teflon cap and nozzle,,Alkalinity,Total,209,mg/l CaCO3,,Accepted,,Actual,,,,,,Holding-Time Violation - for accurate results measure in the field without delay. See NWQL Tech Memo 95-01.,90410,,,,,,TT040,USGS,"Alkalinity, titr. pH 4.5 (NWQL)","USGS TWRI 5-A1/1989, p 57","USGS-National Water Quality Lab, Denver, CO",2020-06-15,holding time exceededsee result laboratory comment,Blank-adjusted method detect limit,4,mg/l CaCO3,,NWIS
USGS-OK,USGS Oklahoma Water Science Center,nwisok.01.02000139,Sample-Routine,Water,Surface Water,2020-02-13,11:00:00,CST,,,,,,,,,,,,U.S. Geological Survey-Water Resources Discipline,USGS-07241550,"L-0450146 LC 3211eted, sample bottle broken at lab HM 02/20/2020",,Rising stage,Routine sample,10,USGS parameter code 82398,Equal width increment (ewi),US DH-95 Teflon bottle,,Alkalinity,Dissolved,253,mg/l CaCO3,,Accepted,,Actual,,,,,,,39086,,,,,,TT061,USGS,"Alkalinity, IPT, Hach",USGS National Field Manual,U.S. Geological Survey-Water Resources Discipline,,,,,,,NWIS
USGS-OK,USGS Oklahoma Water Science Center,nwisok.01.02000139,Sample-Routine,Water,Surface Water,2020-02-13,11:00:00,CST,,,,,,,,,,,,U.S. Geological Survey-Water Resources Discipline,USGS-07241550,"L-0450146 LC 3211eted, sample bottle broken at lab HM 02/20/2020",,Rising stage,Routine sample,10,USGS parameter code 82398,Equal width increment (ewi),US DH-95 Teflon bottle,,Alkalinity,Total,249,mg/l CaCO3,,Accepted,,Actual,,,,,,Hold-time violation - for accurate results measure in the field without delay. See NWQL Tech Memo 95-01 Holding-Time Violation - for accurate results measure in the field without delay. See NWQL Tech Memo 95-01.,90410,,,,,,TT040,USGS,"Alkalinity, titr. pH 4.5 (NWQL)","USGS TWRI 5-A1/1989, p 57","USGS-National Water Quality Lab, Denver, CO",2020-02-26,holding time exceededsee result laboratory comment,Blank-adjusted method detect limit,4,mg/l CaCO3,,NWIS
USGS-OK,USGS Oklahoma Water Science Center,nwisok.01.02000195,Sample-Routine,Water,Surface Water,2020-03-18,10:30:00,CDT,,,,,,,,,,,,U.S. Geological Survey-Water Resources Discipline,USGS-07241550,,,Rising stage,Routine sample,10,USGS parameter code 82398,Equal width increment (ewi),US DH-95 plastic bottle,,Alkalinity,Dissolved,205,mg/l CaCO3,,Accepted,,Actual,,,,,,,39086,,,,,,TT061,USGS,"Alkalinity, IPT, Hach",USGS National Field Manual,U.S. Geological Survey-Water Resources Discipline,,,,,,,NWIS
USGS-OK,USGS Oklahoma Water Science Center,nwisok.01.02000195,Sample-Routine,Water,Surface Water,2020-03-18,10:30:00,CDT,,,,,,,,,,,,U.S. Geological Survey-Water Resources Discipline,USGS-07241550,,,Rising stage,Routine sample,10,USGS parameter code 82398,Equal width increment (ewi),US DH-95 plastic bottle,,Alkalinity,Total,201,mg/l CaCO3,,Accepted,,Actual,,,,,,Hold-time violation - for accurate results measure in the field without delay. See NWQL Tech Memo 95-01 Holding-Time Violation - for accurate results measure in the field without delay. See NWQL Tech Memo 95-01. The holding time for the processing of this sample has been exceeded,90410,,,,,,TT040,USGS,"Alkalinity, titr. pH 4.5 (NWQL)","USGS TWRI 5-A1/1989, p 57","USGS-National Water Quality Lab, Denver, CO",2020-04-21,holding time exceededsee result laboratory comment,Blank-adjusted method detect limit,4,mg/l CaCO3,,NWIS
USGS-OK,USGS Oklahoma Water Science Center,nwisok.01.02000393,Sample-Routine,Water,Surface Water,2020-08-17,12:00:00,CDT,,,,,,,,,,,National Water Quality Assessment Program (NAWQA),U.S. Geological Survey-Water Resources Discipline,USGS-07241550,,,"Stable, low stage",Routine sample,40,USGS parameter code 82398,Multiple verticals,US DH-81 with Teflon cap and nozzle,,Alkalinity,Dissolved,169,mg/l CaCO3,,Accepted,,Actual,,,,,,Holding-Time Violation - for accurate results measure in the field without delay. See NWQL Tech Memo 95-01.,29801,,,,,,TT040,USGS,"Alkalinity, titr. pH 4.5 (NWQL)","USGS TWRI 5-A1/1989, p 57","USGS-National Water Quality Lab, Denver, CO",2020-09-14,holding time exceededsee result laboratory comment,Blank-adjusted method detect limit,4,mg/l CaCO3,,NWIS
USGS-OK,USGS Oklahoma Water Science Center,nwisok.01.02000393,Sample-Routine,Water,Surface Water,2020-08-17,12:00:00,CDT,,,,,,,,,,,National Water Quality Assessment Program (NAWQA),U.S. Geological Survey-Water Resources Discipline,USGS-07241550,,,"Stable, low stage",Routine sample,40,USGS parameter code 82398,Multiple verticals,US DH-81 with Teflon cap and nozzle,,Alkalinity,Dissolved,163,mg/l CaCO3,,Accepted,,Actual,,,,,,,39086,,,,,,TT061,USGS,"Alkalinity, IPT, Hach",USGS National Field Manual,U.S. Geological Survey-Water Resources Discipline,,,,,,,NWIS
USGS-OK,USGS Oklahoma Water Science Center,nwisok.01.02000312,Sample-Routine,Water,Surface Water,2020-06-02,12:00:00,CDT,,,,,,,,,,,National Water Quality Assessment Program (NAWQA),U.S. Geological Survey-Water Resources Discipline,USGS-07241550,,,Rising stage,Routine sample,40,USGS parameter code 82398,Multiple verticals,US DH-81 with Teflon cap and nozzle,,Alkalinity,Dissolved,230,mg/l CaCO3,,Accepted,,Actual,,,,,,Holding-Time Violation - for accurate results measure in the field without delay. See NWQL Tech Memo 95-01.,29801,,,,,,TT040,USGS,"Alkalinity, titr. pH 4.5 (NWQL)","USGS TWRI 5-A1/1989, p 57","USGS-National Water Quality Lab, Denver, CO",2020-06-17,holding time exceededsee result laboratory comment,Blank-adjusted method detect limit,4,mg/l CaCO3,,NWIS
USGS-OK,USGS Oklahoma Water Science Center,nwisok.01.02000312,Sample-Routine,Water,Surface Water,2020-06-02,12:00:00,CDT,,,,,,,,,,,National Water Quality Assessment Program (NAWQA),U.S. Geological Survey-Water Resources Discipline,USGS-07241550,,,Rising stage,Routine sample,40,USGS parameter code 82398,Multiple verticals,US DH-81 with Teflon cap and nozzle,,Alkalinity,Dissolved,238,mg/l CaCO3,,Accepted,,Actual,,,,,,,39086,,,,,,TT061,USGS,"Alkalinity, IPT, Hach",USGS National Field Manual,U.S. Geological Survey-Water Resources Discipline,,,,,,,NWIS
USGS-OK,USGS Oklahoma Water Science Center,nwisok.01.02000421,Sample-Routine,Water,Surface Water,2020-09-17,09:30:00,CDT,,,,,,,,,,,,U.S. Geological Survey-Water Resources Discipline,USGS-07241550,,,Falling stage,Routine sample,40,USGS parameter code 82398,Multiple verticals,US DH-81,,Alkalinity,Dissolved,176,mg/l CaCO3,,Accepted,,Actual,,,,,,,39086,,,,,,TT061,USGS,"Alkalinity, IPT, Hach",USGS National Field Manual,U.S. Geological Survey-Water Resources Discipline,,,,,,,NWIS
USGS-OK,USGS Oklahoma Water Science Center,nwisok.01.02000421,Sample-Routine,Water,Surface Water,2020-09-17,09:30:00,CDT,,,,,,,,,,,,U.S. Geological Survey-Water Resources Discipline,USGS-07241550,,,Falling stage,Routine sample,40,USGS parameter code 82398,Multiple verticals,US DH-81,,Alkalinity,Total,194,mg/l CaCO3,,Accepted,,Actual,,,,,,Hold time parameters were exceeded during the collection to analysis phase of sample processing. Holding-Time Violation - for accurate results measure in the field without delay. See NWQL Tech Memo 95-01.,90410,,,,,,TT040,USGS,"Alkalinity, titr. pH 4.5 (NWQL)","USGS TWRI 5-A1/1989, p 57","USGS-National Water Quality Lab, Denver, CO",2020-10-21,holding time exceededsee result laboratory comment,Blank-adjusted method detect limit,4,mg/l CaCO3,,NWIS
USGS-OK,USGS Oklahoma Water Science Center,nwisok.01.02100171,Sample-Routine,Water,Surface Water,2021-03-02,12:00:00,CST,,,,,,,,,,,National Water Quality Assessment Program (NAWQA),U.S. Geological Survey-Water Resources Discipline,USGS-07241550,,,"Stable, normal stage",Routine sample,40,USGS parameter code 82398,Multiple verticals,US DH-81 with Teflon cap and nozzle,,Alkalinity,Dissolved,224,mg/l CaCO3,,Accepted,,Actual,,,,,,Holding-Time Violation - for accurate results measure in the field without delay. See NWQL Tech Memo 95-01.,29801,,,,,,TT040,USGS,"Alkalinity, titr. pH 4.5 (NWQL)","USGS TWRI 5-A1/1989, p 57","USGS-National Water Quality Lab, Denver, CO",2021-03-24,holding time exceededsee result laboratory comment,Blank-adjusted method detect limit,4,mg/l CaCO3,,NWIS
USGS-OK,USGS Oklahoma Water Science Center,nwisok.01.02100171,Sample-Routine,Water,Surface Water,2021-03-02,12:00:00,CST,,,,,,,,,,,National Water Quality Assessment Program (NAWQA),U.S. Geological Survey-Water Resources Discipline,USGS-07241550,,,"Stable, normal stage",Routine sample,40,USGS parameter code 82398,Multiple verticals,US DH-81 with Teflon cap and nozzle,,Alkalinity,Dissolved,222,mg/l CaCO3,,Accepted,,Actual,,,,,,,39086,,,,,,TT061,USGS,"Alkalinity, IPT, Hach",USGS National Field Manual,U.S. Geological Survey-Water Resources Discipline,,,,,,,NWIS
USGS-OK,USGS Oklahoma Water Science Center,nwisok.01.02100409,Sample-Routine,Water,Surface Water,2021-08-09,10:00:00,CDT,,,,,,,,,,,National Water Quality Assessment Program (NAWQA),U.S. Geological Survey-Water Resources Discipline,USGS-07241550,,,Falling stage,Routine sample,40,USGS parameter code 82398,Multiple verticals,US DH-95 Teflon bottle,,Alkalinity,Dissolved,208,mg/l CaCO3,,Accepted,,Actual,,,,,,Holding-Time Violation - for accurate results measure in the field without delay. See NWQL Tech Memo 95-01.,29801,,,,,,TT040,USGS,"Alkalinity, titr. pH 4.5 (NWQL)","USGS TWRI 5-A1/1989, p 57","USGS-National Water Quality Lab, Denver, CO",2021-08-25,holding time exceededsee result laboratory comment,Blank-adjusted method detect limit,4,mg/l CaCO3,,NWIS
USGS-OK,USGS Oklahoma Water Science Center,nwisok.01.02100409,Sample-Routine,Water,Surface Water,2021-08-09,10:00:00,CDT,,,,,,,,,,,National Water Quality Assessment Program (NAWQA),U.S. Geological Survey-Water Resources Discipline,USGS-07241550,,,Falling stage,Routine sample,40,USGS parameter code 82398,Multiple verticals,US DH-95 Teflon bottle,,Alkalinity,Dissolved,215,mg/l CaCO3,,Accepted,,Actual,,,,,,,39086,,,,,,TT061,USGS,"Alkalinity, IPT, Hach",USGS National Field Manual,U.S. Geological Survey-Water Resources Discipline,,,,,,,NWIS
USGS-OK,USGS Oklahoma Water Science Center,nwisok.01.02100104,Sample-Routine,Water,Surface Water,2021-01-27,10:30:00,CST,,,,,,,,,,,National Water Quality Assessment Program (NAWQA),U.S. Geological Survey-Water Resources Discipline,USGS-07241550,,,"Stable, normal stage",Routine sample,40,USGS parameter code 82398,Multiple verticals,US DH-95 Teflon bottle,,Alkalinity,Dissolved,176,mg/l CaCO3,,Accepted,,Actual,,,,,,Holding-Time Violation - for accurate results measure in the field without delay. See NWQL Tech Memo 95-01.,29801,,,,,,TT040,USGS,"Alkalinity, titr. pH 4.5 (NWQL)","USGS TWRI 5-A1/1989, p 57","USGS-National Water Quality Lab, Denver, CO",2021-02-10,holding time exceededsee result laboratory comment,Blank-adjusted method detect limit,4,mg/l CaCO3,,NWIS
USGS-OK,USGS Oklahoma Water Science Center,nwisok.01.02100104,Sample-Routine,Water,Surface Water,2021-01-27,10:30:00,CST,,,,,,,,,,,National Water Quality Assessment Program (NAWQA),U.S. Geological Survey-Water Resources Discipline,USGS-07241550,,,"Stable, normal stage",Routine sample,40,USGS parameter code 82398,Multiple verticals,US DH-95 Teflon bottle,,Alkalinity,Dissolved,195,mg/l CaCO3,,Accepted,,Actual,,,,,,,39086,,,,,,TT061,USGS,"Alkalinity, IPT, Hach",USGS National Field Manual,U.S. Geological Survey-Water Resources Discipline,,,,,,,NWIS
USGS-OK,USGS Oklahoma Water Science Center,nwisok.01.02100396,Sample-Routine,Water,Surface Water,2021-06-23,15:00:00,CDT,,,,,,,,,,,,U.S. Geological Survey-Water Resources Discipline,USGS-07241550,,,"Stable, normal stage",Routine sample,40,USGS parameter code 82398,Multiple verticals,US DH-81,,Alkalinity,Dissolved,221,mg/l CaCO3,,Accepted,,Actual,,,,,,,39086,,,,,,TT061,USGS,"Alkalinity, IPT, Hach",USGS National Field Manual,U.S. Geological Survey-Water Resources Discipline,,,,,,,NWIS
USGS-OK,USGS Oklahoma Water Science Center,nwisok.01.02100396,Sample-Routine,Water,Surface Water,2021-06-23,15:00:00,CDT,,,,,,,,,,,,U.S. Geological Survey-Water Resources Discipline,USGS-07241550,,,"Stable, normal stage",Routine sample,40,USGS parameter code 82398,Multiple verticals,US DH-81,,Alkalinity,Total,240,mg/l CaCO3,,Accepted,,Actual,,,,,,Holding-Time Violation - for accurate results measure in the field without delay. See NWQL Tech Memo 95-01.,90410,,,,,,TT040,USGS,"Alkalinity, titr. pH 4.5 (NWQL)","USGS TWRI 5-A1/1989, p 57","USGS-National Water Quality Lab, Denver, CO",2021-07-14,holding time exceededsee result laboratory comment,Blank-adjusted method detect limit,4,mg/l CaCO3,,NWIS
USGS-OK,USGS Oklahoma Water Science Center,nwisok.01.02100251,Sample-Routine,Water,Surface Water,2021-04-14,09:45:00,CDT,,,,,,,,,,,,U.S. Geological Survey-Water Resources Discipline,USGS-07241550,,,"Stable, normal stage",Routine sample,40,USGS parameter code 82398,Multiple verticals,US DH-95 plastic bottle,,Alkalinity,Dissolved,296,mg/l CaCO3,,Accepted,,Actual,,,,,,,39086,,,,,,TT061,USGS,"Alkalinity, IPT, Hach",USGS National Field Manual,U.S. Geological Survey-Water Resources Discipline,,,,,,,NWIS
USGS-OK,USGS Oklahoma Water Science Center,nwisok.01.02100251,Sample-Routine,Water,Surface Water,2021-04-14,09:45:00,CDT,,,,,,,,,,,,U.S. Geological Survey-Water Resources Discipline,USGS-07241550,,,"Stable, normal stage",Routine sample,40,USGS parameter code 82398,Multiple verticals,US DH-95 plastic bottle,,Alkalinity,Total,227,mg/l CaCO3,,Accepted,,Actual,,,,,,Hold time parameters were exceeded during the collection to analysis phase of sample processing. Holding-Time Violation - for accurate results measure in the field without delay. See NWQL Tech Memo 95-01.,90410,,,,,,TT040,USGS,"Alkalinity, titr. pH 4.5 (NWQL)","USGS TWRI 5-A1/1989, p 57","USGS-National Water Quality Lab, Denver, CO",2021-05-18,"holding time exceededvalue verified by rerun, same methodsee result laboratory comment",Blank-adjusted method detect limit,4,mg/l CaCO3,,NWIS
USGS-OK,USGS Oklahoma Water Science Center,nwisok.01.02100105,Sample-Routine,Water,Surface Water,2021-01-27,10:40:00,CST,,,,,,,,,,,,U.S. Geological Survey-Water Resources Discipline,USGS-07241550,,,"Stable, normal stage",Routine sample,40,USGS parameter code 82398,Multiple verticals,US DH-95 Teflon bottle,,Alkalinity,Dissolved,195,mg/l CaCO3,,Accepted,,Actual,,,,,,,39086,,,,,,TT061,USGS,"Alkalinity, IPT, Hach",USGS National Field Manual,,,,,,,,NWIS
USGS-OK,USGS Oklahoma Water Science Center,nwisok.01.02100105,Sample-Routine,Water,Surface Water,2021-01-27,10:40:00,CST,,,,,,,,,,,,U.S. Geological Survey-Water Resources Discipline,USGS-07241550,,,"Stable, normal stage",Routine sample,40,USGS parameter code 82398,Multiple verticals,US DH-95 Teflon bottle,,Alkalinity,Total,180,mg/l CaCO3,,Accepted,,Actual,,,,,,Holding-Time Violation - for accurate results measure in the field without delay. See NWQL Tech Memo 95-01.,90410,,,,,,TT040,USGS,"Alkalinity, titr. pH 4.5 (NWQL)","USGS TWRI 5-A1/1989, p 57","USGS-National Water Quality Lab, Denver, CO",2021-02-18,holding time exceededsee result laboratory comment,Blank-adjusted method detect limit,4,mg/l CaCO3,,NWIS
USGS-OK,USGS Oklahoma Water Science Center,nwisok.01.02100437,Quality Control Sample-Field Replicate,Water,Surface Water,2021-09-01,12:00:00,CDT,,,,,,,,,,,National Water Quality Assessment Program (NAWQA),U.S. Geological Survey-Water Resources Discipline,USGS-07241550,,,"Stable, low stage",Routine sample,40,USGS parameter code 82398,Multiple verticals,Other,,Alkalinity,Dissolved,232,mg/l CaCO3,,Accepted,,Actual,,,,,,Holding-Time Violation - for accurate results measure in the field without delay. See NWQL Tech Memo 95-01.,29801,,,,,,TT040,USGS,"Alkalinity, titr. pH 4.5 (NWQL)","USGS TWRI 5-A1/1989, p 57","USGS-National Water Quality Lab, Denver, CO",2021-09-07,holding time exceededsee result laboratory comment,Blank-adjusted method detect limit,4,mg/l CaCO3,,NWIS
USGS-OK,USGS Oklahoma Water Science Center,nwisok.01.02100437,Quality Control Sample-Field Replicate,Water,Surface Water,2021-09-01,12:00:00,CDT,,,,,,,,,,,National Water Quality Assessment Program (NAWQA),U.S. Geological Survey-Water Resources Discipline,USGS-07241550,,,"Stable, low stage",Routine sample,40,USGS parameter code 82398,Multiple verticals,Other,,Alkalinity,Dissolved,231,mg/l CaCO3,,Accepted,,Actual,,,,,,,39086,,,,,,TT061,USGS,"Alkalinity, IPT, Hach",USGS National Field Manual,U.S. Geological Survey-Water Resources Discipline,,,,,,,NWIS
USGS-OK,USGS Oklahoma Water Science Center,nwisok.01.02100449,Sample-Routine,Water,Surface Water,2021-09-08,11:00:00,CDT,,,,,,,,,,,,U.S. Geological Survey-Water Resources Discipline,USGS-07241550,,,"Stable, low stage",Routine sample,40,USGS parameter code 82398,Multiple verticals,US DH-81,,Alkalinity,Dissolved,217,mg/l CaCO3,,Accepted,,Actual,,,,,,,39086,,,,,,TT061,USGS,"Alkalinity, IPT, Hach",USGS National Field Manual,U.S. Geological Survey-Water Resources Discipline,,,,,,,NWIS
USGS-OK,USGS Oklahoma Water Science Center,nwisok.01.02200056,Sample-Routine,Water,Surface Water,2021-12-06,10:00:00,CST,,,,,,,,,,,National Water Quality Assessment Program (NAWQA),U.S. Geological Survey-Water Resources Discipline,USGS-07241550,,,"Stable, low stage",Routine sample,40,USGS parameter code 82398,Multiple verticals,US DH-81 with Teflon cap and nozzle,,Alkalinity,Dissolved,196,mg/l CaCO3,,Accepted,,Actual,,,,,,Holding-Time Violation - for accurate results measure in the field without delay. See NWQL Tech Memo 95-01.,29801,,,,,,TT040,USGS,"Alkalinity, titr. pH 4.5 (NWQL)","USGS TWRI 5-A1/1989, p 57","USGS-National Water Quality Lab, Denver, CO",2021-12-17,holding time exceededsee result laboratory comment,Blank-adjusted method detect limit,4,mg/l CaCO3,,NWIS
USGS-OK,USGS Oklahoma Water Science Center,nwisok.01.02200056,Sample-Routine,Water,Surface Water,2021-12-06,10:00:00,CST,,,,,,,,,,,National Water Quality Assessment Program (NAWQA),U.S. Geological Survey-Water Resources Discipline,USGS-07241550,,,"Stable, low stage",Routine sample,40,USGS parameter code 82398,Multiple verticals,US DH-81 with Teflon cap and nozzle,,Alkalinity,Dissolved,191,mg/l CaCO3,,Accepted,,Actual,,,,,,,39086,,,,,,TT061,USGS,"Alkalinity, IPT, Hach",USGS National Field Manual,U.S. Geological Survey-Water Resources Discipline,,,,,,,NWIS
USGS-OK,USGS Oklahoma Water Science Center,nwisok.01.02100194,Quality Control Sample-Field Replicate,Water,Surface Water,2021-02-11,10:30:00,CST,,,,,,,,,,,,U.S. Geological Survey-Water Resources Discipline,USGS-07241550,,,"Stable, normal stage",Routine sample,40,USGS parameter code 82398,Multiple verticals,US DH-81 with Teflon cap and nozzle,,Alkalinity,Dissolved,234,mg/l CaCO3,,Accepted,,Actual,,,,,,,39086,,,,,,TT061,USGS,"Alkalinity, IPT, Hach",USGS National Field Manual,U.S. Geological Survey-Water Resources Discipline,,,,,,,NWIS
USGS-OK,USGS Oklahoma Water Science Center,nwisok.01.02100194,Quality Control Sample-Field Replicate,Water,Surface Water,2021-02-11,10:30:00,CST,,,,,,,,,,,,U.S. Geological Survey-Water Resources Discipline,USGS-07241550,,,"Stable, normal stage",Routine sample,40,USGS parameter code 82398,Multiple verticals,US DH-81 with Teflon cap and nozzle,,Alkalinity,Total,244,mg/l CaCO3,,Accepted,,Actual,,,,,,Holding-Time Violation - for accurate results measure in the field without delay. See NWQL Tech Memo 95-01.,90410,,,,,,TT040,USGS,"Alkalinity, titr. pH 4.5 (NWQL)","USGS TWRI 5-A1/1989, p 57","USGS-National Water Quality Lab, Denver, CO",2021-03-02,holding time exceededsee result laboratory comment,Blank-adjusted method detect limit,4,mg/l CaCO3,,NWIS
USGS-OK,USGS Oklahoma Water Science Center,nwisok.01.02200041,Sample-Routine,Water,Surface Water,2021-11-17,09:15:00,CST,,,,,,,,,,,,U.S. Geological Survey-Water Resources Discipline,USGS-07241550,,,"Stable, normal stage",Routine sample,40,USGS parameter code 82398,Multiple verticals,US DH-81 with Teflon cap and nozzle,,Alkalinity,Dissolved,195,mg/l CaCO3,,Accepted,,Actual,,,,,,,39086,,,,,,TT061,USGS,"Alkalinity, IPT, Hach",USGS National Field Manual,U.S. Geological Survey-Water Resources Discipline,,,,,,,NWIS
USGS-OK,USGS Oklahoma Water Science Center,nwisok.01.02200041,Sample-Routine,Water,Surface Water,2021-11-17,09:15:00,CST,,,,,,,,,,,,U.S. Geological Survey-Water Resources Discipline,USGS-07241550,,,"Stable, normal stage",Routine sample,40,USGS parameter code 82398,Multiple verticals,US DH-81 with Teflon cap and nozzle,,Alkalinity,Total,191,mg/l CaCO3,,Accepted,,Actual,,,,,,Holding-Time Violation - for accurate results measure in the field without delay. See NWQL Tech Memo 95-01.,90410,,,,,,TT040,USGS,"Alkalinity, titr. pH 4.5 (NWQL)","USGS TWRI 5-A1/1989, p 57","USGS-National Water Quality Lab, Denver, CO",2021-11-29,holding time exceededsee result laboratory comment,Blank-adjusted method detect limit,4,mg/l CaCO3,,NWIS
USGS-OK,USGS Oklahoma Water Science Center,nwisok.01.02100415,Sample-Routine,Water,Surface Water,2021-08-04,14:00:00,CDT,,,,,,,,,,,,U.S. Geological Survey-Water Resources Discipline,USGS-07241550,,,Falling stage,Routine sample,10,USGS parameter code 82398,Equal width increment (ewi),US DH-81 with Teflon cap and nozzle,,Alkalinity,Dissolved,201,mg/l CaCO3,,Accepted,,Actual,,,,,,,39086,,,,,,TT061,USGS,"Alkalinity, IPT, Hach",USGS National Field Manual,U.S. Geological Survey-Water Resources Discipline,,,,,,,NWIS
USGS-OK,USGS Oklahoma Water Science Center,nwisok.01.02100415,Sample-Routine,Water,Surface Water,2021-08-04,14:00:00,CDT,,,,,,,,,,,,U.S. Geological Survey-Water Resources Discipline,USGS-07241550,,,Falling stage,Routine sample,10,USGS parameter code 82398,Equal width increment (ewi),US DH-81 with Teflon cap and nozzle,,Alkalinity,Total,210,mg/l CaCO3,,Accepted,,Actual,,,,,,Holding-Time Violation - for accurate results measure in the field without delay. See NWQL Tech Memo 95-01.,90410,,,,,,TT040,USGS,"Alkalinity, titr. pH 4.5 (NWQL)","USGS TWRI 5-A1/1989, p 57","USGS-National Water Quality Lab, Denver, CO",2021-09-01,holding time exceededsee result laboratory comment,Blank-adjusted method detect limit,4,mg/l CaCO3,,NWIS
USGS-OK,USGS Oklahoma Water Science Center,nwisok.01.02100316,Sample-Routine,Water,Surface Water,2021-05-26,11:00:00,CDT,,,,,,,,,,,,U.S. Geological Survey-Water Resources Discipline,USGS-07241550,,,"Stable, normal stage",Routine sample,40,USGS parameter code 82398,Multiple verticals,US DH-81 with Teflon cap and nozzle,,Alkalinity,Dissolved,221,mg/l CaCO3,,Accepted,,Actual,,,,,,,39086,,,,,,TT061,USGS,"Alkalinity, IPT, Hach",USGS National Field Manual,U.S. Geological Survey-Water Resources Discipline,,,,,,,NWIS
USGS-OK,USGS Oklahoma Water Science Center,nwisok.01.02100316,Sample-Routine,Water,Surface Water,2021-05-26,11:00:00,CDT,,,,,,,,,,,,U.S. Geological Survey-Water Resources Discipline,USGS-07241550,,,"Stable, normal stage",Routine sample,40,USGS parameter code 82398,Multiple verticals,US DH-81 with Teflon cap and nozzle,,Alkalinity,Total,223,mg/l CaCO3,,Accepted,,Actual,,,,,,Holding-Time Violation - for accurate results measure in the field without delay. See NWQL Tech Memo 95-01.,90410,,,,,,TT040,USGS,"Alkalinity, titr. pH 4.5 (NWQL)","USGS TWRI 5-A1/1989, p 57","USGS-National Water Quality Lab, Denver, CO",2021-06-08,holding time exceededsee result laboratory comment,Blank-adjusted method detect limit,4,mg/l CaCO3,,NWIS
USGS-OK,USGS Oklahoma Water Science Center,nwisok.01.02100374,Sample-Routine,Water,Surface Water,2021-07-13,12:00:00,CDT,,,,,,,,,,,National Water Quality Assessment Program (NAWQA),U.S. Geological Survey-Water Resources Discipline,USGS-07241550,,,Falling stage,Routine sample,40,USGS parameter code 82398,Multiple verticals,US DH-95 Teflon bottle,,Alkalinity,Dissolved,214,mg/l CaCO3,,Accepted,,Actual,,,,,,Holding-Time Violation - for accurate results measure in the field without delay. See NWQL Tech Memo 95-01.,29801,,,,,,TT040,USGS,"Alkalinity, titr. pH 4.5 (NWQL)","USGS TWRI 5-A1/1989, p 57","USGS-National Water Quality Lab, Denver, CO",2021-07-22,holding time exceededsee result laboratory comment,Blank-adjusted method detect limit,4,mg/l CaCO3,,NWIS
USGS-OK,USGS Oklahoma Water Science Center,nwisok.01.02100374,Sample-Routine,Water,Surface Water,2021-07-13,12:00:00,CDT,,,,,,,,,,,National Water Quality Assessment Program (NAWQA),U.S. Geological Survey-Water Resources Discipline,USGS-07241550,,,Falling stage,Routine sample,40,USGS parameter code 82398,Multiple verticals,US DH-95 Teflon bottle,,Alkalinity,Dissolved,217,mg/l CaCO3,,Accepted,,Actual,,,,,,,39086,,,,,,TT061,USGS,"Alkalinity, IPT, Hach",USGS National Field Manual,U.S. Geological Survey-Water Resources Discipline,,,,,,,NWIS
USGS-OK,USGS Oklahoma Water Science Center,nwisok.01.02100298,Sample-Routine,Water,Surface Water,2021-05-18,11:30:00,CDT,,,,,,,,,,,National Water Quality Assessment Program (NAWQA),U.S. Geological Survey-Water Resources Discipline,USGS-07241550,,,Falling stage,Routine sample,40,USGS parameter code 82398,Multiple verticals,Weighted-bottle sampler,,Alkalinity,Dissolved,120,mg/l CaCO3,,Accepted,,Actual,,,,,,Holding-Time Violation - for accurate results measure in the field without delay. See NWQL Tech Memo 95-01.,29801,,,,,,TT040,USGS,"Alkalinity, titr. pH 4.5 (NWQL)","USGS TWRI 5-A1/1989, p 57","USGS-National Water Quality Lab, Denver, CO",2021-05-27,holding time exceededsee result laboratory comment,Blank-adjusted method detect limit,4,mg/l CaCO3,,NWIS
USGS-OK,USGS Oklahoma Water Science Center,nwisok.01.02100298,Sample-Routine,Water,Surface Water,2021-05-18,11:30:00,CDT,,,,,,,,,,,National Water Quality Assessment Program (NAWQA),U.S. Geological Survey-Water Resources Discipline,USGS-07241550,,,Falling stage,Routine sample,40,USGS parameter code 82398,Multiple verticals,Weighted-bottle sampler,,Alkalinity,Dissolved,126,mg/l CaCO3,,Accepted,,Actual,,,,,,,39086,,,,,,TT061,USGS,"Alkalinity, IPT, Hach",USGS National Field Manual,U.S. Geological Survey-Water Resources Discipline,,,,,,,NWIS
USGS-OK,USGS Oklahoma Water Science Center,nwisok.01.02200070,Sample-Routine,Water,Surface Water,2021-12-15,11:30:00,CST,,,,,,,,,,,,U.S. Geological Survey-Water Resources Discipline,USGS-07241550,,,Falling stage,Routine sample,40,USGS parameter code 82398,Multiple verticals,US DH-81,,Alkalinity,Dissolved,225,mg/l CaCO3,,Accepted,,Actual,,,,,,,39086,,,,,,TT061,USGS,"Alkalinity, IPT, Hach",USGS National Field Manual,U.S. Geological Survey-Water Resources Discipline,,,,,,,NWIS
USGS-OK,USGS Oklahoma Water Science Center,nwisok.01.02200070,Sample-Routine,Water,Surface Water,2021-12-15,11:30:00,CST,,,,,,,,,,,,U.S. Geological Survey-Water Resources Discipline,USGS-07241550,,,Falling stage,Routine sample,40,USGS parameter code 82398,Multiple verticals,US DH-81,,Alkalinity,Total,200,mg/l CaCO3,,Accepted,,Actual,,,,,,Hold time parameters were exceeded during the collection to analysis phase of sample processing. Holding-Time Violation - for accurate results measure in the field without delay. See NWQL Tech Memo 95-01.,90410,,,,,,TT040,USGS,"Alkalinity, titr. pH 4.5 (NWQL)","USGS TWRI 5-A1/1989, p 57","USGS-National Water Quality Lab, Denver, CO",2022-03-14,holding time exceededsee result laboratory comment,Blank-adjusted method detect limit,4,mg/l CaCO3,,NWIS
USGS-OK,USGS Oklahoma Water Science Center,nwisok.01.02200002,Sample-Routine,Water,Surface Water,2021-10-07,09:30:00,CDT,,,,,,,,,,,,U.S. Geological Survey-Water Resources Discipline,USGS-07241550,,,"Stable, low stage",Routine sample,40,USGS parameter code 82398,Multiple verticals,US DH-81,,Alkalinity,Dissolved,231,mg/l CaCO3,,Accepted,,Actual,,,,,,,39086,,,,,,TT061,USGS,"Alkalinity, IPT, Hach",USGS National Field Manual,U.S. Geological Survey-Water Resources Discipline,,,,,,,NWIS
USGS-OK,USGS Oklahoma Water Science Center,nwisok.01.02200002,Sample-Routine,Water,Surface Water,2021-10-07,09:30:00,CDT,,,,,,,,,,,,U.S. Geological Survey-Water Resources Discipline,USGS-07241550,,,"Stable, low stage",Routine sample,40,USGS parameter code 82398,Multiple verticals,US DH-81,,Alkalinity,Total,228,mg/l CaCO3,,Accepted,,Actual,,,,,,Holding-Time Violation - for accurate results measure in the field without delay. See NWQL Tech Memo 95-01.,90410,,,,,,TT040,USGS,"Alkalinity, titr. pH 4.5 (NWQL)","USGS TWRI 5-A1/1989, p 57","USGS-National Water Quality Lab, Denver, CO",2021-10-27,holding time exceededsee result laboratory comment,Blank-adjusted method detect limit,4,mg/l CaCO3,,NWIS
USGS-OK,USGS Oklahoma Water Science Center,nwisok.01.02100291,Sample-Routine,Water,Surface Water,2021-05-10,10:30:00,CDT,,,,,,,,,,,National Water Quality Assessment Program (NAWQA),U.S. Geological Survey-Water Resources Discipline,USGS-07241550,,,"Stable, normal stage",Routine sample,40,USGS parameter code 82398,Multiple verticals,US DH-81,,Alkalinity,Dissolved,247,mg/l CaCO3,,Accepted,,Actual,,,,,,Holding-Time Violation - for accurate results measure in the field without delay. See NWQL Tech Memo 95-01.,29801,,,,,,TT040,USGS,"Alkalinity, titr. pH 4.5 (NWQL)","USGS TWRI 5-A1/1989, p 57","USGS-National Water Quality Lab, Denver, CO",2021-05-24,holding time exceededsee result laboratory comment,Blank-adjusted method detect limit,4,mg/l CaCO3,,NWIS
USGS-OK,USGS Oklahoma Water Science Center,nwisok.01.02100291,Sample-Routine,Water,Surface Water,2021-05-10,10:30:00,CDT,,,,,,,,,,,National Water Quality Assessment Program (NAWQA),U.S. Geological Survey-Water Resources Discipline,USGS-07241550,,,"Stable, normal stage",Routine sample,40,USGS parameter code 82398,Multiple verticals,US DH-81,,Alkalinity,Dissolved,288,mg/l CaCO3,,Accepted,,Actual,,,,,,,39086,,,,,,TT061,USGS,"Alkalinity, IPT, Hach",USGS National Field Manual,U.S. Geological Survey-Water Resources Discipline,,,,,,,NWIS
USGS-OK,USGS Oklahoma Water Science Center,nwisok.01.02100168,Sample-Routine,Water,Surface Water,2021-03-09,12:00:00,CST,,,,,,,,,,,National Water Quality Assessment Program (NAWQA),U.S. Geological Survey-Water Resources Discipline,USGS-07241550,,,"Stable, normal stage",Routine sample,40,USGS parameter code 82398,Multiple verticals,US DH-81 with Teflon cap and nozzle,,Alkalinity,Dissolved,211,mg/l CaCO3,,Accepted,,Actual,,,,,,Holding-Time Violation - for accurate results measure in the field without delay. See NWQL Tech Memo 95-01.,29801,,,,,,TT040,USGS,"Alkalinity, titr. pH 4.5 (NWQL)","USGS TWRI 5-A1/1989, p 57","USGS-National Water Quality Lab, Denver, CO",2021-03-26,holding time exceededsee result laboratory comment,Blank-adjusted method detect limit,4,mg/l CaCO3,,NWIS
USGS-OK,USGS Oklahoma Water Science Center,nwisok.01.02100168,Sample-Routine,Water,Surface Water,2021-03-09,12:00:00,CST,,,,,,,,,,,National Water Quality Assessment Program (NAWQA),U.S. Geological Survey-Water Resources Discipline,USGS-07241550,,,"Stable, normal stage",Routine sample,40,USGS parameter code 82398,Multiple verticals,US DH-81 with Teflon cap and nozzle,,Alkalinity,Dissolved,221,mg/l CaCO3,,Accepted,,Actual,,,,,,,39086,,,,,,TT061,USGS,"Alkalinity, IPT, Hach",USGS National Field Manual,U.S. Geological Survey-Water Resources Discipline,,,,,,,NWIS
USGS-OK,USGS Oklahoma Water Science Center,nwisok.01.02100299,Sample-Routine,Water,Surface Water,2021-05-06,11:30:00,CDT,,,,,,,,,,,National Water Quality Assessment Program (NAWQA),U.S. Geological Survey-Water Resources Discipline,USGS-07241550,,,"Stable, normal stage",Routine sample,40,USGS parameter code 82398,Multiple verticals,US DH-81 with Teflon cap and nozzle,,Alkalinity,Dissolved,235,mg/l CaCO3,,Accepted,,Actual,,,,,,Holding-Time Violation - for accurate results measure in the field without delay. See NWQL Tech Memo 95-01.,29801,,,,,,TT040,USGS,"Alkalinity, titr. pH 4.5 (NWQL)","USGS TWRI 5-A1/1989, p 57","USGS-National Water Quality Lab, Denver, CO",2021-05-20,holding time exceededsee result laboratory comment,Blank-adjusted method detect limit,4,mg/l CaCO3,,NWIS
USGS-OK,USGS Oklahoma Water Science Center,nwisok.01.02100299,Sample-Routine,Water,Surface Water,2021-05-06,11:30:00,CDT,,,,,,,,,,,National Water Quality Assessment Program (NAWQA),U.S. Geological Survey-Water Resources Discipline,USGS-07241550,,,"Stable, normal stage",Routine sample,40,USGS parameter code 82398,Multiple verticals,US DH-81 with Teflon cap and nozzle,,Alkalinity,Dissolved,229,mg/l CaCO3,,Accepted,,Actual,,,,,,,39086,,,,,,TT061,USGS,"Alkalinity, IPT, Hach",USGS National Field Manual,U.S. Geological Survey-Water Resources Discipline,,,,,,,NWIS
USGS-OK,USGS Oklahoma Water Science Center,nwisok.01.02100254,Sample-Routine,Water,Surface Water,2021-04-08,09:00:00,CDT,,,,,,,,,,,National Water Quality Assessment Program (NAWQA),U.S. Geological Survey-Water Resources Discipline,USGS-07241550,,,"Stable, normal stage",Routine sample,40,USGS parameter code 82398,Multiple verticals,US DH-81 with Teflon cap and nozzle,,Alkalinity,Dissolved,243,mg/l CaCO3,,Accepted,,Actual,,,,,,Holding-Time Violation - for accurate results measure in the field without delay. See NWQL Tech Memo 95-01.,29801,,,,,,TT040,USGS,"Alkalinity, titr. pH 4.5 (NWQL)","USGS TWRI 5-A1/1989, p 57","USGS-National Water Quality Lab, Denver, CO",2021-04-28,holding time exceededsee result laboratory comment,Blank-adjusted method detect limit,4,mg/l CaCO3,,NWIS
USGS-OK,USGS Oklahoma Water Science Center,nwisok.01.02100254,Sample-Routine,Water,Surface Water,2021-04-08,09:00:00,CDT,,,,,,,,,,,National Water Quality Assessment Program (NAWQA),U.S. Geological Survey-Water Resources Discipline,USGS-07241550,,,"Stable, normal stage",Routine sample,40,USGS parameter code 82398,Multiple verticals,US DH-81 with Teflon cap and nozzle,,Alkalinity,Dissolved,256,mg/l CaCO3,,Accepted,,Actual,,,,,,,39086,,,,,,TT061,USGS,"Alkalinity, IPT, Hach",USGS National Field Manual,U.S. Geological Survey-Water Resources Discipline,,,,,,,NWIS
USGS-OK,USGS Oklahoma Water Science Center,nwisok.01.02100427,Sample-Routine,Water,Surface Water,2021-08-19,10:30:00,CDT,,,,,,,,,,,National Water Quality Assessment Program (NAWQA),U.S. Geological Survey-Water Resources Discipline,USGS-07241550,,,"Stable, normal stage",Routine sample,40,USGS parameter code 82398,Multiple verticals,US DH-81 with Teflon cap and nozzle,,Alkalinity,Dissolved,217,mg/l CaCO3,,Accepted,,Actual,,,,,,Holding-Time Violation - for accurate results measure in the field without delay. See NWQL Tech Memo 95-01.,29801,,,,,,TT040,USGS,"Alkalinity, titr. pH 4.5 (NWQL)","USGS TWRI 5-A1/1989, p 57","USGS-National Water Quality Lab, Denver, CO",2021-08-31,holding time exceededsee result laboratory comment,Blank-adjusted method detect limit,4,mg/l CaCO3,,NWIS
USGS-OK,USGS Oklahoma Water Science Center,nwisok.01.02100427,Sample-Routine,Water,Surface Water,2021-08-19,10:30:00,CDT,,,,,,,,,,,National Water Quality Assessment Program (NAWQA),U.S. Geological Survey-Water Resources Discipline,USGS-07241550,,,"Stable, normal stage",Routine sample,40,USGS parameter code 82398,Multiple verticals,US DH-81 with Teflon cap and nozzle,,Alkalinity,Dissolved,217,mg/l CaCO3,,Accepted,,Actual,,,,,,,39086,,,,,,TT061,USGS,"Alkalinity, IPT, Hach",USGS National Field Manual,U.S. Geological Survey-Water Resources Discipline,,,,,,,NWIS
USGS-OK,USGS Oklahoma Water Science Center,nwisok.01.02200003,Sample-Routine,Water,Surface Water,2021-10-12,10:30:00,CDT,,,,,,,,,,,National Water Quality Assessment Program (NAWQA),U.S. Geological Survey-Water Resources Discipline,USGS-07241550,heavy sands visually verified,,Falling stage,Routine sample,40,USGS parameter code 82398,Multiple verticals,US DH-95 Teflon bottle,,Alkalinity,Dissolved,154,mg/l CaCO3,,Accepted,,Actual,,,,,,Holding-Time Violation - for accurate results measure in the field without delay. See NWQL Tech Memo 95-01.,29801,,,,,,TT040,USGS,"Alkalinity, titr. pH 4.5 (NWQL)","USGS TWRI 5-A1/1989, p 57","USGS-National Water Quality Lab, Denver, CO",2021-10-19,holding time exceededsee result laboratory comment,Blank-adjusted method detect limit,4,mg/l CaCO3,,NWIS
USGS-OK,USGS Oklahoma Water Science Center,nwisok.01.02200003,Sample-Routine,Water,Surface Water,2021-10-12,10:30:00,CDT,,,,,,,,,,,National Water Quality Assessment Program (NAWQA),U.S. Geological Survey-Water Resources Discipline,USGS-07241550,heavy sands visually verified,,Falling stage,Routine sample,40,USGS parameter code 82398,Multiple verticals,US DH-95 Teflon bottle,,Alkalinity,Dissolved,165,mg/l CaCO3,,Accepted,,Actual,,,,,,,39086,,,,,,TT061,USGS,"Alkalinity, IPT, Hach",USGS National Field Manual,U.S. Geological Survey-Water Resources Discipline,,,,,,,NWIS
USGS-OK,USGS Oklahoma Water Science Center,nwisok.01.02100370,Sample-Routine,Water,Surface Water,2021-07-07,13:00:00,CDT,,,,,,,,,,,,U.S. Geological Survey-Water Resources Discipline,USGS-07241550,,,Falling stage,Routine sample,40,USGS parameter code 82398,Multiple verticals,US DH-95 plastic bottle,,Alkalinity,Dissolved,205,mg/l CaCO3,,Accepted,,Actual,,,,,,,39086,,,,,,TT061,USGS,"Alkalinity, IPT, Hach",USGS National Field Manual,U.S. Geological Survey-Water Resources Discipline,,,,,,,NWIS
USGS-OK,USGS Oklahoma Water Science Center,nwisok.01.02100370,Sample-Routine,Water,Surface Water,2021-07-07,13:00:00,CDT,,,,,,,,,,,,U.S. Geological Survey-Water Resources Discipline,USGS-07241550,,,Falling stage,Routine sample,40,USGS parameter code 82398,Multiple verticals,US DH-95 plastic bottle,,Alkalinity,Total,212,mg/l CaCO3,,Accepted,,Actual,,,,,,Holding-Time Violation - for accurate results measure in the field without delay. See NWQL Tech Memo 95-01.,90410,,,,,,TT040,USGS,"Alkalinity, titr. pH 4.5 (NWQL)","USGS TWRI 5-A1/1989, p 57","USGS-National Water Quality Lab, Denver, CO",2021-07-29,holding time exceededsee result laboratory comment,Blank-adjusted method detect limit,4,mg/l CaCO3,,NWIS
USGS-OK,USGS Oklahoma Water Science Center,nwisok.01.02200040,Sample-Routine,Water,Surface Water,2021-11-08,09:00:00,CST,,,,,,,,,,,National Water Quality Assessment Program (NAWQA),U.S. Geological Survey-Water Resources Discipline,USGS-07241550,,,"Stable, low stage",Routine sample,40,USGS parameter code 82398,Multiple verticals,US DH-81 with Teflon cap and nozzle,,Alkalinity,Dissolved,189,mg/l CaCO3,,Accepted,,Actual,,,,,,Holding-Time Violation - for accurate results measure in the field without delay. See NWQL Tech Memo 95-01.,29801,,,,,,TT040,USGS,"Alkalinity, titr. pH 4.5 (NWQL)","USGS TWRI 5-A1/1989, p 57","USGS-National Water Quality Lab, Denver, CO",2021-11-16,holding time exceededsee result laboratory comment,Blank-adjusted method detect limit,4,mg/l CaCO3,,NWIS
USGS-OK,USGS Oklahoma Water Science Center,nwisok.01.02200040,Sample-Routine,Water,Surface Water,2021-11-08,09:00:00,CST,,,,,,,,,,,National Water Quality Assessment Program (NAWQA),U.S. Geological Survey-Water Resources Discipline,USGS-07241550,,,"Stable, low stage",Routine sample,40,USGS parameter code 82398,Multiple verticals,US DH-81 with Teflon cap and nozzle,,Alkalinity,Dissolved,215,mg/l CaCO3,,Accepted,,Actual,,,,,,,39086,,,,,,TT061,USGS,"Alkalinity, IPT, Hach",USGS National Field Manual,U.S. Geological Survey-Water Resources Discipline,,,,,,,NWIS
USGS-OK,USGS Oklahoma Water Science Center,nwisok.01.02100395,Sample-Routine,Water,Surface Water,2021-06-24,14:00:00,CDT,,,,,,,,,,,National Water Quality Assessment Program (NAWQA),U.S. Geological Survey-Water Resources Discipline,USGS-07241550,,,"Stable, normal stage",Routine sample,40,USGS parameter code 82398,Multiple verticals,US DH-81 with Teflon cap and nozzle,,Alkalinity,Dissolved,249,mg/l CaCO3,,Accepted,,Actual,,,,,,Holding-Time Violation - for accurate results measure in the field without delay. See NWQL Tech Memo 95-01.,29801,,,,,,TT040,USGS,"Alkalinity, titr. pH 4.5 (NWQL)","USGS TWRI 5-A1/1989, p 57","USGS-National Water Quality Lab, Denver, CO",2021-07-12,holding time exceededsee result laboratory comment,Blank-adjusted method detect limit,4,mg/l CaCO3,,NWIS
USGS-OK,USGS Oklahoma Water Science Center,nwisok.01.02100395,Sample-Routine,Water,Surface Water,2021-06-24,14:00:00,CDT,,,,,,,,,,,National Water Quality Assessment Program (NAWQA),U.S. Geological Survey-Water Resources Discipline,USGS-07241550,,,"Stable, normal stage",Routine sample,40,USGS parameter code 82398,Multiple verticals,US DH-81 with Teflon cap and nozzle,,Alkalinity,Dissolved,250,mg/l CaCO3,,Accepted,,Actual,,,,,,,39086,,,,,,TT061,USGS,"Alkalinity, IPT, Hach",USGS National Field Manual,U.S. Geological Survey-Water Resources Discipline,,,,,,,NWIS
USGS-OK,USGS Oklahoma Water Science Center,nwisok.01.02100369,Sample-Routine,Water,Surface Water,2021-07-06,10:30:00,CDT,,,,,,,,,,,National Water Quality Assessment Program (NAWQA),U.S. Geological Survey-Water Resources Discipline,USGS-07241550,,,Falling stage,Routine sample,40,USGS parameter code 82398,Multiple verticals,US DH-95 Teflon bottle,,Alkalinity,Dissolved,181,mg/l CaCO3,,Accepted,,Actual,,,,,,Holding-Time Violation - for accurate results measure in the field without delay. See NWQL Tech Memo 95-01.,29801,,,,,,TT040,USGS,"Alkalinity, titr. pH 4.5 (NWQL)","USGS TWRI 5-A1/1989, p 57","USGS-National Water Quality Lab, Denver, CO",2021-07-16,holding time exceededsee result laboratory comment,Blank-adjusted method detect limit,4,mg/l CaCO3,,NWIS
USGS-OK,USGS Oklahoma Water Science Center,nwisok.01.02100369,Sample-Routine,Water,Surface Water,2021-07-06,10:30:00,CDT,,,,,,,,,,,National Water Quality Assessment Program (NAWQA),U.S. Geological Survey-Water Resources Discipline,USGS-07241550,,,Falling stage,Routine sample,40,USGS parameter code 82398,Multiple verticals,US DH-95 Teflon bottle,,Alkalinity,Dissolved,177,mg/l CaCO3,,Accepted,,Actual,,,,,,,39086,,,,,,TT061,USGS,"Alkalinity, IPT, Hach",USGS National Field Manual,U.S. Geological Survey-Water Resources Discipline,,,,,,,NWIS
USGS-OK,USGS Oklahoma Water Science Center,nwisok.01.02100340,Sample-Routine,Water,Surface Water,2021-06-03,10:30:00,CDT,,,,,,,,,,,National Water Quality Assessment Program (NAWQA),U.S. Geological Survey-Water Resources Discipline,USGS-07241550,heavy sands,,Rising stage,Routine sample,40,USGS parameter code 82398,Multiple verticals,US DH-95 Teflon bottle,,Alkalinity,Dissolved,164,mg/l CaCO3,,Accepted,,Actual,,,,,,Holding-Time Violation - for accurate results measure in the field without delay. See NWQL Tech Memo 95-01.,29801,,,,,,TT040,USGS,"Alkalinity, titr. pH 4.5 (NWQL)","USGS TWRI 5-A1/1989, p 57","USGS-National Water Quality Lab, Denver, CO",2021-06-14,holding time exceededsee result laboratory comment,Blank-adjusted method detect limit,4,mg/l CaCO3,,NWIS
USGS-OK,USGS Oklahoma Water Science Center,nwisok.01.02100340,Sample-Routine,Water,Surface Water,2021-06-03,10:30:00,CDT,,,,,,,,,,,National Water Quality Assessment Program (NAWQA),U.S. Geological Survey-Water Resources Discipline,USGS-07241550,heavy sands,,Rising stage,Routine sample,40,USGS parameter code 82398,Multiple verticals,US DH-95 Teflon bottle,,Alkalinity,Dissolved,181,mg/l CaCO3,,Accepted,,Actual,,,,,,,39086,,,,,,TT061,USGS,"Alkalinity, IPT, Hach",USGS National Field Manual,U.S. Geological Survey-Water Resources Discipline,,,,,,,NWIS
USGS-OK,USGS Oklahoma Water Science Center,nwisok.01.02100169,Sample-Routine,Water,Surface Water,2021-03-11,09:30:00,CST,,,,,,,,,,,,U.S. Geological Survey-Water Resources Discipline,USGS-07241550,,,"Stable, normal stage",Routine sample,40,USGS parameter code 82398,Multiple verticals,US DH-81,,Alkalinity,Dissolved,298,mg/l CaCO3,,Accepted,,Actual,,,,,,,39086,,,,,,TT061,USGS,"Alkalinity, IPT, Hach",USGS National Field Manual,,,,,,,,NWIS
USGS-OK,USGS Oklahoma Water Science Center,nwisok.01.02100169,Sample-Routine,Water,Surface Water,2021-03-11,09:30:00,CST,,,,,,,,,,,,U.S. Geological Survey-Water Resources Discipline,USGS-07241550,,,"Stable, normal stage",Routine sample,40,USGS parameter code 82398,Multiple verticals,US DH-81,,Alkalinity,Total,232,mg/l CaCO3,,Accepted,,Actual,,,,,,Hold time parameters were exceeded during the collection to analysis phase of sample processing. Holding-Time Violation - for accurate results measure in the field without delay. See NWQL Tech Memo 95-01.,90410,,,,,,TT040,USGS,"Alkalinity, titr. pH 4.5 (NWQL)","USGS TWRI 5-A1/1989, p 57","USGS-National Water Quality Lab, Denver, CO",2021-05-21,"holding time exceededvalue verified by rerun, same methodsee result laboratory comment",Blank-adjusted method detect limit,4,mg/l CaCO3,,NWIS
USGS-OK,USGS Oklahoma Water Science Center,nwisok.01.02100342,Sample-Routine,Water,Surface Water,2021-06-17,10:00:00,CDT,,,,,,,,,,,National Water Quality Assessment Program (NAWQA),U.S. Geological Survey-Water Resources Discipline,USGS-07241550,,,"Stable, normal stage",Routine sample,40,USGS parameter code 82398,Multiple verticals,US DH-95 Teflon bottle,,Alkalinity,Dissolved,210,mg/l CaCO3,,Accepted,,Actual,,,,,,Holding-Time Violation - for accurate results measure in the field without delay. See NWQL Tech Memo 95-01.,29801,,,,,,TT040,USGS,"Alkalinity, titr. pH 4.5 (NWQL)","USGS TWRI 5-A1/1989, p 57","USGS-National Water Quality Lab, Denver, CO",2021-06-29,holding time exceededsee result laboratory comment,Blank-adjusted method detect limit,4,mg/l CaCO3,,NWIS
USGS-OK,USGS Oklahoma Water Science Center,nwisok.01.02100342,Sample-Routine,Water,Surface Water,2021-06-17,10:00:00,CDT,,,,,,,,,,,National Water Quality Assessment Program (NAWQA),U.S. Geological Survey-Water Resources Discipline,USGS-07241550,,,"Stable, normal stage",Routine sample,40,USGS parameter code 82398,Multiple verticals,US DH-95 Teflon bottle,,Alkalinity,Dissolved,205,mg/l CaCO3,,Accepted,,Actual,,,,,,,39086,,,,,,TT061,USGS,"Alkalinity, IPT, Hach",USGS National Field Manual,U.S. Geological Survey-Water Resources Discipline,,,,,,,NWIS
USGS-OK,USGS Oklahoma Water Science Center,nwisok.01.02200100,Sample-Routine,Water,Surface Water,2022-01-06,09:30:00,CST,,,,,,,,,,,,U.S. Geological Survey-Water Resources Discipline,USGS-07241550,,,"Stable, low stage",Routine sample,40,USGS parameter code 82398,Multiple verticals,US DH-81,,Alkalinity,Dissolved,238,mg/l CaCO3,,Accepted,,Actual,,,,,,,39086,,,,,,TT061,USGS,"Alkalinity, IPT, Hach",USGS National Field Manual,U.S. Geological Survey-Water Resources Discipline,,,,,,,NWIS
USGS-OK,USGS Oklahoma Water Science Center,nwisok.01.02200100,Sample-Routine,Water,Surface Water,2022-01-06,09:30:00,CST,,,,,,,,,,,,U.S. Geological Survey-Water Resources Discipline,USGS-07241550,,,"Stable, low stage",Routine sample,40,USGS parameter code 82398,Multiple verticals,US DH-81,,Alkalinity,Total,224,mg/l CaCO3,,Accepted,,Actual,,,,,,Hold time parameters were exceeded during the collection to analysis phase of sample processing. Holding-Time Violation - for accurate results measure in the field without delay. See NWQL Tech Memo 95-01.,90410,,,,,,TT040,USGS,"Alkalinity, titr. pH 4.5 (NWQL)","USGS TWRI 5-A1/1989, p 57","USGS-National Water Quality Lab, Denver, CO",2022-03-14,holding time exceededsee result laboratory comment,Blank-adjusted method detect limit,4,mg/l CaCO3,,NWIS
USGS-OK,USGS Oklahoma Water Science Center,nwisok.01.02200418,Sample-Routine,Water,Surface Water,2022-09-15,10:30:00,CDT,,,,,,,,,,,,U.S. Geological Survey-Water Resources Discipline,USGS-07241550,,,Falling stage,Routine sample,40,USGS parameter code 82398,Multiple verticals,US DH-81,,Alkalinity,Dissolved,157,mg/l CaCO3,,Accepted,,Actual,,,,,,,39086,,,,,,TT061,USGS,"Alkalinity, IPT, Hach",USGS National Field Manual,U.S. Geological Survey-Water Resources Discipline,,,,,,,NWIS
USGS-OK,USGS Oklahoma Water Science Center,nwisok.01.02200418,Sample-Routine,Water,Surface Water,2022-09-15,10:30:00,CDT,,,,,,,,,,,,U.S. Geological Survey-Water Resources Discipline,USGS-07241550,,,Falling stage,Routine sample,40,USGS parameter code 82398,Multiple verticals,US DH-81,,Alkalinity,Total,155,mg/l CaCO3,,Accepted,,Actual,,,,,,Analyzed by the USGSTECO. See NWQL Technical Memorandum 2022.03. Hold time parameters were exceeded during the collection to analysis phase of sample processing. Holding-Time Violation - for accurate results measure in the field without delay. See NWQL Tech Memo 95-01.,90410,,,,,,TT040,USGS,"Alkalinity, titr. pH 4.5 (NWQL)","USGS TWRI 5-A1/1989, p 57","USGS-NRP, Trace Element Research Lab, Boulder, CO",2023-04-25,holding time exceededsee result laboratory comment,Blank-adjusted method detect limit,4,mg/l CaCO3,,NWIS
USGS-OK,USGS Oklahoma Water Science Center,nwisok.01.02200276,Sample-Routine,Water,Surface Water,2022-05-26,11:00:00,CDT,,,,,,,,,,,National Water Quality Assessment Program (NAWQA),U.S. Geological Survey-Water Resources Discipline,USGS-07241550,,,Falling stage,Routine sample,40,USGS parameter code 82398,Multiple verticals,US DH-95 Teflon bottle,,Alkalinity,Dissolved,110,mg/l CaCO3,,Accepted,,Actual,,,,,,,39086,,,,,,TT061,USGS,"Alkalinity, IPT, Hach",USGS National Field Manual,U.S. Geological Survey-Water Resources Discipline,,,,,,,NWIS
USGS-OK,USGS Oklahoma Water Science Center,nwisok.01.02200302,Sample-Routine,Water,Surface Water,2022-06-13,10:30:00,CDT,,,,,,,,,,,National Water Quality Assessment Program (NAWQA),U.S. Geological Survey-Water Resources Discipline,USGS-07241550,,,Rising stage,Routine sample,60,USGS parameter code 82398,Weighted bottle,Weighted-bottle sampler,,Alkalinity,Dissolved,165,mg/l CaCO3,,Accepted,,Actual,,,,,,,39086,,,,,,TT061,USGS,"Alkalinity, IPT, Hach",USGS National Field Manual,U.S. Geological Survey-Water Resources Discipline,,,,,,,NWIS
USGS-OK,USGS Oklahoma Water Science Center,nwisok.01.02200208,Sample-Routine,Water,Surface Water,2022-04-13,10:30:00,CDT,,,,,,,,,,,,U.S. Geological Survey-Water Resources Discipline,USGS-07241550,,,"Stable, high stage",Routine sample,40,USGS parameter code 82398,Multiple verticals,US DH-81,,Alkalinity,Dissolved,203,mg/l CaCO3,,Accepted,,Actual,,,,,,,39086,,,,,,TT061,USGS,"Alkalinity, IPT, Hach",USGS National Field Manual,U.S. Geological Survey-Water Resources Discipline,,,,,,,NWIS
USGS-OK,USGS Oklahoma Water Science Center,nwisok.01.02200208,Sample-Routine,Water,Surface Water,2022-04-13,10:30:00,CDT,,,,,,,,,,,,U.S. Geological Survey-Water Resources Discipline,USGS-07241550,,,"Stable, high stage",Routine sample,40,USGS parameter code 82398,Multiple verticals,US DH-81,,Alkalinity,Total,179,mg/l CaCO3,,Accepted,,Actual,,,,,,Hold time parameters were exceeded during the collection to analysis phase of sample processing. Holding-Time Violation - for accurate results measure in the field without delay. See NWQL Tech Memo 95-01.,90410,,,,,,TT040,USGS,"Alkalinity, titr. pH 4.5 (NWQL)","USGS TWRI 5-A1/1989, p 57","USGS-NRP, Trace Element Research Lab, Boulder, CO",2022-05-24,holding time exceededsee result laboratory comment,Blank-adjusted method detect limit,4,mg/l CaCO3,,NWIS
USGS-OK,USGS Oklahoma Water Science Center,nwisok.01.02200261,Sample-Routine,Water,Surface Water,2022-05-18,09:00:00,CDT,,,,,,,,,,,National Water Quality Assessment Program (NAWQA),U.S. Geological Survey-Water Resources Discipline,USGS-07241550,,,"Stable, normal stage",Routine sample,40,USGS parameter code 82398,Multiple verticals,US DH-81 with Teflon cap and nozzle,,Alkalinity,Dissolved,204,mg/l CaCO3,,Accepted,,Actual,,,,,,"Hold time parameters were exceeded during the collection to analysis phase of sample processing. Holding-Time Violation - for accurate results measure in the field without delay. See NWQL Tech Memo 95-01. ""Analyzed by the USGSTECO. See NWQL Technical Memorandum 2022.03.""",29801,,,,,,TT040,USGS,"Alkalinity, titr. pH 4.5 (NWQL)","USGS TWRI 5-A1/1989, p 57","USGS-National Water Quality Lab, Denver, CO",2023-04-19,holding time exceededsee result laboratory comment,Blank-adjusted method detect limit,4,mg/l CaCO3,,NWIS
USGS-OK,USGS Oklahoma Water Science Center,nwisok.01.02200261,Sample-Routine,Water,Surface Water,2022-05-18,09:00:00,CDT,,,,,,,,,,,National Water Quality Assessment Program (NAWQA),U.S. Geological Survey-Water Resources Discipline,USGS-07241550,,,"Stable, normal stage",Routine sample,40,USGS parameter code 82398,Multiple verticals,US DH-81 with Teflon cap and nozzle,,Alkalinity,Dissolved,242,mg/l CaCO3,,Accepted,,Actual,,,,,,,39086,,,,,,TT061,USGS,"Alkalinity, IPT, Hach",USGS National Field Manual,U.S. Geological Survey-Water Resources Discipline,,,,,,,NWIS
USGS-OK,USGS Oklahoma Water Science Center,nwisok.01.02300064,Sample-Routine,Water,Surface Water,2022-12-07,09:00:00,CST,,,,,,,,,,,National Water Quality Assessment Program (NAWQA),U.S. Geological Survey-Water Resources Discipline,USGS-07241550,,,"Stable, normal stage",Routine sample,40,USGS parameter code 82398,Multiple verticals,US DH-81 with Teflon cap and nozzle,,Alkalinity,Dissolved,162,mg/l CaCO3,,Accepted,,Actual,,,,,,Hold time parameters were exceeded during the collection to analysis phase of sample processing. Holding-Time Violation - for accurate results measure in the field without delay. See NWQL Tech Memo 95-01.,29801,,,,,,TT040,USGS,"Alkalinity, titr. pH 4.5 (NWQL)","USGS TWRI 5-A1/1989, p 57","USGS-National Water Quality Lab, Denver, CO",2023-08-23,holding time exceededsee result laboratory comment,Blank-adjusted method detect limit,2.5,mg/l CaCO3,,NWIS
USGS-OK,USGS Oklahoma Water Science Center,nwisok.01.02300064,Sample-Routine,Water,Surface Water,2022-12-07,09:00:00,CST,,,,,,,,,,,National Water Quality Assessment Program (NAWQA),U.S. Geological Survey-Water Resources Discipline,USGS-07241550,,,"Stable, normal stage",Routine sample,40,USGS parameter code 82398,Multiple verticals,US DH-81 with Teflon cap and nozzle,,Alkalinity,Dissolved,155,mg/l CaCO3,,Accepted,,Actual,,,,,,,39086,,,,,,TT061,USGS,"Alkalinity, IPT, Hach",USGS National Field Manual,U.S. Geological Survey-Water Resources Discipline,,,,,,,NWIS
USGS-OK,USGS Oklahoma Water Science Center,nwisok.01.02300040,Sample-Routine,Water,Surface Water,2022-11-03,09:30:00,CDT,,,,,,,,,,,,U.S. Geological Survey-Water Resources Discipline,USGS-07241550,,,"Stable, normal stage",Routine sample,40,USGS parameter code 82398,Multiple verticals,US DH-81 with Teflon cap and nozzle,,Alkalinity,Dissolved,155,mg/l CaCO3,,Accepted,,Actual,,,,,,,39086,,,,,,TT061,USGS,"Alkalinity, IPT, Hach",USGS National Field Manual,U.S. Geological Survey-Water Resources Discipline,,,,,,,NWIS
USGS-OK,USGS Oklahoma Water Science Center,nwisok.01.02300040,Sample-Routine,Water,Surface Water,2022-11-03,09:30:00,CDT,,,,,,,,,,,,U.S. Geological Survey-Water Resources Discipline,USGS-07241550,,,"Stable, normal stage",Routine sample,40,USGS parameter code 82398,Multiple verticals,US DH-81 with Teflon cap and nozzle,,Alkalinity,Total,148,mg/l CaCO3,,Accepted,,Actual,,,,,,"Hold time parameters were exceeded during the collection to analysis phase of sample processing. Holding-Time Violation - for accurate results measure in the field without delay. See NWQL Tech Memo 95-01. ""Analyzed by the USGSTECO. See NWQL Technical Memorandum 2022.03.""",90410,,,,,,TT040,USGS,"Alkalinity, titr. pH 4.5 (NWQL)","USGS TWRI 5-A1/1989, p 57","USGS-NRP, Trace Element Research Lab, Boulder, CO",2023-05-08,holding time exceededsee result laboratory comment,Blank-adjusted method detect limit,4,mg/l CaCO3,,NWIS
USGS-OK,USGS Oklahoma Water Science Center,nwisok.01.02200154,Sample-Routine,Water,Surface Water,2022-03-10,09:30:00,CST,,,,,,,,,,,,U.S. Geological Survey-Water Resources Discipline,USGS-07241550,,,"Stable, normal stage",Routine sample,40,USGS parameter code 82398,Multiple verticals,US DH-81,,Alkalinity,Dissolved,207,mg/l CaCO3,,Accepted,,Actual,,,,,,,39086,,,,,,TT061,USGS,"Alkalinity, IPT, Hach",USGS National Field Manual,U.S. Geological Survey-Water Resources Discipline,,,,,,,NWIS
USGS-OK,USGS Oklahoma Water Science Center,nwisok.01.02200154,Sample-Routine,Water,Surface Water,2022-03-10,09:30:00,CST,,,,,,,,,,,,U.S. Geological Survey-Water Resources Discipline,USGS-07241550,,,"Stable, normal stage",Routine sample,40,USGS parameter code 82398,Multiple verticals,US DH-81,,Alkalinity,Total,207,mg/l CaCO3,,Accepted,,Actual,,,,,,Hold time parameters were exceeded during the collection to analysis phase of sample processing. Holding-Time Violation - for accurate results measure in the field without delay. See NWQL Tech Memo 95-01.,90410,,,,,,TT040,USGS,"Alkalinity, titr. pH 4.5 (NWQL)","USGS TWRI 5-A1/1989, p 57","USGS-National Water Quality Lab, Denver, CO",2022-04-26,holding time exceededsee result laboratory comment,Blank-adjusted method detect limit,4,mg/l CaCO3,,NWIS
USGS-OK,USGS Oklahoma Water Science Center,nwisok.01.02200363,Sample-Routine,Water,Surface Water,2022-08-02,09:00:00,CDT,,,,,,,,,,,National Water Quality Assessment Program (NAWQA),U.S. Geological Survey-Water Resources Discipline,USGS-07241550,,,Falling stage,Routine sample,40,USGS parameter code 82398,Multiple verticals,US DH-81 with Teflon cap and nozzle,,Alkalinity,Dissolved,215,mg/l CaCO3,,Accepted,,Actual,,,,,,,39086,,,,,,TT061,USGS,"Alkalinity, IPT, Hach",USGS National Field Manual,U.S. Geological Survey-Water Resources Discipline,,,,,,,NWIS
USGS-OK,USGS Oklahoma Water Science Center,nwisok.01.02200401,Sample-Routine,Water,Surface Water,2022-09-01,14:00:00,CDT,,,,,,,,,,,National Water Quality Assessment Program (NAWQA),U.S. Geological Survey-Water Resources Discipline,USGS-07241550,,,"Stable, normal stage",Routine sample,40,USGS parameter code 82398,Multiple verticals,US DH-81 with Teflon cap and nozzle,,Alkalinity,Dissolved,160,mg/l CaCO3,,Accepted,,Actual,,,,,,"Hold time parameters were exceeded during the collection to analysis phase of sample processing. ""Analyzed by the USGSTECO. See NWQL Technical Memorandum 2022.03.""",29801,,,,,,TT040,USGS,"Alkalinity, titr. pH 4.5 (NWQL)","USGS TWRI 5-A1/1989, p 57","USGS-NRP, Trace Element Research Lab, Boulder, CO",2023-05-30,holding time exceededsee result laboratory comment,Blank-adjusted method detect limit,4,mg/l CaCO3,,NWIS
USGS-OK,USGS Oklahoma Water Science Center,nwisok.01.02200401,Sample-Routine,Water,Surface Water,2022-09-01,14:00:00,CDT,,,,,,,,,,,National Water Quality Assessment Program (NAWQA),U.S. Geological Survey-Water Resources Discipline,USGS-07241550,,,"Stable, normal stage",Routine sample,40,USGS parameter code 82398,Multiple verticals,US DH-81 with Teflon cap and nozzle,,Alkalinity,Dissolved,167,mg/l CaCO3,,Accepted,,Actual,,,,,,,39086,,,,,,TT061,USGS,"Alkalinity, IPT, Hach",USGS National Field Manual,U.S. Geological Survey-Water Resources Discipline,,,,,,,NWIS
USGS-OK,USGS Oklahoma Water Science Center,nwisok.01.02200091,Sample-Routine,Water,Surface Water,2022-01-11,12:00:00,CST,,,,,,,,,,,National Water Quality Assessment Program (NAWQA),U.S. Geological Survey-Water Resources Discipline,USGS-07241550,,,"Stable, low stage",Routine sample,40,USGS parameter code 82398,Multiple verticals,US DH-81 with Teflon cap and nozzle,,Alkalinity,Dissolved,216,mg/l CaCO3,,Accepted,,Actual,,,,,,Hold time parameters were exceeded during the collection to analysis phase of sample processing. Holding-Time Violation - for accurate results measure in the field without delay. See NWQL Tech Memo 95-01.,29801,,,,,,TT040,USGS,"Alkalinity, titr. pH 4.5 (NWQL)","USGS TWRI 5-A1/1989, p 57","USGS-National Water Quality Lab, Denver, CO",2022-02-23,holding time exceededsee result laboratory comment,Blank-adjusted method detect limit,4,mg/l CaCO3,,NWIS
USGS-OK,USGS Oklahoma Water Science Center,nwisok.01.02200091,Sample-Routine,Water,Surface Water,2022-01-11,12:00:00,CST,,,,,,,,,,,National Water Quality Assessment Program (NAWQA),U.S. Geological Survey-Water Resources Discipline,USGS-07241550,,,"Stable, low stage",Routine sample,40,USGS parameter code 82398,Multiple verticals,US DH-81 with Teflon cap and nozzle,,Alkalinity,Dissolved,238,mg/l CaCO3,,Accepted,,Actual,,,,,,,39086,,,,,,TT061,USGS,"Alkalinity, IPT, Hach",USGS National Field Manual,U.S. Geological Survey-Water Resources Discipline,,,,,,,NWIS
USGS-OK,USGS Oklahoma Water Science Center,nwisok.01.02200104,Sample-Routine,Water,Surface Water,2022-02-09,10:30:00,CST,,,,,,,,,,,,U.S. Geological Survey-Water Resources Discipline,USGS-07241550,,,"Stable, normal stage",Routine sample,10,USGS parameter code 82398,Equal width increment (ewi),US DH-81 with Teflon cap and nozzle,,Alkalinity,Dissolved,191,mg/l CaCO3,,Accepted,,Actual,,,,,,,39086,,,,,,TT061,USGS,"Alkalinity, IPT, Hach",USGS National Field Manual,U.S. Geological Survey-Water Resources Discipline,,,,,,,NWIS
USGS-OK,USGS Oklahoma Water Science Center,nwisok.01.02200104,Sample-Routine,Water,Surface Water,2022-02-09,10:30:00,CST,,,,,,,,,,,,U.S. Geological Survey-Water Resources Discipline,USGS-07241550,,,"Stable, normal stage",Routine sample,10,USGS parameter code 82398,Equal width increment (ewi),US DH-81 with Teflon cap and nozzle,,Alkalinity,Total,201,mg/l CaCO3,,Accepted,,Actual,,,,,,Hold time parameters were exceeded during the collection to analysis phase of sample processing. Holding-Time Violation - for accurate results measure in the field without delay. See NWQL Tech Memo 95-01.,90410,,,,,,TT040,USGS,"Alkalinity, titr. pH 4.5 (NWQL)","USGS TWRI 5-A1/1989, p 57","USGS-National Water Quality Lab, Denver, CO",2022-04-06,holding time exceededsee result laboratory comment,Blank-adjusted method detect limit,4,mg/l CaCO3,,NWIS
USGS-OK,USGS Oklahoma Water Science Center,nwisok.01.02300050,Quality Control Sample-Field Replicate,Water,Surface Water,2022-11-15,10:00:00,CST,,,,,,,,,,,National Water Quality Assessment Program (NAWQA),U.S. Geological Survey-Water Resources Discipline,USGS-07241550,,,"Stable, normal stage",Routine sample,40,USGS parameter code 82398,Multiple verticals,US DH-81 with Teflon cap and nozzle,,Alkalinity,Dissolved,153,mg/l CaCO3,,Accepted,,Actual,,,,,,,39086,,,,,,TT061,USGS,"Alkalinity, IPT, Hach",USGS National Field Manual,U.S. Geological Survey-Water Resources Discipline,,,,,,,NWIS
USGS-OK,USGS Oklahoma Water Science Center,nwisok.01.02300050,Quality Control Sample-Field Replicate,Water,Surface Water,2022-11-15,10:00:00,CST,,,,,,,,,,,National Water Quality Assessment Program (NAWQA),U.S. Geological Survey-Water Resources Discipline,USGS-07241550,,,"Stable, normal stage",Routine sample,40,USGS parameter code 82398,Multiple verticals,US DH-81 with Teflon cap and nozzle,,Alkalinity,Dissolved,151,mg/l CaCO3,,Accepted,,Actual,,,,,,Hold time parameters were exceeded during the collection to analysis phase of sample processing. Holding-Time Violation - for accurate results measure in the field without delay. See NWQL Tech Memo 95-01.,29801,,,,,,TT040,USGS,"Alkalinity, titr. pH 4.5 (NWQL)","USGS TWRI 5-A1/1989, p 57","USGS-National Water Quality Lab, Denver, CO",2023-08-24,holding time exceededsee result laboratory comment,Blank-adjusted method detect limit,2.5,mg/l CaCO3,,NWIS
USGS-OK,USGS Oklahoma Water Science Center,nwisok.01.02200328,Sample-Routine,Water,Surface Water,2022-06-29,09:30:00,CDT,,,,,,,,,,,National Water Quality Assessment Program (NAWQA),U.S. Geological Survey-Water Resources Discipline,USGS-07241550,,,"Stable, low stage",Routine sample,40,USGS parameter code 82398,Multiple verticals,US DH-81 with Teflon cap and nozzle,,Alkalinity,Dissolved,217,mg/l CaCO3,,Accepted,,Actual,,,,,,,39086,,,,,,TT061,USGS,"Alkalinity, IPT, Hach",USGS National Field Manual,U.S. Geological Survey-Water Resources Discipline,,,,,,,NWIS
USGS-OK,USGS Oklahoma Water Science Center,nwisok.01.02200317,Sample-Routine,Water,Surface Water,2022-06-22,12:30:00,CDT,,,,,,,,,,,,U.S. Geological Survey-Water Resources Discipline,USGS-07241550,,,"Stable, normal stage",Routine sample,40,USGS parameter code 82398,Multiple verticals,US DH-81,,Alkalinity,Dissolved,242,mg/l CaCO3,,Accepted,,Actual,,,,,,,39086,,,,,,TT061,USGS,"Alkalinity, IPT, Hach",USGS National Field Manual,U.S. Geological Survey-Water Resources Discipline,,,,,,,NWIS
USGS-OK,USGS Oklahoma Water Science Center,nwisok.01.02200317,Sample-Routine,Water,Surface Water,2022-06-22,12:30:00,CDT,,,,,,,,,,,,U.S. Geological Survey-Water Resources Discipline,USGS-07241550,,,"Stable, normal stage",Routine sample,40,USGS parameter code 82398,Multiple verticals,US DH-81,,Alkalinity,Total,223,mg/l CaCO3,,Accepted,,Actual,,,,,,Alkalinity analyzed by the USGSTECO. See NWQL Technical Memorandum 2022.03 Hold time parameters were exceeded during the collection to analysis phase of sample processing. Holding-Time Violation - for accurate results measure in the field without delay. See NWQL Tech Memo 95-01.,90410,,,,,,TT040,USGS,"Alkalinity, titr. pH 4.5 (NWQL)","USGS TWRI 5-A1/1989, p 57","USGS-NRP, Trace Element Research Lab, Boulder, CO",2022-12-20,holding time exceededsee result laboratory comment,Blank-adjusted method detect limit,4,mg/l CaCO3,,NWIS
USGS-OK,USGS Oklahoma Water Science Center,nwisok.01.02200105,Sample-Routine,Water,Surface Water,2022-02-10,11:00:00,CST,,,,,,,,,,,National Water Quality Assessment Program (NAWQA),U.S. Geological Survey-Water Resources Discipline,USGS-07241550,,,"Stable, normal stage",Routine sample,40,USGS parameter code 82398,Multiple verticals,US DH-81 with Teflon cap and nozzle,,Alkalinity,Dissolved,201,mg/l CaCO3,,Accepted,,Actual,,,,,,Hold time parameters were exceeded during the collection to analysis phase of sample processing. Holding-Time Violation - for accurate results measure in the field without delay. See NWQL Tech Memo 95-01.,29801,,,,,,TT040,USGS,"Alkalinity, titr. pH 4.5 (NWQL)","USGS TWRI 5-A1/1989, p 57","USGS-National Water Quality Lab, Denver, CO",2022-03-14,holding time exceededsee result laboratory comment,Blank-adjusted method detect limit,4,mg/l CaCO3,,NWIS
USGS-OK,USGS Oklahoma Water Science Center,nwisok.01.02200105,Sample-Routine,Water,Surface Water,2022-02-10,11:00:00,CST,,,,,,,,,,,National Water Quality Assessment Program (NAWQA),U.S. Geological Survey-Water Resources Discipline,USGS-07241550,,,"Stable, normal stage",Routine sample,40,USGS parameter code 82398,Multiple verticals,US DH-81 with Teflon cap and nozzle,,Alkalinity,Dissolved,197,mg/l CaCO3,,Accepted,,Actual,,,,,,,39086,,,,,,TT061,USGS,"Alkalinity, IPT, Hach",USGS National Field Manual,U.S. Geological Survey-Water Resources Discipline,,,,,,,NWIS
USGS-OK,USGS Oklahoma Water Science Center,nwisok.01.02200319,Sample-Routine,Water,Surface Water,2022-06-23,09:30:00,CDT,,,,,,,,,,,National Water Quality Assessment Program (NAWQA),U.S. Geological Survey-Water Resources Discipline,USGS-07241550,,,"Stable, normal stage",Routine sample,40,USGS parameter code 82398,Multiple verticals,US DH-81 with Teflon cap and nozzle,,Alkalinity,Dissolved,211,mg/l CaCO3,,Accepted,,Actual,,,,,,,39086,,,,,,TT061,USGS,"Alkalinity, IPT, Hach",USGS National Field Manual,U.S. Geological Survey-Water Resources Discipline,,,,,,,NWIS
USGS-OK,USGS Oklahoma Water Science Center,nwisok.01.02200386,Sample-Routine,Water,Surface Water,2022-08-16,10:30:00,CDT,,,,,,,,,,,National Water Quality Assessment Program (NAWQA),U.S. Geological Survey-Water Resources Discipline,USGS-07241550,,,Rising stage,Routine sample,40,USGS parameter code 82398,Multiple verticals,US DH-81 with Teflon cap and nozzle,,Alkalinity,Dissolved,158,mg/l CaCO3,,Accepted,,Actual,,,,,,"Hold time parameters were exceeded during the collection to analysis phase of sample processing. Holding-Time Violation - for accurate results measure in the field without delay. See NWQL Tech Memo 95-01. ""Analyzed by the USGSTECO. See NWQL Technical Memorandum 2022.03.""",29801,,,,,,TT040,USGS,"Alkalinity, titr. pH 4.5 (NWQL)","USGS TWRI 5-A1/1989, p 57","USGS-NRP, Trace Element Research Lab, Boulder, CO",2023-04-26,holding time exceededsee result laboratory comment,Blank-adjusted method detect limit,4,mg/l CaCO3,,NWIS
USGS-OK,USGS Oklahoma Water Science Center,nwisok.01.02200386,Sample-Routine,Water,Surface Water,2022-08-16,10:30:00,CDT,,,,,,,,,,,National Water Quality Assessment Program (NAWQA),U.S. Geological Survey-Water Resources Discipline,USGS-07241550,,,Rising stage,Routine sample,40,USGS parameter code 82398,Multiple verticals,US DH-81 with Teflon cap and nozzle,,Alkalinity,Dissolved,165,mg/l CaCO3,,Accepted,,Actual,,,,,,,39086,,,,,,TT061,USGS,"Alkalinity, IPT, Hach",USGS National Field Manual,U.S. Geological Survey-Water Resources Discipline,,,,,,,NWIS
USGS-OK,USGS Oklahoma Water Science Center,nwisok.01.02200139,Sample-Routine,Water,Surface Water,2022-03-01,10:30:00,CST,,,,,,,,,,,National Water Quality Assessment Program (NAWQA),U.S. Geological Survey-Water Resources Discipline,USGS-07241550,,,Rising stage,Routine sample,40,USGS parameter code 82398,Multiple verticals,US DH-81 with Teflon cap and nozzle,,Alkalinity,Dissolved,186,mg/l CaCO3,,Accepted,,Actual,,,,,,Hold time parameters were exceeded during the collection to analysis phase of sample processing. Holding-Time Violation - for accurate results measure in the field without delay. See NWQL Tech Memo 95-01.,29801,,,,,,TT040,USGS,"Alkalinity, titr. pH 4.5 (NWQL)","USGS TWRI 5-A1/1989, p 57","USGS-National Water Quality Lab, Denver, CO",2022-04-01,holding time exceededsee result laboratory comment,Blank-adjusted method detect limit,4,mg/l CaCO3,,NWIS
USGS-OK,USGS Oklahoma Water Science Center,nwisok.01.02200139,Sample-Routine,Water,Surface Water,2022-03-01,10:30:00,CST,,,,,,,,,,,National Water Quality Assessment Program (NAWQA),U.S. Geological Survey-Water Resources Discipline,USGS-07241550,,,Rising stage,Routine sample,40,USGS parameter code 82398,Multiple verticals,US DH-81 with Teflon cap and nozzle,,Alkalinity,Dissolved,181,mg/l CaCO3,,Accepted,,Actual,,,,,,,39086,,,,,,TT061,USGS,"Alkalinity, IPT, Hach",USGS National Field Manual,U.S. Geological Survey-Water Resources Discipline,,,,,,,NWIS
USGS-OK,USGS Oklahoma Water Science Center,nwisok.01.02200255,Sample-Routine,Water,Surface Water,2022-05-11,10:00:00,CDT,,,,,,,,,,,,U.S. Geological Survey-Water Resources Discipline,USGS-07241550,,,"Stable, low stage",Routine sample,40,USGS parameter code 82398,Multiple verticals,US DH-81 with Teflon cap and nozzle,,Alkalinity,Dissolved,151,mg/l CaCO3,,Accepted,,Actual,,,,,,,39086,,,,,,TT061,USGS,"Alkalinity, IPT, Hach",USGS National Field Manual,U.S. Geological Survey-Water Resources Discipline,,,,,,,NWIS
USGS-OK,USGS Oklahoma Water Science Center,nwisok.01.02200255,Sample-Routine,Water,Surface Water,2022-05-11,10:00:00,CDT,,,,,,,,,,,,U.S. Geological Survey-Water Resources Discipline,USGS-07241550,,,"Stable, low stage",Routine sample,40,USGS parameter code 82398,Multiple verticals,US DH-81 with Teflon cap and nozzle,,Alkalinity,Total,169,mg/l CaCO3,,Accepted,,Actual,,,,,,Holding-Time Violation - for accurate results measure in the field without delay. See NWQL Tech Memo 95-01.,90410,,,,,,TT040,USGS,"Alkalinity, titr. pH 4.5 (NWQL)","USGS TWRI 5-A1/1989, p 57","USGS-NRP, Trace Element Research Lab, Boulder, CO",2022-05-26,holding time exceededsee result laboratory comment,Blank-adjusted method detect limit,4,mg/l CaCO3,,NWIS
USGS-OK,USGS Oklahoma Water Science Center,nwisok.01.02200185,Quality Control Sample-Field Replicate,Water,Surface Water,2022-04-06,10:00:00,CDT,,,,,,,,,,,National Water Quality Assessment Program (NAWQA),U.S. Geological Survey-Water Resources Discipline,USGS-07241550,,,Falling stage,Routine sample,10,USGS parameter code 82398,Equal width increment (ewi),US DH-95 Teflon bottle,,Alkalinity,Dissolved,174,mg/l CaCO3,,Accepted,,Actual,,,,,,Hold time parameters were exceeded during the collection to analysis phase of sample processing. Holding-Time Violation - for accurate results measure in the field without delay. See NWQL Tech Memo 95-01.,29801,,,,,,TT040,USGS,"Alkalinity, titr. pH 4.5 (NWQL)","USGS TWRI 5-A1/1989, p 57","USGS-National Water Quality Lab, Denver, CO",2022-06-22,holding time exceededsee result laboratory comment,Blank-adjusted method detect limit,4,mg/l CaCO3,,NWIS
USGS-OK,USGS Oklahoma Water Science Center,nwisok.01.02200185,Quality Control Sample-Field Replicate,Water,Surface Water,2022-04-06,10:00:00,CDT,,,,,,,,,,,National Water Quality Assessment Program (NAWQA),U.S. Geological Survey-Water Resources Discipline,USGS-07241550,,,Falling stage,Routine sample,10,USGS parameter code 82398,Equal width increment (ewi),US DH-95 Teflon bottle,,Alkalinity,Dissolved,177,mg/l CaCO3,,Accepted,,Actual,,,,,,,39086,,,,,,TT061,USGS,"Alkalinity, IPT, Hach",USGS National Field Manual,U.S. Geological Survey-Water Resources Discipline,,,,,,,NWIS
USGS-OK,USGS Oklahoma Water Science Center,nwisok.01.02300006,Quality Control Sample-Field Replicate,Water,Surface Water,2022-10-06,11:30:00,CDT,,,,,,,,,,,,U.S. Geological Survey-Water Resources Discipline,USGS-07241550,,,"Stable, normal stage",Routine sample,40,USGS parameter code 82398,Multiple verticals,US DH-81,,Alkalinity,Dissolved,178,mg/l CaCO3,,Accepted,,Actual,,,,,,,39086,,,,,,TT061,USGS,"Alkalinity, IPT, Hach",USGS National Field Manual,U.S. Geological Survey-Water Resources Discipline,,,,,,,NWIS
USGS-OK,USGS Oklahoma Water Science Center,nwisok.01.02300006,Quality Control Sample-Field Replicate,Water,Surface Water,2022-10-06,11:30:00,CDT,,,,,,,,,,,,U.S. Geological Survey-Water Resources Discipline,USGS-07241550,,,"Stable, normal stage",Routine sample,40,USGS parameter code 82398,Multiple verticals,US DH-81,,Alkalinity,Total,151,mg/l CaCO3,,Accepted,,Actual,,,,,,"Hold time parameters were exceeded during the collection to analysis phase of sample processing. Holding-Time Violation - for accurate results measure in the field without delay. See NWQL Tech Memo 95-01. ""Analyzed by the USGSTECO. See NWQL Technical Memorandum 2022.03.""",90410,,,,,,TT040,USGS,"Alkalinity, titr. pH 4.5 (NWQL)","USGS TWRI 5-A1/1989, p 57","USGS-NRP, Trace Element Research Lab, Boulder, CO",2023-05-05,holding time exceededsee result laboratory comment,Blank-adjusted method detect limit,4,mg/l CaCO3,,NWIS
USGS-OK,USGS Oklahoma Water Science Center,nwisok.01.02200330,Sample-Routine,Water,Surface Water,2022-07-06,10:30:00,CDT,,,,,,,,,,,,U.S. Geological Survey-Water Resources Discipline,USGS-07241550,,,Rising stage,Routine sample,40,USGS parameter code 82398,Multiple verticals,US DH-81,,Alkalinity,Dissolved,223,mg/l CaCO3,,Accepted,,Actual,,,,,,,39086,,,,,,TT061,USGS,"Alkalinity, IPT, Hach",USGS National Field Manual,U.S. Geological Survey-Water Resources Discipline,,,,,,,NWIS
USGS-OK,USGS Oklahoma Water Science Center,nwisok.01.02200381,Sample-Routine,Water,Surface Water,2022-08-11,09:00:00,CDT,,,,,,,,,,,,U.S. Geological Survey-Water Resources Discipline,USGS-07241550,,,Falling stage,Routine sample,40,USGS parameter code 82398,Multiple verticals,US DH-81 with Teflon cap and nozzle,,Alkalinity,Dissolved,231,mg/l CaCO3,,Accepted,,Actual,,,,,,,39086,,,,,,TT061,USGS,"Alkalinity, IPT, Hach",USGS National Field Manual,U.S. Geological Survey-Water Resources Discipline,,,,,,,NWIS
USGS-OK,USGS Oklahoma Water Science Center,nwisok.01.02200331,Sample-Routine,Water,Surface Water,2022-07-11,08:30:00,CDT,,,,,,,,,,,National Water Quality Assessment Program (NAWQA),U.S. Geological Survey-Water Resources Discipline,USGS-07241550,,,"Stable, low stage",Routine sample,40,USGS parameter code 82398,Multiple verticals,US DH-81 with Teflon cap and nozzle,,Alkalinity,Dissolved,211,mg/l CaCO3,,Accepted,,Actual,,,,,,,39086,,,,,,TT061,USGS,"Alkalinity, IPT, Hach",USGS National Field Manual,U.S. Geological Survey-Water Resources Discipline,,,,,,,NWIS
USGS-OK,USGS Oklahoma Water Science Center,nwisok.01.02300013,Sample-Routine,Water,Surface Water,2022-10-18,11:30:00,CDT,,,,,,,,,,,National Water Quality Assessment Program (NAWQA),U.S. Geological Survey-Water Resources Discipline,USGS-07241550,,,"Stable, normal stage",Routine sample,40,USGS parameter code 82398,Multiple verticals,US DH-81 with Teflon cap and nozzle,,Alkalinity,Dissolved,134,mg/l CaCO3,,Accepted,,Actual,,,,,,Hold time parameters were exceeded during the collection to analysis phase of sample processing.,29801,,,,,,TT040,USGS,"Alkalinity, titr. pH 4.5 (NWQL)","USGS TWRI 5-A1/1989, p 57","USGS-National Water Quality Lab, Denver, CO",2023-08-09,holding time exceededsee result laboratory comment,Blank-adjusted method detect limit,2.5,mg/l CaCO3,,NWIS
USGS-OK,USGS Oklahoma Water Science Center,nwisok.01.02300013,Sample-Routine,Water,Surface Water,2022-10-18,11:30:00,CDT,,,,,,,,,,,National Water Quality Assessment Program (NAWQA),U.S. Geological Survey-Water Resources Discipline,USGS-07241550,,,"Stable, normal stage",Routine sample,40,USGS parameter code 82398,Multiple verticals,US DH-81 with Teflon cap and nozzle,,Alkalinity,Dissolved,151,mg/l CaCO3,,Accepted,,Actual,,,,,,,39086,,,,,,TT061,USGS,"Alkalinity, IPT, Hach",USGS National Field Manual,U.S. Geological Survey-Water Resources Discipline,,,,,,,NWIS
USGS-OK,USGS Oklahoma Water Science Center,nwisok.01.02200357,Sample-Routine,Water,Surface Water,2022-07-28,12:30:00,CDT,,,,,,,,,,,National Water Quality Assessment Program (NAWQA),U.S. Geological Survey-Water Resources Discipline,USGS-07241550,,,"Stable, normal stage",Routine sample,40,USGS parameter code 82398,Multiple verticals,US DH-81 with Teflon cap and nozzle,,Alkalinity,Dissolved,215,mg/l CaCO3,,Accepted,,Actual,,,,,,,39086,,,,,,TT061,USGS,"Alkalinity, IPT, Hach",USGS National Field Manual,U.S. Geological Survey-Water Resources Discipline,,,,,,,NWIS
USGS-OK,USGS Oklahoma Water Science Center,nwisok.01.02200278,Sample-Routine,Water,Surface Water,2022-05-31,10:00:00,CDT,,,,,,,,,,,National Water Quality Assessment Program (NAWQA),U.S. Geological Survey-Water Resources Discipline,USGS-07241550,,,"Stable, normal stage",Routine sample,40,USGS parameter code 82398,Multiple verticals,US DH-81 with Teflon cap and nozzle,,Alkalinity,Dissolved,187,mg/l CaCO3,,Accepted,,Actual,,,,,,,39086,,,,,,TT061,USGS,"Alkalinity, IPT, Hach",USGS National Field Manual,U.S. Geological Survey-Water Resources Discipline,,,,,,,NWIS
USGS-OK,USGS Oklahoma Water Science Center,nwisok.01.02300084,Sample-Routine,Water,Surface Water,2022-12-21,09:30:00,CST,,,,,,,,,,,,U.S. Geological Survey-Water Resources Discipline,USGS-07241550,,,"Stable, normal stage",Routine sample,40,USGS parameter code 82398,Multiple verticals,US DH-81,,Alkalinity,Dissolved,165,mg/l CaCO3,,Accepted,,Actual,,,,,,,39086,,,,,,TT061,USGS,"Alkalinity, IPT, Hach",USGS National Field Manual,U.S. Geological Survey-Water Resources Discipline,,,,,,,NWIS
USGS-OK,USGS Oklahoma Water Science Center,nwisok.01.02300084,Sample-Routine,Water,Surface Water,2022-12-21,09:30:00,CST,,,,,,,,,,,,U.S. Geological Survey-Water Resources Discipline,USGS-07241550,,,"Stable, normal stage",Routine sample,40,USGS parameter code 82398,Multiple verticals,US DH-81,,Alkalinity,Total,168,mg/l CaCO3,,Accepted,,Actual,,,,,,"Hold time parameters were exceeded during the collection to analysis phase of sample processing. Holding-Time Violation - for accurate results measure in the field without delay. See NWQL Tech Memo 95-01. ""Analyzed by the USGSTECO. See NWQL Technical Memorandum 2022.03.""",90410,,,,,,TT040,USGS,"Alkalinity, titr. pH 4.5 (NWQL)","USGS TWRI 5-A1/1989, p 57","USGS-NRP, Trace Element Research Lab, Boulder, CO",2023-05-10,holding time exceededsee result laboratory comment,Blank-adjusted method detect limit,4,mg/l CaCO3,,NWIS
USGS-OK,USGS Oklahoma Water Science Center,nwisok.01.02300113,Sample-Routine,Water,Surface Water,2023-01-05,09:30:00,CST,,,,,,,,,,,National Water Quality Assessment Program (NAWQA),U.S. Geological Survey-Water Resources Discipline,USGS-07241550,,,"Stable, normal stage",Routine sample,40,USGS parameter code 82398,Multiple verticals,US DH-81 with Teflon cap and nozzle,,Alkalinity,Dissolved,175,mg/l CaCO3,,Accepted,,Actual,,,,,,Hold time parameters were exceeded during the collection to analysis phase of sample processing. Holding-Time Violation - for accurate results measure in the field without delay. See NWQL Tech Memo 95-01.,29801,,,,,,TT040,USGS,"Alkalinity, titr. pH 4.5 (NWQL)","USGS TWRI 5-A1/1989, p 57","USGS-National Water Quality Lab, Denver, CO",2023-08-31,holding time exceededsee result laboratory comment,Blank-adjusted method detect limit,2.5,mg/l CaCO3,,NWIS
USGS-OK,USGS Oklahoma Water Science Center,nwisok.01.02300113,Sample-Routine,Water,Surface Water,2023-01-05,09:30:00,CST,,,,,,,,,,,National Water Quality Assessment Program (NAWQA),U.S. Geological Survey-Water Resources Discipline,USGS-07241550,,,"Stable, normal stage",Routine sample,40,USGS parameter code 82398,Multiple verticals,US DH-81 with Teflon cap and nozzle,,Alkalinity,Dissolved,185,mg/l CaCO3,,Accepted,,Actual,,,,,,,39086,,,,,,TT061,USGS,"Alkalinity, IPT, Hach",USGS National Field Manual,U.S. Geological Survey-Water Resources Discipline,,,,,,,NWIS
USGS-OK,USGS Oklahoma Water Science Center,nwisok.01.02300149,Sample-Routine,Water,Surface Water,2023-02-16,12:30:00,CST,,,,,,,,,,,,U.S. Geological Survey-Water Resources Discipline,USGS-07241550,,,"Stable, normal stage",Routine sample,40,USGS parameter code 82398,Multiple verticals,US DH-81 with Teflon cap and nozzle,,Alkalinity,Dissolved,177,mg/l CaCO3,,Accepted,,Actual,,,,,,,39086,,,,,,TT061,USGS,"Alkalinity, IPT, Hach",USGS National Field Manual,U.S. Geological Survey-Water Resources Discipline,,,,,,,NWIS
USGS-OK,USGS Oklahoma Water Science Center,nwisok.01.02300149,Sample-Routine,Water,Surface Water,2023-02-16,12:30:00,CST,,,,,,,,,,,,U.S. Geological Survey-Water Resources Discipline,USGS-07241550,,,"Stable, normal stage",Routine sample,40,USGS parameter code 82398,Multiple verticals,US DH-81 with Teflon cap and nozzle,,Alkalinity,Total,160,mg/l CaCO3,,Accepted,,Actual,,,,,,"Hold time parameters were exceeded during the collection to analysis phase of sample processing. Holding-Time Violation - for accurate results measure in the field without delay. See NWQL Tech Memo 95-01. ""Analyzed by the USGSTECO. See NWQL Technical Memorandum 2022.03.""",90410,,,,,,TT040,USGS,"Alkalinity, titr. pH 4.5 (NWQL)","USGS TWRI 5-A1/1989, p 57","USGS-NRP, Trace Element Research Lab, Boulder, CO",2023-05-10,holding time exceededsee result laboratory comment,Blank-adjusted method detect limit,4,mg/l CaCO3,,NWIS
USGS-OK,USGS Oklahoma Water Science Center,nwisok.01.02300112,Sample-Routine,Water,Surface Water,2023-01-18,09:00:00,CST,,,,,,,,,,,,U.S. Geological Survey-Water Resources Discipline,USGS-07241550,,,"Stable, normal stage",Routine sample,40,USGS parameter code 82398,Multiple verticals,US DH-81,,Alkalinity,Dissolved,191,mg/l CaCO3,,Accepted,,Actual,,,,,,,39086,,,,,,TT061,USGS,"Alkalinity, IPT, Hach",USGS National Field Manual,U.S. Geological Survey-Water Resources Discipline,,,,,,,NWIS
USGS-OK,USGS Oklahoma Water Science Center,nwisok.01.02300112,Sample-Routine,Water,Surface Water,2023-01-18,09:00:00,CST,,,,,,,,,,,,U.S. Geological Survey-Water Resources Discipline,USGS-07241550,,,"Stable, normal stage",Routine sample,40,USGS parameter code 82398,Multiple verticals,US DH-81,,Alkalinity,Total,170,mg/l CaCO3,,Accepted,,Actual,,,,,,"Hold time parameters were exceeded during the collection to analysis phase of sample processing. Holding-Time Violation - for accurate results measure in the field without delay. See NWQL Tech Memo 95-01. ""Analyzed by the USGSTECO. See NWQL Technical Memorandum 2022.03.""",90410,,,,,,TT040,USGS,"Alkalinity, titr. pH 4.5 (NWQL)","USGS TWRI 5-A1/1989, p 57","USGS-NRP, Trace Element Research Lab, Boulder, CO",2023-05-10,holding time exceededsee result laboratory comment,Blank-adjusted method detect limit,4,mg/l CaCO3,,NWIS
USGS-OK,USGS Oklahoma Water Science Center,nwisok.01.02300153,Sample-Routine,Water,Surface Water,2023-02-06,10:00:00,CST,,,,,,,,,,,National Water Quality Assessment Program (NAWQA),U.S. Geological Survey-Water Resources Discipline,USGS-07241550,,,"Stable, normal stage",Routine sample,40,USGS parameter code 82398,Multiple verticals,US DH-81 with Teflon cap and nozzle,,Alkalinity,Dissolved,183,mg/l CaCO3,,Accepted,,Actual,,,,,,Hold time parameters were exceeded during the collection to analysis phase of sample processing. Holding-Time Violation - for accurate results measure in the field without delay. See NWQL Tech Memo 95-01.,29801,,,,,,TT040,USGS,"Alkalinity, titr. pH 4.5 (NWQL)","USGS TWRI 5-A1/1989, p 57","USGS-National Water Quality Lab, Denver, CO",2023-09-05,holding time exceededsee result laboratory comment,Blank-adjusted method detect limit,2.5,mg/l CaCO3,,NWIS
USGS-OK,USGS Oklahoma Water Science Center,nwisok.01.02300153,Sample-Routine,Water,Surface Water,2023-02-06,10:00:00,CST,,,,,,,,,,,National Water Quality Assessment Program (NAWQA),U.S. Geological Survey-Water Resources Discipline,USGS-07241550,,,"Stable, normal stage",Routine sample,40,USGS parameter code 82398,Multiple verticals,US DH-81 with Teflon cap and nozzle,,Alkalinity,Dissolved,184,mg/l CaCO3,,Accepted,,Actual,,,,,,,39086,,,,,,TT061,USGS,"Alkalinity, IPT, Hach",USGS National Field Manual,U.S. Geological Survey-Water Resources Discipline,,,,,,,NWIS
USGS-OK,USGS Oklahoma Water Science Center,nwisok.01.02300186,Sample-Routine,Water,Surface Water,2023-03-21,09:30:00,CDT,,,,,,,,,,,National Water Quality Assessment Program (NAWQA),U.S. Geological Survey-Water Resources Discipline,USGS-07241550,,,"Stable, normal stage",Routine sample,40,USGS parameter code 82398,Multiple verticals,US DH-81 with Teflon cap and nozzle,,Alkalinity,Dissolved,169,mg/l CaCO3,,Accepted,,Actual,,,,,,Hold time parameters were exceeded during the collection to analysis phase of sample processing. Holding-Time Violation - for accurate results measure in the field without delay. See NWQL Tech Memo 95-01.,29801,,,,,,TT040,USGS,"Alkalinity, titr. pH 4.5 (NWQL)","USGS TWRI 5-A1/1989, p 57","USGS-National Water Quality Lab, Denver, CO",2023-12-19,holding time exceededsee result laboratory comment,Blank-adjusted method detect limit,2.5,mg/l CaCO3,,NWIS
USGS-OK,USGS Oklahoma Water Science Center,nwisok.01.02300186,Sample-Routine,Water,Surface Water,2023-03-21,09:30:00,CDT,,,,,,,,,,,National Water Quality Assessment Program (NAWQA),U.S. Geological Survey-Water Resources Discipline,USGS-07241550,,,"Stable, normal stage",Routine sample,40,USGS parameter code 82398,Multiple verticals,US DH-81 with Teflon cap and nozzle,,Alkalinity,Dissolved,215,mg/l CaCO3,,Accepted,,Actual,,,,,,,39086,,,,,,TT061,USGS,"Alkalinity, IPT, Hach",USGS National Field Manual,U.S. Geological Survey-Water Resources Discipline,,,,,,,NWIS
USGS-OK,USGS Oklahoma Water Science Center,nwisok.01.02300185,Sample-Routine,Water,Surface Water,2023-03-15,10:00:00,CDT,,,,,,,,,,,,U.S. Geological Survey-Water Resources Discipline,USGS-07241550,,,"Stable, normal stage",Routine sample,40,USGS parameter code 82398,Multiple verticals,US DH-81,,Alkalinity,Dissolved,187,mg/l CaCO3,,Accepted,,Actual,,,,,,,39086,,,,,,TT061,USGS,"Alkalinity, IPT, Hach",USGS National Field Manual,U.S. Geological Survey-Water Resources Discipline,,,,,,,NWIS
USGS-OK,USGS Oklahoma Water Science Center,nwisok.01.02300185,Sample-Routine,Water,Surface Water,2023-03-15,10:00:00,CDT,,,,,,,,,,,,U.S. Geological Survey-Water Resources Discipline,USGS-07241550,,,"Stable, normal stage",Routine sample,40,USGS parameter code 82398,Multiple verticals,US DH-81,,Alkalinity,Total,177,mg/l CaCO3,,Accepted,,Actual,,,,,,Hold time parameters were exceeded during the collection to analysis phase of sample processing. Holding-Time Violation - for accurate results measure in the field without delay. See NWQL Tech Memo 95-01.,90410,,,,,,TT040,USGS,"Alkalinity, titr. pH 4.5 (NWQL)","USGS TWRI 5-A1/1989, p 57","USGS-National Water Quality Lab, Denver, CO",2023-08-15,holding time exceededsee result laboratory comment,Blank-adjusted method detect limit,2.5,mg/l CaCO3,,NWIS
USGS-OK,USGS Oklahoma Water Science Center,nwisok.01.02300234,Sample-Routine,Water,Surface Water,2023-05-10,11:00:00,CDT,,,,,,,,,,,,U.S. Geological Survey-Water Resources Discipline,USGS-07241550,,,"Stable, normal stage",Routine sample,40,USGS parameter code 82398,Multiple verticals,US DH-81 with Teflon cap and nozzle,,Alkalinity,Dissolved,213,mg/l CaCO3,,Accepted,,Actual,,,,,,,39086,,,,,,TT061,USGS,"Alkalinity, IPT, Hach",USGS National Field Manual,U.S. Geological Survey-Water Resources Discipline,,,,,,,NWIS
USGS-OK,USGS Oklahoma Water Science Center,nwisok.01.02300234,Sample-Routine,Water,Surface Water,2023-05-10,11:00:00,CDT,,,,,,,,,,,,U.S. Geological Survey-Water Resources Discipline,USGS-07241550,,,"Stable, normal stage",Routine sample,40,USGS parameter code 82398,Multiple verticals,US DH-81 with Teflon cap and nozzle,,Alkalinity,Total,189,mg/l CaCO3,,Accepted,,Actual,,,,,,Hold time parameters were exceeded during the collection to analysis phase of sample processing. Holding-Time Violation - for accurate results measure in the field without delay. See NWQL Tech Memo 95-01.,90410,,,,,,TT040,USGS,"Alkalinity, titr. pH 4.5 (NWQL)","USGS TWRI 5-A1/1989, p 57","USGS-National Water Quality Lab, Denver, CO",2023-08-17,holding time exceededsee result laboratory comment,Blank-adjusted method detect limit,2.5,mg/l CaCO3,,NWIS
USGS-OK,USGS Oklahoma Water Science Center,nwisok.01.02300282,Sample-Routine,Water,Surface Water,2023-06-08,10:30:00,CDT,,,,,,,,,,,National Water Quality Assessment Program (NAWQA),U.S. Geological Survey-Water Resources Discipline,USGS-07241550,,,"Stable, normal stage",Routine sample,40,USGS parameter code 82398,Multiple verticals,US DH-81 with Teflon cap and nozzle,,Alkalinity,Dissolved,183,mg/l CaCO3,,Accepted,,Actual,,,,,,Hold time parameters were exceeded during the collection to analysis phase of sample processing. Holding-Time Violation - for accurate results measure in the field without delay. See NWQL Tech Memo 95-01.,29801,,,,,,TT040,USGS,"Alkalinity, titr. pH 4.5 (NWQL)","USGS TWRI 5-A1/1989, p 57","USGS-National Water Quality Lab, Denver, CO",2023-10-06,holding time exceededsee result laboratory comment,Blank-adjusted method detect limit,2.5,mg/l CaCO3,,NWIS
USGS-OK,USGS Oklahoma Water Science Center,nwisok.01.02300242,Sample-Routine,Water,Surface Water,2023-05-18,09:30:00,CDT,,,,,,,,,,,National Water Quality Assessment Program (NAWQA),U.S. Geological Survey-Water Resources Discipline,USGS-07241550,,,"Stable, low stage",Routine sample,40,USGS parameter code 82398,Multiple verticals,US DH-81 with Teflon cap and nozzle,,Alkalinity,Dissolved,154,mg/l CaCO3,,Accepted,,Actual,,,,,,Hold time parameters were exceeded during the collection to analysis phase of sample processing. Holding-Time Violation - for accurate results measure in the field without delay. See NWQL Tech Memo 95-01.,29801,,,,,,TT040,USGS,"Alkalinity, titr. pH 4.5 (NWQL)","USGS TWRI 5-A1/1989, p 57","USGS-National Water Quality Lab, Denver, CO",2023-09-26,holding time exceededsee result laboratory comment,Blank-adjusted method detect limit,2.5,mg/l CaCO3,,NWIS
USGS-OK,USGS Oklahoma Water Science Center,nwisok.01.02300242,Sample-Routine,Water,Surface Water,2023-05-18,09:30:00,CDT,,,,,,,,,,,National Water Quality Assessment Program (NAWQA),U.S. Geological Survey-Water Resources Discipline,USGS-07241550,,,"Stable, low stage",Routine sample,40,USGS parameter code 82398,Multiple verticals,US DH-81 with Teflon cap and nozzle,,Alkalinity,Dissolved,155,mg/l CaCO3,,Accepted,,Actual,,,,,,,39086,,,,,,TT061,USGS,"Alkalinity, IPT, Hach",USGS National Field Manual,U.S. Geological Survey-Water Resources Discipline,,,,,,,NWIS
USGS-OK,USGS Oklahoma Water Science Center,nwisok.01.02300229,Sample-Routine,Water,Surface Water,2023-05-02,10:00:00,CDT,,,,,,,,,,,National Water Quality Assessment Program (NAWQA),U.S. Geological Survey-Water Resources Discipline,USGS-07241550,,,"Stable, normal stage",Routine sample,40,USGS parameter code 82398,Multiple verticals,US DH-81 with Teflon cap and nozzle,,Alkalinity,Dissolved,170,mg/l CaCO3,,Accepted,,Actual,,,,,,Hold time parameters were exceeded during the collection to analysis phase of sample processing. Holding-Time Violation - for accurate results measure in the field without delay. See NWQL Tech Memo 95-01.,29801,,,,,,TT040,USGS,"Alkalinity, titr. pH 4.5 (NWQL)","USGS TWRI 5-A1/1989, p 57","USGS-National Water Quality Lab, Denver, CO",2023-09-22,holding time exceededsee result laboratory comment,Blank-adjusted method detect limit,2.5,mg/l CaCO3,,NWIS
USGS-OK,USGS Oklahoma Water Science Center,nwisok.01.02300229,Sample-Routine,Water,Surface Water,2023-05-02,10:00:00,CDT,,,,,,,,,,,National Water Quality Assessment Program (NAWQA),U.S. Geological Survey-Water Resources Discipline,USGS-07241550,,,"Stable, normal stage",Routine sample,40,USGS parameter code 82398,Multiple verticals,US DH-81 with Teflon cap and nozzle,,Alkalinity,Dissolved,187,mg/l CaCO3,,Accepted,,Actual,,,,,,,39086,,,,,,TT061,USGS,"Alkalinity, IPT, Hach",USGS National Field Manual,U.S. Geological Survey-Water Resources Discipline,,,,,,,NWIS
USGS-OK,USGS Oklahoma Water Science Center,nwisok.01.02300239,Sample-Routine,Water,Surface Water,2023-05-11,09:30:00,CDT,,,,,,,,,,,National Water Quality Assessment Program (NAWQA),U.S. Geological Survey-Water Resources Discipline,USGS-07241550,,,"Stable, normal stage",Routine sample,40,USGS parameter code 82398,Multiple verticals,US DH-81 with Teflon cap and nozzle,,Alkalinity,Dissolved,186,mg/l CaCO3,,Accepted,,Actual,,,,,,Hold time parameters were exceeded during the collection to analysis phase of sample processing. Holding-Time Violation - for accurate results measure in the field without delay. See NWQL Tech Memo 95-01.,29801,,,,,,TT040,USGS,"Alkalinity, titr. pH 4.5 (NWQL)","USGS TWRI 5-A1/1989, p 57","USGS-National Water Quality Lab, Denver, CO",2023-09-25,holding time exceededsee result laboratory comment,Blank-adjusted method detect limit,2.5,mg/l CaCO3,,NWIS
USGS-OK,USGS Oklahoma Water Science Center,nwisok.01.02300239,Sample-Routine,Water,Surface Water,2023-05-11,09:30:00,CDT,,,,,,,,,,,National Water Quality Assessment Program (NAWQA),U.S. Geological Survey-Water Resources Discipline,USGS-07241550,,,"Stable, normal stage",Routine sample,40,USGS parameter code 82398,Multiple verticals,US DH-81 with Teflon cap and nozzle,,Alkalinity,Dissolved,189,mg/l CaCO3,,Accepted,,Actual,,,,,,,39086,,,,,,TT061,USGS,"Alkalinity, IPT, Hach",USGS National Field Manual,U.S. Geological Survey-Water Resources Discipline,,,,,,,NWIS
USGS-OK,USGS Oklahoma Water Science Center,nwisok.01.02300202,Sample-Routine,Water,Surface Water,2023-04-03,11:00:00,CDT,,,,,,,,,,,National Water Quality Assessment Program (NAWQA),U.S. Geological Survey-Water Resources Discipline,USGS-07241550,,,"Stable, high stage",Routine sample,40,USGS parameter code 82398,Multiple verticals,US DH-81 with Teflon cap and nozzle,,Alkalinity,Dissolved,171,mg/l CaCO3,,Accepted,,Actual,,,,,,Hold time parameters were exceeded during the collection to analysis phase of sample processing. Holding-Time Violation - for accurate results measure in the field without delay. See NWQL Tech Memo 95-01.,29801,,,,,,TT040,USGS,"Alkalinity, titr. pH 4.5 (NWQL)","USGS TWRI 5-A1/1989, p 57","USGS-National Water Quality Lab, Denver, CO",2023-09-29,holding time exceededsee result laboratory comment,Blank-adjusted method detect limit,2.5,mg/l CaCO3,,NWIS
USGS-OK,USGS Oklahoma Water Science Center,nwisok.01.02300202,Sample-Routine,Water,Surface Water,2023-04-03,11:00:00,CDT,,,,,,,,,,,National Water Quality Assessment Program (NAWQA),U.S. Geological Survey-Water Resources Discipline,USGS-07241550,,,"Stable, high stage",Routine sample,40,USGS parameter code 82398,Multiple verticals,US DH-81 with Teflon cap and nozzle,,Alkalinity,Dissolved,181,mg/l CaCO3,,Accepted,,Actual,,,,,,,39086,,,,,,TT061,USGS,"Alkalinity, IPT, Hach",USGS National Field Manual,U.S. Geological Survey-Water Resources Discipline,,,,,,,NWIS
USGS-OK,USGS Oklahoma Water Science Center,nwisok.01.02300214,Sample-Routine,Water,Surface Water,2023-04-19,12:00:00,CDT,,,,,,,,,,,,U.S. Geological Survey-Water Resources Discipline,USGS-07241550,,,"Stable, normal stage",Routine sample,40,USGS parameter code 82398,Multiple verticals,US DH-81,,Alkalinity,Dissolved,165,mg/l CaCO3,,Accepted,,Actual,,,,,,,39086,,,,,,TT061,USGS,"Alkalinity, IPT, Hach",USGS National Field Manual,U.S. Geological Survey-Water Resources Discipline,,,,,,,NWIS
USGS-OK,USGS Oklahoma Water Science Center,nwisok.01.02300214,Sample-Routine,Water,Surface Water,2023-04-19,12:00:00,CDT,,,,,,,,,,,,U.S. Geological Survey-Water Resources Discipline,USGS-07241550,,,"Stable, normal stage",Routine sample,40,USGS parameter code 82398,Multiple verticals,US DH-81,,Alkalinity,Total,166,mg/l CaCO3,,Accepted,,Actual,,,,,,Hold time parameters were exceeded during the collection to analysis phase of sample processing. Holding-Time Violation - for accurate results measure in the field without delay. See NWQL Tech Memo 95-01.,90410,,,,,,TT040,USGS,"Alkalinity, titr. pH 4.5 (NWQL)","USGS TWRI 5-A1/1989, p 57","USGS-National Water Quality Lab, Denver, CO",2023-08-17,holding time exceededsee result laboratory comment,Blank-adjusted method detect limit,2.5,mg/l CaCO3,,NWIS
USGS-OK,USGS Oklahoma Water Science Center,nwisok.01.02300312,Sample-Routine,Water,Surface Water,2023-06-27,10:30:00,CDT,,,,,,,,,,,National Water Quality Assessment Program (NAWQA),U.S. Geological Survey-Water Resources Discipline,USGS-07241550,,,"Stable, normal stage",Routine sample,40,USGS parameter code 82398,Multiple verticals,US DH-81 with Teflon cap and nozzle,,Alkalinity,Dissolved,184,mg/l CaCO3,,Accepted,,Actual,,,,,,Hold time parameters were exceeded during the collection to analysis phase of sample processing. Holding-Time Violation - for accurate results measure in the field without delay. See NWQL Tech Memo 95-01.,29801,,,,,,TT040,USGS,"Alkalinity, titr. pH 4.5 (NWQL)","USGS TWRI 5-A1/1989, p 57","USGS-National Water Quality Lab, Denver, CO",2023-10-11,holding time exceededsee result laboratory comment,Blank-adjusted method detect limit,2.5,mg/l CaCO3,,NWIS
USGS-OK,USGS Oklahoma Water Science Center,nwisok.01.02300312,Sample-Routine,Water,Surface Water,2023-06-27,10:30:00,CDT,,,,,,,,,,,National Water Quality Assessment Program (NAWQA),U.S. Geological Survey-Water Resources Discipline,USGS-07241550,,,"Stable, normal stage",Routine sample,40,USGS parameter code 82398,Multiple verticals,US DH-81 with Teflon cap and nozzle,,Alkalinity,Dissolved,186,mg/l CaCO3,,Accepted,,Actual,,,,,,,39086,,,,,,TT061,USGS,"Alkalinity, IPT, Hach",USGS National Field Manual,U.S. Geological Survey-Water Resources Discipline,,,,,,,NWIS
USGS-OK,USGS Oklahoma Water Science Center,nwisok.01.02300276,Sample-Routine,Water,Surface Water,2023-06-07,09:30:00,CDT,,,,,,,,,,,,U.S. Geological Survey-Water Resources Discipline,USGS-07241550,,,"Stable, low stage",Routine sample,40,USGS parameter code 82398,Multiple verticals,US DH-81,,Alkalinity,Dissolved,128,mg/l CaCO3,,Accepted,,Actual,,,,,,,39086,,,,,,TT061,USGS,"Alkalinity, IPT, Hach",USGS National Field Manual,U.S. Geological Survey-Water Resources Discipline,,,,,,,NWIS
USGS-OK,USGS Oklahoma Water Science Center,nwisok.01.02300276,Sample-Routine,Water,Surface Water,2023-06-07,09:30:00,CDT,,,,,,,,,,,,U.S. Geological Survey-Water Resources Discipline,USGS-07241550,,,"Stable, low stage",Routine sample,40,USGS parameter code 82398,Multiple verticals,US DH-81,,Alkalinity,Total,138,mg/l CaCO3,,Accepted,,Actual,,,,,,Hold time parameters were exceeded during the collection to analysis phase of sample processing. Holding-Time Violation - for accurate results measure in the field without delay. See NWQL Tech Memo 95-01.,90410,,,,,,TT040,USGS,"Alkalinity, titr. pH 4.5 (NWQL)","USGS TWRI 5-A1/1989, p 57","USGS-National Water Quality Lab, Denver, CO",2023-08-18,holding time exceededsee result laboratory comment,Blank-adjusted method detect limit,2.5,mg/l CaCO3,,NWIS
USGS-OK,USGS Oklahoma Water Science Center,nwisok.01.02300285,Sample-Routine,Water,Surface Water,2023-06-14,09:00:00,CDT,,,,,,,,,,,National Water Quality Assessment Program (NAWQA),U.S. Geological Survey-Water Resources Discipline,USGS-07241550,,,Falling stage,Routine sample,40,USGS parameter code 82398,Multiple verticals,US DH-81 with Teflon cap and nozzle,,Alkalinity,Dissolved,161,mg/l CaCO3,,Accepted,,Actual,,,,,,Hold time parameters were exceeded during the collection to analysis phase of sample processing. Holding-Time Violation - for accurate results measure in the field without delay. See NWQL Tech Memo 95-01.,29801,,,,,,TT040,USGS,"Alkalinity, titr. pH 4.5 (NWQL)","USGS TWRI 5-A1/1989, p 57","USGS-National Water Quality Lab, Denver, CO",2023-10-10,holding time exceededsee result laboratory comment,Blank-adjusted method detect limit,2.5,mg/l CaCO3,,NWIS
USGS-OK,USGS Oklahoma Water Science Center,nwisok.01.02300285,Sample-Routine,Water,Surface Water,2023-06-14,09:00:00,CDT,,,,,,,,,,,National Water Quality Assessment Program (NAWQA),U.S. Geological Survey-Water Resources Discipline,USGS-07241550,,,Falling stage,Routine sample,40,USGS parameter code 82398,Multiple verticals,US DH-81 with Teflon cap and nozzle,,Alkalinity,Dissolved,157,mg/l CaCO3,,Accepted,,Actual,,,,,,,39086,,,,,,TT061,USGS,"Alkalinity, IPT, Hach",USGS National Field Manual,U.S. Geological Survey-Water Resources Discipline,,,,,,,NWIS
USGS-OK,USGS Oklahoma Water Science Center,nwisok.01.02300337,Sample-Routine,Water,Surface Water,2023-07-17,11:00:00,CDT,,,,,,,,,,,National Water Quality Assessment Program (NAWQA),U.S. Geological Survey-Water Resources Discipline,USGS-07241550,,,Falling stage,Routine sample,60,USGS parameter code 82398,Weighted bottle,Weighted-bottle sampler,,Alkalinity,Dissolved,145,mg/l CaCO3,,Accepted,,Actual,,,,,,Hold time parameters were exceeded during the collection to analysis phase of sample processing. Holding-Time Violation - for accurate results measure in the field without delay. See NWQL Tech Memo 95-01.,29801,,,,,,TT040,USGS,"Alkalinity, titr. pH 4.5 (NWQL)","USGS TWRI 5-A1/1989, p 57","USGS-National Water Quality Lab, Denver, CO",2023-10-13,holding time exceededsee result laboratory comment,Blank-adjusted method detect limit,2.5,mg/l CaCO3,,NWIS
USGS-OK,USGS Oklahoma Water Science Center,nwisok.01.02300337,Sample-Routine,Water,Surface Water,2023-07-17,11:00:00,CDT,,,,,,,,,,,National Water Quality Assessment Program (NAWQA),U.S. Geological Survey-Water Resources Discipline,USGS-07241550,,,Falling stage,Routine sample,60,USGS parameter code 82398,Weighted bottle,Weighted-bottle sampler,,Alkalinity,Dissolved,148,mg/l CaCO3,,Accepted,,Actual,,,,,,,39086,,,,,,TT061,USGS,"Alkalinity, IPT, Hach",USGS National Field Manual,U.S. Geological Survey-Water Resources Discipline,,,,,,,NWIS
USGS-OK,USGS Oklahoma Water Science Center,nwisok.01.02300437,Sample-Routine,Water,Surface Water,2023-08-21,13:00:00,CDT,,,,,,,,,,,National Water Quality Assessment Program (NAWQA),U.S. Geological Survey-Water Resources Discipline,USGS-07241550,,,"Stable, high stage",Routine sample,60,USGS parameter code 82398,Weighted bottle,Weighted-bottle sampler,,Alkalinity,Dissolved,205,mg/l CaCO3,,Accepted,,Actual,,,,,,Hold time parameters were exceeded during the collection to analysis phase of sample processing. Holding-Time Violation - for accurate results measure in the field without delay. See NWQL Tech Memo 95-01.,29801,,,,,,TT040,USGS,"Alkalinity, titr. pH 4.5 (NWQL)","USGS TWRI 5-A1/1989, p 57","USGS-National Water Quality Lab, Denver, CO",2023-09-22,holding time exceededsee result laboratory comment,Blank-adjusted method detect limit,2.5,mg/l CaCO3,,NWIS
USGS-OK,USGS Oklahoma Water Science Center,nwisok.01.02300437,Sample-Routine,Water,Surface Water,2023-08-21,13:00:00,CDT,,,,,,,,,,,National Water Quality Assessment Program (NAWQA),U.S. Geological Survey-Water Resources Discipline,USGS-07241550,,,"Stable, high stage",Routine sample,60,USGS parameter code 82398,Weighted bottle,Weighted-bottle sampler,,Alkalinity,Dissolved,221,mg/l CaCO3,,Accepted,,Actual,,,,,,,39086,,,,,,TT061,USGS,"Alkalinity, IPT, Hach",USGS National Field Manual,U.S. Geological Survey-Water Resources Discipline,,,,,,,NWIS
USGS-OK,USGS Oklahoma Water Science Center,nwisok.01.02300432,Sample-Routine,Water,Surface Water,2023-08-16,09:30:00,CDT,,,,,,,,,,,,U.S. Geological Survey-Water Resources Discipline,USGS-07241550,,,"Stable, normal stage",Routine sample,60,USGS parameter code 82398,Weighted bottle,Weighted-bottle sampler,,Alkalinity,Dissolved,217,mg/l CaCO3,,Accepted,,Actual,,,,,,,39086,,,,,,TT061,USGS,"Alkalinity, IPT, Hach",USGS National Field Manual,U.S. Geological Survey-Water Resources Discipline,,,,,,,NWIS
USGS-OK,USGS Oklahoma Water Science Center,nwisok.01.02300432,Sample-Routine,Water,Surface Water,2023-08-16,09:30:00,CDT,,,,,,,,,,,,U.S. Geological Survey-Water Resources Discipline,USGS-07241550,,,"Stable, normal stage",Routine sample,60,USGS parameter code 82398,Weighted bottle,Weighted-bottle sampler,,Alkalinity,Total,208,mg/l CaCO3,,Accepted,,Actual,,,,,,Hold time parameters were exceeded during the collection to analysis phase of sample processing. Holding-Time Violation - for accurate results measure in the field without delay. See NWQL Tech Memo 95-01.,90410,,,,,,TT040,USGS,"Alkalinity, titr. pH 4.5 (NWQL)","USGS TWRI 5-A1/1989, p 57","USGS-National Water Quality Lab, Denver, CO",2023-09-18,holding time exceededsee result laboratory comment,Blank-adjusted method detect limit,2.5,mg/l CaCO3,,NWIS
USGS-OK,USGS Oklahoma Water Science Center,nwisok.01.02300475,Sample-Routine,Water,Surface Water,2023-09-21,09:00:00,CDT,,,,,,,,,,,,U.S. Geological Survey-Water Resources Discipline,USGS-07241550,,,"Stable, normal stage",Routine sample,60,USGS parameter code 82398,Weighted bottle,Weighted-bottle sampler,,Alkalinity,Dissolved,181,mg/l CaCO3,,Accepted,,Actual,,,,,,,39086,,,,,,TT061,USGS,"Alkalinity, IPT, Hach",USGS National Field Manual,U.S. Geological Survey-Water Resources Discipline,,,,,,,NWIS
USGS-OK,USGS Oklahoma Water Science Center,nwisok.01.02300475,Sample-Routine,Water,Surface Water,2023-09-21,09:00:00,CDT,,,,,,,,,,,,U.S. Geological Survey-Water Resources Discipline,USGS-07241550,,,"Stable, normal stage",Routine sample,60,USGS parameter code 82398,Weighted bottle,Weighted-bottle sampler,,Alkalinity,Total,195,mg/l CaCO3,,Accepted,,Actual,,,,,,Hold time parameters were exceeded during the collection to analysis phase of sample processing. Holding-Time Violation - for accurate results measure in the field without delay. See NWQL Tech Memo 95-01.,90410,,,,,,TT040,USGS,"Alkalinity, titr. pH 4.5 (NWQL)","USGS TWRI 5-A1/1989, p 57","USGS-National Water Quality Lab, Denver, CO",2023-10-25,holding time exceededsee result laboratory comment,Blank-adjusted method detect limit,2.5,mg/l CaCO3,,NWIS
USGS-OK,USGS Oklahoma Water Science Center,nwisok.01.02300345,Sample-Routine,Water,Surface Water,2023-07-20,09:30:00,CDT,,,,,,,,,,,National Water Quality Assessment Program (NAWQA),U.S. Geological Survey-Water Resources Discipline,USGS-07241550,,,Falling stage,Routine sample,60,USGS parameter code 82398,Weighted bottle,Weighted-bottle sampler,,Alkalinity,Dissolved,164,mg/l CaCO3,,Accepted,,Actual,,,,,,Hold time parameters were exceeded during the collection to analysis phase of sample processing. Holding-Time Violation - for accurate results measure in the field without delay. See NWQL Tech Memo 95-01.,29801,,,,,,TT040,USGS,"Alkalinity, titr. pH 4.5 (NWQL)","USGS TWRI 5-A1/1989, p 57","USGS-National Water Quality Lab, Denver, CO",2023-10-23,holding time exceededsee result laboratory comment,Blank-adjusted method detect limit,2.5,mg/l CaCO3,,NWIS
USGS-OK,USGS Oklahoma Water Science Center,nwisok.01.02300345,Sample-Routine,Water,Surface Water,2023-07-20,09:30:00,CDT,,,,,,,,,,,National Water Quality Assessment Program (NAWQA),U.S. Geological Survey-Water Resources Discipline,USGS-07241550,,,Falling stage,Routine sample,60,USGS parameter code 82398,Weighted bottle,Weighted-bottle sampler,,Alkalinity,Dissolved,161,mg/l CaCO3,,Accepted,,Actual,,,,,,,39086,,,,,,TT061,USGS,"Alkalinity, IPT, Hach",USGS National Field Manual,U.S. Geological Survey-Water Resources Discipline,,,,,,,NWIS
USGS-OK,USGS Oklahoma Water Science Center,nwisok.01.02300411,Sample-Routine,Water,Surface Water,2023-08-03,10:00:00,CDT,,,,,,,,,,,National Water Quality Assessment Program (NAWQA),U.S. Geological Survey-Water Resources Discipline,USGS-07241550,,,"Stable, low stage",Routine sample,60,USGS parameter code 82398,Weighted bottle,Weighted-bottle sampler,,Alkalinity,Dissolved,252,mg/l CaCO3,,Accepted,,Actual,,,,,,Hold time parameters were exceeded during the collection to analysis phase of sample processing. Holding-Time Violation - for accurate results measure in the field without delay. See NWQL Tech Memo 95-01.,29801,,,,,,TT040,USGS,"Alkalinity, titr. pH 4.5 (NWQL)","USGS TWRI 5-A1/1989, p 57","USGS-National Water Quality Lab, Denver, CO",2023-11-07,holding time exceededsee result laboratory comment,Blank-adjusted method detect limit,2.5,mg/l CaCO3,,NWIS
USGS-OK,USGS Oklahoma Water Science Center,nwisok.01.02300411,Sample-Routine,Water,Surface Water,2023-08-03,10:00:00,CDT,,,,,,,,,,,National Water Quality Assessment Program (NAWQA),U.S. Geological Survey-Water Resources Discipline,USGS-07241550,,,"Stable, low stage",Routine sample,60,USGS parameter code 82398,Weighted bottle,Weighted-bottle sampler,,Alkalinity,Dissolved,238,mg/l CaCO3,,Accepted,,Actual,,,,,,,39086,,,,,,TT061,USGS,"Alkalinity, IPT, Hach",USGS National Field Manual,U.S. Geological Survey-Water Resources Discipline,,,,,,,NWIS
USGS-OK,USGS Oklahoma Water Science Center,nwisok.01.02300342,Sample-Routine,Water,Surface Water,2023-07-19,09:30:00,CDT,,,,,,,,,,,,U.S. Geological Survey-Water Resources Discipline,USGS-07241550,,,Falling stage,Routine sample,60,USGS parameter code 82398,Weighted bottle,Weighted-bottle sampler,,Alkalinity,Dissolved,165,mg/l CaCO3,,Accepted,,Actual,,,,,,,39086,,,,,,TT061,USGS,"Alkalinity, IPT, Hach",USGS National Field Manual,U.S. Geological Survey-Water Resources Discipline,,,,,,,NWIS
USGS-OK,USGS Oklahoma Water Science Center,nwisok.01.02300342,Sample-Routine,Water,Surface Water,2023-07-19,09:30:00,CDT,,,,,,,,,,,,U.S. Geological Survey-Water Resources Discipline,USGS-07241550,,,Falling stage,Routine sample,60,USGS parameter code 82398,Weighted bottle,Weighted-bottle sampler,,Alkalinity,Total,162,mg/l CaCO3,,Accepted,,Actual,,,,,,Hold time parameters were exceeded during the collection to analysis phase of sample processing. Holding-Time Violation - for accurate results measure in the field without delay. See NWQL Tech Memo 95-01.,90410,,,,,,TT040,USGS,"Alkalinity, titr. pH 4.5 (NWQL)","USGS TWRI 5-A1/1989, p 57","USGS-National Water Quality Lab, Denver, CO",2023-09-13,holding time exceededsee result laboratory comment,Blank-adjusted method detect limit,2.5,mg/l CaCO3,,NWIS
USGS-OK,USGS Oklahoma Water Science Center,nwisok.01.02400024,Sample-Routine,Water,Surface Water,2023-10-12,09:30:00,CDT,,,,,,,,,,,National Water Quality Assessment Program (NAWQA),U.S. Geological Survey-Water Resources Discipline,USGS-07241550,,,"Stable, normal stage",Routine sample,40,USGS parameter code 82398,Multiple verticals,US DH-81,,Alkalinity,Dissolved,137,mg/l CaCO3,,Preliminary,,Actual,,,,,,Holding-Time Violation - for accurate results measure in the field without delay. See NWQL Tech Memo 95-01.,29801,,,,,,TT040,USGS,"Alkalinity, titr. pH 4.5 (NWQL)","USGS TWRI 5-A1/1989, p 57","USGS-National Water Quality Lab, Denver, CO",2023-10-27,holding time exceededsee result laboratory comment,Blank-adjusted method detect limit,2.5,mg/l CaCO3,,NWIS
USGS-OK,USGS Oklahoma Water Science Center,nwisok.01.02400024,Sample-Routine,Water,Surface Water,2023-10-12,09:30:00,CDT,,,,,,,,,,,National Water Quality Assessment Program (NAWQA),U.S. Geological Survey-Water Resources Discipline,USGS-07241550,,,"Stable, normal stage",Routine sample,40,USGS parameter code 82398,Multiple verticals,US DH-81,,Alkalinity,Dissolved,141,mg/l CaCO3,,Preliminary,,Actual,,,,,,,39086,,,,,,TT061,USGS,"Alkalinity, IPT, Hach",USGS National Field Manual,U.S. Geological Survey-Water Resources Discipline,,,,,,,NWIS
USGS-OK,USGS Oklahoma Water Science Center,nwisok.01.02400035,Quality Control Sample-Field Replicate,Water,Surface Water,2023-10-18,09:00:00,CDT,,,,,,,,,,,,U.S. Geological Survey-Water Resources Discipline,USGS-07241550,,,"Stable, normal stage",Routine sample,40,USGS parameter code 82398,Multiple verticals,US DH-81,,Alkalinity,Dissolved,147,mg/l CaCO3,,Preliminary,,Actual,,,,,,,39086,,,,,,TT061,USGS,"Alkalinity, IPT, Hach",USGS National Field Manual,U.S. Geological Survey-Water Resources Discipline,,,,,,,NWIS
USGS-OK,USGS Oklahoma Water Science Center,nwisok.01.02400035,Quality Control Sample-Field Replicate,Water,Surface Water,2023-10-18,09:00:00,CDT,,,,,,,,,,,,U.S. Geological Survey-Water Resources Discipline,USGS-07241550,,,"Stable, normal stage",Routine sample,40,USGS parameter code 82398,Multiple verticals,US DH-81,,Alkalinity,Total,141,mg/l CaCO3,,Preliminary,,Actual,,,,,,Hold time parameters were exceeded during the collection to analysis phase of sample processing. Holding-Time Violation - for accurate results measure in the field without delay. See NWQL Tech Memo 95-01.,90410,,,,,,TT040,USGS,"Alkalinity, titr. pH 4.5 (NWQL)","USGS TWRI 5-A1/1989, p 57","USGS-National Water Quality Lab, Denver, CO",2023-12-26,holding time exceededsee result laboratory comment,Blank-adjusted method detect limit,2.5,mg/l CaCO3,,NWIS
USGS-OK,USGS Oklahoma Water Science Center,nwisok.01.02400057,Sample-Routine,Water,Surface Water,2023-11-01,12:30:00,CDT,,,,,,,,,,,,U.S. Geological Survey-Water Resources Discipline,USGS-07241550,,,Not determined,Routine sample,40,USGS parameter code 82398,Multiple verticals,US DH-81 with Teflon cap and nozzle,,Alkalinity,Dissolved,207,mg/l CaCO3,,Preliminary,,Actual,,,,,,,39086,,,,,,TT061,USGS,"Alkalinity, IPT, Hach",USGS National Field Manual,U.S. Geological Survey-Water Resources Discipline,,,,,,,NWIS
USGS-OK,USGS Oklahoma Water Science Center,nwisok.01.02400057,Sample-Routine,Water,Surface Water,2023-11-01,12:30:00,CDT,,,,,,,,,,,,U.S. Geological Survey-Water Resources Discipline,USGS-07241550,,,Not determined,Routine sample,40,USGS parameter code 82398,Multiple verticals,US DH-81 with Teflon cap and nozzle,,Alkalinity,Total,157,mg/l CaCO3,,Preliminary,,Actual,,,,,,Hold time parameters were exceeded during the collection to analysis phase of sample processing. Holding-Time Violation - for accurate results measure in the field without delay. See NWQL Tech Memo 95-01. Second run within 10% of 1st run. EH,90410,,,,,,TT040,USGS,"Alkalinity, titr. pH 4.5 (NWQL)","USGS TWRI 5-A1/1989, p 57","USGS-National Water Quality Lab, Denver, CO",2024-01-26,"holding time exceededvalue verified by rerun, same methodsee result laboratory comment",Blank-adjusted method detect limit,2.5,mg/l CaCO3,,NWIS
USGS-OK,USGS Oklahoma Water Science Center,nwisok.01.02400088,Sample-Routine,Water,Surface Water,2023-12-05,10:00:00,CDT,,,,,,,,,,,National Water Quality Assessment Program (NAWQA),U.S. Geological Survey-Water Resources Discipline,USGS-07241550,,,"Stable, normal stage",Routine sample,40,USGS parameter code 82398,Multiple verticals,US DH-81 with Teflon cap and nozzle,,Alkalinity,Dissolved,183,mg/l CaCO3,,Preliminary,,Actual,,,,,,Holding-Time Violation - for accurate results measure in the field without delay. See NWQL Tech Memo 95-01.,29801,,,,,,TT040,USGS,"Alkalinity, titr. pH 4.5 (NWQL)","USGS TWRI 5-A1/1989, p 57","USGS-National Water Quality Lab, Denver, CO",2023-12-18,holding time exceededsee result laboratory comment,Blank-adjusted method detect limit,2.5,mg/l CaCO3,,NWIS
USGS-OK,USGS Oklahoma Water Science Center,nwisok.01.02400088,Sample-Routine,Water,Surface Water,2023-12-05,10:00:00,CDT,,,,,,,,,,,National Water Quality Assessment Program (NAWQA),U.S. Geological Survey-Water Resources Discipline,USGS-07241550,,,"Stable, normal stage",Routine sample,40,USGS parameter code 82398,Multiple verticals,US DH-81 with Teflon cap and nozzle,,Alkalinity,Dissolved,191,mg/l CaCO3,,Preliminary,,Actual,,,,,,,39086,,,,,,TT061,USGS,"Alkalinity, IPT, Hach",USGS National Field Manual,U.S. Geological Survey-Water Resources Discipline,,,,,,,NWIS
USGS-OK,USGS Oklahoma Water Science Center,nwisok.01.02400090,Sample-Routine,Water,Surface Water,2023-12-07,09:00:00,CST,,,,,,,,,,,,U.S. Geological Survey-Water Resources Discipline,USGS-07241550,,,"Stable, normal stage",Routine sample,40,USGS parameter code 82398,Multiple verticals,US DH-81,,Alkalinity,Dissolved,211,mg/l CaCO3,,Preliminary,,Actual,,,,,,,39086,,,,,,TT061,USGS,"Alkalinity, IPT, Hach",USGS National Field Manual,U.S. Geological Survey-Water Resources Discipline,,,,,,,NWIS
USGS-OK,USGS Oklahoma Water Science Center,nwisok.01.02400090,Sample-Routine,Water,Surface Water,2023-12-07,09:00:00,CST,,,,,,,,,,,,U.S. Geological Survey-Water Resources Discipline,USGS-07241550,,,"Stable, normal stage",Routine sample,40,USGS parameter code 82398,Multiple verticals,US DH-81,,Alkalinity,Total,189,mg/l CaCO3,,Preliminary,,Actual,,,,,,Holding-Time Violation - for accurate results measure in the field without delay. See NWQL Tech Memo 95-01.,90410,,,,,,TT040,USGS,"Alkalinity, titr. pH 4.5 (NWQL)","USGS TWRI 5-A1/1989, p 57","USGS-National Water Quality Lab, Denver, CO",2023-12-27,holding time exceededsee result laboratory comment,Blank-adjusted method detect limit,2.5,mg/l CaCO3,,NWIS
USGS-OK,USGS Oklahoma Water Science Center,nwisok.01.02400065,Sample-Routine,Water,Surface Water,2023-11-08,09:30:00,CST,,,,,,,,,,,National Water Quality Assessment Program (NAWQA),U.S. Geological Survey-Water Resources Discipline,USGS-07241550,,,"Stable, normal stage",Routine sample,40,USGS parameter code 82398,Multiple verticals,US DH-81 with Teflon cap and nozzle,,Alkalinity,Dissolved,171,mg/l CaCO3,,Preliminary,,Actual,,,,,,Hold time parameters were exceeded during the collection to analysis phase of sample processing. Holding-Time Violation - for accurate results measure in the field without delay. See NWQL Tech Memo 95-01.,29801,,,,,,TT040,USGS,"Alkalinity, titr. pH 4.5 (NWQL)","USGS TWRI 5-A1/1989, p 57","USGS-National Water Quality Lab, Denver, CO",2023-12-21,holding time exceededsee result laboratory comment,Blank-adjusted method detect limit,2.5,mg/l CaCO3,,NWIS
USGS-OK,USGS Oklahoma Water Science Center,nwisok.01.02400065,Sample-Routine,Water,Surface Water,2023-11-08,09:30:00,CST,,,,,,,,,,,National Water Quality Assessment Program (NAWQA),U.S. Geological Survey-Water Resources Discipline,USGS-07241550,,,"Stable, normal stage",Routine sample,40,USGS parameter code 82398,Multiple verticals,US DH-81 with Teflon cap and nozzle,,Alkalinity,Dissolved,169,mg/l CaCO3,,Preliminary,,Actual,,,,,,,39086,,,,,,TT061,USGS,"Alkalinity, IPT, Hach",USGS National Field Manual,U.S. Geological Survey-Water Resources Discipline,,,,,,,NWIS
USGS-OK,USGS Oklahoma Water Science Center,nwisok.01.02400173,Sample-Routine,Water,Surface Water,2024-02-14,10:00:00,CST,,,,,,,,,,,National Water Quality Assessment Program (NAWQA),U.S. Geological Survey-Water Resources Discipline,USGS-07241550,,,Falling stage,Routine sample,40,USGS parameter code 82398,Multiple verticals,US DH-81 with Teflon cap and nozzle,,Alkalinity,Dissolved,215,mg/l CaCO3,,Preliminary,,Actual,,,,,,,39086,,,,,,TT061,USGS,"Alkalinity, IPT, Hach",USGS National Field Manual,U.S. Geological Survey-Water Resources Discipline,,,,,,,NWIS
USGS-OK,USGS Oklahoma Water Science Center,nwisok.01.02400156,Sample-Routine,Water,Surface Water,2024-01-17,11:00:00,CST,,,,,,,,,,,,U.S. Geological Survey-Water Resources Discipline,USGS-07241550,,,"Stable, normal stage",Routine sample,60,USGS parameter code 82398,Weighted bottle,Weighted-bottle sampler,,Alkalinity,Dissolved,185,mg/l CaCO3,,Preliminary,,Actual,,,,,,,39086,,,,,,TT061,USGS,"Alkalinity, IPT, Hach",USGS National Field Manual,U.S. Geological Survey-Water Resources Discipline,,,,,,,NWIS
USGS-OK,USGS Oklahoma Water Science Center,nwisok.01.02400123,Sample-Routine,Water,Surface Water,2024-01-09,12:30:00,CST,,,,,,,,,,,National Water Quality Assessment Program (NAWQA),U.S. Geological Survey-Water Resources Discipline,USGS-07241550,,,"Stable, normal stage",Routine sample,60,USGS parameter code 82398,Weighted bottle,Weighted-bottle sampler,,Alkalinity,Dissolved,171,mg/l CaCO3,,Preliminary,,Actual,,,,,,,39086,,,,,,TT061,USGS,"Alkalinity, IPT, Hach",USGS National Field Manual,U.S. Geological Survey-Water Resources Discipline,,,,,,,NWIS
USGS-OK,USGS Oklahoma Water Science Center,nwisok.01.02400191,Sample-Routine,Water,Surface Water,2024-03-04,09:30:00,CST,,,,,,,,,,,,U.S. Geological Survey-Water Resources Discipline,USGS-07241550,,,Falling stage,Routine sample,40,USGS parameter code 82398,Multiple verticals,US DH-95 Teflon bottle,,Alkalinity,Dissolved,205,mg/l CaCO3,,Preliminary,,Actual,,,,,,,39086,,,,,,TT061,USGS,"Alkalinity, IPT, Hach",USGS National Field Manual,U.S. Geological Survey-Water Resources Discipline,,,,,,,NWIS
USGS-OK,USGS Oklahoma Water Science Center,nwisok.01.02400159,Sample-Routine,Water,Surface Water,2024-02-07,09:30:00,CST,,,,,,,,,,,,U.S. Geological Survey-Water Resources Discipline,USGS-07241550,,,"Stable, normal stage",Routine sample,40,USGS parameter code 82398,Multiple verticals,US DH-81 with Teflon cap and nozzle,,Alkalinity,Dissolved,181,mg/l CaCO3,,Preliminary,,Actual,,,,,,,39086,,,,,,TT061,USGS,"Alkalinity, IPT, Hach",USGS National Field Manual,U.S. Geological Survey-Water Resources Discipline,,,,,,,NWIS