情景,date,inflow_ml,outflow_ml,delivered_ml,undelivered_ml,loss_ml,leakage_ml,overflow_ml,treated_ml,untreated_ml,infiltration_ml,exfiltration_ml,cso_ml,sto_ml,excess_wastewater_ml,excess_flow_ml,imported_water_ml,exported_water_ml,aquifer_recharge_ml,water_quality_weighted_ml,electricity_kwh,fossil_energy_kwh,embodied_energy_kwh,energy_generated_kwh,ghg_caused_kg_co2e,ghg_avoided_kg_co2e,electricity_ghg_kg_co2e,fossil_ghg_kg_co2e,embodied_ghg_kg_co2e,direct_ghg_kg_co2e,acidification_caused_kg_so2e,acidification_avoided_kg_so2e,electricity_acidification_kg_so2e,fossil_acidification_kg_so2e,embodied_acidification_kg_so2e,eutrophication_caused_kg_po4e,eutrophication_avoided_kg_po4e,electricity_eutrophication_kg_po4e,fossil_eutrophication_kg_po4e,embodied_eutrophication_kg_po4e,operational_cost_eur,capital_cost_eur,maintenance_cost_eur,failure_repair_cost_eur,annualized_capital_cost_eur,expected_failures,expected_outage_hours,sludge_kg,ghg_net_kg_co2e,acidification_net_kg_so2e,eutrophication_net_kg_po4e,total_energy_kwh,total_cost_eur,discounted_total_cost_eur,ghg_ch4_kg,ghg_n2o_kg,ghg_co2_kg,water_demand_ml,delivered_total_ml,potable_delivered_ml,other_delivered_ml,reuse_delivered_ml,unmet_demand_ml,tap_quality_weighted_ml,tap_quality_flow_ml,water_quality_index,tap_water_quality_index,delivered_percent,storage_ml,population
co/tech_dry,2029-01-01,61063.64641226237,58897.29902026238,7007.854,1.4210854715202006e-13,1082.9797949068366,934.3865697758116,0.0,13841.884814493767,0.0,0.0,0.0,0.0,0.0,0.0,0.0,0.0,0.0,704.138832,41064.35365066238,448873183.1017585,0.0,0.0,0.0,157105614.08561546,0.0,157105614.08561546,0.0,0.0,0.0,89774.6366203517,0.0,89774.6366203517,0.0,0.0,13466.195493052754,0.0,13466.195493052754,0.0,0.0,49376050.14119344,0.0,0.0,0.0,0.0,0.0,0.0,3670400.0,157105614.08561546,89774.6366203517,13466.195493052754,448873183.1017585,49376050.14119344,49316214.57708983,0.0,0.0,0.0,7007.854,7007.854,6072.8462464,0.0,935.0077536,1.7763568394002505e-13,6072.8462464,6072.8462464,0.6972196405226503,1.0,100.0,66985.36759709317,1000000.0
co/tech_dry,2029-02-01,53944.09694711684,52706.29122391684,6263.6434,8.526512829121202e-14,977.6994148123676,843.551474159252,0.0,12383.668479528244,0.0,0.0,0.0,0.0,0.0,0.0,0.0,0.0,0.0,30.272016,37072.33941271684,400155338.8573436,0.0,0.0,0.0,140054368.60007027,0.0,140054368.60007027,0.0,0.0,0.0,80031.06777146872,0.0,80031.06777146872,0.0,0.0,12004.660165720308,0.0,12004.660165720308,0.0,0.0,44017087.2743078,0.0,0.0,0.0,0.0,0.0,0.0,3315200.0,140054368.60007027,80031.06777146872,12004.660165720308,400155338.8573436,44017087.2743078,43858675.19132709,0.0,0.0,0.0,6263.6434,6263.6434,5482.4829136,0.0,781.1604864,1.0480505352461479e-13,5482.4829136,5482.4829136,0.7033759832430462,1.0,100.0,67245.4739054808,1000000.0
co/tech_dry,2029-03-01,61487.6273362218,61133.5206786218,7165.3862,1.1368683772161605e-13,1118.7709174500396,965.2668727868628,0.0,14157.38633037154,0.0,0.0,0.0,0.0,0.0,0.0,0.0,0.0,0.0,2020.342608,42421.4789826218,490595244.9252296,0.0,0.0,0.0,171708335.72383037,0.0,171708335.72383037,0.0,0.0,0.0,98119.04898504593,0.0,98119.04898504593,0.0,0.0,14717.85734775689,0.0,14717.85734775689,0.0,0.0,53965476.94177526,0.0,0.0,0.0,0.0,0.0,0.0,3670400.0,171708335.72383037,98119.04898504593,14717.85734775689,490595244.9252296,53965476.94177526,53641712.07394234,0.0,0.0,0.0,7165.3862,7165.3862,6273.5461904,0.0,891.8400096,1.4210854715202006e-13,6273.5461904,6273.5461904,0.6939151959794859,1.0,100.0,66480.80964563077,1000000.0
co/tech_dry,2029-04-01,60210.92702398591,59864.39914478591,7072.0279,1.1368683772161605e-13,1104.5729012368,953.0169344874585,0.0,13967.854296936432,0.0,0.0,0.0,0.0,0.0,0.0,0.0,0.0,0.0,905.057808,41883.11957678591,517652940.3969577,0.0,0.0,0.0,181178529.1389352,0.0,181178529.1389352,0.0,0.0,0.0,103530.58807939154,0.0,103530.58807939154,0.0,0.0,15529.588211908733,0.0,15529.588211908733,0.0,0.0,56941823.44366535,0.0,0.0,0.0,0.0,0.0,0.0,3552000.0,181178529.1389352,103530.58807939154,15529.588211908733,517652940.3969577,56941823.44366535,56461214.44888816,0.0,0.0,0.0,7072.0279,7072.0279,6193.9303288,0.0,878.0975712,1.4210854715202006e-13,6193.9303288,6193.9303288,0.6996331738916962,1.0,100.0,65722.76462359398,1000000.0
co/tech_dry,2029-05-01,65678.32679491196,65216.52283091196,7805.7225,1.4210854715202006e-13,1226.389152350912,1058.1190514029963,0.0,15139.987329587402,0.0,0.0,0.0,0.0,0.0,0.0,0.0,0.0,0.0,341.71320000000003,46502.13983891196,587585395.4104561,0.0,0.0,0.0,205654888.3936596,0.0,205654888.3936596,0.0,0.0,0.0,117517.07908209122,0.0,117517.07908209122,0.0,0.0,17627.561862313683,0.0,17627.561862313683,0.0,0.0,64634393.49515017,0.0,0.0,0.0,0.0,0.0,0.0,3670400.0,205654888.3936596,117517.07908209122,17627.561862313683,587585395.4104561,64634393.49515017,63931193.75880066,0.0,0.0,0.0,7805.7225,7805.7225,6877.019124,0.0,928.703376,1.865174681370263e-13,6877.019124,6877.019124,0.7130423061572737,1.0,100.0,64958.17943524307,1000000.0
co/tech_dry,2029-06-01,73479.50516098128,72348.26201298129,7910.1825,2.557953848736361e-13,1244.891609536801,1074.0828279975858,0.0,15278.321790585433,0.0,0.0,0.0,0.0,0.0,0.0,0.0,0.0,0.0,15148.670256,47203.71474258128,630991537.9169395,0.0,0.0,0.0,220847038.2709288,0.0,220847038.2709288,0.0,0.0,0.0,126198.3075833879,0.0,126198.3075833879,0.0,0.0,18929.746137508184,0.0,18929.746137508184,0.0,0.0,69409069.17086333,0.0,0.0,0.0,0.0,0.0,0.0,3552000.0,220847038.2709288,126198.3075833879,18929.746137508184,630991537.9169395,69409069.17086333,68485105.42607284,0.0,0.0,0.0,7910.1825,7910.1825,6980.7722856,0.0,929.4102144,3.3573144264664734e-13,6980.7722856,6980.7722856,0.6524512604616767,1.0,100.0,64844.530973706285,1000000.0
co/tech_dry,2029-07-01,75342.74646101524,72848.83914661524,8304.6985,1.7053025658242404e-13,1307.3702140376322,1127.988883510776,0.0,16017.455875921256,0.0,0.0,0.0,0.0,0.0,0.0,0.0,0.0,0.0,8818.380815999999,49572.77418661524,678167259.7815391,0.0,0.0,0.0,237358540.92353868,0.0,237358540.92353868,0.0,0.0,0.0,135633.45195630784,0.0,135633.45195630784,0.0,0.0,20345.01779344617,0.0,20345.01779344617,0.0,0.0,74598398.57596931,0.0,0.0,0.0,0.0,0.0,0.0,3670400.0,237358540.92353868,135633.45195630784,20345.01779344617,678167259.7815391,74598398.57596931,73423596.7581021,0.0,0.0,0.0,8304.6985,8304.6985,7331.1231976,0.0,973.5753024,1.5987211554602254e-13,7331.1231976,7331.1231976,0.6804881830284942,1.0,100.0,66031.06807406865,1000000.0
co/tech_dry,2029-08-01,75981.97819212622,72020.80605292623,8123.023,2.842170943040401e-13,1277.768714154444,1102.4489389373402,0.0,15697.8636372689,0.0,0.0,0.0,0.0,0.0,0.0,0.0,0.0,0.0,10266.90936,48450.34654252623,650947433.3589202,0.0,0.0,0.0,227831601.67562205,0.0,227831601.67562205,0.0,0.0,0.0,130189.48667178403,0.0,130189.48667178403,0.0,0.0,19528.423000767605,0.0,19528.423000767605,0.0,0.0,71604217.66948122,0.0,0.0,0.0,0.0,0.0,0.0,3670400.0,227831601.67562205,130189.48667178403,19528.423000767605,650947433.3589202,71604217.66948122,70300824.80867928,0.0,0.0,0.0,8123.023,8123.022999999999,7165.1317744,0.0,957.8912256,3.730349362740526e-13,7165.1317744,7165.1317744,0.6727270798235904,1.0,100.0,68714.4714991142,1000000.0
co/tech_dry,2029-09-01,73333.4505634341,69123.9937082341,7797.1255,1.9895196601282805e-13,1226.2165488563785,1057.9701304462556,0.0,15079.201738927815,0.0,0.0,0.0,0.0,0.0,0.0,0.0,0.0,0.0,9784.150368,46495.59507143411,600695413.1366574,0.0,0.0,0.0,210243394.5978301,0.0,210243394.5978301,0.0,0.0,0.0,120139.08262733147,0.0,120139.08262733147,0.0,0.0,18020.86239409972,0.0,18020.86239409972,0.0,0.0,66076495.44503231,0.0,0.0,0.0,0.0,0.0,0.0,3552000.0,210243394.5978301,120139.08262733147,18020.86239409972,600695413.1366574,66076495.44503231,64714703.184871234,0.0,0.0,0.0,7797.1255,7797.1255,6876.051244,0.0,921.074256,1.971756091734278e-13,6876.051244,6876.051244,0.6726404621192412,1.0,100.0,71697.71180545788,1000000.0
co/tech_dry,2029-10-01,69877.07198144105,65168.55571104106,7464.5998,5.684341886080803e-14,1165.5693151540595,1005.6441674578358,0.0,14736.86085993852,0.0,0.0,0.0,0.0,0.0,0.0,0.0,0.0,0.0,5615.41704,44195.97741984105,566328962.7564605,0.0,0.0,0.0,198215136.9647612,0.0,198215136.9647612,0.0,0.0,0.0,113265.79255129212,0.0,113265.79255129212,0.0,0.0,16989.868882693816,0.0,16989.868882693816,0.0,0.0,62296185.90321066,0.0,0.0,0.0,0.0,0.0,0.0,3670400.0,198215136.9647612,113265.79255129212,16989.868882693816,566328962.7564605,62296185.90321066,60862875.56972148,0.0,0.0,0.0,7464.5998,7464.5998,6535.9698064,0.0,928.6299936,7.105427357601003e-14,6535.9698064,6535.9698064,0.6781794829980133,1.0,100.0,75240.65876070377,1000000.0
co/tech_dry,2029-11-01,64109.39695282189,59829.55849522189,7012.6112,5.684341886080803e-14,1094.8674099491377,944.643111859449,0.0,13852.399255305649,0.0,0.0,0.0,0.0,0.0,0.0,0.0,0.0,0.0,2000.217168,41515.107423221896,491399930.36274,0.0,0.0,0.0,171989975.62695897,0.0,171989975.62695897,0.0,0.0,0.0,98279.986072548,0.0,98279.986072548,0.0,0.0,14741.9979108822,0.0,14741.9979108822,0.0,0.0,54053992.3399014,0.0,0.0,0.0,0.0,0.0,0.0,3552000.0,171989975.62695897,98279.986072548,14741.9979108822,491399930.36274,54053992.3399014,52679142.69293102,0.0,0.0,0.0,7012.6112,7012.6112,6139.5064544,0.0,873.1047456,7.105427357601003e-14,6139.5064544,6139.5064544,0.6938895834662958,1.0,100.0,78425.62980835463,1000000.0
co/tech_dry,2029-12-01,65301.730560584656,61815.82837658466,7113.883,8.526512829121202e-14,1110.5634756951242,958.1855556800464,0.0,14057.500174138171,0.0,0.0,0.0,0.0,0.0,0.0,0.0,0.0,0.0,4607.300208000001,42110.26976858466,469166704.8712797,0.0,0.0,0.0,164208346.7049479,0.0,164208346.7049479,0.0,0.0,0.0,93833.34097425596,0.0,93833.34097425596,0.0,0.0,14075.001146138393,0.0,14075.001146138393,0.0,0.0,51608337.53584077,0.0,0.0,0.0,0.0,0.0,0.0,3670400.0,164208346.7049479,93833.34097425596,14075.001146138393,469166704.8712797,51608337.53584077,50172229.114482366,0.0,0.0,0.0,7113.883,7113.883,6227.52268,0.0,886.36032,1.1013412404281553e-13,6227.52268,6227.52268,0.6812214747337382,1.0,100.0,80800.9685166595,1000000.0
co/tech_dry,2030-01-01,61539.20123977369,59238.82663417369,6979.9247,8.526512829121202e-14,1089.785529225187,940.2585045749976,0.0,13798.230981588937,0.0,0.0,0.0,0.0,0.0,0.0,0.0,0.0,0.0,1197.1282560000004,41322.41301817369,445134090.45707625,0.0,0.0,0.0,155796931.6599767,0.0,155796931.6599767,0.0,0.0,0.0,89026.81809141526,0.0,89026.81809141526,0.0,0.0,13354.02271371229,0.0,13354.02271371229,0.0,0.0,48964749.9502784,0.0,0.0,0.0,0.0,0.0,0.0,3670400.0,155796931.6599767,89026.81809141526,13354.02271371229,445134090.45707625,48964749.9502784,47481612.82790278,0.0,0.0,0.0,6979.9247000000005,6979.9247,6111.0096344,0.0,868.9150655999999,1.1013412404281553e-13,6111.0096344,6111.0096344,0.6975562374548387,1.0,100.0,82011.55759303435,1000000.0
co/tech_dry,2030-02-01,54758.892031528965,54044.861393128966,6362.3658,5.684341886080803e-14,993.0828100805652,856.8241483160153,0.0,12574.80657969176,0.0,0.0,0.0,0.0,0.0,0.0,0.0,0.0,0.0,1237.546848,37655.64594032896,413592113.18424726,0.0,0.0,0.0,144757239.61448652,0.0,144757239.61448652,0.0,0.0,0.0,82718.42263684946,0.0,82718.42263684946,0.0,0.0,12407.763395527418,0.0,12407.763395527418,0.0,0.0,45495132.4502672,0.0,0.0,0.0,0.0,0.0,0.0,3315200.0,144757239.61448652,82718.42263684946,12407.763395527418,413592113.18424726,45495132.4502672,44011592.19678402,0.0,0.0,0.0,6362.3658,6362.3658,5568.7458288,0.0,793.6199712,7.105427357601003e-14,5568.7458288,5568.7458288,0.6967479417963007,1.0,100.0,81732.50542135371,1000000.0
co/tech_dry,2030-03-01,59836.45550817508,59540.33909457508,7013.7207,1.9895196601282805e-13,1094.9202809596404,944.6887285573566,0.0,13863.541172846044,0.0,0.0,0.0,0.0,0.0,0.0,0.0,0.0,0.0,1256.666016,41517.11218257508,468239273.5517619,0.0,0.0,0.0,163883745.74311665,0.0,163883745.74311665,0.0,0.0,0.0,93647.8547103524,0.0,93647.8547103524,0.0,0.0,14047.178206552857,0.0,14047.178206552857,0.0,0.0,51506320.09069381,0.0,0.0,0.0,0.0,0.0,0.0,3670400.0,163883745.74311665,93647.8547103524,14047.178206552857,468239273.5517619,51506320.09069381,49707630.25866057,0.0,0.0,0.0,7013.7207,7013.7207,6139.8029304,0.0,873.9177695999999,2.557953848736361e-13,6139.8029304,6139.8029304,0.6972938484046666,1.0,100.0,80933.701553994,1000000.0
co/tech_dry,2030-04-01,61023.61752743548,60662.52612583548,7079.4892,1.9895196601282805e-13,1105.7165016433692,954.0036240509328,0.0,13982.282449554936,0.0,0.0,0.0,0.0,0.0,0.0,0.0,0.0,0.0,2614.713935999999,41926.48253863548,519834984.6039367,0.0,0.0,0.0,181942244.61137784,0.0,181942244.61137784,0.0,0.0,0.0,103966.99692078737,0.0,103966.99692078737,0.0,0.0,15595.0495381181,0.0,15595.0495381181,0.0,0.0,57181848.30643304,0.0,0.0,0.0,0.0,0.0,0.0,3552000.0,181942244.61137784,103966.99692078737,15595.0495381181,519834984.6039367,57181848.30643304,55048660.10861071,0.0,0.0,0.0,7079.4892,7079.4892,6200.343107199999,0.0,879.1460928,2.486899575160351e-13,6200.343107199999,6200.343107199999,0.6911430369989071,1.0,100.0,80189.07645395062,1000000.0
co/tech_dry,2030-05-01,66052.0320374762,65541.4686678762,7864.824,1.9895196601282805e-13,1236.0112541160738,1066.420926197583,0.0,15243.947851686911,0.0,0.0,0.0,0.0,0.0,0.0,0.0,0.0,0.0,0.0,46866.99003427619,594652137.7533511,0.0,0.0,0.0,208128248.21367285,0.0,208128248.21367285,0.0,0.0,0.0,118930.4275506702,0.0,118930.4275506702,0.0,0.0,17839.56413260053,0.0,17839.56413260053,0.0,0.0,65411735.15286861,0.0,0.0,0.0,0.0,0.0,0.0,3670400.0,208128248.21367285,118930.4275506702,17839.56413260053,594652137.7533511,65411735.15286861,62817167.34844018,0.0,0.0,0.0,7864.824,7864.824,6930.9753888,0.0,933.8486112,2.611244553918368e-13,6930.9753888,6930.9753888,0.7150738454118146,1.0,100.0,79463.62856943456,1000000.0
co/tech_dry,2030-06-01,70735.22029340781,69141.8861710078,7723.5935,1.7053025658242404e-13,1214.5845042567828,1047.934092558928,0.0,14950.174733654216,0.0,0.0,0.0,0.0,0.0,0.0,0.0,0.0,0.0,11163.33,46054.53200140781,607058451.9106606,0.0,0.0,0.0,212470458.1687312,0.0,212470458.1687312,0.0,0.0,0.0,121411.69038213212,0.0,121411.69038213212,0.0,0.0,18211.75355731982,0.0,18211.75355731982,0.0,0.0,66776429.71017267,0.0,0.0,0.0,0.0,0.0,0.0,3552000.0,212470458.1687312,121411.69038213212,18211.75355731982,607058451.9106606,66776429.71017267,63968759.70019283,0.0,0.0,0.0,7723.5935,7723.5935,6810.824156,0.0,912.769344,2.238209617644316e-13,6810.824156,6810.824156,0.6660872960205582,1.0,100.0,79842.37818757782,1000000.0
co/tech_dry,2030-07-01,75996.82515254509,73646.05100534509,8124.418,1.7053025658242404e-13,1278.1574103476712,1102.7843029989622,0.0,15700.468370228196,0.0,0.0,0.0,0.0,0.0,0.0,0.0,0.0,0.0,13999.591488,48465.08509814509,657080916.7366108,0.0,0.0,0.0,229978320.85781372,0.0,229978320.85781372,0.0,0.0,0.0,131416.18334732216,0.0,131416.18334732216,0.0,0.0,19712.42750209832,0.0,19712.42750209832,0.0,0.0,72278900.84102719,0.0,0.0,0.0,0.0,0.0,0.0,3670400.0,229978320.85781372,131416.18334732216,19712.42750209832,657080916.7366108,72278900.84102719,69070640.76951525,0.0,0.0,0.0,8124.418,8124.418,7167.3114016,0.0,957.1065984,2.238209617644316e-13,7167.3114016,7167.3114016,0.6580812472161962,1.0,100.0,80914.99492443018,1000000.0
co/tech_dry,2030-08-01,76386.33664043566,72774.98452283566,8266.5065,1.7053025658242404e-13,1301.2391147834198,1122.6990186139049,0.0,15950.356579147585,0.0,0.0,0.0,0.0,0.0,0.0,0.0,0.0,0.0,9348.518448,49340.29558523566,667441423.7656512,0.0,0.0,0.0,233604498.31797796,0.0,233604498.31797796,0.0,0.0,0.0,133488.28475313025,0.0,133488.28475313025,0.0,0.0,20023.24271296954,0.0,20023.24271296954,0.0,0.0,73418556.61422165,0.0,0.0,0.0,0.0,0.0,0.0,3670400.0,233604498.31797796,133488.28475313025,20023.24271296954,667441423.7656512,73418556.61422165,69984462.41670719,0.0,0.0,0.0,8266.5065,8266.5065,7296.7428488,0.0,969.7636512,2.238209617644316e-13,7296.7428488,7296.7428488,0.6779842813948445,1.0,100.0,83225.10792724672,1000000.0
co/tech_dry,2030-09-01,71430.6740367432,66977.67292314321,7718.183999999999,2.557953848736361e-13,1213.1683394139864,1046.7122365133023,0.0,14940.159250387846,0.0,0.0,0.0,0.0,0.0,0.0,0.0,0.0,0.0,6282.659232,46000.833959943215,592690929.0727872,0.0,0.0,0.0,207441825.1754755,0.0,207441825.1754755,0.0,0.0,0.0,118538.18581455744,0.0,118538.18581455744,0.0,0.0,17780.727872183616,0.0,17780.727872183616,0.0,0.0,65196002.19800659,0.0,0.0,0.0,0.0,0.0,0.0,3552000.0,207441825.1754755,118538.18581455744,17780.727872183616,592690929.0727872,65196002.19800659,61995050.36088294,0.0,0.0,0.0,7718.184,7718.183999999999,6802.8829632,0.0,915.3010368,3.3573144264664734e-13,6802.8829632,6802.8829632,0.6868084833692133,1.0,100.0,86464.94070143276,1000000.0
co/tech_dry,2030-10-01,67601.12757116578,62435.19263116577,7363.8425,1.4210854715202006e-13,1149.9244526623652,992.1459014080192,0.0,14541.83490108774,0.0,0.0,0.0,0.0,0.0,0.0,0.0,0.0,0.0,1207.10712,43602.75659596577,550885544.9387836,0.0,0.0,0.0,192809940.72857428,0.0,192809940.72857428,0.0,0.0,0.0,110177.10898775674,0.0,110177.10898775674,0.0,0.0,16526.566348163513,0.0,16526.566348163513,0.0,0.0,60597409.943266205,0.0,0.0,0.0,0.0,0.0,0.0,3670400.0,192809940.72857428,110177.10898775674,16526.566348163513,550885544.9387836,60597409.943266205,57479029.660086535,0.0,0.0,0.0,7363.8425,7363.8425,6448.2407048,0.0,915.6017952,1.7763568394002505e-13,6448.2407048,6448.2407048,0.6983682560819167,1.0,100.0,90480.95118877036,1000000.0
co/tech_dry,2030-11-01,64181.15651634035,59801.83781474035,7015.5267,5.684341886080803e-14,1095.1298858156115,944.8695740018428,0.0,13857.864847989456,0.0,0.0,0.0,0.0,0.0,0.0,0.0,0.0,0.0,1894.223184,41525.059965140346,491225083.2773412,0.0,0.0,0.0,171928779.14706942,0.0,171928779.14706942,0.0,0.0,0.0,98245.01665546824,0.0,98245.01665546824,0.0,0.0,14736.752498320237,0.0,14736.752498320237,0.0,0.0,54034759.16050753,0.0,0.0,0.0,0.0,0.0,0.0,3552000.0,171928779.14706942,98245.01665546824,14736.752498320237,491225083.2773412,54034759.16050753,51128588.693368845,0.0,0.0,0.0,7015.5267,7015.5267,6140.9782968,0.0,874.5484031999999,7.105427357601003e-14,6140.9782968,6140.9782968,0.6943776559807494,1.0,100.0,93765.14000455472,1000000.0
co/tech_dry,2030-12-01,62992.58976609725,59732.36651089725,7025.2399,1.4210854715202006e-13,1096.834341793168,946.3401654031716,0.0,13885.954905455235,0.0,0.0,0.0,0.0,0.0,0.0,0.0,0.0,0.0,1471.756656,41589.68941009724,457902998.0370512,0.0,0.0,0.0,160266049.3129679,0.0,160266049.3129679,0.0,0.0,0.0,91580.59960741024,0.0,91580.59960741024,0.0,0.0,13737.089941111535,0.0,13737.089941111535,0.0,0.0,50369329.78407563,0.0,0.0,0.0,0.0,0.0,0.0,3670400.0,160266049.3129679,91580.59960741024,13737.089941111535,457902998.0370512,50369329.78407563,47541788.75792827,0.0,0.0,0.0,7025.2399000000005,7025.2399,6150.536092,0.0,874.703808,1.8118839761882557e-13,6150.536092,6150.536092,0.6962672306396875,1.0,100.0,95928.52891796154,1000000.0
co/tech_dry_first,2029-01-01,61063.64641226237,58897.29902026238,7007.854,1.4210854715202006e-13,1082.9797949068366,934.3865697758116,0.0,13841.884814493767,0.0,0.0,0.0,0.0,0.0,0.0,0.0,0.0,0.0,704.138832,41064.35365066238,449558878.44975847,0.0,0.0,0.0,157345607.45741546,0.0,157345607.45741546,0.0,0.0,0.0,89911.7756899517,0.0,89911.7756899517,0.0,0.0,13486.766353492754,0.0,13486.766353492754,0.0,0.0,49451476.62947343,0.0,0.0,0.0,0.0,0.0,0.0,3670400.0,157345607.45741546,89911.7756899517,13486.766353492754,449558878.44975847,49451476.62947343,49391553.77794007,0.0,0.0,0.0,7007.854,7007.854,6072.8462464,0.0,935.0077536,1.7763568394002505e-13,6072.8462464,6072.8462464,0.6972196405226503,1.0,100.0,66985.36759709317,1000000.0
co/tech_dry_first,2029-02-01,53944.09694711684,52706.29122391684,6263.6434,8.526512829121202e-14,977.6994148123676,843.551474159252,0.0,12383.668479528244,0.0,0.0,0.0,0.0,0.0,0.0,0.0,0.0,0.0,30.272016,37072.33941271684,402158134.52534366,0.0,0.0,0.0,140755347.08387026,0.0,140755347.08387026,0.0,0.0,0.0,80431.62690506874,0.0,80431.62690506874,0.0,0.0,12064.74403576031,0.0,12064.74403576031,0.0,0.0,44237394.7977878,0.0,0.0,0.0,0.0,0.0,0.0,3315200.0,140755347.08387026,80431.62690506874,12064.74403576031,402158134.52534366,44237394.7977878,44078185.89292153,0.0,0.0,0.0,6263.6434,6263.6434,5482.4829136,0.0,781.1604864,1.0480505352461479e-13,5482.4829136,5482.4829136,0.7033759832430462,1.0,100.0,67245.4739054808,1000000.0
co/tech_dry_first,2029-03-01,61487.6273362218,61133.5206786218,7165.3862,1.1368683772161605e-13,1118.7709174500396,965.2668727868628,0.0,14157.38633037154,0.0,0.0,0.0,0.0,0.0,0.0,0.0,0.0,0.0,2020.342608,42421.4789826218,487905466.47722965,0.0,0.0,0.0,170766913.26703036,0.0,170766913.26703036,0.0,0.0,0.0,97581.09329544594,0.0,97581.09329544594,0.0,0.0,14637.16399431689,0.0,14637.16399431689,0.0,0.0,53669601.31249526,0.0,0.0,0.0,0.0,0.0,0.0,3670400.0,170766913.26703036,97581.09329544594,14637.16399431689,487905466.47722965,53669601.31249526,53347768.653600775,0.0,0.0,0.0,7165.3862,7165.3862,6273.5461904,0.0,891.8400096,1.4210854715202006e-13,6273.5461904,6273.5461904,0.6939151959794859,1.0,100.0,66480.80964563077,1000000.0
co/tech_dry_first,2029-04-01,60210.92702398591,59864.39914478591,7072.0279,1.1368683772161605e-13,1104.5729012368,953.0169344874585,0.0,13967.854296936432,0.0,0.0,0.0,0.0,0.0,0.0,0.0,0.0,0.0,905.057808,41883.11957678591,511841897.9409577,0.0,0.0,0.0,179144664.2793352,0.0,179144664.2793352,0.0,0.0,0.0,102368.37958819154,0.0,102368.37958819154,0.0,0.0,15355.256938228733,0.0,15355.256938228733,0.0,0.0,56302608.77350535,0.0,0.0,0.0,0.0,0.0,0.0,3552000.0,179144664.2793352,102368.37958819154,15355.256938228733,511841897.9409577,56302608.77350535,55827479.44710021,0.0,0.0,0.0,7072.0279,7072.0279,6193.9303288,0.0,878.0975712,1.4210854715202006e-13,6193.9303288,6193.9303288,0.6996331738916962,1.0,100.0,65722.76462359398,1000000.0
co/tech_dry_first,2029-05-01,65678.32679491196,65216.52283091196,7805.7225,1.4210854715202006e-13,1226.389152350912,1058.1190514029963,0.0,15139.987329587402,0.0,0.0,0.0,0.0,0.0,0.0,0.0,0.0,0.0,341.71320000000003,46502.13983891196,577409784.2704562,0.0,0.0,0.0,202093424.49465963,0.0,202093424.49465963,0.0,0.0,0.0,115481.95685409124,0.0,115481.95685409124,0.0,0.0,17322.293528113685,0.0,17322.293528113685,0.0,0.0,63515076.26975018,0.0,0.0,0.0,0.0,0.0,0.0,3670400.0,202093424.49465963,115481.95685409124,17322.293528113685,577409784.2704562,63515076.26975018,62824099.23494516,0.0,0.0,0.0,7805.7225,7805.7225,6877.019124,0.0,928.703376,1.865174681370263e-13,6877.019124,6877.019124,0.7130423061572737,1.0,100.0,64958.17943524307,1000000.0
co/tech_dry_first,2029-06-01,73574.21143176765,72443.23237884874,7924.090107164427,3.1263880373444413e-13,1248.960369943896,1076.2155238912749,0.0,15294.848622628446,0.0,0.0,0.0,0.0,0.0,0.0,0.0,0.0,0.0,15148.670256,47297.44230806714,614131724.1823642,0.0,0.0,0.0,214946103.46382743,0.0,214946103.46382743,0.0,0.0,0.0,122826.34483647284,0.0,122826.34483647284,0.0,0.0,18423.951725470928,0.0,18423.951725470928,0.0,0.0,67554489.66006006,0.0,0.0,0.0,0.0,0.0,0.0,3552027.963008586,214946103.46382743,122826.34483647284,18423.951725470928,614131724.1823642,67554489.66006006,66655231.67538787,0.0,0.0,0.0,7924.090107164427,7924.090107164427,6994.633287750116,0.0,929.4568194143098,4.1477932199995853e-13,6994.633287750117,6994.633287750117,0.6528897283423342,1.0,100.0,64840.1981182181,1000000.0
co/tech_dry_first,2029-07-01,76231.92580059537,73755.33269066965,8429.762171633583,2.557953848736361e-13,1433.8221432001592,1146.761439423032,0.0,16183.20944839274,0.0,0.0,0.0,0.0,0.0,0.0,0.0,0.0,0.0,8818.380815999999,50397.78912137899,658068732.6753726,0.0,0.0,0.0,230324056.4363804,0.0,230324056.4363804,0.0,0.0,0.0,131613.74653507452,0.0,131613.74653507452,0.0,0.0,19742.06198026118,0.0,19742.06198026118,0.0,0.0,72387560.59429099,0.0,0.0,0.0,0.0,0.0,0.0,3672233.2687090393,230324056.4363804,131613.74653507452,19742.06198026118,658068732.6753726,72387560.59429099,71247677.40085717,0.0,0.0,0.0,8429.762171633585,8429.762171633583,7453.131421385185,0.0,976.6307502483992,2.464695114667848e-13,7453.131421385185,7453.131421385185,0.6833104439071227,1.0,100.0,65882.96908494369,1000000.0
co/tech_dry_first,2029-08-01,76024.30144525414,72063.95342940705,8128.97579399334,2.842170943040401e-13,1283.787586577847,1103.342477057679,0.0,15705.75319350609,0.0,0.0,0.0,0.0,0.0,0.0,0.0,0.0,0.0,10266.90936,48489.61569146394,634359107.3699325,0.0,0.0,0.0,222025687.5794764,0.0,222025687.5794764,0.0,0.0,0.0,126871.82147398652,0.0,126871.82147398652,0.0,0.0,19030.773221097978,0.0,19030.773221097978,0.0,0.0,69779501.81069258,0.0,0.0,0.0,0.0,0.0,0.0,3670487.26011972,222025687.5794764,126871.82147398652,19030.773221097978,634359107.3699325,69779501.81069258,68509352.31127276,0.0,0.0,0.0,8128.97579399334,8128.975793993339,7170.939134860473,0.0,958.0366591328664,3.730349362740526e-13,7170.939134860473,7170.939134860473,0.6728692138568801,1.0,100.0,68559.52951421289,1000000.0
co/tech_dry_first,2029-09-01,73360.35143628616,69151.41839804001,7800.909125843818,2.557953848736361e-13,1230.0421744831535,1058.5380677759083,0.0,15084.21638060846,0.0,0.0,0.0,0.0,0.0,0.0,0.0,0.0,0.0,9784.150368,46520.55474028066,586349109.7768103,0.0,0.0,0.0,205222188.4218836,0.0,205222188.4218836,0.0,0.0,0.0,117269.82195536206,0.0,117269.82195536206,0.0,0.0,17590.47329330431,0.0,17590.47329330431,0.0,0.0,64498402.07544912,0.0,0.0,0.0,0.0,0.0,0.0,3552055.4629715853,205222188.4218836,117269.82195536206,17590.47329330431,586349109.7768103,64498402.07544912,63169081.27754726,0.0,0.0,0.0,7800.909125843818,7800.909125843818,6879.742431557843,0.0,921.1666942859756,2.4025226252888393e-13,6879.742431557843,6879.742431557843,0.6727346425854255,1.0,100.0,71538.42037797593,1000000.0
co/tech_dry_first,2029-10-01,69877.07198144105,65168.55571104106,7464.5998,5.684341886080803e-14,1165.5693151540595,1005.6441674578358,0.0,14736.86085993852,0.0,0.0,0.0,0.0,0.0,0.0,0.0,0.0,0.0,5615.41704,44195.97741984105,556626338.1204606,0.0,0.0,0.0,194819218.3421612,0.0,194819218.3421612,0.0,0.0,0.0,111325.26762409211,0.0,111325.26762409211,0.0,0.0,16698.79014361382,0.0,16698.79014361382,0.0,0.0,61228897.19325067,0.0,0.0,0.0,0.0,0.0,0.0,3670400.0,194819218.3421612,111325.26762409211,16698.79014361382,556626338.1204606,61228897.19325067,59819991.76159116,0.0,0.0,0.0,7464.5998,7464.5998,6535.9698064,0.0,928.6299936,7.105427357601003e-14,6535.9698064,6535.9698064,0.6781794829980133,1.0,100.0,75081.36733322182,1000000.0
co/tech_dry_first,2029-11-01,64109.39695282189,59829.55849522189,7012.6112,5.684341886080803e-14,1094.8674099491377,944.643111859449,0.0,13852.399255305649,0.0,0.0,0.0,0.0,0.0,0.0,0.0,0.0,0.0,2000.217168,41515.107423221896,487102008.44274,0.0,0.0,0.0,170485702.95495898,0.0,170485702.95495898,0.0,0.0,0.0,97420.401688548,0.0,97420.401688548,0.0,0.0,14613.0602532822,0.0,14613.0602532822,0.0,0.0,53581220.9287014,0.0,0.0,0.0,0.0,0.0,0.0,3552000.0,170485702.95495898,97420.401688548,14613.0602532822,487102008.44274,53581220.9287014,52218364.930414505,0.0,0.0,0.0,7012.6112,7012.6112,6139.5064544,0.0,873.1047456,7.105427357601003e-14,6139.5064544,6139.5064544,0.6938895834662958,1.0,100.0,78266.33838087268,1000000.0
co/tech_dry_first,2029-12-01,65301.730560584656,61815.82837658466,7113.883,8.526512829121202e-14,1110.5634756951242,958.1855556800464,0.0,14057.500174138171,0.0,0.0,0.0,0.0,0.0,0.0,0.0,0.0,0.0,4607.300208000001,42110.26976858466,467640337.30727977,0.0,0.0,0.0,163674118.0575479,0.0,163674118.0575479,0.0,0.0,0.0,93528.06746145595,0.0,93528.06746145595,0.0,0.0,14029.210119218393,0.0,14029.210119218393,0.0,0.0,51440437.10380077,0.0,0.0,0.0,0.0,0.0,0.0,3670400.0,163674118.0575479,93528.06746145595,14029.210119218393,467640337.30727977,51440437.10380077,50008876.87329755,0.0,0.0,0.0,7113.883,7113.883,6227.52268,0.0,886.36032,1.1013412404281553e-13,6227.52268,6227.52268,0.6812214747337382,1.0,100.0,80641.67708917755,1000000.0
co/tech_dry_first,2030-01-01,61539.20123977369,59238.82663417369,6979.9247,8.526512829121202e-14,1089.785529225187,940.2585045749976,0.0,13798.230981588937,0.0,0.0,0.0,0.0,0.0,0.0,0.0,0.0,0.0,1197.1282560000004,41322.41301817369,446395326.1210763,0.0,0.0,0.0,156238364.1423767,0.0,156238364.1423767,0.0,0.0,0.0,89279.06522421526,0.0,89279.06522421526,0.0,0.0,13391.85978363229,0.0,13391.85978363229,0.0,0.0,49103485.87331839,0.0,0.0,0.0,0.0,0.0,0.0,3670400.0,156238364.1423767,89279.06522421526,13391.85978363229,446395326.1210763,49103485.87331839,47616193.62165742,0.0,0.0,0.0,6979.9247000000005,6979.9247,6111.0096344,0.0,868.9150655999999,1.1013412404281553e-13,6111.0096344,6111.0096344,0.6975562374548387,1.0,100.0,81852.2661655524,1000000.0
co/tech_dry_first,2030-02-01,54758.892031528965,54044.861393128966,6362.3658,5.684341886080803e-14,993.0828100805652,856.8241483160153,0.0,12574.80657969176,0.0,0.0,0.0,0.0,0.0,0.0,0.0,0.0,0.0,1237.546848,37655.64594032896,413541406.39224726,0.0,0.0,0.0,144739492.23728654,0.0,144739492.23728654,0.0,0.0,0.0,82708.28127844946,0.0,82708.28127844946,0.0,0.0,12406.242191767418,0.0,12406.242191767418,0.0,0.0,45489554.7031472,0.0,0.0,0.0,0.0,0.0,0.0,3315200.0,144739492.23728654,82708.28127844946,12406.242191767418,413541406.39224726,45489554.7031472,44006239.68112206,0.0,0.0,0.0,6362.3658,6362.3658,5568.7458288,0.0,793.6199712,7.105427357601003e-14,5568.7458288,5568.7458288,0.6967479417963007,1.0,100.0,81573.21399387176,1000000.0
co/tech_dry_first,2030-03-01,59836.45550817508,59540.33909457508,7013.7207,1.9895196601282805e-13,1094.9202809596404,944.6887285573566,0.0,13863.541172846044,0.0,0.0,0.0,0.0,0.0,0.0,0.0,0.0,0.0,1256.666016,41517.11218257508,468830098.2797619,0.0,0.0,0.0,164090534.39791667,0.0,164090534.39791667,0.0,0.0,0.0,93766.0196559524,0.0,93766.0196559524,0.0,0.0,14064.902948392855,0.0,14064.902948392855,0.0,0.0,51571310.81077381,0.0,0.0,0.0,0.0,0.0,0.0,3670400.0,164090534.39791667,93766.0196559524,14064.902948392855,468830098.2797619,51571310.81077381,49770434.206480175,0.0,0.0,0.0,7013.7207,7013.7207,6139.8029304,0.0,873.9177695999999,2.557953848736361e-13,6139.8029304,6139.8029304,0.6972938484046666,1.0,100.0,80774.41012651206,1000000.0
co/tech_dry_first,2030-04-01,61023.61752743548,60662.52612583548,7079.4892,1.9895196601282805e-13,1105.7165016433692,954.0036240509328,0.0,13982.282449554936,0.0,0.0,0.0,0.0,0.0,0.0,0.0,0.0,0.0,2614.713935999999,41926.48253863548,513836521.6479368,0.0,0.0,0.0,179842782.57677785,0.0,179842782.57677785,0.0,0.0,0.0,102767.30432958736,0.0,102767.30432958736,0.0,0.0,15415.095649438104,0.0,15415.095649438104,0.0,0.0,56522017.38127304,0.0,0.0,0.0,0.0,0.0,0.0,3552000.0,179842782.57677785,102767.30432958736,15415.095649438104,513836521.6479368,56522017.38127304,54413567.21209764,0.0,0.0,0.0,7079.4892,7079.4892,6200.343107199999,0.0,879.1460928,2.486899575160351e-13,6200.343107199999,6200.343107199999,0.6911430369989071,1.0,100.0,80029.78502646867,1000000.0
co/tech_dry_first,2030-05-01,66052.0320374762,65541.4686678762,7864.824,1.9895196601282805e-13,1236.0112541160738,1066.420926197583,0.0,15243.947851686911,0.0,0.0,0.0,0.0,0.0,0.0,0.0,0.0,0.0,0.0,46866.99003427619,583399120.2693511,0.0,0.0,0.0,204189692.09427285,0.0,204189692.09427285,0.0,0.0,0.0,116679.82405387022,0.0,116679.82405387022,0.0,0.0,17501.97360808053,0.0,17501.97360808053,0.0,0.0,64173903.229628615,0.0,0.0,0.0,0.0,0.0,0.0,3670400.0,204189692.09427285,116679.82405387022,17501.97360808053,583399120.2693511,64173903.229628615,61628428.55486237,0.0,0.0,0.0,7864.824,7864.824,6930.9753888,0.0,933.8486112,2.611244553918368e-13,6930.9753888,6930.9753888,0.7150738454118146,1.0,100.0,79304.33714195261,1000000.0
co/tech_dry_first,2030-06-01,70749.88345182204,69156.83485216387,7725.655883084491,1.4210854715202006e-13,1216.6697806308048,1048.2436644854545,0.0,14952.908120253169,0.0,0.0,0.0,0.0,0.0,0.0,0.0,0.0,0.0,11163.33,46068.1370461317,593679090.4277503,0.0,0.0,0.0,207787681.64971265,0.0,207787681.64971265,0.0,0.0,0.0,118735.81808555008,0.0,118735.81808555008,0.0,0.0,17810.37271283251,0.0,17810.37271283251,0.0,0.0,65304699.94705254,0.0,0.0,0.0,0.0,0.0,0.0,3552030.231819724,207787681.64971265,118735.81808555008,17810.37271283251,593679090.4277503,65304699.94705254,62559064.51493127,0.0,0.0,0.0,7725.65588308449,7725.65588308449,6812.836152718283,0.0,912.8197303662066,1.865174681370263e-13,6812.836152718283,6812.836152718283,0.6661400445033563,1.0,100.0,79680.71596098001,1000000.0
co/tech_dry_first,2030-07-01,76005.03020187572,73654.41582435941,8125.572045702082,2.273736754432321e-13,1279.32426642557,1102.9575298616046,0.0,15701.997888715992,0.0,0.0,0.0,0.0,0.0,0.0,0.0,0.0,0.0,13999.591488,48472.69805982438,640300293.6165199,0.0,0.0,0.0,224105102.765782,0.0,224105102.765782,0.0,0.0,0.0,128060.058723304,0.0,128060.058723304,0.0,0.0,19209.0088084956,0.0,19209.0088084956,0.0,0.0,70433032.2978172,0.0,0.0,0.0,0.0,0.0,0.0,3670416.916790038,224105102.765782,128060.058723304,19209.0088084956,640300293.6165199,70433032.2978172,67306732.2501607,0.0,0.0,0.0,8125.572045702082,8125.572045702082,7168.437252652018,0.0,957.1347930500636,2.664535259100376e-13,7168.437252652018,7168.437252652018,0.6581098704986702,1.0,100.0,80752.00607207078,1000000.0
co/tech_dry_first,2030-08-01,76663.21545210009,73057.24948358741,8305.411641834708,1.4210854715202006e-13,1340.5844920830996,1128.5460593820476,0.0,16001.927463657392,0.0,0.0,0.0,0.0,0.0,0.0,0.0,0.0,0.0,9348.518448,49597.26091166417,648182463.0107216,0.0,0.0,0.0,226863862.0537525,0.0,226863862.0537525,0.0,0.0,0.0,129636.49260214432,0.0,129636.49260214432,0.0,0.0,19445.47389032165,0.0,19445.47389032165,0.0,0.0,71300070.93117937,0.0,0.0,0.0,0.0,0.0,0.0,3670970.2981386576,226863862.0537525,129636.49260214432,19445.47389032165,648182463.0107216,71300070.93117937,67965058.0783983,0.0,0.0,0.0,8305.411641834708,8305.411641834708,7334.744443354044,0.0,970.6671984806636,1.905142710256769e-13,7334.744443354044,7334.744443354044,0.6788821268559582,1.0,100.0,83017.38754850028,1000000.0
co/tech_dry_first,2030-09-01,71459.93352639713,67007.50742464831,7722.337415968288,2.842170943040401e-13,1217.359487389988,1047.3284570048006,0.0,14945.65617532335,0.0,0.0,0.0,0.0,0.0,0.0,0.0,0.0,0.0,6282.659232,46027.91557370801,579733103.5931283,0.0,0.0,0.0,202906586.2575949,0.0,202906586.2575949,0.0,0.0,0.0,115946.62071862568,0.0,115946.62071862568,0.0,0.0,17391.993107793853,0.0,17391.993107793853,0.0,0.0,63770641.39524412,0.0,0.0,0.0,0.0,0.0,0.0,3552060.883607772,202906586.2575949,115946.62071862568,17391.993107793853,579733103.5931283,63770641.39524412,60639469.2170411,0.0,0.0,0.0,7722.337415968288,7722.337415968288,6806.887956871569,0.0,915.4494590967192,3.730349362740526e-13,6806.887956871569,6806.887956871569,0.6869068458555573,1.0,100.0,86252.45416285913,1000000.0
co/tech_dry_first,2030-10-01,67601.12757116578,62435.19263116577,7363.8425,1.4210854715202006e-13,1149.9244526623652,992.1459014080192,0.0,14541.83490108774,0.0,0.0,0.0,0.0,0.0,0.0,0.0,0.0,0.0,1207.10712,43602.75659596577,543543271.5707837,0.0,0.0,0.0,190240145.0497743,0.0,190240145.0497743,0.0,0.0,0.0,108708.65431415677,0.0,108708.65431415677,0.0,0.0,16306.298147123513,0.0,16306.298147123513,0.0,0.0,59789759.87278621,0.0,0.0,0.0,0.0,0.0,0.0,3670400.0,190240145.0497743,108708.65431415677,16306.298147123513,543543271.5707837,59789759.87278621,56712917.87257273,0.0,0.0,0.0,7363.8425,7363.8425,6448.2407048,0.0,915.6017952,1.7763568394002505e-13,6448.2407048,6448.2407048,0.6983682560819167,1.0,100.0,90268.46465019672,1000000.0
co/tech_dry_first,2030-11-01,64181.15651634035,59801.83781474035,7015.5267,5.684341886080803e-14,1095.1298858156115,944.8695740018428,0.0,13857.864847989456,0.0,0.0,0.0,0.0,0.0,0.0,0.0,0.0,0.0,1894.223184,41525.059965140346,486816462.3293412,0.0,0.0,0.0,170385761.8152694,0.0,170385761.8152694,0.0,0.0,0.0,97363.29246586825,0.0,97363.29246586825,0.0,0.0,14604.493869880236,0.0,14604.493869880236,0.0,0.0,53549810.85622753,0.0,0.0,0.0,0.0,0.0,0.0,3552000.0,170385761.8152694,97363.29246586825,14604.493869880236,486816462.3293412,53549810.85622753,50669562.07575993,0.0,0.0,0.0,7015.5267,7015.5267,6140.9782968,0.0,874.5484031999999,7.105427357601003e-14,6140.9782968,6140.9782968,0.6943776559807494,1.0,100.0,93552.65346598109,1000000.0
co/tech_dry_first,2030-12-01,62992.58976609725,59732.36651089725,7025.2399,1.4210854715202006e-13,1096.834341793168,946.3401654031716,0.0,13885.954905455235,0.0,0.0,0.0,0.0,0.0,0.0,0.0,0.0,0.0,1471.756656,41589.68941009724,458231700.3930512,0.0,0.0,0.0,160381095.1375679,0.0,160381095.1375679,0.0,0.0,0.0,91646.34007861024,0.0,91646.34007861024,0.0,0.0,13746.951011791536,0.0,13746.951011791536,0.0,0.0,50405487.04323563,0.0,0.0,0.0,0.0,0.0,0.0,3670400.0,160381095.1375679,91646.34007861024,13746.951011791536,458231700.3930512,50405487.04323563,47575899.25061534,0.0,0.0,0.0,7025.2399000000005,7025.2399,6150.536092,0.0,874.703808,1.8118839761882557e-13,6150.536092,6150.536092,0.6962672306396875,1.0,100.0,95716.0423793879,1000000.0
co/tech_efficient_evaporative,2029-01-01,66347.09758197547,64281.984223723295,7751.085976242448,1.4210854715202006e-13,1824.573482770004,1046.0841499406645,0.0,14825.122077053222,0.0,0.0,0.0,0.0,0.0,0.0,0.0,0.0,0.0,704.138832,45973.2308564994,422597092.143882,0.0,0.0,0.0,147908982.25035867,0.0,147908982.25035867,0.0,0.0,0.0,84519.4184287764,0.0,84519.4184287764,0.0,0.0,12677.91276431646,0.0,12677.91276431646,0.0,0.0,46485680.13582701,0.0,0.0,0.0,0.0,0.0,0.0,3681118.897690946,147908982.25035867,84519.4184287764,12677.91276431646,422597092.143882,46485680.13582701,46429367.86837265,0.0,0.0,0.0,7751.085976242449,7751.085976242448,6798.800848464583,0.0,952.2851277778656,2.042810365310288e-13,6798.800848464583,6798.800848464583,0.7151806437165479,1.0,100.0,66142.53987548215,1000000.0
co/tech_efficient_evaporative,2029-02-01,58661.9838107475,57516.04397748008,6927.207556813138,5.684341886080803e-14,1648.6315598319716,943.1569613933588,0.0,13263.127558397808,0.0,0.0,0.0,0.0,0.0,0.0,0.0,0.0,0.0,30.272016,41449.79418960781,383426498.6334157,0.0,0.0,0.0,134199274.5216955,0.0,134199274.5216955,0.0,0.0,0.0,76685.29972668315,0.0,76685.29972668315,0.0,0.0,11502.794959002473,0.0,11502.794959002473,0.0,0.0,42176914.84967573,0.0,0.0,0.0,0.0,0.0,0.0,3324926.976581096,134199274.5216955,76685.29972668315,11502.794959002473,383426498.6334157,42176914.84967573,42025106.408113696,0.0,0.0,0.0,6927.207556813138,6927.207556813138,6129.847536376652,0.0,797.3600204364858,7.993605777301127e-14,6129.847536376652,6129.847536376652,0.720664901880893,1.0,100.0,65639.84814891762,1000000.0
co/tech_efficient_evaporative,2029-03-01,66967.64740283827,66720.24920514184,7936.160959518613,2.557953848736361e-13,1898.100213409985,1080.9620508539492,0.0,15178.934055134854,0.0,0.0,0.0,0.0,0.0,0.0,0.0,0.0,0.0,2020.342608,47506.04233305939,445284722.368005,0.0,0.0,0.0,155849652.82880175,0.0,155849652.82880175,0.0,0.0,0.0,89056.944473601,0.0,89056.944473601,0.0,0.0,13358.541671040151,0.0,13358.541671040151,0.0,0.0,48981319.46048056,0.0,0.0,0.0,0.0,0.0,0.0,3681698.5428133192,155849652.82880175,89056.944473601,13358.541671040151,445284722.368005,48981319.46048056,48688214.220652126,0.0,0.0,0.0,7936.160959518613,7936.160959518612,7025.482327517061,0.0,910.6786320015513,3.286260152890464e-13,7025.482327517061,7025.482327517061,0.7120183587293663,1.0,100.0,63989.146133204085,1000000.0
co/tech_efficient_evaporative,2029-04-01,65819.8476277117,65582.52767674752,7860.856777293789,2.557953848736361e-13,1902.1734090554123,1071.4365042306265,0.0,15013.345693038951,0.0,0.0,0.0,0.0,0.0,0.0,0.0,0.0,0.0,905.057808,47087.414296325245,455503283.5526917,0.0,0.0,0.0,159426149.24344206,0.0,159426149.24344206,0.0,0.0,0.0,91100.65671053831,0.0,91100.65671053831,0.0,0.0,13665.098506580747,0.0,13665.098506580747,0.0,0.0,50105361.190796085,0.0,0.0,0.0,0.0,0.0,0.0,3563563.192401439,159426149.24344206,91100.65671053831,13665.098506580747,455503283.5526917,50105361.190796085,49682861.64367613,0.0,0.0,0.0,7860.85677729379,7860.856777293789,6963.573068621961,0.0,897.2837086718281,2.895461648222409e-13,6963.573068621961,6963.573068621961,0.7179871829340947,1.0,100.0,62324.29267511287,1000000.0
co/tech_efficient_evaporative,2029-05-01,71832.5924707371,71490.62208993384,8671.302430159076,2.842170943040401e-13,2101.5821401777425,1188.0501658554645,0.0,16287.19115650653,0.0,0.0,0.0,0.0,0.0,0.0,0.0,0.0,0.0,341.71320000000003,52212.3430959868,499788452.533267,0.0,0.0,0.0,174925958.38664344,0.0,174925958.38664344,0.0,0.0,0.0,99957.6905066534,0.0,99957.6905066534,0.0,0.0,14993.65357599801,0.0,14993.65357599801,0.0,0.0,54976729.778659366,0.0,0.0,0.0,0.0,0.0,0.0,3683088.261750242,174925958.38664344,99957.6905066534,14993.65357599801,499788452.533267,54976729.778659366,54378818.84898424,0.0,0.0,0.0,8671.302430159076,8671.302430159076,7721.47869375019,0.0,949.823736408885,3.037570195374429e-13,7721.478693750191,7721.478693750191,0.7303383516554754,1.0,100.0,60564.68091573843,1000000.0
co/tech_efficient_evaporative,2029-06-01,79736.06909628023,78726.65590846658,8790.182626978103,2.842170943040401e-13,2134.65784958268,1206.172419329486,0.0,16444.630924402383,0.0,0.0,0.0,0.0,0.0,0.0,0.0,0.0,0.0,15148.670256,53008.77858604604,508078557.552861,0.0,0.0,0.0,177827495.14350137,0.0,177827495.14350137,0.0,0.0,0.0,101615.71151057222,0.0,101615.71151057222,0.0,0.0,15242.356726585833,0.0,15242.356726585833,0.0,0.0,55888641.33081472,0.0,0.0,0.0,0.0,0.0,0.0,3564899.6428432586,177827495.14350137,101615.71151057222,15242.356726585833,508078557.552861,55888641.33081472,55144742.1290087,0.0,0.0,0.0,8790.182626978103,8790.182626978103,7839.260415519187,0.0,950.9222114589156,2.3092638912203256e-13,7839.260415519187,7839.260415519187,0.6733269433885005,1.0,100.0,59439.43625396941,1000000.0
co/tech_efficient_evaporative,2029-07-01,81946.32153651875,79580.9939618577,9233.45352154012,1.7053025658242404e-13,2246.4440904551693,1267.406737909187,0.0,17248.393258931996,0.0,0.0,0.0,0.0,0.0,0.0,0.0,0.0,0.0,8818.380815999999,55699.90000736258,536186819.9551664,0.0,0.0,0.0,187665386.9843082,0.0,187665386.9843082,0.0,0.0,0.0,107237.36399103329,0.0,107237.36399103329,0.0,0.0,16085.60459865499,0.0,16085.60459865499,0.0,0.0,58980550.1950683,0.0,0.0,0.0,0.0,0.0,0.0,3684014.325384124,187665386.9843082,107237.36399103329,16085.60459865499,536186819.9551664,58980550.1950683,58052211.24733782,0.0,0.0,0.0,9233.45352154012,9233.45352154012,8237.23981052143,0.0,996.2137110186882,1.3855583347321956e-13,8237.23981052143,8237.23981052143,0.6999146056665104,1.0,100.0,59558.31973817527,1000000.0
co/tech_efficient_evaporative,2029-08-01,82485.28735728904,78650.75098172869,9037.73632595386,2.273736754432321e-13,2202.631653736382,1239.7475409390806,0.0,16910.17832104356,0.0,0.0,0.0,0.0,0.0,0.0,0.0,0.0,0.0,10266.90936,54484.335611626135,528043238.1028212,0.0,0.0,0.0,184815133.33598745,0.0,184815133.33598745,0.0,0.0,0.0,105608.64762056424,0.0,105608.64762056424,0.0,0.0,15841.297143084636,0.0,15841.297143084636,0.0,0.0,58084756.19131033,0.0,0.0,0.0,0.0,0.0,0.0,3683808.492620669,184815133.33598745,105608.64762056424,15841.297143084636,528043238.1028212,58084756.19131033,57027592.180751,0.0,0.0,0.0,9037.73632595386,9037.73632595386,8057.474758313274,0.0,980.261567640586,1.8474111129762605e-13,8057.474758313274,8057.474758313274,0.6927376399022986,1.0,100.0,61190.22445999922,1000000.0
co/tech_efficient_evaporative,2029-09-01,79389.36133261616,75297.8344225704,8648.955103748875,3.1263880373444413e-13,2087.4882335244884,1185.82144025934,0.0,16208.164392329352,0.0,0.0,0.0,0.0,0.0,0.0,0.0,0.0,0.0,9784.150368,52114.39522405677,491929697.8982359,0.0,0.0,0.0,172175394.26438254,0.0,172175394.26438254,0.0,0.0,0.0,98385.93957964718,0.0,98385.93957964718,0.0,0.0,14757.890936947077,0.0,14757.890936947077,0.0,0.0,54112266.76880594,0.0,0.0,0.0,0.0,0.0,0.0,3564486.700075156,172175394.26438254,98385.93957964718,14757.890936947077,491929697.8982359,54112266.76880594,52996798.467596464,0.0,0.0,0.0,8648.955103748875,8648.955103748875,7706.993567028038,0.0,941.961536720836,3.1263880373444413e-13,7706.993567028038,7706.993567028038,0.6921101466423524,1.0,100.0,63194.26313652047,1000000.0
co/tech_efficient_evaporative,2029-10-01,75814.61900277948,71221.71962750638,8299.721819549743,1.7053025658242404e-13,2009.9610790475133,1130.9989258703547,0.0,15843.692315666016,0.0,0.0,0.0,0.0,0.0,0.0,0.0,0.0,0.0,5615.41704,49705.05931137561,482214323.3831765,0.0,0.0,0.0,168775013.18411177,0.0,168775013.18411177,0.0,0.0,0.0,96442.8646766353,0.0,96442.8646766353,0.0,0.0,14466.429701495295,0.0,14466.429701495295,0.0,0.0,53043575.57214941,0.0,0.0,0.0,0.0,0.0,0.0,3682641.788895788,168775013.18411177,96442.8646766353,14466.429701495295,482214323.3831765,53043575.57214941,51822420.02116852,0.0,0.0,0.0,8299.721819549743,8299.721819549743,7350.686326005471,0.0,949.0354935442708,2.4513724383723456e-13,7350.686326005471,7350.686326005471,0.6978918730316522,1.0,100.0,65777.20143274608,1000000.0
co/tech_efficient_evaporative,2029-11-01,69503.53162046653,65328.73221698039,7771.327535591678,1.9895196601282805e-13,1861.9997162361528,1058.5242066270334,0.0,14857.960904974148,0.0,0.0,0.0,0.0,0.0,0.0,0.0,0.0,0.0,2000.217168,46519.94557150854,438284606.366588,0.0,0.0,0.0,153399612.2283058,0.0,153399612.2283058,0.0,0.0,0.0,87656.92127331761,0.0,87656.92127331761,0.0,0.0,13148.53819099764,0.0,13148.53819099764,0.0,0.0,48211306.700324684,0.0,0.0,0.0,0.0,0.0,0.0,3563121.782200291,153399612.2283058,87656.92127331761,13148.53819099764,438284606.366588,48211306.700324684,46984913.82171332,0.0,0.0,0.0,7771.327535591678,7771.327535591678,6879.652343976709,0.0,891.6751916149686,2.469136006766348e-13,6879.652343976709,6879.652343976709,0.7120901323631836,1.0,100.0,68090.00111999612,1000000.0
co/tech_efficient_evaporative,2029-12-01,70602.63966860414,67219.95988349179,7859.477302002381,2.8421709430404014e-14,1864.4302440711149,1070.0988406867352,0.0,15045.672504067004,0.0,0.0,0.0,0.0,0.0,0.0,0.0,0.0,0.0,4607.300208000001,47028.62675527024,430885228.300274,0.0,0.0,0.0,150809829.9050959,0.0,150809829.9050959,0.0,0.0,0.0,86177.0456600548,0.0,86177.0456600548,0.0,0.0,12926.55684900822,0.0,12926.55684900822,0.0,0.0,47397375.11303014,0.0,0.0,0.0,0.0,0.0,0.0,3681329.430470456,150809829.9050959,86177.0456600548,12926.55684900822,430885228.300274,47397375.11303014,46077847.87565757,0.0,0.0,0.0,7859.477302002381,7859.477302002381,6954.879209683671,0.0,904.5980923187112,4.085620730620576e-14,6954.879209683671,6954.879209683671,0.6996229518253515,1.0,100.0,69608.2506610374,1000000.0
co/tech_efficient_evaporative,2030-01-01,66729.22193011876,64529.90697227836,7709.897054294442,1.1368683772161605e-13,1827.862532925776,1049.8316985167949,0.0,14765.703932187718,0.0,0.0,0.0,0.0,0.0,0.0,0.0,0.0,0.0,1197.1282560000004,46137.92785133119,421871217.0768256,0.0,0.0,0.0,147654925.97688892,0.0,147654925.97688892,0.0,0.0,0.0,84374.24341536511,0.0,84374.24341536511,0.0,0.0,12656.136512304767,0.0,12656.136512304767,0.0,0.0,46405833.87845081,0.0,0.0,0.0,0.0,0.0,0.0,3681100.433292193,147654925.97688892,84374.24341536511,12656.136512304767,421871217.0768256,46405833.87845081,45000433.26582674,0.0,0.0,0.0,7709.897054294442,7709.897054294442,6823.157241246658,0.0,886.7398130477834,1.2434497875801753e-13,6823.157241246658,6823.157241246658,0.7149851908379745,1.0,100.0,69979.70308595203,1000000.0
co/tech_efficient_evaporative,2030-02-01,59508.90330181336,58887.36487835152,7030.45401709847,1.1368683772161605e-13,1668.5879710217955,957.107625103384,0.0,13460.26045780744,0.0,0.0,0.0,0.0,0.0,0.0,0.0,0.0,0.0,1237.546848,42062.89695326096,386084564.53690046,0.0,0.0,0.0,135129597.58791515,0.0,135129597.58791515,0.0,0.0,0.0,77216.9129073801,0.0,77216.9129073801,0.0,0.0,11582.536936107012,0.0,11582.536936107012,0.0,0.0,42469302.09905905,0.0,0.0,0.0,0.0,0.0,0.0,3324993.293346393,135129597.58791515,77216.9129073801,11582.536936107012,386084564.53690046,42469302.09905905,41084639.50418532,0.0,0.0,0.0,7030.45401709847,7030.45401709847,6220.516900092509,0.0,809.9371170059607,1.6342482922482304e-13,6220.516900092509,6220.516900092509,0.7142940941601608,1.0,100.0,68932.653538392,1000000.0
co/tech_efficient_evaporative,2030-03-01,65254.680315654165,65064.0691470711,7775.804417911096,1.4210854715202006e-13,1865.461950512506,1059.0792510969509,0.0,14873.57009197237,0.0,0.0,0.0,0.0,0.0,0.0,0.0,0.0,0.0,1256.666016,46544.3386258843,440208118.5420229,0.0,0.0,0.0,154072841.489708,0.0,154072841.489708,0.0,0.0,0.0,88041.62370840459,0.0,88041.62370840459,0.0,0.0,13206.243556260686,0.0,13206.243556260686,0.0,0.0,48422893.03962252,0.0,0.0,0.0,0.0,0.0,0.0,3681571.143590029,154072841.489708,88041.62370840459,13206.243556260686,440208118.5420229,48422893.03962252,46732281.11338592,0.0,0.0,0.0,7775.804417911096,7775.804417911096,6883.259737142184,0.0,892.5446807689115,2.042810365310288e-13,6883.259737142184,6883.259737142184,0.7153616310205757,1.0,100.0,67257.80275646254,1000000.0
co/tech_efficient_evaporative,2030-04-01,66646.5996331542,66394.9901563722,7870.297204815076,3.410605131648481e-13,1905.3178051179689,1072.7200090416345,0.0,15030.396608109311,0.0,0.0,0.0,0.0,0.0,0.0,0.0,0.0,0.0,2614.713935999999,47143.82167328937,456637695.0623967,0.0,0.0,0.0,159823193.27183884,0.0,159823193.27183884,0.0,0.0,0.0,91327.53901247936,0.0,91327.53901247936,0.0,0.0,13699.130851871902,0.0,13699.130851871902,0.0,0.0,50230146.45686364,0.0,0.0,0.0,0.0,0.0,0.0,3563592.203804259,159823193.27183884,91327.53901247936,13699.130851871902,456637695.0623967,50230146.45686364,48356885.80470976,0.0,0.0,0.0,7870.297204815076,7870.297204815076,6971.914934425573,0.0,898.3822703895028,4.902744876744691e-13,6971.914934425573,6971.914934425573,0.7100508873072675,1.0,100.0,65604.09442812653,1000000.0
co/tech_efficient_evaporative,2030-05-01,72223.34611481623,71832.948009782,8732.79972546611,1.9895196601282805e-13,2113.627087889366,1196.7120528065868,0.0,16394.327380440667,0.0,0.0,0.0,0.0,0.0,0.0,0.0,0.0,0.0,0.0,52593.01507966941,501199053.26267725,0.0,0.0,0.0,175419668.64193702,0.0,175419668.64193702,0.0,0.0,0.0,100239.81065253548,0.0,100239.81065253548,0.0,0.0,15035.971597880318,0.0,15035.971597880318,0.0,0.0,55131895.8588945,0.0,0.0,0.0,0.0,0.0,0.0,3683123.380954023,175419668.64193702,100239.81065253548,15035.971597880318,501199053.26267725,55131895.8588945,52945052.72068412,0.0,0.0,0.0,8732.79972546611,8732.79972546611,7777.774780786721,0.0,955.0249446793893,2.575717417130363e-13,7777.774780786721,7777.774780786721,0.7321572695653176,1.0,100.0,63880.86544527141,1000000.0
co/tech_efficient_evaporative,2030-06-01,76924.26999703734,75451.45161090148,8594.100746765109,1.9895196601282805e-13,2094.7518199168294,1178.5981872010366,0.0,16103.901820520745,0.0,0.0,0.0,0.0,0.0,0.0,0.0,0.0,0.0,11163.33,51796.948219049445,502525283.8949395,0.0,0.0,0.0,175883849.3632288,0.0,175883849.3632288,0.0,0.0,0.0,100505.0567789879,0.0,100505.0567789879,0.0,0.0,15075.758516848184,0.0,15075.758516848184,0.0,0.0,55277781.22844334,0.0,0.0,0.0,0.0,0.0,0.0,3564760.4897220857,175883849.3632288,100505.0567789879,15075.758516848184,502525283.8949395,55277781.22844334,52954326.379252,0.0,0.0,0.0,8594.100746765109,8594.100746765109,7660.047574180088,0.0,934.05317258502,2.611244553918368e-13,7660.047574180089,7660.047574180089,0.6864937269353429,1.0,100.0,63258.93201149045,1000000.0
co/tech_efficient_evaporative,2030-07-01,82560.56553865061,80337.59541470649,9047.569879237806,2.273736754432321e-13,2211.566027949235,1241.3611729665513,0.0,16923.979684399692,0.0,0.0,0.0,0.0,0.0,0.0,0.0,0.0,0.0,13999.591488,54555.25139571536,532856409.423705,0.0,0.0,0.0,186499743.29829672,0.0,186499743.29829672,0.0,0.0,0.0,106571.281884741,0.0,106571.281884741,0.0,0.0,15985.69228271115,0.0,15985.69228271115,0.0,0.0,58614205.03660755,0.0,0.0,0.0,0.0,0.0,0.0,3683932.1906976807,186499743.29829672,106571.281884741,15985.69228271115,532856409.423705,58614205.03660755,56012613.03812428,0.0,0.0,0.0,9047.569879237806,9047.569879237806,8067.962215558562,0.0,979.6076636792436,1.8474111129762605e-13,8067.962215558563,8067.962215558563,0.6790749849320054,1.0,100.0,63270.33610748534,1000000.0
co/tech_efficient_evaporative,2030-08-01,82918.53057610456,79434.38036853616,9185.309205085585,2.273736754432321e-13,2230.2309483191043,1260.6063804237615,0.0,17168.085645294006,0.0,0.0,0.0,0.0,0.0,0.0,0.0,0.0,0.0,9348.518448,55401.03838652461,530483261.4716851,0.0,0.0,0.0,185669141.51508975,0.0,185669141.51508975,0.0,0.0,0.0,106096.65229433702,0.0,106096.65229433702,0.0,0.0,15914.497844150554,0.0,15914.497844150554,0.0,0.0,58353158.76188536,0.0,0.0,0.0,0.0,0.0,0.0,3683868.4375327583,185669141.51508975,106096.65229433702,15914.497844150554,530483261.4716851,58353158.76188536,55623684.86563432,0.0,0.0,0.0,9185.309205085585,9185.309205085585,8193.042337264242,0.0,992.2668678213416,1.8474111129762605e-13,8193.042337264242,8193.042337264242,0.6974440806297127,1.0,100.0,64524.25536673461,1000000.0
co/tech_efficient_evaporative,2030-09-01,77477.90125653498,73142.65277655402,8568.732850038856,3.1263880373444413e-13,2073.1581257549087,1174.382578738708,0.0,16067.436660916606,0.0,0.0,0.0,0.0,0.0,0.0,0.0,0.0,0.0,6282.659232,51611.68096206037,491139616.1420416,0.0,0.0,0.0,171898865.64971453,0.0,171898865.64971453,0.0,0.0,0.0,98227.92322840833,0.0,98227.92322840833,0.0,0.0,14734.188484261247,0.0,14734.188484261247,0.0,0.0,54025357.77562457,0.0,0.0,0.0,0.0,0.0,0.0,3564467.9259126047,171898865.64971453,98227.92322840833,14734.188484261247,491139616.1420416,54025357.77562457,51371882.202736944,0.0,0.0,0.0,8568.732850038856,8568.732850038856,7632.649125984405,0.0,936.08372405445,3.108624468950439e-13,7632.649125984405,7632.649125984405,0.7056304222343515,1.0,100.0,66786.34572096063,1000000.0
co/tech_efficient_evaporative,2030-10-01,73501.41720436429,68450.37719781758,8193.749658086599,2.273736754432321e-13,1989.0378754657308,1116.713063109462,0.0,15641.749599007182,0.0,0.0,0.0,0.0,0.0,0.0,0.0,0.0,0.0,1207.10712,49077.22524398434,479160833.6128037,0.0,0.0,0.0,167706291.76448128,0.0,167706291.76448128,0.0,0.0,0.0,95832.16672256074,0.0,95832.16672256074,0.0,0.0,14374.82500838411,0.0,14374.82500838411,0.0,0.0,52707691.69740841,0.0,0.0,0.0,0.0,0.0,0.0,3682565.345895055,167706291.76448128,95832.16672256074,14374.82500838411,479160833.6128037,52707691.69740841,49995205.68071274,0.0,0.0,0.0,8193.749658086599,8193.749658086599,7257.838407541823,0.0,935.9112505447764,3.2684965844964614e-13,7257.838407541823,7257.838407541823,0.716975234514107,1.0,100.0,69848.34785204164,1000000.0
co/tech_efficient_evaporative,2030-11-01,69566.32296951924,65291.87386034594,7773.018982772631,2.273736754432321e-13,1861.0163368715448,1058.5598457824442,0.0,14861.796522869468,0.0,0.0,0.0,0.0,0.0,0.0,0.0,0.0,0.0,1894.223184,46521.51183854291,437588556.03298944,0.0,0.0,0.0,153155994.6115463,0.0,153155994.6115463,0.0,0.0,0.0,87517.7112065979,0.0,87517.7112065979,0.0,0.0,13127.656680989685,0.0,13127.656680989685,0.0,0.0,48134741.16362884,0.0,0.0,0.0,0.0,0.0,0.0,3563103.839198122,153155994.6115463,87517.7112065979,13127.656680989685,437588556.03298944,48134741.16362884,45545120.11700789,0.0,0.0,0.0,7773.018982772631,7773.018982772631,6879.883973067024,0.0,893.1350097056057,3.2684965844964614e-13,6879.883973067025,6879.883973067025,0.7125161078704629,1.0,100.0,72261.78062434336,1000000.0
co/tech_efficient_evaporative,2030-12-01,68274.87778099402,65117.50917256994,7768.177861111269,1.7053025658242404e-13,1848.0234843344133,1057.8617992543686,0.0,14870.614304339431,0.0,0.0,0.0,0.0,0.0,0.0,0.0,0.0,0.0,1471.756656,46490.83414001778,429300342.7744933,0.0,0.0,0.0,150255119.97107264,0.0,150255119.97107264,0.0,0.0,0.0,85860.06855489865,0.0,85860.06855489865,0.0,0.0,12879.010283234798,0.0,12879.010283234798,0.0,0.0,47223037.70519426,0.0,0.0,0.0,0.0,0.0,0.0,3681290.492011568,150255119.97107264,85860.06855489865,12879.010283234798,429300342.7744933,47223037.70519426,44572035.12483337,0.0,0.0,0.0,7768.177861111269,7768.177861111269,6875.347168520644,0.0,892.8306925906242,2.0605739337042905e-13,6875.347168520645,6875.347168520645,0.7139528942486264,1.0,100.0,73571.12574843301,1000000.0
co/tech_evaporative,2029-01-01,66705.26229880795,64660.05228755278,7796.559174962934,1.7053025658242404e-13,1854.1345826736692,1052.5582008867384,0.0,14901.018778485512,0.0,0.0,0.0,0.0,0.0,0.0,0.0,0.0,0.0,704.138832,46257.75198105471,437635069.4740913,0.0,0.0,0.0,153172274.31593195,0.0,153172274.31593195,0.0,0.0,0.0,87527.01389481826,0.0,87527.01389481826,0.0,0.0,13129.05208422274,0.0,13129.05208422274,0.0,0.0,48139857.642150044,0.0,0.0,0.0,0.0,0.0,0.0,3683226.310902395,153172274.31593195,87527.01389481826,13129.05208422274,437635069.4740913,48139857.642150044,48081540.784433946,0.0,0.0,0.0,7796.559174962934,7796.559174962934,6840.877561956196,0.0,955.6816130067376,2.4513724383723456e-13,6840.877561956197,6840.877561956197,0.7153992356105694,1.0,100.0,66093.07542858146,1000000.0
co/tech_evaporative,2029-02-01,58982.774435382176,57854.81682703491,6967.964384500704,2.8421709430404014e-14,1674.935535629989,948.940004883132,0.0,13331.29976800772,0.0,0.0,0.0,0.0,0.0,0.0,0.0,0.0,0.0,30.272016,41703.946968257216,396790118.61553,0.0,0.0,0.0,138876541.5154355,0.0,138876541.5154355,0.0,0.0,0.0,79358.023723106,0.0,79358.023723106,0.0,0.0,11903.7035584659,0.0,11903.7035584659,0.0,0.0,43646913.047708295,0.0,0.0,0.0,0.0,0.0,0.0,3326830.9768667603,138876541.5154355,79358.023723106,11903.7035584659,396790118.61553,43646913.047708295,43489814.29584303,0.0,0.0,0.0,6967.964384500704,6967.964384500704,6167.433194267757,0.0,800.5311902329462,4.085620730620576e-14,6167.433194267757,6167.433194267757,0.7208379397853253,1.0,100.0,65546.09750129873,1000000.0
co/tech_evaporative,2029-03-01,67353.45903181126,67127.23645548205,7985.349675416576,1.4210854715202006e-13,1930.48173243476,1087.955239856948,0.0,15260.605005217538,0.0,0.0,0.0,0.0,0.0,0.0,0.0,0.0,0.0,2020.342608,47813.37849953914,461834698.92781776,0.0,0.0,0.0,161642144.62473622,0.0,161642144.62473622,0.0,0.0,0.0,92366.93978556356,0.0,92366.93978556356,0.0,0.0,13855.040967834531,0.0,13855.040967834531,0.0,0.0,50801816.882059954,0.0,0.0,0.0,0.0,0.0,0.0,3683940.667428672,161642144.62473622,92366.93978556356,13855.040967834531,461834698.92781776,50801816.882059954,50497784.542673685,0.0,0.0,0.0,7985.349675416575,7985.349675416575,7070.933068100175,0.0,914.4166073164008,1.6520118606422332e-13,7070.933068100175,7070.933068100175,0.7122798587313866,1.0,100.0,63841.83834519322,1000000.0
co/tech_evaporative,2029-04-01,66222.87356386372,66007.40085544634,7912.323675974617,1.9895196601282805e-13,1936.4318739690248,1078.765238030364,0.0,15098.44817706375,0.0,0.0,0.0,0.0,0.0,0.0,0.0,0.0,0.0,905.057808,47409.49696135777,473067204.5391637,0.0,0.0,0.0,165573521.58870727,0.0,165573521.58870727,0.0,0.0,0.0,94613.44090783274,0.0,94613.44090783274,0.0,0.0,14192.01613617491,0.0,14192.01613617491,0.0,0.0,52037392.499308005,0.0,0.0,0.0,0.0,0.0,0.0,3565876.4298475725,165573521.58870727,94613.44090783274,14192.01613617491,473067204.5391637,52037392.499308005,51598583.13417237,0.0,0.0,0.0,7912.323675974617,7912.323675974617,7011.204611054426,0.0,901.1190649201905,2.469136006766348e-13,7011.204611054426,7011.204611054426,0.7182451717070748,1.0,100.0,62120.87917964161,1000000.0
co/tech_evaporative,2029-05-01,72284.73881722466,71966.95952371057,8729.175741277912,2.842170943040401e-13,2140.5555135481136,1196.2986020415933,0.0,16382.453044094147,0.0,0.0,0.0,0.0,0.0,0.0,0.0,0.0,0.0,341.71320000000003,52574.84477523652,519839299.6310613,0.0,0.0,0.0,181943754.87087145,0.0,181943754.87087145,0.0,0.0,0.0,103967.85992621226,0.0,103967.85992621226,0.0,0.0,15595.17898893184,0.0,15595.17898893184,0.0,0.0,57182322.95941675,0.0,0.0,0.0,0.0,0.0,0.0,3685649.670992626,181943754.87087145,103967.85992621226,15595.17898893184,519839299.6310613,57182322.95941675,56560414.3575478,0.0,0.0,0.0,8729.175741277912,8729.175741277912,7775.087645710642,0.0,954.0880955672692,3.979039320256561e-13,7775.087645710642,7775.087645710642,0.7305414196067984,1.0,100.0,60298.10295960761,1000000.0
co/tech_evaporative,2029-06-01,80212.90390086111,79228.45939701123,8851.421825861822,2.8421709430404014e-14,2176.65727974369,1214.9169512583685,0.0,16544.71051544375,0.0,0.0,0.0,0.0,0.0,0.0,0.0,0.0,0.0,15148.670256,53393.08264525709,529799268.9157724,0.0,0.0,0.0,185429744.12052032,0.0,185429744.12052032,0.0,0.0,0.0,105959.85378315448,0.0,105959.85378315448,0.0,0.0,15893.978067473172,0.0,15893.978067473172,0.0,0.0,58277919.58073496,0.0,0.0,0.0,0.0,0.0,0.0,3567543.385851189,185429744.12052032,105959.85378315448,15893.978067473172,529799268.9157724,58277919.58073496,57502213.983435206,0.0,0.0,0.0,8851.421825861822,8851.421825861822,7896.093635964104,0.0,955.3281898977187,4.440892098500626e-14,7896.093635964104,7896.093635964104,0.6739129228514477,1.0,100.0,59105.89018371381,1000000.0
co/tech_evaporative,2029-07-01,82455.89500050584,80117.05589283284,9298.960369428863,0.0,2291.6383485591587,1276.76830344912,0.0,17355.19638360007,0.0,0.0,0.0,0.0,0.0,0.0,0.0,0.0,0.0,8818.380815999999,56111.32141525791,559597487.5041642,0.0,0.0,0.0,195859120.62645745,0.0,195859120.62645745,0.0,0.0,0.0,111919.49750083283,0.0,111919.49750083283,0.0,0.0,16787.924625124924,0.0,16787.924625124924,0.0,0.0,61555723.62545806,0.0,0.0,0.0,0.0,0.0,0.0,3686818.986594624,195859120.62645745,111919.49750083283,16787.924625124924,559597487.5041642,61555723.62545806,60586826.71078005,0.0,0.0,0.0,9298.960369428863,9298.960369428863,8298.083309335041,0.0,1000.8770600938236,0.0,8298.083309335041,8298.083309335041,0.7003667420120159,1.0,100.0,59153.09094282764,1000000.0
co/tech_evaporative,2029-08-01,82978.41549480282,79169.77867317857,9101.044563593616,3.410605131648481e-13,2245.943537258481,1248.784176143044,0.0,17013.73827754688,0.0,0.0,0.0,0.0,0.0,0.0,0.0,0.0,0.0,10266.90936,54881.47700452588,550427955.2034864,0.0,0.0,0.0,192649784.32122025,0.0,192649784.32122025,0.0,0.0,0.0,110085.5910406973,0.0,110085.5910406973,0.0,0.0,16512.838656104595,0.0,16512.838656104595,0.0,0.0,60547075.07238352,0.0,0.0,0.0,0.0,0.0,0.0,3686550.798331551,192649784.32122025,110085.5910406973,16512.838656104595,550427955.2034864,60547075.07238352,59445089.31423053,0.0,0.0,0.0,9101.044563593616,9101.044563593616,8116.206441701705,0.0,984.83812189191,2.771116669464391e-13,8116.206441701705,8116.206441701705,0.693212459656892,1.0,100.0,60715.784227193406,1000000.0
co/tech_evaporative,2029-09-01,79845.6211383486,75778.14994314288,8707.505072432588,1.9895196601282805e-13,2127.4186818026064,1194.174408590508,0.0,16304.056826014748,0.0,0.0,0.0,0.0,0.0,0.0,0.0,0.0,0.0,9784.150368,52481.49087448566,512549704.7735731,0.0,0.0,0.0,179392396.67075056,0.0,179392396.67075056,0.0,0.0,0.0,102509.94095471462,0.0,102509.94095471462,0.0,0.0,15376.491143207191,0.0,15376.491143207191,0.0,0.0,56380467.52509304,0.0,0.0,0.0,0.0,0.0,0.0,3567033.775764101,179392396.67075056,102509.94095471462,15376.491143207191,512549704.7735731,56380467.52509304,55218254.8907055,0.0,0.0,0.0,8707.505072432588,8707.505072432588,7761.281903373029,0.0,946.2231690595586,2.255973186038318e-13,7761.28190337303,7761.28190337303,0.6925675925562059,1.0,100.0,62655.836740596525,1000000.0
co/tech_evaporative,2029-10-01,76250.5121088513,71680.94598848093,8355.516376917105,3.979039320256561e-13,2047.5199207938024,1138.9497052500706,0.0,15935.544037978838,0.0,0.0,0.0,0.0,0.0,0.0,0.0,0.0,0.0,5615.41704,50054.47959074177,501536086.0402458,0.0,0.0,0.0,175537630.114086,0.0,175537630.114086,0.0,0.0,0.0,100307.21720804916,0.0,100307.21720804916,0.0,0.0,15046.082581207374,0.0,15046.082581207374,0.0,0.0,55168969.46442704,0.0,0.0,0.0,0.0,0.0,0.0,3685112.368826668,175537630.114086,100307.21720804916,15046.082581207374,501536086.0402458,55168969.46442704,53898917.78381853,0.0,0.0,0.0,8355.516376917105,8355.516376917105,7402.360721029841,0.0,953.1556558872622,5.009326287108706e-13,7402.360721029842,7402.360721029842,0.6982954661171112,1.0,100.0,65177.8829401731,1000000.0
co/tech_evaporative,2029-11-01,69887.61569521454,65733.755392435,7820.354311000873,2.557953848736361e-13,1894.474935185371,1065.4978799704395,0.0,14939.170530350397,0.0,0.0,0.0,0.0,0.0,0.0,0.0,0.0,0.0,2000.217168,46826.424065186526,454913602.2895112,0.0,0.0,0.0,159219760.8013289,0.0,159219760.8013289,0.0,0.0,0.0,90982.72045790224,0.0,90982.72045790224,0.0,0.0,13647.408068685336,0.0,13647.408068685336,0.0,0.0,50040496.25184623,0.0,0.0,0.0,0.0,0.0,0.0,3565338.863451578,159219760.8013289,90982.72045790224,13647.408068685336,454913602.2895112,50040496.25184623,48767579.51032043,0.0,0.0,0.0,7820.354311000873,7820.354311000873,6924.976246692139,0.0,895.3780643087332,3.6770586575585195e-13,6924.97624669214,6924.97624669214,0.7123649605233959,1.0,100.0,67437.26830776727,1000000.0
co/tech_evaporative,2029-12-01,70972.9912475687,67610.73353530168,7906.663068877699,1.9895196601282805e-13,1895.3611608358356,1076.8037009915988,0.0,15124.141877661994,0.0,0.0,0.0,0.0,0.0,0.0,0.0,0.0,0.0,4607.300208000001,47323.29147289698,446674279.3717754,0.0,0.0,0.0,156335997.7801214,0.0,156335997.7801214,0.0,0.0,0.0,89334.85587435508,0.0,89334.85587435508,0.0,0.0,13400.228381153262,0.0,13400.228381153262,0.0,0.0,49134170.730895296,0.0,0.0,0.0,0.0,0.0,0.0,3683491.767595256,156335997.7801214,89334.85587435508,13400.228381153262,446674279.3717754,49134170.730895296,47766317.52499594,0.0,0.0,0.0,7906.663068877699,7906.663068877699,6998.456019381177,0.0,908.2070494965212,2.859934511434403e-13,6998.456019381178,6998.456019381178,0.6999375542670012,1.0,100.0,68904.16485919846,1000000.0
co/tech_evaporative,2030-01-01,67084.60666971466,64905.127655682816,7755.079578071667,8.526512829121202e-14,1857.142575129617,1056.2456295596064,0.0,14841.16558435376,0.0,0.0,0.0,0.0,0.0,0.0,0.0,0.0,0.0,1197.1282560000004,46419.80683070925,436765147.65428686,0.0,0.0,0.0,152867801.6790004,0.0,152867801.6790004,0.0,0.0,0.0,87353.02953085738,0.0,87353.02953085738,0.0,0.0,13102.954429628606,0.0,13102.954429628606,0.0,0.0,48044166.24197155,0.0,0.0,0.0,0.0,0.0,0.0,3683200.7096954514,152867801.6790004,87353.02953085738,13102.954429628606,436765147.65428686,48044166.24197155,46589139.26348428,0.0,0.0,0.0,7755.079578071667,7755.079578071667,6864.843218247966,0.0,890.236359823701,1.2256862191861728e-13,6864.843218247966,6864.843218247966,0.7151947543646026,1.0,100.0,69226.5012981007,1000000.0
co/tech_evaporative,2030-02-01,59837.30999903248,59233.99510440639,7072.249822671778,1.9895196601282805e-13,1695.8242387186162,963.0435562183133,0.0,13529.921024620326,0.0,0.0,0.0,0.0,0.0,0.0,0.0,0.0,0.0,1237.546848,42323.76882624594,399962613.9901638,0.0,0.0,0.0,139986914.89655733,0.0,139986914.89655733,0.0,0.0,0.0,79992.52279803276,0.0,79992.52279803276,0.0,0.0,11998.878419704914,0.0,11998.878419704914,0.0,0.0,43995887.53891802,0.0,0.0,0.0,0.0,0.0,0.0,3326922.8434584145,139986914.89655733,79992.52279803276,11998.878419704914,399962613.9901638,43995887.53891802,42561443.41537109,0.0,0.0,0.0,7072.249822671778,7072.249822671778,6259.096218499061,0.0,813.153604172717,2.859934511434403e-13,6259.096218499061,6259.096218499061,0.7145182213633517,1.0,100.0,68133.99195400815,1000000.0
co/tech_evaporative,2030-03-01,65627.57907887618,65457.718117627366,7823.241779335601,3.694822225952521e-13,1896.2936256460612,1065.81448548071,0.0,14952.709978944144,0.0,0.0,0.0,0.0,0.0,0.0,0.0,0.0,0.0,1256.666016,46840.338221342055,455905879.5761135,0.0,0.0,0.0,159567057.8516397,0.0,159567057.8516397,0.0,0.0,0.0,91181.1759152227,0.0,91181.1759152227,0.0,0.0,13677.176387283404,0.0,13677.176387283404,0.0,0.0,50149646.75337248,0.0,0.0,0.0,0.0,0.0,0.0,3683768.224366596,159567057.8516397,91181.1759152227,13677.176387283404,455905879.5761135,50149646.75337248,48398730.87062555,0.0,0.0,0.0,7823.241779335601,7823.2417793356,6927.03395668801,0.0,896.2078226475902,5.311306949806749e-13,6927.03395668801,6927.03395668801,0.7155815932533743,1.0,100.0,66407.55928961089,1000000.0
co/tech_evaporative,2030-04-01,67051.08795234443,66821.39045682958,7921.956869248064,2.273736754432321e-13,1939.725095266254,1080.0765443223147,0.0,15115.798114644736,0.0,0.0,0.0,0.0,0.0,0.0,0.0,0.0,0.0,2614.713935999999,47467.1261558034,474281077.6674349,0.0,0.0,0.0,165998377.1836022,0.0,165998377.1836022,0.0,0.0,0.0,94856.215533487,0.0,94856.215533487,0.0,0.0,14228.432330023048,0.0,14228.432330023048,0.0,0.0,52170918.54341784,0.0,0.0,0.0,0.0,0.0,0.0,3565912.2959384266,165998377.1836022,94856.215533487,14228.432330023048,474281077.6674349,52170918.54341784,50225252.77949271,0.0,0.0,0.0,7921.956869248065,7921.956869248064,7019.727166654582,0.0,902.2297025934822,3.286260152890464e-13,7019.727166654583,7019.727166654583,0.7103582525190023,1.0,100.0,64697.53168985948,1000000.0
co/tech_evaporative,2030-05-01,72679.51321803204,72313.43340920903,8791.219540852417,2.557953848736361e-13,2153.0909397452488,1205.041273760784,0.0,16490.37287487303,0.0,0.0,0.0,0.0,0.0,0.0,0.0,0.0,0.0,0.0,52959.06708208606,521520265.8502512,0.0,0.0,0.0,182532093.04758796,0.0,182532093.04758796,0.0,0.0,0.0,104304.05317005025,0.0,104304.05317005025,0.0,0.0,15645.607975507535,0.0,15645.607975507535,0.0,0.0,57367229.24352764,0.0,0.0,0.0,0.0,0.0,0.0,3685698.259376388,182532093.04758796,104304.05317005025,15645.607975507535,521520265.8502512,57367229.24352764,55091721.15977927,0.0,0.0,0.0,8791.219540852417,8791.219540852417,7831.90877611937,0.0,959.3107647330464,3.943512183468556e-13,7831.90877611937,7831.90877611937,0.7323544822218576,1.0,100.0,62910.52055893726,1000000.0
co/tech_evaporative,2030-06-01,77387.245836147,75938.93696689582,8653.462248427557,4.263256414560601e-13,2135.093088597843,1187.0660554587205,0.0,16201.264044728316,0.0,0.0,0.0,0.0,0.0,0.0,0.0,0.0,0.0,11163.33,52169.09348317089,523334752.568689,0.0,0.0,0.0,183167163.39904112,0.0,183167163.39904112,0.0,0.0,0.0,104666.9505137378,0.0,104666.9505137378,0.0,0.0,15700.042577060667,0.0,15700.042577060667,0.0,0.0,57566822.78255579,0.0,0.0,0.0,0.0,0.0,0.0,3567355.6150392867,183167163.39904112,104666.9505137378,15700.042577060667,523334752.568689,57566822.78255579,55147118.46112069,0.0,0.0,0.0,8653.462248427557,8653.462248427557,7715.082678094332,0.0,938.3795703332248,4.511946372076636e-13,7715.082678094332,7715.082678094332,0.6869874081317867,1.0,100.0,62223.73633959061,1000000.0
co/tech_evaporative,2030-07-01,83058.43821187054,80861.60865029764,9111.475467966464,2.8421709430404014e-14,2255.293751268082,1250.4858371751534,0.0,17028.515817832787,0.0,0.0,0.0,0.0,0.0,0.0,0.0,0.0,0.0,13999.591488,54956.261480968926,555455042.5763919,0.0,0.0,0.0,194409264.9017372,0.0,194409264.9017372,0.0,0.0,0.0,111091.0085152784,0.0,111091.0085152784,0.0,0.0,16663.65127729176,0.0,16663.65127729176,0.0,0.0,61100054.68340312,0.0,0.0,0.0,0.0,0.0,0.0,3686700.014948752,194409264.9017372,111091.0085152784,16663.65127729176,555455042.5763919,61100054.68340312,58388121.90003379,0.0,0.0,0.0,9111.475467966464,9111.475467966464,8127.266024689901,0.0,984.2094432765628,4.440892098500626e-14,8127.266024689901,8127.266024689901,0.6796335417792438,1.0,100.0,62165.27214989541,1000000.0
co/tech_evaporative,2030-08-01,83420.73276627253,79962.74821452265,9249.86424915074,1.1368683772161605e-13,2274.689761333185,1269.8269492202817,0.0,17273.40456715295,0.0,0.0,0.0,0.0,0.0,0.0,0.0,0.0,0.0,9348.518448,55806.26327969853,553504095.168133,0.0,0.0,0.0,193726433.30884656,0.0,193726433.30884656,0.0,0.0,0.0,110700.8190336266,0.0,110700.8190336266,0.0,0.0,16605.122855043992,0.0,16605.122855043992,0.0,0.0,60885450.46849464,0.0,0.0,0.0,0.0,0.0,0.0,3686638.918737073,193726433.30884656,110700.8190336266,16605.122855043992,553504095.168133,60885450.46849464,58037531.08133407,0.0,0.0,0.0,9249.86424915074,9249.86424915074,8252.969457812489,0.0,996.8947913382494,9.237055564881302e-14,8252.96945781249,8252.96945781249,0.6979032677814233,1.0,100.0,63348.56694031208,1000000.0
co/tech_evaporative,2030-09-01,77929.94510998702,73618.63769591153,8626.691588686817,1.7053025658242404e-13,2112.532564330612,1182.649560533595,0.0,16162.509907819824,0.0,0.0,0.0,0.0,0.0,0.0,0.0,0.0,0.0,6282.659232,51974.997682387686,511448750.2017525,0.0,0.0,0.0,179007062.57061335,0.0,179007062.57061335,0.0,0.0,0.0,102289.7500403505,0.0,102289.7500403505,0.0,0.0,15343.462506052574,0.0,15343.462506052574,0.0,0.0,56259362.52219277,0.0,0.0,0.0,0.0,0.0,0.0,3567002.862302596,179007062.57061335,102289.7500403505,15343.462506052574,511448750.2017525,56259362.52219277,53496209.568047166,0.0,0.0,0.0,8626.691588686817,8626.691588686817,7686.378611174013,0.0,940.3129775128052,2.220446049250313e-13,7686.378611174013,7686.378611174013,0.7060032528321855,1.0,100.0,65547.34179005695,1000000.0
co/tech_evaporative,2030-10-01,73928.50620314135,68900.52168704396,8248.349061679537,1.9895196601282805e-13,2025.523191111944,1124.4868371780078,0.0,15731.887787423137,0.0,0.0,0.0,0.0,0.0,0.0,0.0,0.0,0.0,1207.10712,49418.86650668754,497890987.6389286,0.0,0.0,0.0,174261845.673625,0.0,174261845.673625,0.0,0.0,0.0,99578.19752778571,0.0,99578.19752778571,0.0,0.0,14936.729629167858,0.0,14936.729629167858,0.0,0.0,54768008.64028215,0.0,0.0,0.0,0.0,0.0,0.0,3685006.515472041,174261845.673625,99578.19752778571,14936.729629167858,497890987.6389286,54768008.64028215,51949498.39515058,0.0,0.0,0.0,8248.349061679537,8248.349061679537,7308.362394293748,0.0,939.9866673857882,2.895461648222409e-13,7308.362394293748,7308.362394293748,0.7172495257895886,1.0,100.0,68549.80311504239,1000000.0
co/tech_evaporative,2030-11-01,69950.0329992868,65696.4959642849,7822.009973466028,2.842170943040401e-13,1893.4800501761663,1065.527033643723,0.0,14942.931547432148,0.0,0.0,0.0,0.0,0.0,0.0,0.0,0.0,0.0,1894.223184,46827.7053087196,454214809.4257096,0.0,0.0,0.0,158975183.29899836,0.0,158975183.29899836,0.0,0.0,0.0,90842.96188514192,0.0,90842.96188514192,0.0,0.0,13626.444282771288,0.0,13626.444282771288,0.0,0.0,49963629.036828056,0.0,0.0,0.0,0.0,0.0,0.0,3565318.0588162686,158975183.29899836,90842.96188514192,13626.444282771288,454214809.4257096,49963629.036828056,47275649.3921283,0.0,0.0,0.0,7822.009973466028,7822.009973466027,6925.165724774438,0.0,896.8442486915897,4.085620730620576e-13,6925.165724774438,6925.165724774438,0.7127884770928561,1.0,100.0,70909.86009986809,1000000.0
co/tech_evaporative,2030-12-01,68639.10192829304,65501.97642146567,7814.514503755054,1.9895196601282805e-13,1878.1720186169105,1064.442579110563,0.0,14947.889689102663,0.0,0.0,0.0,0.0,0.0,0.0,0.0,0.0,0.0,1471.756656,46780.04577902577,444654371.72155774,0.0,0.0,0.0,155629030.1025452,0.0,155629030.1025452,0.0,0.0,0.0,88930.87434431155,0.0,88930.87434431155,0.0,0.0,13339.631151646732,0.0,13339.631151646732,0.0,0.0,48911980.88937135,0.0,0.0,0.0,0.0,0.0,0.0,3683433.8792394553,155629030.1025452,88930.87434431155,13339.631151646732,444654371.72155774,48911980.88937135,46166168.17081753,0.0,0.0,0.0,7814.514503755054,7814.514503755054,6918.117543802968,0.0,896.3969599520864,2.859934511434403e-13,6918.117543802968,6918.117543802968,0.7141776223365296,1.0,100.0,72168.81358807853,1000000.0
co/tech_hybrid,2029-01-01,61063.64641226237,58897.29902026238,7007.854,1.4210854715202006e-13,1082.9797949068366,934.3865697758116,0.0,13841.884814493767,0.0,0.0,0.0,0.0,0.0,0.0,0.0,0.0,0.0,704.138832,41064.35365066238,447650482.6567584,0.0,0.0,0.0,156677668.92986545,0.0,156677668.92986545,0.0,0.0,0.0,89530.0965313517,0.0,89530.0965313517,0.0,0.0,13429.514479702751,0.0,13429.514479702751,0.0,0.0,49241553.09224343,0.0,0.0,0.0,0.0,0.0,0.0,3670400.0,156677668.92986545,89530.0965313517,13429.514479702751,447650482.6567584,49241553.09224343,49181895.70192473,0.0,0.0,0.0,7007.854,7007.854,6072.8462464,0.0,935.0077536,1.7763568394002505e-13,6072.8462464,6072.8462464,0.6972196405226503,1.0,100.0,66985.36759709317,1000000.0
co/tech_hybrid,2029-02-01,53944.09694711684,52706.29122391684,6263.6434,8.526512829121202e-14,977.6994148123676,843.551474159252,0.0,12383.668479528244,0.0,0.0,0.0,0.0,0.0,0.0,0.0,0.0,0.0,30.272016,37072.33941271684,404207176.6123436,0.0,0.0,0.0,141472511.81432027,0.0,141472511.81432027,0.0,0.0,0.0,80841.43532246872,0.0,80841.43532246872,0.0,0.0,12126.215298370307,0.0,12126.215298370307,0.0,0.0,44462789.4273578,0.0,0.0,0.0,0.0,0.0,0.0,3315200.0,141472511.81432027,80841.43532246872,12126.215298370307,404207176.6123436,44462789.4273578,44302758.69814231,0.0,0.0,0.0,6263.6434,6263.6434,5482.4829136,0.0,781.1604864,1.0480505352461479e-13,5482.4829136,5482.4829136,0.7033759832430462,1.0,100.0,67245.4739054808,1000000.0
co/tech_hybrid,2029-03-01,61487.6273362218,61133.5206786218,7165.3862,1.1368683772161605e-13,1118.7709174500396,965.2668727868628,0.0,14157.38633037154,0.0,0.0,0.0,0.0,0.0,0.0,0.0,0.0,0.0,2020.342608,42421.4789826218,476548125.7452296,0.0,0.0,0.0,166791844.01083034,0.0,166791844.01083034,0.0,0.0,0.0,95309.62514904593,0.0,95309.62514904593,0.0,0.0,14296.44377235689,0.0,14296.44377235689,0.0,0.0,52420293.83197526,0.0,0.0,0.0,0.0,0.0,0.0,3670400.0,166791844.01083034,95309.62514904593,14296.44377235689,476548125.7452296,52420293.83197526,52106379.86982181,0.0,0.0,0.0,7165.3862,7165.3862,6273.5461904,0.0,891.8400096,1.4210854715202006e-13,6273.5461904,6273.5461904,0.6939151959794859,1.0,100.0,66480.80964563077,1000000.0
co/tech_hybrid,2029-04-01,60210.92702398591,59864.39914478591,7072.0279,1.1368683772161605e-13,1104.5729012368,953.0169344874585,0.0,13967.854296936432,0.0,0.0,0.0,0.0,0.0,0.0,0.0,0.0,0.0,905.057808,41883.11957678591,491843067.18695766,0.0,0.0,0.0,172145073.5154352,0.0,172145073.5154352,0.0,0.0,0.0,98368.61343739154,0.0,98368.61343739154,0.0,0.0,14755.292015608731,0.0,14755.292015608731,0.0,0.0,54102737.39056534,0.0,0.0,0.0,0.0,0.0,0.0,3552000.0,172145073.5154352,98368.61343739154,14755.292015608731,491843067.18695766,54102737.39056534,53646403.47166661,0.0,0.0,0.0,7072.0279,7072.0279,6193.9303288,0.0,878.0975712,1.4210854715202006e-13,6193.9303288,6193.9303288,0.6996331738916962,1.0,100.0,65722.76462359398,1000000.0
co/tech_hybrid,2029-05-01,65678.32679491196,65216.52283091196,7805.7225,1.4210854715202006e-13,1226.389152350912,1058.1190514029963,0.0,15139.987329587402,0.0,0.0,0.0,0.0,0.0,0.0,0.0,0.0,0.0,341.71320000000003,46502.13983891196,545060575.6354561,0.0,0.0,0.0,190771201.4724096,0.0,190771201.4724096,0.0,0.0,0.0,109012.11512709122,0.0,109012.11512709122,0.0,0.0,16351.817269063682,0.0,16351.817269063682,0.0,0.0,59956663.31990017,0.0,0.0,0.0,0.0,0.0,0.0,3670400.0,190771201.4724096,109012.11512709122,16351.817269063682,545060575.6354561,59956663.31990017,59304521.699178696,0.0,0.0,0.0,7805.7225,7805.7225,6877.019124,0.0,928.703376,1.865174681370263e-13,6877.019124,6877.019124,0.7130423061572737,1.0,100.0,64958.17943524307,1000000.0
co/tech_hybrid,2029-06-01,74732.14917571367,73626.41726745677,8085.754733495171,1.9895196601282805e-13,1408.999056069324,1100.4397819384365,0.0,15512.437185196162,0.0,0.0,0.0,0.0,0.0,0.0,0.0,0.0,0.0,15148.670256,48362.04825548805,563483756.2702887,0.0,0.0,0.0,197219314.69460103,0.0,197219314.69460103,0.0,0.0,0.0,112696.75125405772,0.0,112696.75125405772,0.0,0.0,16904.51268810866,0.0,16904.51268810866,0.0,0.0,61983213.18973176,0.0,0.0,0.0,0.0,0.0,0.0,3554701.1900904463,197219314.69460103,112696.75125405772,16904.51268810866,563483756.2702887,61983213.18973176,61158164.78061773,0.0,0.0,0.0,8085.754733495171,8085.754733495171,7152.073686951088,0.0,933.6810465440832,2.707278845548444e-13,7152.073686951088,7152.073686951088,0.6568572809920536,1.0,100.0,64654.91228743068,1000000.0
co/tech_hybrid,2029-07-01,78272.35483105252,75842.31492983381,8714.201743543705,3.1263880373444413e-13,1712.7555198195246,1189.2645574151516,0.0,16568.424764306976,0.0,0.0,0.0,0.0,0.0,0.0,0.0,0.0,0.0,8818.380815999999,52265.713088761135,598181996.9311064,0.0,0.0,0.0,209363698.9258873,0.0,209363698.9258873,0.0,0.0,0.0,119636.3993862213,0.0,119636.3993862213,0.0,0.0,17945.459907933197,0.0,17945.459907933197,0.0,0.0,65800019.66242171,0.0,0.0,0.0,0.0,0.0,0.0,3677162.4319839007,209363698.9258873,119636.3993862213,17945.459907933197,598181996.9311064,65800019.66242171,64764159.82031559,0.0,0.0,0.0,8714.201743543705,8714.201743543705,7729.37137271568,0.0,984.8303708280248,3.737010700888277e-13,7729.37137271568,7729.37137271568,0.6891365741817773,1.0,100.0,65372.19666882984,1000000.0
co/tech_hybrid,2029-08-01,77023.33151510725,73084.89327362072,8268.78755172268,3.410605131648481e-13,1422.0224608475246,1124.221464156843,0.0,15893.941499578465,0.0,0.0,0.0,0.0,0.0,0.0,0.0,0.0,0.0,10266.90936,49407.20391227218,584273277.472051,0.0,0.0,0.0,204495647.11521783,0.0,204495647.11521783,0.0,0.0,0.0,116854.6554944102,0.0,116854.6554944102,0.0,0.0,17528.19832416153,0.0,17528.19832416153,0.0,0.0,64270060.52192561,0.0,0.0,0.0,0.0,0.0,0.0,3672807.1185814254,204495647.11521783,116854.6554944102,17528.19832416153,584273277.472051,64270060.52192561,63100275.05622702,0.0,0.0,0.0,8268.78755172268,8268.78755172268,7306.637658935167,0.0,962.1498927875144,3.907985046680551e-13,7306.637658935167,7306.637658935167,0.6760248486277154,1.0,100.0,67888.61244946886,1000000.0
co/tech_hybrid,2029-09-01,73840.2563934724,69641.84858295819,7867.969447038329,1.9895196601282805e-13,1296.3476109387243,1068.570388342304,0.0,15174.518752144337,0.0,0.0,0.0,0.0,0.0,0.0,0.0,0.0,0.0,9784.150368,46961.45444175447,542685820.5194751,0.0,0.0,0.0,189940037.18181628,0.0,189940037.18181628,0.0,0.0,0.0,108537.16410389503,0.0,108537.16410389503,0.0,0.0,16280.574615584255,0.0,16280.574615584255,0.0,0.0,59695440.25714227,0.0,0.0,0.0,0.0,0.0,0.0,3553169.898849084,189940037.18181628,108537.16410389503,16280.574615584255,542685820.5194751,59695440.25714227,58464965.61124278,0.0,0.0,0.0,7867.969447038329,7867.969447038329,6944.94535962319,0.0,923.0240874151392,2.34035013590983e-13,6944.94535962319,6944.94535962319,0.674328085731576,1.0,100.0,70790.67264904437,1000000.0
co/tech_hybrid,2029-10-01,69877.07198144105,65168.55571104106,7464.5998,5.684341886080803e-14,1165.5693151540595,1005.6441674578358,0.0,14736.86085993852,0.0,0.0,0.0,0.0,0.0,0.0,0.0,0.0,0.0,5615.41704,44195.97741984105,525730176.37146056,0.0,0.0,0.0,184005561.7300112,0.0,184005561.7300112,0.0,0.0,0.0,105146.03527429212,0.0,105146.03527429212,0.0,0.0,15771.905291143818,0.0,15771.905291143818,0.0,0.0,57830319.40086066,0.0,0.0,0.0,0.0,0.0,0.0,3670400.0,184005561.7300112,105146.03527429212,15771.905291143818,525730176.37146056,57830319.40086066,56499200.65217182,0.0,0.0,0.0,7464.5998,7464.5998,6535.9698064,0.0,928.6299936,7.105427357601003e-14,6535.9698064,6535.9698064,0.6781794829980133,1.0,100.0,74333.61960429026,1000000.0
co/tech_hybrid,2029-11-01,64109.39695282189,59829.55849522189,7012.6112,5.684341886080803e-14,1094.8674099491377,944.643111859449,0.0,13852.399255305649,0.0,0.0,0.0,0.0,0.0,0.0,0.0,0.0,0.0,2000.217168,41515.107423221896,471402985.16273993,0.0,0.0,0.0,164991044.80695897,0.0,164991044.80695897,0.0,0.0,0.0,94280.597032548,0.0,94280.597032548,0.0,0.0,14142.0895548822,0.0,14142.0895548822,0.0,0.0,51854328.36790139,0.0,0.0,0.0,0.0,0.0,0.0,3552000.0,164991044.80695897,94280.597032548,14142.0895548822,471402985.16273993,51854328.36790139,50535311.39008071,0.0,0.0,0.0,7012.6112,7012.6112,6139.5064544,0.0,873.1047456,7.105427357601003e-14,6139.5064544,6139.5064544,0.6938895834662958,1.0,100.0,77518.59065194112,1000000.0
co/tech_hybrid,2029-12-01,65301.730560584656,61815.82837658466,7113.883,8.526512829121202e-14,1110.5634756951242,958.1855556800464,0.0,14057.500174138171,0.0,0.0,0.0,0.0,0.0,0.0,0.0,0.0,0.0,4607.300208000001,42110.26976858466,459599538.5062797,0.0,0.0,0.0,160859838.4771979,0.0,160859838.4771979,0.0,0.0,0.0,91919.90770125596,0.0,91919.90770125596,0.0,0.0,13787.986155188391,0.0,13787.986155188391,0.0,0.0,50555949.23569077,0.0,0.0,0.0,0.0,0.0,0.0,3670400.0,160859838.4771979,91919.90770125596,13787.986155188391,459599538.5062797,50555949.23569077,49148667.50246493,0.0,0.0,0.0,7113.883,7113.883,6227.52268,0.0,886.36032,1.1013412404281553e-13,6227.52268,6227.52268,0.6812214747337382,1.0,100.0,79893.929360246,1000000.0
co/tech_hybrid,2030-01-01,61539.20123977369,59238.82663417369,6979.9247,8.526512829121202e-14,1089.785529225187,940.2585045749976,0.0,13798.230981588937,0.0,0.0,0.0,0.0,0.0,0.0,0.0,0.0,0.0,1197.1282560000004,41322.41301817369,446069648.19707626,0.0,0.0,0.0,156124376.86897668,0.0,156124376.86897668,0.0,0.0,0.0,89213.92963941525,0.0,89213.92963941525,0.0,0.0,13382.089445912288,0.0,13382.089445912288,0.0,0.0,49067661.30167839,0.0,0.0,0.0,0.0,0.0,0.0,3670400.0,156124376.86897668,89213.92963941525,13382.089445912288,446069648.19707626,49067661.30167839,47581581.29877706,0.0,0.0,0.0,6979.9247000000005,6979.9247,6111.0096344,0.0,868.9150655999999,1.1013412404281553e-13,6111.0096344,6111.0096344,0.6975562374548387,1.0,100.0,81104.51843662084,1000000.0
co/tech_hybrid,2030-02-01,54758.892031528965,54044.861393128966,6362.3658,5.684341886080803e-14,993.0828100805652,856.8241483160153,0.0,12574.80657969176,0.0,0.0,0.0,0.0,0.0,0.0,0.0,0.0,0.0,1237.546848,37655.64594032896,409943226.7142472,0.0,0.0,0.0,143480129.34998652,0.0,143480129.34998652,0.0,0.0,0.0,81988.64534284944,0.0,81988.64534284944,0.0,0.0,12298.296801427416,0.0,12298.296801427416,0.0,0.0,45093754.93856719,0.0,0.0,0.0,0.0,0.0,0.0,3315200.0,143480129.34998652,81988.64534284944,12298.296801427416,409943226.7142472,45093754.93856719,43623463.32294433,0.0,0.0,0.0,6362.3658,6362.3658,5568.7458288,0.0,793.6199712,7.105427357601003e-14,5568.7458288,5568.7458288,0.6967479417963007,1.0,100.0,80825.4662649402,1000000.0
co/tech_hybrid,2030-03-01,59836.45550817508,59540.33909457508,7013.7207,1.9895196601282805e-13,1094.9202809596404,944.6887285573566,0.0,13863.541172846044,0.0,0.0,0.0,0.0,0.0,0.0,0.0,0.0,0.0,1256.666016,41517.11218257508,466502138.2817619,0.0,0.0,0.0,163275748.39861664,0.0,163275748.39861664,0.0,0.0,0.0,93300.42765635236,0.0,93300.42765635236,0.0,0.0,13995.064148452857,0.0,13995.064148452857,0.0,0.0,51315235.21099381,0.0,0.0,0.0,0.0,0.0,0.0,3670400.0,163275748.39861664,93300.42765635236,13995.064148452857,466502138.2817619,51315235.21099381,49523524.46324257,0.0,0.0,0.0,7013.7207,7013.7207,6139.8029304,0.0,873.9177695999999,2.557953848736361e-13,6139.8029304,6139.8029304,0.6972938484046666,1.0,100.0,80026.6623975805,1000000.0
co/tech_hybrid,2030-04-01,61023.61752743548,60662.52612583548,7079.4892,1.9895196601282805e-13,1105.7165016433692,954.0036240509328,0.0,13982.282449554936,0.0,0.0,0.0,0.0,0.0,0.0,0.0,0.0,0.0,2614.713935999999,41926.48253863548,493314166.5189367,0.0,0.0,0.0,172659958.28162783,0.0,172659958.28162783,0.0,0.0,0.0,98662.83330378734,0.0,98662.83330378734,0.0,0.0,14799.4249955681,0.0,14799.4249955681,0.0,0.0,54264558.31708304,0.0,0.0,0.0,0.0,0.0,0.0,3552000.0,172659958.28162783,98662.83330378734,14799.4249955681,493314166.5189367,54264558.31708304,52240654.47378489,0.0,0.0,0.0,7079.4892,7079.4892,6200.343107199999,0.0,879.1460928,2.486899575160351e-13,6200.343107199999,6200.343107199999,0.6911430369989071,1.0,100.0,79282.03729753711,1000000.0
co/tech_hybrid,2030-05-01,66058.80186476416,65548.38608645018,7865.77032156424,2.273736754432321e-13,1236.9480530826197,1066.56252266493,0.0,15245.221080365109,0.0,0.0,0.0,0.0,0.0,0.0,0.0,0.0,0.0,0.0,46873.21290562183,548087494.034814,0.0,0.0,0.0,191830622.9121849,0.0,191830622.9121849,0.0,0.0,0.0,109617.4988069628,0.0,109617.4988069628,0.0,0.0,16442.624821044417,0.0,16442.624821044417,0.0,0.0,60289624.343829535,0.0,0.0,0.0,0.0,0.0,0.0,3670415.627312638,191830622.9121849,109617.4988069628,16442.624821044417,548087494.034814,60289624.343829535,57898204.99267346,0.0,0.0,0.0,7865.77032156424,7865.77032156424,6931.895664843176,0.0,933.874656721063,2.985389713217046e-13,6931.895664843176,6931.895664843176,0.7150933181451926,1.0,100.0,78555.50502276848,1000000.0
co/tech_hybrid,2030-06-01,71271.70024188506,69690.06124820525,7798.579990074117,2.557953848736361e-13,1288.817632700022,1059.155234899887,0.0,15051.066461677314,0.0,0.0,0.0,0.0,0.0,0.0,0.0,0.0,0.0,11163.33,46547.67795658151,552574000.4547374,0.0,0.0,0.0,193400900.15915808,0.0,193400900.15915808,0.0,0.0,0.0,110514.80009094748,0.0,110514.80009094748,0.0,0.0,16577.220013642123,0.0,16577.220013642123,0.0,0.0,60783140.05002111,0.0,0.0,0.0,0.0,0.0,0.0,3553238.3077468434,193400900.15915808,110514.80009094748,16577.220013642123,552574000.4547374,60783140.05002111,58228030.506382525,0.0,0.0,0.0,7798.579990074118,7798.579990074117,6883.753577665343,0.0,914.826412408774,3.456124275658113e-13,6883.753577665343,6883.753577665343,0.6679241935345589,1.0,100.0,78848.32638374832,1000000.0
co/tech_hybrid,2030-07-01,77054.80509091377,74727.06507546369,8272.107583685342,3.694822225952521e-13,1424.405187474567,1124.9211120333998,0.0,15899.218797998965,0.0,0.0,0.0,0.0,0.0,0.0,0.0,0.0,0.0,13999.591488,49437.951986745,589657064.4318521,0.0,0.0,0.0,206379972.55114824,0.0,206379972.55114824,0.0,0.0,0.0,117931.41288637044,0.0,117931.41288637044,0.0,0.0,17689.711932955564,0.0,17689.711932955564,0.0,0.0,64862277.08750374,0.0,0.0,0.0,0.0,0.0,0.0,3672838.908067638,206379972.55114824,117931.41288637044,17689.711932955564,589657064.4318521,64862277.08750374,61983317.990100965,0.0,0.0,0.0,8272.107583685342,8272.107583685342,7311.184871104504,0.0,960.9227125808372,4.63518112781003e-13,7311.184871104504,7311.184871104504,0.6615802713089255,1.0,100.0,79751.66121172387,1000000.0
co/tech_hybrid,2030-08-01,78788.33206166975,75229.32856480338,8602.153881311928,3.410605131648481e-13,1633.534642593538,1172.9435172438616,0.0,16401.977450583196,0.0,0.0,0.0,0.0,0.0,0.0,0.0,0.0,0.0,9348.518448,51548.437191162,590805380.7388977,0.0,0.0,0.0,206781883.25861412,0.0,206781883.25861412,0.0,0.0,0.0,118161.07614777952,0.0,118161.07614777952,0.0,0.0,17724.16142216693,0.0,17724.16142216693,0.0,0.0,64988591.88127874,0.0,0.0,0.0,0.0,0.0,0.0,3675942.795136503,206781883.25861412,118161.07614777952,17724.16142216693,590805380.7388977,64988591.88127874,61948765.36935971,0.0,0.0,0.0,8602.153881311928,8602.153881311928,7623.296252687636,0.0,978.8576286242918,4.518607710224387e-13,7623.296252687636,7623.296252687636,0.6852172972241485,1.0,100.0,81677.13006599665,1000000.0
co/tech_hybrid,2030-09-01,71897.59568143165,67454.8242716589,7783.774520879001,1.4210854715202006e-13,1278.0275913767157,1056.4649611772104,0.0,15028.34149939998,0.0,0.0,0.0,0.0,0.0,0.0,0.0,0.0,0.0,6282.659232,46429.44600083797,539874619.9035048,0.0,0.0,0.0,188956116.96622667,0.0,188956116.96622667,0.0,0.0,0.0,107974.92398070096,0.0,107974.92398070096,0.0,0.0,16196.238597105144,0.0,16196.238597105144,0.0,0.0,59386208.189385526,0.0,0.0,0.0,0.0,0.0,0.0,3553083.1451111217,188956116.96622667,107974.92398070096,16196.238597105144,539874619.9035048,59386208.189385526,56469758.01902558,0.0,0.0,0.0,7783.774520879001,7783.774520879001,6866.268717322726,0.0,917.5058035562748,1.865174681370263e-13,6866.268717322727,6866.268717322727,0.6883043059137472,1.0,100.0,84841.87388439271,1000000.0
co/tech_hybrid,2030-10-01,67601.12757116578,62435.19263116577,7363.8425,1.4210854715202006e-13,1149.9244526623652,992.1459014080192,0.0,14541.83490108774,0.0,0.0,0.0,0.0,0.0,0.0,0.0,0.0,0.0,1207.10712,43602.75659596577,519138255.80878365,0.0,0.0,0.0,181698389.53307423,0.0,181698389.53307423,0.0,0.0,0.0,103827.65116175674,0.0,103827.65116175674,0.0,0.0,15574.14767426351,0.0,15574.14767426351,0.0,0.0,57105208.1389662,0.0,0.0,0.0,0.0,0.0,0.0,3670400.0,181698389.53307423,103827.65116175674,15574.14767426351,519138255.80878365,57105208.1389662,54166450.38943224,0.0,0.0,0.0,7363.8425,7363.8425,6448.2407048,0.0,915.6017952,1.7763568394002505e-13,6448.2407048,6448.2407048,0.6983682560819167,1.0,100.0,88857.88437173031,1000000.0
co/tech_hybrid,2030-11-01,64181.15651634035,59801.83781474035,7015.5267,5.684341886080803e-14,1095.1298858156115,944.8695740018428,0.0,13857.864847989456,0.0,0.0,0.0,0.0,0.0,0.0,0.0,0.0,0.0,1894.223184,41525.059965140346,470820612.7223412,0.0,0.0,0.0,164787214.4528194,0.0,164787214.4528194,0.0,0.0,0.0,94164.12254446823,0.0,94164.12254446823,0.0,0.0,14124.618381670236,0.0,14124.618381670236,0.0,0.0,51790267.39945753,0.0,0.0,0.0,0.0,0.0,0.0,3552000.0,164787214.4528194,94164.12254446823,14124.618381670236,470820612.7223412,51790267.39945753,49004220.24523252,0.0,0.0,0.0,7015.5267,7015.5267,6140.9782968,0.0,874.5484031999999,7.105427357601003e-14,6140.9782968,6140.9782968,0.6943776559807494,1.0,100.0,92142.07318751467,1000000.0
co/tech_hybrid,2030-12-01,62992.58976609725,59732.36651089725,7025.2399,1.4210854715202006e-13,1096.834341793168,946.3401654031716,0.0,13885.954905455235,0.0,0.0,0.0,0.0,0.0,0.0,0.0,0.0,0.0,1471.756656,41589.68941009724,455285017.8720511,0.0,0.0,0.0,159349756.2552179,0.0,159349756.2552179,0.0,0.0,0.0,91057.00357441024,0.0,91057.00357441024,0.0,0.0,13658.550536161534,0.0,13658.550536161534,0.0,0.0,50081351.96592563,0.0,0.0,0.0,0.0,0.0,0.0,3670400.0,159349756.2552179,91057.00357441024,13658.550536161534,455285017.8720511,50081351.96592563,47269913.92330816,0.0,0.0,0.0,7025.2399000000005,7025.2399,6150.536092,0.0,874.703808,1.8118839761882557e-13,6150.536092,6150.536092,0.6962672306396875,1.0,100.0,94305.46210092148,1000000.0
co/tech_liquid_to_air,2029-01-01,61063.64641226237,58897.29902026238,7007.854,1.4210854715202006e-13,1082.9797949068366,934.3865697758116,0.0,13841.884814493767,0.0,0.0,0.0,0.0,0.0,0.0,0.0,0.0,0.0,704.138832,41064.35365066238,443342153.1457585,0.0,0.0,0.0,155169753.60101545,0.0,155169753.60101545,0.0,0.0,0.0,88668.4306291517,0.0,88668.4306291517,0.0,0.0,13300.264594372751,0.0,13300.264594372751,0.0,0.0,48767636.84603343,0.0,0.0,0.0,0.0,0.0,0.0,3670400.0,155169753.60101545,88668.4306291517,13300.264594372751,443342153.1457585,48767636.84603343,48708550.42293356,0.0,0.0,0.0,7007.854,7007.854,6072.8462464,0.0,935.0077536,1.7763568394002505e-13,6072.8462464,6072.8462464,0.6972196405226503,1.0,100.0,66985.36759709317,1000000.0
co/tech_liquid_to_air,2029-02-01,53944.09694711684,52706.29122391684,6263.6434,8.526512829121202e-14,977.6994148123676,843.551474159252,0.0,12383.668479528244,0.0,0.0,0.0,0.0,0.0,0.0,0.0,0.0,0.0,30.272016,37072.33941271684,399246433.8613436,0.0,0.0,0.0,139736251.85147026,0.0,139736251.85147026,0.0,0.0,0.0,79849.28677226872,0.0,79849.28677226872,0.0,0.0,11977.393015840307,0.0,11977.393015840307,0.0,0.0,43917107.7247478,0.0,0.0,0.0,0.0,0.0,0.0,3315200.0,139736251.85147026,79849.28677226872,11977.393015840307,399246433.8613436,43917107.7247478,43759044.047782585,0.0,0.0,0.0,6263.6434,6263.6434,5482.4829136,0.0,781.1604864,1.0480505352461479e-13,5482.4829136,5482.4829136,0.7033759832430462,1.0,100.0,67245.4739054808,1000000.0
co/tech_liquid_to_air,2029-03-01,61487.6273362218,61133.5206786218,7165.3862,1.1368683772161605e-13,1118.7709174500396,965.2668727868628,0.0,14157.38633037154,0.0,0.0,0.0,0.0,0.0,0.0,0.0,0.0,0.0,2020.342608,42421.4789826218,474605009.5812296,0.0,0.0,0.0,166111753.35343036,0.0,166111753.35343036,0.0,0.0,0.0,94921.00191624594,0.0,94921.00191624594,0.0,0.0,14238.150287436889,0.0,14238.150287436889,0.0,0.0,52206551.05393526,0.0,0.0,0.0,0.0,0.0,0.0,3670400.0,166111753.35343036,94921.00191624594,14238.150287436889,474605009.5812296,52206551.05393526,51893793.05723834,0.0,0.0,0.0,7165.3862,7165.3862,6273.5461904,0.0,891.8400096,1.4210854715202006e-13,6273.5461904,6273.5461904,0.6939151959794859,1.0,100.0,66480.80964563077,1000000.0
co/tech_liquid_to_air,2029-04-01,60210.92702398591,59864.39914478591,7072.0279,1.1368683772161605e-13,1104.5729012368,953.0169344874585,0.0,13967.854296936432,0.0,0.0,0.0,0.0,0.0,0.0,0.0,0.0,0.0,905.057808,41883.11957678591,492182885.02895766,0.0,0.0,0.0,172264009.76013517,0.0,172264009.76013517,0.0,0.0,0.0,98436.57700579154,0.0,98436.57700579154,0.0,0.0,14765.48655086873,0.0,14765.48655086873,0.0,0.0,54140117.35318535,0.0,0.0,0.0,0.0,0.0,0.0,3552000.0,172264009.76013517,98436.57700579154,14765.48655086873,492182885.02895766,54140117.35318535,53683400.00249085,0.0,0.0,0.0,7072.0279,7072.0279,6193.9303288,0.0,878.0975712,1.4210854715202006e-13,6193.9303288,6193.9303288,0.6996331738916962,1.0,100.0,65722.76462359398,1000000.0
co/tech_liquid_to_air,2029-05-01,65678.32679491196,65216.52283091196,7805.7225,1.4210854715202006e-13,1226.389152350912,1058.1190514029963,0.0,15139.987329587402,0.0,0.0,0.0,0.0,0.0,0.0,0.0,0.0,0.0,341.71320000000003,46502.13983891196,548326005.9904561,0.0,0.0,0.0,191914102.09665963,0.0,191914102.09665963,0.0,0.0,0.0,109665.20119809122,0.0,109665.20119809122,0.0,0.0,16449.78017971368,0.0,16449.78017971368,0.0,0.0,60315860.65895017,0.0,0.0,0.0,0.0,0.0,0.0,3670400.0,191914102.09665963,109665.20119809122,16449.78017971368,548326005.9904561,60315860.65895017,59659774.99690652,0.0,0.0,0.0,7805.7225,7805.7225,6877.019124,0.0,928.703376,1.865174681370263e-13,6877.019124,6877.019124,0.7130423061572737,1.0,100.0,64958.17943524307,1000000.0
co/tech_liquid_to_air,2029-06-01,73479.50516098128,72348.26201298129,7910.1825,2.557953848736361e-13,1244.891609536801,1074.0828279975858,0.0,15278.321790585433,0.0,0.0,0.0,0.0,0.0,0.0,0.0,0.0,0.0,15148.670256,47203.71474258128,571656999.5969394,0.0,0.0,0.0,200079949.8589288,0.0,200079949.8589288,0.0,0.0,0.0,114331.39991938788,0.0,114331.39991938788,0.0,0.0,17149.709987908183,0.0,17149.709987908183,0.0,0.0,62882269.95566334,0.0,0.0,0.0,0.0,0.0,0.0,3552000.0,200079949.8589288,114331.39991938788,17149.709987908183,571656999.5969394,62882269.95566334,62045239.45928109,0.0,0.0,0.0,7910.1825,7910.1825,6980.7722856,0.0,929.4102144,3.3573144264664734e-13,6980.7722856,6980.7722856,0.6524512604616767,1.0,100.0,64844.530973706285,1000000.0
co/tech_liquid_to_air,2029-07-01,75342.74646101524,72848.83914661524,8304.6985,1.7053025658242404e-13,1307.3702140376322,1127.988883510776,0.0,16017.455875921256,0.0,0.0,0.0,0.0,0.0,0.0,0.0,0.0,0.0,8818.380815999999,49572.77418661524,608471566.4655391,0.0,0.0,0.0,212965048.26293868,0.0,212965048.26293868,0.0,0.0,0.0,121694.31329310784,0.0,121694.31329310784,0.0,0.0,18254.146993966173,0.0,18254.146993966173,0.0,0.0,66931872.3112093,0.0,0.0,0.0,0.0,0.0,0.0,3670400.0,212965048.26293868,121694.31329310784,18254.146993966173,608471566.4655391,66931872.3112093,65878110.16700987,0.0,0.0,0.0,8304.6985,8304.6985,7331.1231976,0.0,973.5753024,1.5987211554602254e-13,7331.1231976,7331.1231976,0.6804881830284942,1.0,100.0,66031.06807406865,1000000.0
co/tech_liquid_to_air,2029-08-01,75981.97819212622,72020.80605292623,8123.023,2.842170943040401e-13,1277.768714154444,1102.4489389373402,0.0,15697.8636372689,0.0,0.0,0.0,0.0,0.0,0.0,0.0,0.0,0.0,10266.90936,48450.34654252623,592075456.0509201,0.0,0.0,0.0,207226409.61782205,0.0,207226409.61782205,0.0,0.0,0.0,118415.09121018404,0.0,118415.09121018404,0.0,0.0,17762.263681527606,0.0,17762.263681527606,0.0,0.0,65128300.165601216,0.0,0.0,0.0,0.0,0.0,0.0,3670400.0,207226409.61782205,118415.09121018404,17762.263681527606,592075456.0509201,65128300.165601216,63942869.37313615,0.0,0.0,0.0,8123.023,8123.022999999999,7165.1317744,0.0,957.8912256,3.730349362740526e-13,7165.1317744,7165.1317744,0.6727270798235904,1.0,100.0,68714.4714991142,1000000.0
co/tech_liquid_to_air,2029-09-01,73333.4505634341,69123.9937082341,7797.1255,1.9895196601282805e-13,1226.2165488563785,1057.9701304462556,0.0,15079.201738927815,0.0,0.0,0.0,0.0,0.0,0.0,0.0,0.0,0.0,9784.150368,46495.59507143411,549153905.9846573,0.0,0.0,0.0,192203867.09463003,0.0,192203867.09463003,0.0,0.0,0.0,109830.78119693146,0.0,109830.78119693146,0.0,0.0,16474.61717953972,0.0,16474.61717953972,0.0,0.0,60406929.6583123,0.0,0.0,0.0,0.0,0.0,0.0,3552000.0,192203867.09463003,109830.78119693146,16474.61717953972,549153905.9846573,60406929.6583123,59161832.987876646,0.0,0.0,0.0,7797.1255,7797.1255,6876.051244,0.0,921.074256,1.971756091734278e-13,6876.051244,6876.051244,0.6726404621192412,1.0,100.0,71697.71180545788,1000000.0
co/tech_liquid_to_air,2029-10-01,69877.07198144105,65168.55571104106,7464.5998,5.684341886080803e-14,1165.5693151540595,1005.6441674578358,0.0,14736.86085993852,0.0,0.0,0.0,0.0,0.0,0.0,0.0,0.0,0.0,5615.41704,44195.97741984105,528793200.8484606,0.0,0.0,0.0,185077620.2969612,0.0,185077620.2969612,0.0,0.0,0.0,105758.64016969212,0.0,105758.64016969212,0.0,0.0,15863.796025453816,0.0,15863.796025453816,0.0,0.0,58167252.09333067,0.0,0.0,0.0,0.0,0.0,0.0,3670400.0,185077620.2969612,105758.64016969212,15863.796025453816,528793200.8484606,58167252.09333067,56828502.87120863,0.0,0.0,0.0,7464.5998,7464.5998,6535.9698064,0.0,928.6299936,7.105427357601003e-14,6535.9698064,6535.9698064,0.6781794829980133,1.0,100.0,75240.65876070377,1000000.0
co/tech_liquid_to_air,2029-11-01,64109.39695282189,59829.55849522189,7012.6112,5.684341886080803e-14,1094.8674099491377,944.643111859449,0.0,13852.399255305649,0.0,0.0,0.0,0.0,0.0,0.0,0.0,0.0,0.0,2000.217168,41515.107423221896,470746688.60273993,0.0,0.0,0.0,164761341.01095897,0.0,164761341.01095897,0.0,0.0,0.0,94149.337720548,0.0,94149.337720548,0.0,0.0,14122.4006580822,0.0,14122.4006580822,0.0,0.0,51782135.74630139,0.0,0.0,0.0,0.0,0.0,0.0,3552000.0,164761341.01095897,94149.337720548,14122.4006580822,470746688.60273993,51782135.74630139,50464980.01855471,0.0,0.0,0.0,7012.6112,7012.6112,6139.5064544,0.0,873.1047456,7.105427357601003e-14,6139.5064544,6139.5064544,0.6938895834662958,1.0,100.0,78425.62980835463,1000000.0
co/tech_liquid_to_air,2029-12-01,65301.730560584656,61815.82837658466,7113.883,8.526512829121202e-14,1110.5634756951242,958.1855556800464,0.0,14057.500174138171,0.0,0.0,0.0,0.0,0.0,0.0,0.0,0.0,0.0,4607.300208000001,42110.26976858466,456901026.1792797,0.0,0.0,0.0,159915359.1627479,0.0,159915359.1627479,0.0,0.0,0.0,91380.20523585596,0.0,91380.20523585596,0.0,0.0,13707.030785378392,0.0,13707.030785378392,0.0,0.0,50259112.87972077,0.0,0.0,0.0,0.0,0.0,0.0,3670400.0,159915359.1627479,91380.20523585596,13707.030785378392,456901026.1792797,50259112.87972077,48860190.975779176,0.0,0.0,0.0,7113.883,7113.883,6227.52268,0.0,886.36032,1.1013412404281553e-13,6227.52268,6227.52268,0.6812214747337382,1.0,100.0,80800.9685166595,1000000.0
co/tech_liquid_to_air,2030-01-01,61539.20123977369,59238.82663417369,6979.9247,8.526512829121202e-14,1089.785529225187,940.2585045749976,0.0,13798.230981588937,0.0,0.0,0.0,0.0,0.0,0.0,0.0,0.0,0.0,1197.1282560000004,41322.41301817369,441329645.4490763,0.0,0.0,0.0,154465375.90717667,0.0,154465375.90717667,0.0,0.0,0.0,88265.92908981525,0.0,88265.92908981525,0.0,0.0,13239.889363472288,0.0,13239.889363472288,0.0,0.0,48546260.99939839,0.0,0.0,0.0,0.0,0.0,0.0,3670400.0,154465375.90717667,88265.92908981525,13239.889363472288,441329645.4490763,48546260.99939839,47075936.19775544,0.0,0.0,0.0,6979.9247000000005,6979.9247,6111.0096344,0.0,868.9150655999999,1.1013412404281553e-13,6111.0096344,6111.0096344,0.6975562374548387,1.0,100.0,82011.55759303435,1000000.0
co/tech_liquid_to_air,2030-02-01,54758.892031528965,54044.861393128966,6362.3658,5.684341886080803e-14,993.0828100805652,856.8241483160153,0.0,12574.80657969176,0.0,0.0,0.0,0.0,0.0,0.0,0.0,0.0,0.0,1237.546848,37655.64594032896,406522520.8082472,0.0,0.0,0.0,142282882.2828865,0.0,142282882.2828865,0.0,0.0,0.0,81304.50416164944,0.0,81304.50416164944,0.0,0.0,12195.675624247417,0.0,12195.675624247417,0.0,0.0,44717477.28890719,0.0,0.0,0.0,0.0,0.0,0.0,3315200.0,142282882.2828865,81304.50416164944,12195.675624247417,406522520.8082472,44717477.28890719,43259420.76958348,0.0,0.0,0.0,6362.3658,6362.3658,5568.7458288,0.0,793.6199712,7.105427357601003e-14,5568.7458288,5568.7458288,0.6967479417963007,1.0,100.0,81732.50542135371,1000000.0
co/tech_liquid_to_air,2030-03-01,59836.45550817508,59540.33909457508,7013.7207,1.9895196601282805e-13,1094.9202809596404,944.6887285573566,0.0,13863.541172846044,0.0,0.0,0.0,0.0,0.0,0.0,0.0,0.0,0.0,1256.666016,41517.11218257508,462106291.7357619,0.0,0.0,0.0,161737202.10751665,0.0,161737202.10751665,0.0,0.0,0.0,92421.25834715238,0.0,92421.25834715238,0.0,0.0,13863.188752072856,0.0,13863.188752072856,0.0,0.0,50831692.09093381,0.0,0.0,0.0,0.0,0.0,0.0,3670400.0,161737202.10751665,92421.25834715238,13863.188752072856,462106291.7357619,50831692.09093381,49056800.90263637,0.0,0.0,0.0,7013.7207,7013.7207,6139.8029304,0.0,873.9177695999999,2.557953848736361e-13,6139.8029304,6139.8029304,0.6972938484046666,1.0,100.0,80933.701553994,1000000.0
co/tech_liquid_to_air,2030-04-01,61023.61752743548,60662.52612583548,7079.4892,1.9895196601282805e-13,1105.7165016433692,954.0036240509328,0.0,13982.282449554936,0.0,0.0,0.0,0.0,0.0,0.0,0.0,0.0,0.0,2614.713935999999,41926.48253863548,493786431.7359367,0.0,0.0,0.0,172825251.10757783,0.0,172825251.10757783,0.0,0.0,0.0,98757.28634718734,0.0,98757.28634718734,0.0,0.0,14813.5929520781,0.0,14813.5929520781,0.0,0.0,54316507.49095304,0.0,0.0,0.0,0.0,0.0,0.0,3552000.0,172825251.10757783,98757.28634718734,14813.5929520781,493786431.7359367,54316507.49095304,52290566.87326792,0.0,0.0,0.0,7079.4892,7079.4892,6200.343107199999,0.0,879.1460928,2.486899575160351e-13,6200.343107199999,6200.343107199999,0.6911430369989071,1.0,100.0,80189.07645395062,1000000.0
co/tech_liquid_to_air,2030-05-01,66052.0320374762,65541.4686678762,7864.824,1.9895196601282805e-13,1236.0112541160738,1066.420926197583,0.0,15243.947851686911,0.0,0.0,0.0,0.0,0.0,0.0,0.0,0.0,0.0,0.0,46866.99003427619,552160205.3013511,0.0,0.0,0.0,193256071.85547283,0.0,193256071.85547283,0.0,0.0,0.0,110432.0410602702,0.0,110432.0410602702,0.0,0.0,16564.80615904053,0.0,16564.80615904053,0.0,0.0,60737622.58314861,0.0,0.0,0.0,0.0,0.0,0.0,3670400.0,193256071.85547283,110432.0410602702,16564.80615904053,552160205.3013511,60737622.58314861,58328437.93958199,0.0,0.0,0.0,7864.824,7864.824,6930.9753888,0.0,933.8486112,2.611244553918368e-13,6930.9753888,6930.9753888,0.7150738454118146,1.0,100.0,79463.62856943456,1000000.0
co/tech_liquid_to_air,2030-06-01,70735.22029340781,69141.8861710078,7723.5935,1.7053025658242404e-13,1214.5845042567828,1047.934092558928,0.0,14950.174733654216,0.0,0.0,0.0,0.0,0.0,0.0,0.0,0.0,0.0,11163.33,46054.53200140781,558205658.6866606,0.0,0.0,0.0,195371980.5403312,0.0,195371980.5403312,0.0,0.0,0.0,111641.13173733214,0.0,111641.13173733214,0.0,0.0,16746.16976059982,0.0,16746.16976059982,0.0,0.0,61402622.45553267,0.0,0.0,0.0,0.0,0.0,0.0,3552000.0,195371980.5403312,111641.13173733214,16746.16976059982,558205658.6866606,61402622.45553267,58821345.57406068,0.0,0.0,0.0,7723.5935,7723.5935,6810.824156,0.0,912.769344,2.238209617644316e-13,6810.824156,6810.824156,0.6660872960205582,1.0,100.0,79842.37818757782,1000000.0
co/tech_liquid_to_air,2030-07-01,75996.82515254509,73646.05100534509,8124.418,1.7053025658242404e-13,1278.1574103476712,1102.7843029989622,0.0,15700.468370228196,0.0,0.0,0.0,0.0,0.0,0.0,0.0,0.0,0.0,13999.591488,48465.08509814509,597558194.5726107,0.0,0.0,0.0,209145368.1004137,0.0,209145368.1004137,0.0,0.0,0.0,119511.63891452216,0.0,119511.63891452216,0.0,0.0,17926.74583717832,0.0,17926.74583717832,0.0,0.0,65731401.40298718,0.0,0.0,0.0,0.0,0.0,0.0,3670400.0,209145368.1004137,119511.63891452216,17926.74583717832,597558194.5726107,65731401.40298718,62813844.76221596,0.0,0.0,0.0,8124.418,8124.418,7167.3114016,0.0,957.1065984,2.238209617644316e-13,7167.3114016,7167.3114016,0.6580812472161962,1.0,100.0,80914.99492443018,1000000.0
co/tech_liquid_to_air,2030-08-01,76386.33664043566,72774.98452283566,8266.5065,1.7053025658242404e-13,1301.2391147834198,1122.6990186139049,0.0,15950.356579147585,0.0,0.0,0.0,0.0,0.0,0.0,0.0,0.0,0.0,9348.518448,49340.29558523566,600512908.3936512,0.0,0.0,0.0,210179517.93777797,0.0,210179517.93777797,0.0,0.0,0.0,120102.58167873026,0.0,120102.58167873026,0.0,0.0,18015.38725180954,0.0,18015.38725180954,0.0,0.0,66056419.923301645,0.0,0.0,0.0,0.0,0.0,0.0,3670400.0,210179517.93777797,120102.58167873026,18015.38725180954,600512908.3936512,66056419.923301645,62966652.86653939,0.0,0.0,0.0,8266.5065,8266.5065,7296.7428488,0.0,969.7636512,2.238209617644316e-13,7296.7428488,7296.7428488,0.6779842813948445,1.0,100.0,83225.10792724672,1000000.0
co/tech_liquid_to_air,2030-09-01,71430.6740367432,66977.67292314321,7718.183999999999,2.557953848736361e-13,1213.1683394139864,1046.7122365133023,0.0,14940.159250387846,0.0,0.0,0.0,0.0,0.0,0.0,0.0,0.0,0.0,6282.659232,46000.833959943215,545295905.4127872,0.0,0.0,0.0,190853566.8944755,0.0,190853566.8944755,0.0,0.0,0.0,109059.18108255744,0.0,109059.18108255744,0.0,0.0,16358.877162383616,0.0,16358.877162383616,0.0,0.0,59982549.59540659,0.0,0.0,0.0,0.0,0.0,0.0,3552000.0,190853566.8944755,109059.18108255744,16358.877162383616,545295905.4127872,59982549.59540659,57036980.85433475,0.0,0.0,0.0,7718.184,7718.183999999999,6802.8829632,0.0,915.3010368,3.3573144264664734e-13,6802.8829632,6802.8829632,0.6868084833692133,1.0,100.0,86464.94070143276,1000000.0
co/tech_liquid_to_air,2030-10-01,67601.12757116578,62435.19263116577,7363.8425,1.4210854715202006e-13,1149.9244526623652,992.1459014080192,0.0,14541.83490108774,0.0,0.0,0.0,0.0,0.0,0.0,0.0,0.0,0.0,1207.10712,43602.75659596577,520431196.8347837,0.0,0.0,0.0,182150918.89217427,0.0,182150918.89217427,0.0,0.0,0.0,104086.23936695674,0.0,104086.23936695674,0.0,0.0,15612.93590504351,0.0,15612.93590504351,0.0,0.0,57247431.6518262,0.0,0.0,0.0,0.0,0.0,0.0,3670400.0,182150918.89217427,104086.23936695674,15612.93590504351,520431196.8347837,57247431.6518262,54301374.16259008,0.0,0.0,0.0,7363.8425,7363.8425,6448.2407048,0.0,915.6017952,1.7763568394002505e-13,6448.2407048,6448.2407048,0.6983682560819167,1.0,100.0,90480.95118877036,1000000.0
co/tech_liquid_to_air,2030-11-01,64181.15651634035,59801.83781474035,7015.5267,5.684341886080803e-14,1095.1298858156115,944.8695740018428,0.0,13857.864847989456,0.0,0.0,0.0,0.0,0.0,0.0,0.0,0.0,0.0,1894.223184,41525.059965140346,470254936.4333412,0.0,0.0,0.0,164589227.7516694,0.0,164589227.7516694,0.0,0.0,0.0,94050.98728666824,0.0,94050.98728666824,0.0,0.0,14107.648093000236,0.0,14107.648093000236,0.0,0.0,51728043.00766753,0.0,0.0,0.0,0.0,0.0,0.0,3552000.0,164589227.7516694,94050.98728666824,14107.648093000236,470254936.4333412,51728043.00766753,48945471.5763363,0.0,0.0,0.0,7015.5267,7015.5267,6140.9782968,0.0,874.5484031999999,7.105427357601003e-14,6140.9782968,6140.9782968,0.6943776559807494,1.0,100.0,93765.14000455472,1000000.0
co/tech_liquid_to_air,2030-12-01,62992.58976609725,59732.36651089725,7025.2399,1.4210854715202006e-13,1096.834341793168,946.3401654031716,0.0,13885.954905455235,0.0,0.0,0.0,0.0,0.0,0.0,0.0,0.0,0.0,1471.756656,41589.68941009724,451187877.1050512,0.0,0.0,0.0,157915756.9867679,0.0,157915756.9867679,0.0,0.0,0.0,90237.57542101025,0.0,90237.57542101025,0.0,0.0,13535.636313151535,0.0,13535.636313151535,0.0,0.0,49630666.481555626,0.0,0.0,0.0,0.0,0.0,0.0,3670400.0,157915756.9867679,90237.57542101025,13535.636313151535,451187877.1050512,49630666.481555626,46844541.87159623,0.0,0.0,0.0,7025.2399000000005,7025.2399,6150.536092,0.0,874.703808,1.8118839761882557e-13,6150.536092,6150.536092,0.6962672306396875,1.0,100.0,95928.52891796154,1000000.0
co/tech_liquid_to_water,2029-01-01,65780.3648501962,63704.22310464957,7671.425913933992,5.684341886080803e-14,1744.017878011421,1034.1171216290495,0.0,14719.533798361508,0.0,0.0,0.0,0.0,0.0,0.0,0.0,0.0,0.0,704.138832,45447.30475842465,418409065.9381176,0.0,0.0,0.0,146443173.07834116,0.0,146443173.07834116,0.0,0.0,0.0,83681.81318762353,0.0,83681.81318762353,0.0,0.0,12552.27197814353,0.0,12552.27197814353,0.0,0.0,46024997.25319294,0.0,0.0,0.0,0.0,0.0,0.0,3679951.186095063,146443173.07834116,83681.81318762353,12552.27197814353,418409065.9381176,46024997.25319294,45969240.93215336,0.0,0.0,0.0,7671.425913933992,7671.425913933992,6721.023699997873,0.0,950.4022139361192,8.171241461241152e-14,6721.023699997873,6721.023699997873,0.7134111765834814,1.0,100.0,66234.1238675352,1000000.0
co/tech_liquid_to_water,2029-02-01,58140.08593481036,56983.98383936087,6853.803674903203,5.684341886080803e-14,1574.412555854277,932.138479200728,0.0,13165.84117928467,0.0,0.0,0.0,0.0,0.0,0.0,0.0,0.0,0.0,30.272016,40965.554728032206,378919368.93382734,0.0,0.0,0.0,132621779.12683956,0.0,132621779.12683956,0.0,0.0,0.0,75783.87378676547,0.0,75783.87378676547,0.0,0.0,11367.58106801482,0.0,11367.58106801482,0.0,0.0,41681130.58272101,0.0,0.0,0.0,0.0,0.0,0.0,3323850.972350053,132621779.12683956,75783.87378676547,11367.58106801482,378919368.93382734,41681130.58272101,41531108.63279132,0.0,0.0,0.0,6853.803674903203,6853.803674903203,6058.235261126808,0.0,795.5684137763942,7.993605777301127e-14,6058.235261126808,6058.235261126808,0.7188959417704986,1.0,100.0,65815.81340713044,1000000.0
co/tech_liquid_to_water,2029-03-01,66390.2660640551,66131.6248438118,7854.95054745136,1.1368683772161605e-13,1815.9886273916572,1068.7722982781086,0.0,15071.301827984244,0.0,0.0,0.0,0.0,0.0,0.0,0.0,0.0,0.0,2020.342608,46970.32796506661,442617069.3807891,0.0,0.0,0.0,154915974.28327617,0.0,154915974.28327617,0.0,0.0,0.0,88523.41387615782,0.0,88523.41387615782,0.0,0.0,13278.512081423674,0.0,13278.512081423674,0.0,0.0,48687877.6318868,0.0,0.0,0.0,0.0,0.0,0.0,3680508.1051318855,154915974.28327617,88523.41387615782,13278.512081423674,442617069.3807891,48687877.6318868,48396445.61557827,0.0,0.0,0.0,7854.95054745136,7854.95054745136,6946.257630192376,0.0,908.6929172589828,1.6342482922482304e-13,6946.257630192377,6946.257630192377,0.7102551627303892,1.0,100.0,64258.465999982094,1000000.0
co/tech_liquid_to_water,2029-04-01,65246.483316876256,64997.99910722498,7780.215291018749,3.410605131648481e-13,1820.6361997664408,1059.3314039134414,0.0,14906.466686410567,0.0,0.0,0.0,0.0,0.0,0.0,0.0,0.0,0.0,905.057808,46555.42021969709,454338611.8074102,0.0,0.0,0.0,159018514.13259354,0.0,159018514.13259354,0.0,0.0,0.0,90867.72236148204,0.0,90867.72236148204,0.0,0.0,13630.158354222303,0.0,13630.158354222303,0.0,0.0,49977247.29881512,0.0,0.0,0.0,0.0,0.0,0.0,3562381.094422806,159018514.13259354,90867.72236148204,13630.158354222303,454338611.8074102,49977247.29881512,49555782.1718369,0.0,0.0,0.0,7780.21529101875,7780.215291018749,6884.898550599779,0.0,895.3167404189702,4.511946372076636e-13,6884.898550599779,6884.898550599779,0.7162592827341684,1.0,100.0,62686.31400986696,1000000.0
co/tech_liquid_to_water,2029-05-01,71225.2637438201,70871.46784509768,8585.88454727927,3.410605131648481e-13,2015.2153556134845,1175.2279724076636,0.0,16173.981587773244,0.0,0.0,0.0,0.0,0.0,0.0,0.0,0.0,0.0,341.71320000000003,51648.834262117285,500455186.9759036,0.0,0.0,0.0,175159315.44156626,0.0,175159315.44156626,0.0,0.0,0.0,100091.03739518073,0.0,100091.03739518073,0.0,0.0,15013.655609277108,0.0,15013.655609277108,0.0,0.0,55050070.5673494,0.0,0.0,0.0,0.0,0.0,0.0,3681836.148088213,175159315.44156626,100091.03739518073,15013.655609277108,500455186.9759036,55050070.5673494,54451336.79744818,0.0,0.0,0.0,8585.88454727927,8585.88454727927,7638.143581850225,0.0,947.7409654290436,4.298783551348606e-13,7638.143581850225,7638.143581850225,0.728767666771134,1.0,100.0,61024.89455297593,1000000.0
co/tech_liquid_to_water,2029-06-01,79156.15968703773,78135.45368329948,8708.612548219382,2.557953848736361e-13,2052.183504833973,1193.9294562132793,0.0,16336.522852663107,0.0,0.0,0.0,0.0,0.0,0.0,0.0,0.0,0.0,15148.670256,52470.7257250588,512095470.1248856,0.0,0.0,0.0,179233414.54370996,0.0,179233414.54370996,0.0,0.0,0.0,102419.09402497712,0.0,102419.09402497712,0.0,0.0,15362.86410374657,0.0,15362.86410374657,0.0,0.0,56330501.71373742,0.0,0.0,0.0,0.0,0.0,0.0,3563703.9329218324,179233414.54370996,102419.09402497712,15362.86410374657,512095470.1248856,56330501.71373742,55580711.072500624,0.0,0.0,0.0,8708.612548219384,8708.612548219382,7759.689887634879,0.0,948.922660584504,2.273736754432321e-13,7759.689887634879,7759.689887634879,0.6715354330408629,1.0,100.0,59993.41705188024,1000000.0
co/tech_liquid_to_water,2029-07-01,81347.86868742564,78970.88842304364,9149.284008405655,2.273736754432321e-13,2161.339539304314,1254.77193513767,0.0,17136.838227229164,0.0,0.0,0.0,0.0,0.0,0.0,0.0,0.0,0.0,8818.380815999999,55144.62660543383,541642480.4986238,0.0,0.0,0.0,189574868.17451835,0.0,189574868.17451835,0.0,0.0,0.0,108328.49609972475,0.0,108328.49609972475,0.0,0.0,16249.274414958714,0.0,16249.274414958714,0.0,0.0,59580672.85484862,0.0,0.0,0.0,0.0,0.0,0.0,3682780.511178376,189574868.17451835,108328.49609972475,16249.274414958714,541642480.4986238,59580672.85484862,58642824.39698638,0.0,0.0,0.0,9149.284008405655,9149.284008405655,8155.122604359722,0.0,994.1614040459356,1.8474111129762605e-13,8155.122604359722,8155.122604359722,0.6982905689249239,1.0,100.0,60209.05777695792,1000000.0
co/tech_liquid_to_water,2029-08-01,81877.05031958433,78030.67034077295,8952.187809407886,3.1263880373444413e-13,2116.133418966756,1226.9062854768688,0.0,16796.79620821182,0.0,0.0,0.0,0.0,0.0,0.0,0.0,0.0,0.0,10266.90936,53919.98904172062,531736662.64548033,0.0,0.0,0.0,186107831.9259181,0.0,186107831.9259181,0.0,0.0,0.0,106347.33252909608,0.0,106347.33252909608,0.0,0.0,15952.099879364412,0.0,15952.099879364412,0.0,0.0,58491032.89100284,0.0,0.0,0.0,0.0,0.0,0.0,3682554.464041147,186107831.9259181,106347.33252909608,15952.099879364412,531736662.64548033,58491032.89100284,57426457.61244363,0.0,0.0,0.0,8952.187809407886,8952.187809407886,7974.01575691574,0.0,978.1720524921448,3.517186542012496e-13,7974.01575691574,7974.01575691574,0.6910101990184505,1.0,100.0,61939.30433680256,1000000.0
co/tech_liquid_to_water,2029-09-01,78816.63683641095,74713.95717437766,8568.396732473191,2.8421709430404014e-14,2006.0365747486132,1173.7301211564643,0.0,16101.396955392527,0.0,0.0,0.0,0.0,0.0,0.0,0.0,0.0,0.0,9784.150368,51583.00680324222,494804732.4106738,0.0,0.0,0.0,173181656.3437358,0.0,173181656.3437358,0.0,0.0,0.0,98960.94648213476,0.0,98960.94648213476,0.0,0.0,14844.141972320214,0.0,14844.141972320214,0.0,0.0,54428520.56517412,0.0,0.0,0.0,0.0,0.0,0.0,3563305.820452946,173181656.3437358,98960.94648213476,14844.141972320214,494804732.4106738,54428520.56517412,53306563.344341375,0.0,0.0,0.0,8568.39673247319,8568.39673247319,7628.408617069328,0.0,939.9881154038624,4.263256414560601e-14,7628.408617069328,7628.408617069328,0.6904065686529056,1.0,100.0,64035.94742408723,1000000.0
co/tech_liquid_to_water,2029-10-01,75228.00208630355,70623.6804513535,8217.216744848105,2.557953848736361e-13,1926.5395068432344,1118.6140176577128,0.0,15734.343313537876,0.0,0.0,0.0,0.0,0.0,0.0,0.0,0.0,0.0,5615.41704,49160.76825751668,482798767.147456,0.0,0.0,0.0,168979568.50160956,0.0,168979568.50160956,0.0,0.0,0.0,96559.7534294912,0.0,96559.7534294912,0.0,0.0,14483.96301442368,0.0,14483.96301442368,0.0,0.0,53107864.38622016,0.0,0.0,0.0,0.0,0.0,0.0,3681432.37316529,168979568.50160956,96559.7534294912,14483.96301442368,482798767.147456,53107864.38622016,51885313.6984563,0.0,0.0,0.0,8217.216744848105,8217.216744848105,7270.193256237574,0.0,947.0234886105306,2.895461648222409e-13,7270.193256237574,7270.193256237574,0.6960946801884567,1.0,100.0,66713.72955219398,1000000.0
co/tech_liquid_to_water,2029-11-01,68944.66407184805,64758.98214049376,7692.721042647118,2.557953848736361e-13,1782.5209666417838,1046.7253236904726,0.0,14753.779802995416,0.0,0.0,0.0,0.0,0.0,0.0,0.0,0.0,0.0,2000.217168,46001.40911426263,436503407.4363288,0.0,0.0,0.0,152776192.60271508,0.0,152776192.60271508,0.0,0.0,0.0,87300.68148726577,0.0,87300.68148726577,0.0,0.0,13095.102223089863,0.0,13095.102223089863,0.0,0.0,48015374.817996174,0.0,0.0,0.0,0.0,0.0,0.0,3561969.514543662,152776192.60271508,87300.68148726577,13095.102223089863,436503407.4363288,48015374.817996174,46793982.70708037,0.0,0.0,0.0,7692.721042647118,7692.721042647118,6802.968020517094,0.0,889.7530221300235,3.286260152890464e-13,6802.968020517094,6802.968020517094,0.7103479331170336,1.0,100.0,69116.89051690653,1000000.0
co/tech_liquid_to_water,2029-12-01,70037.93845005012,66644.26262559407,7780.050894869873,1.1368683772161605e-13,1784.122347890416,1058.1767723191083,0.0,14940.404603604682,0.0,0.0,0.0,0.0,0.0,0.0,0.0,0.0,0.0,4607.300208000001,46504.67655357473,427754175.9962963,0.0,0.0,0.0,149713961.59870368,0.0,149713961.59870368,0.0,0.0,0.0,85550.83519925927,0.0,85550.83519925927,0.0,0.0,12832.625279888887,0.0,12832.625279888887,0.0,0.0,47052959.359592594,0.0,0.0,0.0,0.0,0.0,0.0,3680165.143951713,149713961.59870368,85550.83519925927,12832.625279888887,427754175.9962963,47052959.359592594,45743085.08625989,0.0,0.0,0.0,7780.050894869873,7780.050894869873,6877.394268784917,0.0,902.6566260849568,1.6342482922482304e-13,6877.394268784917,6877.394268784917,0.6978046529652062,1.0,100.0,70726.44399347212,1000000.0
co/tech_liquid_to_water,2030-01-01,66160.5337421502,63950.14487946392,7629.908210371086,8.526512829121202e-14,1746.9863234661905,1037.8255226060846,0.0,14659.690946720131,0.0,0.0,0.0,0.0,0.0,0.0,0.0,0.0,0.0,1197.1282560000004,45610.28129739179,417395215.1034717,0.0,0.0,0.0,146088325.28621507,0.0,146088325.28621507,0.0,0.0,0.0,83479.04302069434,0.0,83479.04302069434,0.0,0.0,12521.85645310415,0.0,12521.85645310415,0.0,0.0,45913473.661381885,0.0,0.0,0.0,0.0,0.0,0.0,3679927.902190863,146088325.28621507,83479.04302069434,12521.85645310415,417395215.1034717,45913473.661381885,44522960.36877034,0.0,0.0,0.0,7629.908210371086,7629.908210371086,6745.125661308102,0.0,884.7825490629835,1.2079226507921706e-13,6745.125661308102,6745.125661308102,0.7132162309148804,1.0,100.0,71189.84653269225,1000000.0
co/tech_liquid_to_water,2030-02-01,58995.31227205759,58363.773544942575,6958.219991320633,2.8421709430404014e-14,1595.5514806041217,946.2644595978104,0.0,13364.524244842914,0.0,0.0,0.0,0.0,0.0,0.0,0.0,0.0,0.0,1237.546848,41586.36229681746,382604845.8301075,0.0,0.0,0.0,133911696.04053764,0.0,133911696.04053764,0.0,0.0,0.0,76520.96916602152,0.0,76520.96916602152,0.0,0.0,11478.145374903226,0.0,11478.145374903226,0.0,0.0,42086533.04131183,0.0,0.0,0.0,0.0,0.0,0.0,3323934.437665469,133911696.04053764,76520.96916602152,11478.145374903226,382604845.8301075,42086533.04131183,40714328.00928295,0.0,0.0,0.0,6958.219991320633,6958.219991320633,6150.044058262798,0.0,808.1759330578353,4.085620730620576e-14,6150.044058262798,6150.044058262798,0.712537243069011,1.0,100.0,70225.83377920312,1000000.0
co/tech_liquid_to_water,2030-03-01,64665.13607076588,64463.04506021032,7692.88341573696,1.9895196601282805e-13,1781.6207573582203,1046.6327072886302,0.0,14763.670701387584,0.0,0.0,0.0,0.0,0.0,0.0,0.0,0.0,0.0,1256.666016,45997.33881530701,435906788.644254,0.0,0.0,0.0,152567376.02548888,0.0,152567376.02548888,0.0,0.0,0.0,87181.3577288508,0.0,87181.3577288508,0.0,0.0,13077.20365932762,0.0,13077.20365932762,0.0,0.0,47949746.75086794,0.0,0.0,0.0,0.0,0.0,0.0,3680355.630910588,152567376.02548888,87181.3577288508,13077.20365932762,435906788.644254,47949746.75086794,46275611.92215434,0.0,0.0,0.0,7692.88341573696,7692.88341573696,6802.366079964356,0.0,890.5173357726046,2.824407374646398e-13,6802.366079964356,6802.366079964356,0.7135458582873985,1.0,100.0,68646.30403240043,1000000.0
co/tech_liquid_to_water,2030-04-01,66072.78725355245,65810.0048424706,7789.593052999315,2.557953848736361e-13,1823.717156419421,1060.6054348582593,0.0,14923.434474403308,0.0,0.0,0.0,0.0,0.0,0.0,0.0,0.0,0.0,2614.713935999999,46611.41123987245,455558575.2159145,0.0,0.0,0.0,159445501.32557008,0.0,159445501.32557008,0.0,0.0,0.0,91111.7150431829,0.0,91111.7150431829,0.0,0.0,13666.757256477436,0.0,13666.757256477436,0.0,0.0,50111443.2737506,0.0,0.0,0.0,0.0,0.0,0.0,3562409.1872313344,159445501.32557008,91111.7150431829,13666.757256477436,455558575.2159145,50111443.2737506,48242542.65973161,0.0,0.0,0.0,7789.593052999316,7789.593052999315,6893.1788430304505,0.0,896.4142099688643,2.895461648222409e-13,6893.178843030451,6893.178843030451,0.7082724177189498,1.0,100.0,67085.36928706283,1000000.0
co/tech_liquid_to_water,2030-05-01,71620.36807310561,71218.22909255758,8647.993230190375,1.7053025658242404e-13,2027.8785962279037,1183.9817334452614,0.0,16281.928227204706,0.0,0.0,0.0,0.0,0.0,0.0,0.0,0.0,0.0,0.0,52033.54392153325,502404721.2883397,0.0,0.0,0.0,175841652.45091888,0.0,175841652.45091888,0.0,0.0,0.0,100480.94425766794,0.0,100480.94425766794,0.0,0.0,15072.141638650191,0.0,15072.141638650191,0.0,0.0,55264519.34171737,0.0,0.0,0.0,0.0,0.0,0.0,3681880.229429032,175841652.45091888,100480.94425766794,15072.141638650191,502404721.2883397,55264519.34171737,53072418.89134361,0.0,0.0,0.0,8647.993230190375,8647.993230190375,7695.036784919072,0.0,952.9564452713036,2.557953848736361e-13,7695.036784919072,7695.036784919072,0.7306211427120538,1.0,100.0,65459.62967138297,1000000.0
co/tech_liquid_to_water,2030-06-01,76331.6207398035,74847.26157541924,8510.739590703824,1.7053025658242404e-13,2010.4663421497355,1166.0862260859724,0.0,15993.41977571336,0.0,0.0,0.0,0.0,0.0,0.0,0.0,0.0,0.0,11163.33,51247.07345338837,504806785.71351016,0.0,0.0,0.0,176682374.99972856,0.0,176682374.99972856,0.0,0.0,0.0,100961.35714270204,0.0,100961.35714270204,0.0,0.0,15144.203571405304,0.0,15144.203571405304,0.0,0.0,55528746.42848612,0.0,0.0,0.0,0.0,0.0,0.0,3563538.5249663712,176682374.99972856,100961.35714270204,15144.203571405304,504806785.71351016,55528746.42848612,53194653.608368,0.0,0.0,0.0,8510.739590703824,8510.739590703824,7578.728751167735,0.0,932.0108395360892,2.1671553440683058e-13,7578.728751167735,7578.728751167735,0.6846886896690225,1.0,100.0,64933.52249361751,1000000.0
co/tech_liquid_to_water,2030-07-01,81946.9054184324,79711.98647380774,8961.26135791826,2.557953848736361e-13,2124.2987457206145,1228.405314625099,0.0,16809.589730335352,0.0,0.0,0.0,0.0,0.0,0.0,0.0,0.0,0.0,13999.591488,53985.868266729536,536602410.7398381,0.0,0.0,0.0,187810843.7589433,0.0,187810843.7589433,0.0,0.0,0.0,107320.48214796762,0.0,107320.48214796762,0.0,0.0,16098.072322195145,0.0,16098.072322195145,0.0,0.0,59026265.18138219,0.0,0.0,0.0,0.0,0.0,0.0,3682667.021449154,187810843.7589433,107320.48214796762,16098.072322195145,536602410.7398381,59026265.18138219,56406367.951904885,0.0,0.0,0.0,8961.26135791826,8961.26135791826,7983.758377187196,0.0,977.5029807310638,2.664535259100376e-13,7983.758377187196,7983.758377187196,0.6772616096384518,1.0,100.0,65044.14269252151,1000000.0
co/tech_liquid_to_water,2030-08-01,82322.65616182878,78826.90222180013,9101.493319216164,5.684341886080803e-14,2145.485937157416,1248.0263731576108,0.0,17057.001150722866,0.0,0.0,0.0,0.0,0.0,0.0,0.0,0.0,0.0,9348.518448,54848.17313351794,535533108.44041634,0.0,0.0,0.0,187436587.9541457,0.0,187436587.9541457,0.0,0.0,0.0,107106.62168808328,0.0,107106.62168808328,0.0,0.0,16065.993253212491,0.0,16065.993253212491,0.0,0.0,58908641.92844579,0.0,0.0,0.0,0.0,0.0,0.0,3682639.8070369656,187436587.9541457,107106.62168808328,16065.993253212491,535533108.44041634,58908641.92844579,56153191.66181281,0.0,0.0,0.0,9101.493319216164,9101.493319216164,8111.28126280417,0.0,990.2120564119942,8.526512829121202e-14,8111.281262804171,8111.281262804171,0.6958052592145286,1.0,100.0,66394.41069539273,1000000.0
co/tech_liquid_to_water,2030-09-01,76898.11502795432,72551.57768017545,8487.19128932252,1.9895196601282805e-13,1990.710152709999,1162.1417713230062,0.0,15959.364085500612,0.0,0.0,0.0,0.0,0.0,0.0,0.0,0.0,0.0,6282.659232,51073.722839643626,493310743.0471318,0.0,0.0,0.0,172658760.0664961,0.0,172658760.0664961,0.0,0.0,0.0,98662.14860942635,0.0,98662.14860942635,0.0,0.0,14799.322291413951,0.0,14799.322291413951,0.0,0.0,54264181.73518449,0.0,0.0,0.0,0.0,0.0,0.0,3563272.6340281195,172658760.0664961,98662.14860942635,14799.322291413951,493310743.0471318,54264181.73518449,51599092.73284797,0.0,0.0,0.0,8487.191289322518,8487.191289322518,7553.092608615812,0.0,934.0986807067064,2.184918912462308e-13,7553.092608615812,7553.092608615812,0.7039643309314195,1.0,100.0,68750.23789046165,1000000.0
co/tech_liquid_to_water,2030-10-01,72905.29229115164,67842.64408683797,8109.9015184887185,1.7053025658242404e-13,1904.2595970000436,1104.1276488299743,0.0,15530.621744614144,0.0,0.0,0.0,0.0,0.0,0.0,0.0,0.0,0.0,1207.10712,48524.12236394513,478564422.7233263,0.0,0.0,0.0,167497547.95316416,0.0,167497547.95316416,0.0,0.0,0.0,95712.88454466526,0.0,95712.88454466526,0.0,0.0,14356.932681699787,0.0,14356.932681699787,0.0,0.0,52642086.499565884,0.0,0.0,0.0,0.0,0.0,0.0,3681336.2426020834,167497547.95316416,95712.88454466526,14356.932681699787,478564422.7233263,52642086.499565884,49932989.79046601,0.0,0.0,0.0,8109.9015184887185,8109.9015184887185,7176.042191351652,0.0,933.8593271370662,2.4513724383723456e-13,7176.042191351653,7176.042191351653,0.7152451532082784,1.0,100.0,71908.6264977752,1000000.0
co/tech_liquid_to_water,2030-11-01,69009.0384392228,64723.73751822602,7694.634357447268,2.842170943040401e-13,1781.7620904478351,1046.794415091222,0.0,14757.909635229596,0.0,0.0,0.0,0.0,0.0,0.0,0.0,0.0,0.0,1894.223184,46004.44553816508,435870445.2748752,0.0,0.0,0.0,152554655.84620634,0.0,152554655.84620634,0.0,0.0,0.0,87174.08905497506,0.0,87174.08905497506,0.0,0.0,13076.113358246255,0.0,13076.113358246255,0.0,0.0,47945748.98023628,0.0,0.0,0.0,0.0,0.0,0.0,3561954.823828576,152554655.84620634,87174.08905497506,13076.113358246255,435870445.2748752,47945748.98023628,45366381.71447961,0.0,0.0,0.0,7694.634357447268,7694.634357447268,6803.417065342086,0.0,891.217292105182,3.3040237212844664e-13,6803.417065342086,6803.417065342086,0.7107816591279259,1.0,100.0,74412.16532832412,1000000.0
co/tech_liquid_to_water,2030-12-01,67701.55682279078,64533.02444130829,7687.539882621183,1.9895196601282805e-13,1766.4903916447463,1045.7577171547323,0.0,14763.740478987773,0.0,0.0,0.0,0.0,0.0,0.0,0.0,0.0,0.0,1471.756656,45958.88481194111,425233651.995502,0.0,0.0,0.0,148831778.19842568,0.0,148831778.19842568,0.0,0.0,0.0,85046.7303991004,0.0,85046.7303991004,0.0,0.0,12757.00955986506,0.0,12757.00955986506,0.0,0.0,46775701.71950522,0.0,0.0,0.0,0.0,0.0,0.0,3680108.445452443,148831778.19842568,85046.7303991004,12757.00955986506,425233651.995502,46775701.71950522,44149820.30283949,0.0,0.0,0.0,7687.539882621183,7687.539882621183,6796.679268186279,0.0,890.8606144349034,2.859934511434403e-13,6796.67926818628,6796.67926818628,0.7121762107049537,1.0,100.0,75814.20731816186,1000000.0
co/policy_a,2029-01-01,68558.75308090751,66553.92219656729,8055.460899950579,1.4210854715202006e-13,2110.472852586385,1091.3332924403585,0.0,15249.39724039996,0.0,0.0,0.0,0.0,0.0,0.0,0.0,0.0,0.0,704.138832,47961.83691110319,581633901.6568493,0.0,0.0,0.0,203571865.5798972,0.0,203571865.5798972,0.0,0.0,0.0,116326.78033136984,0.0,116326.78033136984,0.0,0.0,17449.01704970548,0.0,17449.01704970548,0.0,0.0,63979729.18225342,0.0,0.0,0.0,0.0,0.0,0.0,3687501.74786986,203571865.5798972,116326.78033136984,17449.01704970548,581633901.6568493,63979729.18225342,63902224.62044889,0.0,0.0,0.0,8055.460899950579,8055.460899950578,7092.888000474928,0.0,962.5728994756504,2.0250467969162853e-13,7092.888000474929,7092.888000474929,0.7206462869227708,1.0,100.0,65796.35803175384,1000000.0
co/policy_a,2029-02-01,60662.33359813729,59570.99202807427,7202.738046000939,2.273736754432321e-13,1907.34757590253,984.0695151244256,0.0,13647.176864167546,0.0,0.0,0.0,0.0,0.0,0.0,0.0,0.0,0.0,30.272016,43247.81615343734,527369063.92092544,0.0,0.0,0.0,184579172.3723239,0.0,184579172.3723239,0.0,0.0,0.0,105473.8127841851,0.0,105473.8127841851,0.0,0.0,15821.071917627763,0.0,15821.071917627763,0.0,0.0,58010597.0313018,0.0,0.0,0.0,0.0,0.0,0.0,3330707.9691556804,184579172.3723239,105473.8127841851,15821.071917627763,527369063.92092544,58010597.0313018,57801798.0276738,0.0,0.0,0.0,7202.738046000939,7202.738046000939,6395.749954490344,0.0,806.9880915105949,2.842170943040401e-13,6395.749954490344,6395.749954490344,0.725987845444235,1.0,100.0,64980.35202591433,1000000.0
co/policy_a,2029-03-01,69308.73626367442,69125.14171443546,8258.670833888767,3.979039320256561e-13,2201.052004096333,1128.851362213643,0.0,15628.34456349954,0.0,0.0,0.0,0.0,0.0,0.0,0.0,0.0,0.0,2020.342608,49610.67833851159,613853403.5660138,0.0,0.0,0.0,214848691.24810484,0.0,214848691.24810484,0.0,0.0,0.0,122770.68071320278,0.0,122770.68071320278,0.0,0.0,18415.602106980416,0.0,18415.602106980416,0.0,0.0,67523874.39226152,0.0,0.0,0.0,0.0,0.0,0.0,3688454.223238229,214848691.24810484,122770.68071320278,18415.602106980416,613853403.5660138,67523874.39226152,67119764.9713504,0.0,0.0,0.0,8258.670833888767,8258.670833888767,7336.728694000233,0.0,921.9421398885346,4.014566457044566e-13,7336.728694000233,7336.728694000233,0.7176936944803592,1.0,100.0,62962.89457105697,1000000.0
co/policy_a,2029-04-01,68226.85574382298,68055.06809233314,8192.422267966156,1.9895196601282805e-13,2213.7181982131,1120.6813392113324,0.0,15475.312803772857,0.0,0.0,0.0,0.0,0.0,0.0,0.0,0.0,0.0,905.057808,49251.62275621505,628855468.5745656,0.0,0.0,0.0,220099414.001098,0.0,220099414.001098,0.0,0.0,0.0,125771.09371491316,0.0,125771.09371491316,0.0,0.0,18865.66405723697,0.0,18865.66405723697,0.0,0.0,69174101.54320222,0.0,0.0,0.0,0.0,0.0,0.0,3570501.90646343,220099414.001098,125771.09371491316,18865.66405723697,628855468.5745656,69174101.54320222,68590784.20679884,0.0,0.0,0.0,8192.422267966156,8192.422267966156,7283.629371805902,0.0,908.792896160254,2.629008122312371e-13,7283.629371805902,7283.629371805902,0.723702497650775,1.0,100.0,60920.964024333705,1000000.0
co/policy_a,2029-05-01,74486.87615799556,74217.10508797679,9036.99348837055,1.7053025658242404e-13,2445.2776339471807,1242.358452254459,0.0,16796.608282263067,0.0,0.0,0.0,0.0,0.0,0.0,0.0,0.0,0.0,341.71320000000003,54599.07975401138,691044693.1745963,0.0,0.0,0.0,241865642.61110872,0.0,241865642.61110872,0.0,0.0,0.0,138208.93863491926,0.0,138208.93863491926,0.0,0.0,20731.34079523789,0.0,20731.34079523789,0.0,0.0,76014916.2492056,0.0,0.0,0.0,0.0,0.0,0.0,3690732.894656834,241865642.61110872,138208.93863491926,20731.34079523789,691044693.1745963,76014916.2492056,75188184.76859345,0.0,0.0,0.0,9036.99348837055,9036.99348837055,8074.44381961419,0.0,962.5496687563588,3.623767952376511e-13,8074.44381961419,8074.44381961419,0.7356670633985218,1.0,100.0,58745.45746040536,1000000.0
co/policy_a,2029-06-01,82457.37014748773,81521.85852502122,9165.168267815763,0.0,2487.24583647932,1261.8616590119625,0.0,16966.840090396523,0.0,0.0,0.0,0.0,0.0,0.0,0.0,0.0,0.0,15148.670256,55456.205279482354,704302142.7020501,0.0,0.0,0.0,246505749.9457175,0.0,246505749.9457175,0.0,0.0,0.0,140860.42854041,0.0,140860.42854041,0.0,0.0,21129.064281061503,0.0,21129.064281061503,0.0,0.0,77473235.69722551,0.0,0.0,0.0,0.0,0.0,0.0,3572724.5144682527,246505749.9457175,140860.42854041,21129.064281061503,704302142.7020501,77473235.69722551,76442030.50363496,0.0,0.0,0.0,9165.168267815763,9165.168267815763,8201.200752752138,0.0,963.967515063625,1.0658141036401505e-13,8201.200752752138,8201.200752752138,0.6802617884681981,1.0,100.0,57193.723246392576,1000000.0
co/policy_a,2029-07-01,84826.94451366938,82539.79480823872,9630.38099257182,2.273736754432321e-13,2619.727726733001,1326.361443428568,0.0,17801.109886159673,0.0,0.0,0.0,0.0,0.0,0.0,0.0,0.0,0.0,8818.380815999999,58290.837158138806,743930586.5843725,0.0,0.0,0.0,260375705.3045304,0.0,260375705.3045304,0.0,0.0,0.0,148786.11731687453,0.0,148786.11731687453,0.0,0.0,22317.917597531177,0.0,22317.917597531177,0.0,0.0,81832364.52428098,0.0,0.0,0.0,0.0,0.0,0.0,3692291.9821261647,260375705.3045304,148786.11731687453,22317.917597531177,743930586.5843725,81832364.52428098,80544310.84213676,0.0,0.0,0.0,9630.38099257182,9630.38099257182,8620.403346580055,0.0,1009.9776459917646,3.588240815588506e-13,8620.403346580057,8620.403346580057,0.7062149511464559,1.0,100.0,56861.145225090215,1000000.0
co/policy_a,2029-08-01,85310.56126236168,81552.76954659603,9427.051751458155,1.7053025658242404e-13,2568.66847829316,1297.5625885449454,0.0,17452.363157639542,0.0,0.0,0.0,0.0,0.0,0.0,0.0,0.0,0.0,10266.90936,57025.18715852577,731750140.7630086,0.0,0.0,0.0,256112549.26705295,0.0,256112549.26705295,0.0,0.0,0.0,146350.02815260174,0.0,146350.02815260174,0.0,0.0,21952.504222890257,0.0,21952.504222890257,0.0,0.0,80492515.48393095,0.0,0.0,0.0,0.0,0.0,0.0,3691934.397775401,256112549.26705295,146350.02815260174,21952.504222890257,731750140.7630086,80492515.48393095,79027514.1259695,0.0,0.0,0.0,9427.051751458155,9427.051751458155,8433.231330802275,0.0,993.8204206558802,2.806643806252396e-13,8433.231330802275,8433.231330802275,0.699242802857159,1.0,100.0,58050.26846256272,1000000.0
co/policy_a,2029-09-01,82016.3446633201,77996.20202144582,9010.964929910118,0.0,2427.819392784683,1239.5758346385924,0.0,16712.341855043727,0.0,0.0,0.0,0.0,0.0,0.0,0.0,0.0,0.0,9784.150368,54476.78947550285,681331265.8178784,0.0,0.0,0.0,238465943.03625745,0.0,238465943.03625745,0.0,0.0,0.0,136266.2531635757,0.0,136266.2531635757,0.0,0.0,20439.93797453635,0.0,20439.93797453635,0.0,0.0,74946439.23996663,0.0,0.0,0.0,0.0,0.0,0.0,3572045.034352135,238465943.03625745,136266.2531635757,20439.93797453635,681331265.8178784,74946439.23996663,73401513.6190047,0.0,0.0,0.0,9010.964929910118,9010.964929910118,8056.358789830707,0.0,954.6061400794116,1.7763568394002505e-13,8056.358789830707,8056.358789830707,0.6984543870549481,1.0,100.0,59642.59171165233,1000000.0
co/policy_a,2029-10-01,78374.99215132138,73851.74274762756,8652.488569222805,1.9895196601282805e-13,2341.5034560070508,1183.3848845141488,0.0,16335.105097325611,0.0,0.0,0.0,0.0,0.0,0.0,0.0,0.0,0.0,5615.41704,52007.313647708674,666709277.8461741,0.0,0.0,0.0,233348247.24616092,0.0,233348247.24616092,0.0,0.0,0.0,133341.85556923485,0.0,133341.85556923485,0.0,0.0,20001.278335385225,0.0,20001.278335385225,0.0,0.0,73338020.56307916,0.0,0.0,0.0,0.0,0.0,0.0,3690016.4917688905,233348247.24616092,133341.85556923485,20001.278335385225,666709277.8461741,73338020.56307916,71649698.49719661,0.0,0.0,0.0,8652.488569222807,8652.488569222805,7691.157692573122,0.0,961.330876649683,2.7355895326763857e-13,7691.157692573123,7691.157692573123,0.7042124087096018,1.0,99.99999999999996,61824.337659339086,1000000.0
co/policy_a,2029-11-01,71813.68860934542,67701.82102483937,8089.602014667831,3.694822225952521e-13,2161.010776930782,1105.782802674103,0.0,15301.42762203198,0.0,0.0,0.0,0.0,0.0,0.0,0.0,0.0,0.0,2000.217168,48596.8629458414,604666685.0917683,0.0,0.0,0.0,211633339.7821189,0.0,211633339.7821189,0.0,0.0,0.0,120933.33701835366,0.0,120933.33701835366,0.0,0.0,18140.00055275305,0.0,18140.00055275305,0.0,0.0,66513335.36009451,0.0,0.0,0.0,0.0,0.0,0.0,3569785.1512687714,211633339.7821189,120933.33701835366,18140.00055275305,604666685.0917683,66513335.36009451,64821388.20916224,0.0,0.0,0.0,8089.602014667831,8089.602014667831,7186.79951078952,0.0,902.802503878311,4.369837824924616e-13,7186.79951078952,7186.79951078952,0.7178073234988984,1.0,100.0,63775.19446691433,1000000.0
co/policy_a,2029-12-01,72863.41147656339,69542.36858820735,8170.923091836931,3.410605131648481e-13,2156.960389216072,1116.3430827621162,0.0,15479.689112169935,0.0,0.0,0.0,0.0,0.0,0.0,0.0,0.0,0.0,4607.300208000001,49060.96537433442,593653261.927274,0.0,0.0,0.0,207778641.67454588,0.0,207778641.67454588,0.0,0.0,0.0,118730.6523854548,0.0,118730.6523854548,0.0,0.0,17809.59785781822,0.0,17809.59785781822,0.0,0.0,65301858.81200014,0.0,0.0,0.0,0.0,0.0,0.0,3687855.690127008,207778641.67454588,118730.6523854548,17809.59785781822,593653261.927274,65301858.81200014,63483911.34899284,0.0,0.0,0.0,8170.923091836931,8170.923091836931,7255.433799174903,0.0,915.4892926620284,3.801403636316536e-13,7255.433799174903,7255.433799174903,0.7054830942680019,1.0,100.0,64939.27696605428,1000000.0
co/policy_a,2030-01-01,68933.07514636165,66793.89466285253,8013.46453742889,3.410605131648481e-13,2112.9282570977603,1094.9080045544758,0.0,15188.810451942036,0.0,0.0,0.0,0.0,0.0,0.0,0.0,0.0,0.0,1197.1282560000004,48118.93810155444,580476478.781357,0.0,0.0,0.0,203166767.57347497,0.0,203166767.57347497,0.0,0.0,0.0,116095.2957562714,0.0,116095.2957562714,0.0,0.0,17414.294363440713,0.0,17414.294363440713,0.0,0.0,63852412.66594928,0.0,0.0,0.0,0.0,0.0,0.0,3687467.612927268,203166767.57347497,116095.2957562714,17414.294363440713,580476478.781357,63852412.66594928,61918630.24663132,0.0,0.0,0.0,8013.46453742889,8013.46453742889,7116.121079530622,0.0,897.3434578982681,4.014566457044566e-13,7116.121079530622,7116.121079530622,0.7204092281852793,1.0,100.0,64965.52919246564,1000000.0
co/policy_a,2030-02-01,61530.11598820032,60963.70634149887,7308.877830229037,4.831690603168681e-13,1930.0713815979664,998.4500255190792,0.0,13848.292506263182,0.0,0.0,0.0,0.0,0.0,0.0,0.0,0.0,0.0,1237.546848,43879.80978821826,531572928.308136,0.0,0.0,0.0,186050524.9078476,0.0,186050524.9078476,0.0,0.0,0.0,106314.5856616272,0.0,106314.5856616272,0.0,0.0,15947.18784924408,0.0,15947.18784924408,0.0,0.0,58473022.11389496,0.0,0.0,0.0,0.0,0.0,0.0,3330830.457944553,186050524.9078476,106314.5856616272,15947.18784924408,531572928.308136,58473022.11389496,56566563.91638909,0.0,0.0,0.0,7308.877830229038,7308.877830229037,6489.213015065415,0.0,819.6648151636227,4.511946372076636e-13,6489.213015065415,6489.213015065415,0.7197693910277998,1.0,100.0,63601.86745756912,1000000.0
co/policy_a,2030-03-01,67557.95360244322,67430.17779197813,8093.082139114134,3.1263880373444413e-13,2163.418073874868,1106.1897377884943,0.0,15315.766247643514,0.0,0.0,0.0,0.0,0.0,0.0,0.0,0.0,0.0,1256.666016,48614.74690093104,605988596.0068973,0.0,0.0,0.0,212096008.60241407,0.0,212096008.60241407,0.0,0.0,0.0,121197.71920137948,0.0,121197.71920137948,0.0,0.0,18179.65788020692,0.0,18179.65788020692,0.0,0.0,66658745.56075871,0.0,0.0,0.0,0.0,0.0,0.0,3688224.2991554616,212096008.60241407,121197.71920137948,18179.65788020692,605988596.0068973,66658745.56075871,64331432.7775039,0.0,0.0,0.0,8093.082139114134,8093.082139114134,7189.444298784014,0.0,903.6378403301204,3.836930773104541e-13,7189.444298784014,7189.444298784014,0.7209642402383599,1.0,100.0,61566.22519415935,1000000.0
co/policy_a,2030-04-01,69060.24476064743,68874.34523382761,8202.779425664086,2.557953848736361e-13,2217.7279598072155,1122.100851079442,0.0,15493.636669674672,0.0,0.0,0.0,0.0,0.0,0.0,0.0,0.0,0.0,2614.713935999999,49314.00736152605,630472003.7599343,0.0,0.0,0.0,220665201.315977,0.0,220665201.315977,0.0,0.0,0.0,126094.40075198688,0.0,126094.40075198688,0.0,0.0,18914.16011279803,0.0,18914.16011279803,0.0,0.0,69351920.41359279,0.0,0.0,0.0,0.0,0.0,0.0,3570549.727917902,220665201.315977,126094.40075198688,18914.16011279803,630472003.7599343,69351920.41359279,66765504.34636827,0.0,0.0,0.0,8202.779425664086,8202.779425664086,7292.855186472777,0.0,909.9242391913097,3.1619151741324463e-13,7292.855186472777,7292.855186472777,0.7159996540672083,1.0,100.0,59534.39676117195,1000000.0
co/policy_a,2030-05-01,74888.67361155064,74570.7549896533,9100.018054469889,1.9895196601282805e-13,2458.7841682883072,1251.2480562818512,0.0,16905.847882601734,0.0,0.0,0.0,0.0,0.0,0.0,0.0,0.0,0.0,0.0,54989.75943135602,693271153.0978847,0.0,0.0,0.0,242644903.5842596,0.0,242644903.5842596,0.0,0.0,0.0,138654.23061957693,0.0,138654.23061957693,0.0,0.0,20798.134592936534,0.0,20798.134592936534,0.0,0.0,76259826.84076731,0.0,0.0,0.0,0.0,0.0,0.0,3690797.679168517,242644903.5842596,138654.23061957693,20798.134592936534,693271153.0978847,76259826.84076731,73234929.3694311,0.0,0.0,0.0,9100.018054469889,9100.018054469889,8132.219905225827,0.0,967.798149244062,4.192202140984591e-13,8132.219905225827,8132.219905225827,0.7374172279600206,1.0,100.0,57393.53121478098,1000000.0
co/policy_a,2030-06-01,79604.58768372674,78204.62056552517,8963.418497903409,2.557953848736361e-13,2441.9292833781965,1233.443376425318,0.0,16618.293815086352,0.0,0.0,0.0,0.0,0.0,0.0,0.0,0.0,0.0,11163.33,54207.28064375858,695729555.6720318,0.0,0.0,0.0,243505344.4852111,0.0,243505344.4852111,0.0,0.0,0.0,139145.91113440634,0.0,139145.91113440634,0.0,0.0,20871.88667016095,0.0,20871.88667016095,0.0,0.0,76530251.1239235,0.0,0.0,0.0,0.0,0.0,0.0,3572474.153385716,243505344.4852111,139145.91113440634,20871.88667016095,695729555.6720318,76530251.1239235,73313457.90372083,0.0,0.0,0.0,8963.41849790341,8963.418497903409,8016.50218545911,0.0,946.9163124443,4.547473508864641e-13,8016.50218545911,8016.50218545911,0.6931467763895104,1.0,99.99999999999996,56351.56904960432,1000000.0
co/policy_a,2030-07-01,85412.3092316457,83266.7945319485,9440.494623955286,1.7053025658242404e-13,2581.005864908219,1299.7196819005508,0.0,17471.198300367654,0.0,0.0,0.0,0.0,0.0,0.0,0.0,0.0,0.0,13999.591488,57119.9869419102,738452467.8636523,0.0,0.0,0.0,258458363.7522783,0.0,258458363.7522783,0.0,0.0,0.0,147690.49357273048,0.0,147690.49357273048,0.0,0.0,22153.574035909573,0.0,22153.574035909573,0.0,0.0,81229771.46500176,0.0,0.0,0.0,0.0,0.0,0.0,3692133.3532650014,258458363.7522783,147690.49357273048,22153.574035909573,738452467.8636523,81229771.46500176,77624379.32757905,0.0,0.0,0.0,9440.494623955286,9440.494623955285,8447.250899053202,0.0,993.2437249020838,4.654054919228656e-13,8447.250899053202,8447.250899053202,0.6859875807996179,1.0,100.0,55916.077884393286,1000000.0
co/policy_a,2030-08-01,85765.53147488483,82358.669445085,9577.65016553432,3.410605131648481e-13,2599.1733101831064,1318.8695927557408,0.0,17714.420563154737,0.0,0.0,0.0,0.0,0.0,0.0,0.0,0.0,0.0,9348.518448,57961.5858445195,735815588.737627,0.0,0.0,0.0,257535456.05816945,0.0,257535456.05816945,0.0,0.0,0.0,147163.1177475254,0.0,147163.1177475254,0.0,0.0,22074.46766212881,0.0,22074.46766212881,0.0,0.0,80939714.76113896,0.0,0.0,0.0,0.0,0.0,0.0,3692051.89164943,257535456.05816945,147163.1177475254,22074.46766212881,735815588.737627,80939714.76113896,77153757.2410317,0.0,0.0,0.0,9577.65016553432,9577.65016553432,8571.711660816654,0.0,1005.938504717666,3.979039320256561e-13,8571.711660816654,8571.711660816654,0.7037703041471188,1.0,100.0,56723.76660401,1000000.0
co/policy_a,2030-09-01,80096.36880106828,75832.29262016763,8929.527451582424,3.410605131648481e-13,2412.3206393028204,1227.9620018736923,0.0,16569.96012696382,0.0,0.0,0.0,0.0,0.0,0.0,0.0,0.0,0.0,6282.659232,53966.385589869176,679883261.2214075,0.0,0.0,0.0,237959141.42749265,0.0,237959141.42749265,0.0,0.0,0.0,135976.65224428152,0.0,135976.65224428152,0.0,0.0,20396.49783664223,0.0,20396.49783664223,0.0,0.0,74787158.73435484,0.0,0.0,0.0,0.0,0.0,0.0,3572003.8164034607,237959141.42749265,135976.65224428152,20396.49783664223,679883261.2214075,74787158.73435484,71114021.59578612,0.0,0.0,0.0,8929.527451582426,8929.527451582424,7980.877160498684,0.0,948.6502910837404,6.572520305780928e-13,7980.877160498684,7980.877160498684,0.711654411665734,1.0,100.0,58575.52214560782,1000000.0
co/policy_a,2030-10-01,76037.63241379987,71055.63137233668,8543.184582239383,3.979039320256561e-13,2317.389437261804,1168.6004824346708,0.0,16128.57208286827,0.0,0.0,0.0,0.0,0.0,0.0,0.0,0.0,0.0,1207.10712,51357.56981026146,661875778.1696436,0.0,0.0,0.0,231656522.35937524,0.0,231656522.35937524,0.0,0.0,0.0,132375.15563392872,0.0,132375.15563392872,0.0,0.0,19856.273345089307,0.0,19856.273345089307,0.0,0.0,72806335.5986608,0.0,0.0,0.0,0.0,0.0,0.0,3689875.353962721,231656522.35937524,132375.15563392872,19856.273345089307,661875778.1696436,72806335.5986608,69059526.16723421,0.0,0.0,0.0,8543.184582239383,8543.184582239383,7595.069624124998,0.0,948.1149581143844,3.765876499528531e-13,7595.069624124998,7595.069624124998,0.7227797265095579,1.0,100.0,61240.133749809225,1000000.0
co/policy_a,2030-11-01,71872.99182693563,67661.38201413308,8090.837731288037,3.1263880373444413e-13,2159.596771629685,1105.746186857683,0.0,15304.62044724638,0.0,0.0,0.0,0.0,0.0,0.0,0.0,0.0,0.0,1894.223184,48595.25375657935,603734315.5291657,0.0,0.0,0.0,211307010.435208,0.0,211307010.435208,0.0,0.0,0.0,120746.86310583317,0.0,120746.86310583317,0.0,0.0,18112.029465874974,0.0,18112.029465874974,0.0,0.0,66410774.70820823,0.0,0.0,0.0,0.0,0.0,0.0,3569757.411755025,211307010.435208,120746.86310583317,18112.029465874974,603734315.5291657,66410774.70820823,62837960.1592482,0.0,0.0,0.0,8090.837731288037,8090.837731288037,7186.561534099251,0.0,904.2761971887862,3.481659405224491e-13,7186.561534099251,7186.561534099251,0.7182125506456369,1.0,100.0,63292.14679098208,1000000.0
co/policy_a,2030-12-01,70521.27264902496,67425.17972498848,8077.606038340072,4.263256414560601e-13,2138.617910891491,1103.8100503463602,0.0,15301.867950318474,0.0,0.0,0.0,0.0,0.0,0.0,0.0,0.0,0.0,1471.756656,48510.16456866861,590983458.5117266,0.0,0.0,0.0,206844210.4791043,0.0,206844210.4791043,0.0,0.0,0.0,118196.69170234531,0.0,118196.69170234531,0.0,0.0,17729.503755351798,0.0,17729.503755351798,0.0,0.0,65008180.43628993,0.0,0.0,0.0,0.0,0.0,0.0,3687778.505652607,206844210.4791043,118196.69170234531,17729.503755351798,590983458.5117266,65008180.43628993,61358763.07402619,0.0,0.0,0.0,8077.606038340073,8077.606038340072,7173.97802773729,0.0,903.6280106027818,5.364597654988756e-13,7173.97802773729,7173.97802773729,0.7194665964040469,1.0,100.0,64249.62180412709,1000000.0
co/policy_b,2029-01-01,68558.75308090751,66553.92219656729,8055.460899950578,1.4210854715202006e-13,2110.472852586385,1091.3332924403585,0.0,15249.39724039996,0.0,0.0,0.0,0.0,0.0,0.0,0.0,0.0,0.0,704.138832,47961.83691110319,581633901.6568493,0.0,0.0,0.0,203571865.5798972,0.0,203571865.5798972,0.0,0.0,0.0,116326.78033136984,0.0,116326.78033136984,0.0,0.0,17449.01704970548,0.0,17449.01704970548,0.0,0.0,63979729.18225342,0.0,0.0,0.0,0.0,0.0,0.0,3687501.74786986,203571865.5798972,116326.78033136984,17449.01704970548,581633901.6568493,63979729.18225342,63902224.62044889,0.0,0.0,0.0,8055.460899950578,8055.460899950578,7092.888000474928,0.0,962.5728994756502,2.131628207280301e-13,7092.888000474928,7092.888000474928,0.7206462869227707,1.0,100.0,65796.35803175384,1000000.0
co/policy_b,2029-02-01,60662.33359813729,59570.992028074266,7202.738046000938,2.842170943040401e-13,1907.34757590253,984.0695151244254,0.0,13647.176864167546,0.0,0.0,0.0,0.0,0.0,0.0,0.0,0.0,0.0,30.272016,43247.81615343734,527369063.92092544,0.0,0.0,0.0,184579172.37232387,0.0,184579172.37232387,0.0,0.0,0.0,105473.8127841851,0.0,105473.8127841851,0.0,0.0,15821.071917627763,0.0,15821.071917627763,0.0,0.0,58010597.0313018,0.0,0.0,0.0,0.0,0.0,0.0,3330707.9691556804,184579172.37232387,105473.8127841851,15821.071917627763,527369063.92092544,58010597.0313018,57801798.0276738,0.0,0.0,0.0,7202.738046000939,7202.738046000938,6395.749954490343,0.0,806.9880915105948,3.836930773104541e-13,6395.749954490344,6395.749954490344,0.7259878454442351,1.0,100.0,64980.35202591433,1000000.0
co/policy_b,2029-03-01,69308.73626367442,69125.14171443546,8258.670833888767,3.694822225952521e-13,2201.052004096333,1128.8513622136427,0.0,15628.344563499537,0.0,0.0,0.0,0.0,0.0,0.0,0.0,0.0,0.0,2020.342608,49610.67833851159,613853403.5660138,0.0,0.0,0.0,214848691.24810484,0.0,214848691.24810484,0.0,0.0,0.0,122770.68071320278,0.0,122770.68071320278,0.0,0.0,18415.602106980416,0.0,18415.602106980416,0.0,0.0,67523874.39226152,0.0,0.0,0.0,0.0,0.0,0.0,3688454.223238229,214848691.24810484,122770.68071320278,18415.602106980416,613853403.5660138,67523874.39226152,67119764.9713504,0.0,0.0,0.0,8258.670833888767,8258.670833888767,7336.728694000232,0.0,921.9421398885346,5.115907697472721e-13,7336.728694000233,7336.728694000233,0.7176936944803592,1.0,100.0,62962.89457105697,1000000.0
co/policy_b,2029-04-01,68226.85574382298,68055.06809233314,8192.422267966156,1.4210854715202006e-13,2213.7181982131,1120.6813392113324,0.0,15475.312803772857,0.0,0.0,0.0,0.0,0.0,0.0,0.0,0.0,0.0,905.057808,49251.62275621505,628855468.5745656,0.0,0.0,0.0,220099414.001098,0.0,220099414.001098,0.0,0.0,0.0,125771.09371491316,0.0,125771.09371491316,0.0,0.0,18865.66405723697,0.0,18865.66405723697,0.0,0.0,69174101.54320222,0.0,0.0,0.0,0.0,0.0,0.0,3570501.90646343,220099414.001098,125771.09371491316,18865.66405723697,628855468.5745656,69174101.54320222,68590784.20679884,0.0,0.0,0.0,8192.422267966156,8192.422267966156,7283.629371805901,0.0,908.792896160254,2.131628207280301e-13,7283.629371805902,7283.629371805902,0.723702497650775,1.0,100.0,60920.964024333705,1000000.0
co/policy_b,2029-05-01,74486.87615799556,74217.10508797679,9036.993488370548,1.9895196601282805e-13,2445.2776339471807,1242.358452254459,0.0,16796.608282263067,0.0,0.0,0.0,0.0,0.0,0.0,0.0,0.0,0.0,341.71320000000003,54599.07975401138,691044693.1745963,0.0,0.0,0.0,241865642.61110872,0.0,241865642.61110872,0.0,0.0,0.0,138208.93863491926,0.0,138208.93863491926,0.0,0.0,20731.34079523789,0.0,20731.34079523789,0.0,0.0,76014916.2492056,0.0,0.0,0.0,0.0,0.0,0.0,3690732.894656834,241865642.61110872,138208.93863491926,20731.34079523789,691044693.1745963,76014916.2492056,75188184.76859345,0.0,0.0,0.0,9036.993488370548,9036.993488370548,8074.44381961419,0.0,962.5496687563588,2.220446049250313e-13,8074.44381961419,8074.44381961419,0.7356670633985218,1.0,100.0,58745.45746040536,1000000.0
co/policy_b,2029-06-01,82457.37014748773,81521.85852502122,9165.168267815763,0.0,2487.24583647932,1261.8616590119625,0.0,16966.840090396523,0.0,0.0,0.0,0.0,0.0,0.0,0.0,0.0,0.0,15148.670256,55456.205279482354,704302142.7020501,0.0,0.0,0.0,246505749.9457175,0.0,246505749.9457175,0.0,0.0,0.0,140860.42854041,0.0,140860.42854041,0.0,0.0,21129.064281061503,0.0,21129.064281061503,0.0,0.0,77473235.69722551,0.0,0.0,0.0,0.0,0.0,0.0,3572724.5144682527,246505749.9457175,140860.42854041,21129.064281061503,704302142.7020501,77473235.69722551,76442030.50363496,0.0,0.0,0.0,9165.168267815763,9165.168267815763,8201.200752752138,0.0,963.967515063625,0.0,8201.200752752138,8201.200752752138,0.6802617884681981,1.0,100.0,57193.72324639257,1000000.0
co/policy_b,2029-07-01,84826.94451366938,82539.79480823872,9630.38099257182,2.273736754432321e-13,2619.727726733001,1326.3614434285678,0.0,17801.109886159673,0.0,0.0,0.0,0.0,0.0,0.0,0.0,0.0,0.0,8818.380815999999,58290.8371581388,743930586.5843725,0.0,0.0,0.0,260375705.3045304,0.0,260375705.3045304,0.0,0.0,0.0,148786.11731687453,0.0,148786.11731687453,0.0,0.0,22317.917597531177,0.0,22317.917597531177,0.0,0.0,81832364.52428098,0.0,0.0,0.0,0.0,0.0,0.0,3692291.9821261647,260375705.3045304,148786.11731687453,22317.917597531177,743930586.5843725,81832364.52428098,80544310.84213676,0.0,0.0,0.0,9630.38099257182,9630.38099257182,8620.403346580055,0.0,1009.9776459917646,1.8829382497642652e-13,8620.403346580055,8620.403346580055,0.7062149511464559,1.0,100.0,56861.145225090215,1000000.0
co/policy_b,2029-08-01,85310.56126236168,81552.76954659603,9427.051751458155,1.7053025658242404e-13,2568.66847829316,1297.5625885449454,0.0,17452.363157639542,0.0,0.0,0.0,0.0,0.0,0.0,0.0,0.0,0.0,10266.90936,57025.18715852577,731750140.7630086,0.0,0.0,0.0,256112549.26705295,0.0,256112549.26705295,0.0,0.0,0.0,146350.02815260174,0.0,146350.02815260174,0.0,0.0,21952.504222890257,0.0,21952.504222890257,0.0,0.0,80492515.48393095,0.0,0.0,0.0,0.0,0.0,0.0,3691934.397775401,256112549.26705295,146350.02815260174,21952.504222890257,731750140.7630086,80492515.48393095,79027514.1259695,0.0,0.0,0.0,9427.051751458155,9427.051751458155,8433.231330802275,0.0,993.8204206558802,1.3855583347321956e-13,8433.231330802275,8433.231330802275,0.699242802857159,1.0,100.0,58050.26846256272,1000000.0
co/policy_b,2029-09-01,82016.3446633201,77996.2020214458,9010.964929910118,0.0,2427.819392784683,1239.575834638592,0.0,16712.341855043727,0.0,0.0,0.0,0.0,0.0,0.0,0.0,0.0,0.0,9784.150368,54476.78947550285,681331265.8178784,0.0,0.0,0.0,238465943.03625745,0.0,238465943.03625745,0.0,0.0,0.0,136266.2531635757,0.0,136266.2531635757,0.0,0.0,20439.93797453635,0.0,20439.93797453635,0.0,0.0,74946439.23996663,0.0,0.0,0.0,0.0,0.0,0.0,3572045.034352135,238465943.03625745,136266.2531635757,20439.93797453635,681331265.8178784,74946439.23996663,73401513.6190047,0.0,0.0,0.0,9010.964929910118,9010.964929910118,8056.358789830707,0.0,954.6061400794116,0.0,8056.358789830707,8056.358789830707,0.6984543870549483,1.0,100.0,59642.59171165232,1000000.0
co/policy_b,2029-10-01,78374.99215132138,73851.74274762756,8652.488569222805,2.273736754432321e-13,2341.5034560070503,1183.3848845141488,0.0,16335.10509732561,0.0,0.0,0.0,0.0,0.0,0.0,0.0,0.0,0.0,5615.41704,52007.313647708674,666709277.8461741,0.0,0.0,0.0,233348247.24616092,0.0,233348247.24616092,0.0,0.0,0.0,133341.85556923485,0.0,133341.85556923485,0.0,0.0,20001.278335385225,0.0,20001.278335385225,0.0,0.0,73338020.56307916,0.0,0.0,0.0,0.0,0.0,0.0,3690016.4917688905,233348247.24616092,133341.85556923485,20001.278335385225,666709277.8461741,73338020.56307916,71649698.49719661,0.0,0.0,0.0,8652.488569222805,8652.488569222805,7691.157692573122,0.0,961.330876649683,2.557953848736361e-13,7691.157692573122,7691.157692573122,0.7042124087096018,1.0,100.0,61824.337659339086,1000000.0
co/policy_b,2029-11-01,71813.68860934541,67701.82102483937,8089.602014667831,2.842170943040401e-13,2161.010776930782,1105.782802674103,0.0,15301.42762203198,0.0,0.0,0.0,0.0,0.0,0.0,0.0,0.0,0.0,2000.217168,48596.8629458414,604666685.0917683,0.0,0.0,0.0,211633339.7821189,0.0,211633339.7821189,0.0,0.0,0.0,120933.33701835366,0.0,120933.33701835366,0.0,0.0,18140.00055275305,0.0,18140.00055275305,0.0,0.0,66513335.36009451,0.0,0.0,0.0,0.0,0.0,0.0,3569785.151268771,211633339.7821189,120933.33701835366,18140.00055275305,604666685.0917683,66513335.36009451,64821388.20916224,0.0,0.0,0.0,8089.602014667831,8089.60201466783,7186.799510789519,0.0,902.802503878311,4.263256414560601e-13,7186.799510789519,7186.799510789519,0.7178073234988984,1.0,100.0,63775.19446691432,1000000.0
co/policy_b,2029-12-01,72863.41147656337,69542.36858820735,8170.923091836931,3.410605131648481e-13,2156.960389216072,1116.3430827621162,0.0,15479.689112169934,0.0,0.0,0.0,0.0,0.0,0.0,0.0,0.0,0.0,4607.300208000001,49060.96537433441,593653261.927274,0.0,0.0,0.0,207778641.67454588,0.0,207778641.67454588,0.0,0.0,0.0,118730.6523854548,0.0,118730.6523854548,0.0,0.0,17809.59785781822,0.0,17809.59785781822,0.0,0.0,65301858.81200014,0.0,0.0,0.0,0.0,0.0,0.0,3687855.690127008,207778641.67454588,118730.6523854548,17809.59785781822,593653261.927274,65301858.81200014,63483911.34899284,0.0,0.0,0.0,8170.923091836931,8170.923091836931,7255.433799174903,0.0,915.4892926620284,4.263256414560601e-13,7255.433799174903,7255.433799174903,0.7054830942680018,1.0,100.0,64939.27696605428,1000000.0
co/policy_b,2030-01-01,68933.07514636165,66793.89466285252,8013.46453742889,3.694822225952521e-13,2112.9282570977603,1094.9080045544758,0.0,15188.810451942036,0.0,0.0,0.0,0.0,0.0,0.0,0.0,0.0,0.0,1197.1282560000004,48118.93810155444,580476478.781357,0.0,0.0,0.0,203166767.57347497,0.0,203166767.57347497,0.0,0.0,0.0,116095.2957562714,0.0,116095.2957562714,0.0,0.0,17414.294363440713,0.0,17414.294363440713,0.0,0.0,63852412.66594928,0.0,0.0,0.0,0.0,0.0,0.0,3687467.612927268,203166767.57347497,116095.2957562714,17414.294363440713,580476478.781357,63852412.66594928,61918630.24663132,0.0,0.0,0.0,8013.46453742889,8013.464537428889,7116.1210795306215,0.0,897.3434578982681,5.098144129078719e-13,7116.1210795306215,7116.1210795306215,0.7204092281852794,1.0,100.0,64965.52919246564,1000000.0
co/policy_b,2030-02-01,61530.11598820031,60963.70634149887,7308.877830229037,2.557953848736361e-13,1930.0713815979664,998.4500255190792,0.0,13848.29250626318,0.0,0.0,0.0,0.0,0.0,0.0,0.0,0.0,0.0,1237.546848,43879.80978821826,531572928.308136,0.0,0.0,0.0,186050524.9078476,0.0,186050524.9078476,0.0,0.0,0.0,106314.5856616272,0.0,106314.5856616272,0.0,0.0,15947.18784924408,0.0,15947.18784924408,0.0,0.0,58473022.11389496,0.0,0.0,0.0,0.0,0.0,0.0,3330830.457944553,186050524.9078476,106314.5856616272,15947.18784924408,531572928.308136,58473022.11389496,56566563.91638909,0.0,0.0,0.0,7308.877830229037,7308.877830229037,6489.213015065415,0.0,819.6648151636226,3.836930773104541e-13,6489.213015065415,6489.213015065415,0.7197693910277998,1.0,100.0,63601.867457569126,1000000.0
co/policy_b,2030-03-01,67557.95360244322,67430.17779197812,8093.082139114134,3.1263880373444413e-13,2163.418073874868,1106.1897377884943,0.0,15315.766247643513,0.0,0.0,0.0,0.0,0.0,0.0,0.0,0.0,0.0,1256.666016,48614.74690093104,605988596.0068973,0.0,0.0,0.0,212096008.60241407,0.0,212096008.60241407,0.0,0.0,0.0,121197.71920137948,0.0,121197.71920137948,0.0,0.0,18179.65788020692,0.0,18179.65788020692,0.0,0.0,66658745.56075871,0.0,0.0,0.0,0.0,0.0,0.0,3688224.299155461,212096008.60241407,121197.71920137948,18179.65788020692,605988596.0068973,66658745.56075871,64331432.7775039,0.0,0.0,0.0,8093.082139114134,8093.082139114134,7189.444298784014,0.0,903.6378403301204,4.689582056016661e-13,7189.444298784014,7189.444298784014,0.7209642402383601,1.0,100.0,61566.22519415935,1000000.0
co/policy_b,2030-04-01,69060.24476064742,68874.34523382761,8202.779425664086,2.842170943040401e-13,2217.7279598072155,1122.100851079442,0.0,15493.63666967467,0.0,0.0,0.0,0.0,0.0,0.0,0.0,0.0,0.0,2614.713935999999,49314.00736152605,630472003.7599343,0.0,0.0,0.0,220665201.315977,0.0,220665201.315977,0.0,0.0,0.0,126094.40075198688,0.0,126094.40075198688,0.0,0.0,18914.16011279803,0.0,18914.16011279803,0.0,0.0,69351920.41359279,0.0,0.0,0.0,0.0,0.0,0.0,3570549.727917902,220665201.315977,126094.40075198688,18914.16011279803,630472003.7599343,69351920.41359279,66765504.34636827,0.0,0.0,0.0,8202.779425664086,8202.779425664086,7292.855186472776,0.0,909.9242391913097,4.263256414560601e-13,7292.855186472777,7292.855186472777,0.7159996540672083,1.0,100.0,59534.39676117194,1000000.0
co/policy_b,2030-05-01,74888.67361155064,74570.7549896533,9100.018054469889,1.9895196601282805e-13,2458.7841682883072,1251.248056281851,0.0,16905.847882601734,0.0,0.0,0.0,0.0,0.0,0.0,0.0,0.0,0.0,0.0,54989.75943135602,693271153.0978847,0.0,0.0,0.0,242644903.5842596,0.0,242644903.5842596,0.0,0.0,0.0,138654.23061957693,0.0,138654.23061957693,0.0,0.0,20798.134592936534,0.0,20798.134592936534,0.0,0.0,76259826.84076731,0.0,0.0,0.0,0.0,0.0,0.0,3690797.679168517,242644903.5842596,138654.23061957693,20798.134592936534,693271153.0978847,76259826.84076731,73234929.3694311,0.0,0.0,0.0,9100.018054469889,9100.018054469889,8132.219905225827,0.0,967.798149244062,2.220446049250313e-13,8132.219905225827,8132.219905225827,0.7374172279600206,1.0,100.0,57393.53121478098,1000000.0
co/policy_b,2030-06-01,79604.58768372674,78204.62056552517,8963.418497903409,2.557953848736361e-13,2441.929283378196,1233.443376425318,0.0,16618.293815086352,0.0,0.0,0.0,0.0,0.0,0.0,0.0,0.0,0.0,11163.33,54207.28064375858,695729555.6720318,0.0,0.0,0.0,243505344.4852111,0.0,243505344.4852111,0.0,0.0,0.0,139145.91113440634,0.0,139145.91113440634,0.0,0.0,20871.88667016095,0.0,20871.88667016095,0.0,0.0,76530251.1239235,0.0,0.0,0.0,0.0,0.0,0.0,3572474.153385716,243505344.4852111,139145.91113440634,20871.88667016095,695729555.6720318,76530251.1239235,73313457.90372083,0.0,0.0,0.0,8963.418497903409,8963.418497903409,8016.50218545911,0.0,946.9163124443,2.255973186038318e-13,8016.50218545911,8016.50218545911,0.6931467763895104,1.0,100.0,56351.56904960432,1000000.0
co/policy_b,2030-07-01,85412.30923164569,83266.79453194849,9440.494623955285,1.7053025658242404e-13,2581.005864908219,1299.7196819005503,0.0,17471.198300367654,0.0,0.0,0.0,0.0,0.0,0.0,0.0,0.0,0.0,13999.591488,57119.9869419102,738452467.8636523,0.0,0.0,0.0,258458363.7522783,0.0,258458363.7522783,0.0,0.0,0.0,147690.49357273048,0.0,147690.49357273048,0.0,0.0,22153.574035909573,0.0,22153.574035909573,0.0,0.0,81229771.46500176,0.0,0.0,0.0,0.0,0.0,0.0,3692133.3532650014,258458363.7522783,147690.49357273048,22153.574035909573,738452467.8636523,81229771.46500176,77624379.32757905,0.0,0.0,0.0,9440.494623955285,9440.494623955285,8447.250899053202,0.0,993.2437249020836,1.3855583347321956e-13,8447.250899053202,8447.250899053202,0.685987580799618,1.0,100.0,55916.077884393286,1000000.0
co/policy_b,2030-08-01,85765.53147488482,82358.669445085,9577.65016553432,2.273736754432321e-13,2599.1733101831064,1318.8695927557408,0.0,17714.420563154737,0.0,0.0,0.0,0.0,0.0,0.0,0.0,0.0,0.0,9348.518448,57961.5858445195,735815588.737627,0.0,0.0,0.0,257535456.05816945,0.0,257535456.05816945,0.0,0.0,0.0,147163.1177475254,0.0,147163.1177475254,0.0,0.0,22074.46766212881,0.0,22074.46766212881,0.0,0.0,80939714.76113896,0.0,0.0,0.0,0.0,0.0,0.0,3692051.8916494297,257535456.05816945,147163.1177475254,22074.46766212881,735815588.737627,80939714.76113896,77153757.2410317,0.0,0.0,0.0,9577.65016553432,9577.65016553432,8571.711660816653,0.0,1005.938504717666,1.8829382497642652e-13,8571.711660816653,8571.711660816653,0.7037703041471188,1.0,100.0,56723.76660401,1000000.0
co/policy_b,2030-09-01,80096.36880106828,75832.29262016763,8929.527451582424,3.979039320256561e-13,2412.3206393028204,1227.9620018736923,0.0,16569.96012696382,0.0,0.0,0.0,0.0,0.0,0.0,0.0,0.0,0.0,6282.659232,53966.385589869176,679883261.2214075,0.0,0.0,0.0,237959141.42749265,0.0,237959141.42749265,0.0,0.0,0.0,135976.65224428152,0.0,135976.65224428152,0.0,0.0,20396.49783664223,0.0,20396.49783664223,0.0,0.0,74787158.73435484,0.0,0.0,0.0,0.0,0.0,0.0,3572003.8164034607,237959141.42749265,135976.65224428152,20396.49783664223,679883261.2214075,74787158.73435484,71114021.59578612,0.0,0.0,0.0,8929.527451582424,8929.527451582424,7980.877160498683,0.0,948.6502910837404,3.144151605738444e-13,7980.877160498683,7980.877160498683,0.711654411665734,1.0,100.0,58575.52214560782,1000000.0
co/policy_b,2030-10-01,76037.63241379987,71055.63137233668,8543.184582239383,3.979039320256561e-13,2317.389437261804,1168.6004824346703,0.0,16128.572082868268,0.0,0.0,0.0,0.0,0.0,0.0,0.0,0.0,0.0,1207.10712,51357.56981026146,661875778.1696436,0.0,0.0,0.0,231656522.35937524,0.0,231656522.35937524,0.0,0.0,0.0,132375.15563392872,0.0,132375.15563392872,0.0,0.0,19856.273345089307,0.0,19856.273345089307,0.0,0.0,72806335.5986608,0.0,0.0,0.0,0.0,0.0,0.0,3689875.353962721,231656522.35937524,132375.15563392872,19856.273345089307,661875778.1696436,72806335.5986608,69059526.16723421,0.0,0.0,0.0,8543.184582239383,8543.18458223938,7595.069624124997,0.0,948.1149581143844,5.542233338928781e-13,7595.069624124998,7595.069624124998,0.7227797265095579,1.0,99.99999999999996,61240.133749809225,1000000.0
co/policy_b,2030-11-01,71872.99182693561,67661.38201413308,8090.837731288037,3.979039320256561e-13,2159.596771629685,1105.746186857683,0.0,15304.620447246378,0.0,0.0,0.0,0.0,0.0,0.0,0.0,0.0,0.0,1894.223184,48595.25375657934,603734315.5291657,0.0,0.0,0.0,211307010.435208,0.0,211307010.435208,0.0,0.0,0.0,120746.86310583317,0.0,120746.86310583317,0.0,0.0,18112.029465874974,0.0,18112.029465874974,0.0,0.0,66410774.70820823,0.0,0.0,0.0,0.0,0.0,0.0,3569757.4117550245,211307010.435208,120746.86310583317,18112.029465874974,603734315.5291657,66410774.70820823,62837960.1592482,0.0,0.0,0.0,8090.837731288037,8090.837731288037,7186.56153409925,0.0,904.276197188786,4.689582056016661e-13,7186.561534099251,7186.561534099251,0.7182125506456369,1.0,100.0,63292.14679098208,1000000.0
co/policy_b,2030-12-01,70521.27264902496,67425.17972498847,8077.606038340072,5.400124791776761e-13,2138.617910891491,1103.8100503463602,0.0,15301.867950318474,0.0,0.0,0.0,0.0,0.0,0.0,0.0,0.0,0.0,1471.756656,48510.16456866861,590983458.5117266,0.0,0.0,0.0,206844210.4791043,0.0,206844210.4791043,0.0,0.0,0.0,118196.69170234531,0.0,118196.69170234531,0.0,0.0,17729.503755351798,0.0,17729.503755351798,0.0,0.0,65008180.43628993,0.0,0.0,0.0,0.0,0.0,0.0,3687778.505652607,206844210.4791043,118196.69170234531,17729.503755351798,590983458.5117266,65008180.43628993,61358763.07402619,0.0,0.0,0.0,8077.606038340072,8077.606038340071,7173.978027737289,0.0,903.6280106027818,6.803446694902959e-13,7173.97802773729,7173.97802773729,0.719466596404047,1.0,100.0,64249.62180412709,1000000.0
co/policy_c,2029-01-01,68558.75308090751,66553.92219656729,8055.460899950578,1.7053025658242404e-13,2110.472852586385,1091.3332924403585,0.0,15249.39724039996,0.0,0.0,0.0,0.0,0.0,0.0,0.0,0.0,0.0,704.138832,47961.83691110319,581633901.6568493,0.0,0.0,0.0,203571865.5798972,0.0,203571865.5798972,0.0,0.0,0.0,116326.78033136984,0.0,116326.78033136984,0.0,0.0,17449.01704970548,0.0,17449.01704970548,0.0,0.0,63979729.18225342,0.0,0.0,0.0,0.0,0.0,0.0,3687501.74786986,203571865.5798972,116326.78033136984,17449.01704970548,581633901.6568493,63979729.18225342,63902224.62044889,0.0,0.0,0.0,8055.460899950578,8055.460899950578,7092.888000474928,0.0,962.5728994756502,3.0553337637684313e-13,7092.888000474928,7092.888000474928,0.7206462869227707,1.0,100.0,65796.35803175384,1000000.0
co/policy_c,2029-02-01,60662.33359813729,59570.992028074266,7202.738046000938,1.9895196601282805e-13,1907.34757590253,984.0695151244254,0.0,13647.176864167546,0.0,0.0,0.0,0.0,0.0,0.0,0.0,0.0,0.0,30.272016,43247.81615343734,527369063.92092544,0.0,0.0,0.0,184579172.37232387,0.0,184579172.37232387,0.0,0.0,0.0,105473.8127841851,0.0,105473.8127841851,0.0,0.0,15821.071917627763,0.0,15821.071917627763,0.0,0.0,58010597.0313018,0.0,0.0,0.0,0.0,0.0,0.0,3330707.9691556804,184579172.37232387,105473.8127841851,15821.071917627763,527369063.92092544,58010597.0313018,57801798.0276738,0.0,0.0,0.0,7202.738046000939,7202.738046000938,6395.749954490343,0.0,806.9880915105949,2.859934511434403e-13,6395.749954490344,6395.749954490344,0.7259878454442351,1.0,100.0,64980.35202591433,1000000.0
co/policy_c,2029-03-01,69308.73626367442,69125.14171443546,8258.670833888767,3.694822225952521e-13,2201.052004096333,1128.8513622136427,0.0,15628.344563499537,0.0,0.0,0.0,0.0,0.0,0.0,0.0,0.0,0.0,2020.342608,49610.67833851159,613853403.5660138,0.0,0.0,0.0,214848691.24810484,0.0,214848691.24810484,0.0,0.0,0.0,122770.68071320278,0.0,122770.68071320278,0.0,0.0,18415.602106980416,0.0,18415.602106980416,0.0,0.0,67523874.39226152,0.0,0.0,0.0,0.0,0.0,0.0,3688454.223238229,214848691.24810484,122770.68071320278,18415.602106980416,613853403.5660138,67523874.39226152,67119764.9713504,0.0,0.0,0.0,8258.670833888767,8258.670833888767,7336.728694000232,0.0,921.9421398885346,4.227729277772596e-13,7336.728694000233,7336.728694000233,0.7176936944803592,1.0,100.0,62962.89457105697,1000000.0
co/policy_c,2029-04-01,68226.85574382298,68055.06809233314,8192.422267966156,1.7053025658242404e-13,2213.7181982131,1120.6813392113324,0.0,15475.312803772857,0.0,0.0,0.0,0.0,0.0,0.0,0.0,0.0,0.0,905.057808,49251.62275621505,628855468.5745656,0.0,0.0,0.0,220099414.001098,0.0,220099414.001098,0.0,0.0,0.0,125771.09371491316,0.0,125771.09371491316,0.0,0.0,18865.66405723697,0.0,18865.66405723697,0.0,0.0,69174101.54320222,0.0,0.0,0.0,0.0,0.0,0.0,3570501.90646343,220099414.001098,125771.09371491316,18865.66405723697,628855468.5745656,69174101.54320222,68590784.20679884,0.0,0.0,0.0,8192.422267966156,8192.422267966156,7283.629371805901,0.0,908.792896160254,2.771116669464391e-13,7283.629371805901,7283.629371805901,0.723702497650775,1.0,100.0,60920.964024333705,1000000.0
co/policy_c,2029-05-01,74486.87615799556,74217.10508797679,9036.993488370548,1.9895196601282805e-13,2445.2776339471807,1242.358452254459,0.0,16796.608282263067,0.0,0.0,0.0,0.0,0.0,0.0,0.0,0.0,0.0,341.71320000000003,54599.07975401138,691044693.1745963,0.0,0.0,0.0,241865642.61110872,0.0,241865642.61110872,0.0,0.0,0.0,138208.93863491926,0.0,138208.93863491926,0.0,0.0,20731.34079523789,0.0,20731.34079523789,0.0,0.0,76014916.2492056,0.0,0.0,0.0,0.0,0.0,0.0,3690732.894656834,241865642.61110872,138208.93863491926,20731.34079523789,691044693.1745963,76014916.2492056,75188184.76859345,0.0,0.0,0.0,9036.993488370548,9036.993488370548,8074.44381961419,0.0,962.5496687563588,3.3750779948604764e-13,8074.44381961419,8074.44381961419,0.7356670633985218,1.0,100.0,58745.45746040535,1000000.0
co/policy_c,2029-06-01,82457.37014748773,81521.85852502122,9165.168267815763,0.0,2487.24583647932,1261.8616590119625,0.0,16966.840090396523,0.0,0.0,0.0,0.0,0.0,0.0,0.0,0.0,0.0,15148.670256,55456.205279482354,704302142.7020501,0.0,0.0,0.0,246505749.9457175,0.0,246505749.9457175,0.0,0.0,0.0,140860.42854041,0.0,140860.42854041,0.0,0.0,21129.064281061503,0.0,21129.064281061503,0.0,0.0,77473235.69722551,0.0,0.0,0.0,0.0,0.0,0.0,3572724.514468252,246505749.9457175,140860.42854041,21129.064281061503,704302142.7020501,77473235.69722551,76442030.50363496,0.0,0.0,0.0,9165.168267815763,9165.168267815763,8201.200752752138,0.0,963.967515063625,1.9895196601282805e-13,8201.200752752138,8201.200752752138,0.6802617884681981,1.0,100.0,57193.72324639257,1000000.0
co/policy_c,2029-07-01,84826.94451366938,82539.79480823872,9630.38099257182,2.273736754432321e-13,2619.727726733001,1326.3614434285678,0.0,17801.109886159673,0.0,0.0,0.0,0.0,0.0,0.0,0.0,0.0,0.0,8818.380815999999,58290.8371581388,743930586.5843725,0.0,0.0,0.0,260375705.3045304,0.0,260375705.3045304,0.0,0.0,0.0,148786.11731687453,0.0,148786.11731687453,0.0,0.0,22317.917597531177,0.0,22317.917597531177,0.0,0.0,81832364.52428098,0.0,0.0,0.0,0.0,0.0,0.0,3692291.9821261647,260375705.3045304,148786.11731687453,22317.917597531177,743930586.5843725,81832364.52428098,80544310.84213676,0.0,0.0,0.0,9630.38099257182,9630.38099257182,8620.403346580055,0.0,1009.9776459917646,4.121147867408581e-13,8620.403346580055,8620.403346580055,0.7062149511464559,1.0,100.0,56861.14522509021,1000000.0
co/policy_c,2029-08-01,85310.56126236168,81552.76954659603,9427.051751458155,1.7053025658242404e-13,2568.66847829316,1297.5625885449454,0.0,17452.363157639542,0.0,0.0,0.0,0.0,0.0,0.0,0.0,0.0,0.0,10266.90936,57025.18715852577,731750140.7630086,0.0,0.0,0.0,256112549.26705295,0.0,256112549.26705295,0.0,0.0,0.0,146350.02815260174,0.0,146350.02815260174,0.0,0.0,21952.504222890257,0.0,21952.504222890257,0.0,0.0,80492515.48393095,0.0,0.0,0.0,0.0,0.0,0.0,3691934.397775401,256112549.26705295,146350.02815260174,21952.504222890257,731750140.7630086,80492515.48393095,79027514.1259695,0.0,0.0,0.0,9427.051751458155,9427.051751458155,8433.231330802275,0.0,993.8204206558802,3.2329694477084564e-13,8433.231330802275,8433.231330802275,0.699242802857159,1.0,100.0,58050.26846256271,1000000.0
co/policy_c,2029-09-01,82016.3446633201,77996.2020214458,9010.964929910118,0.0,2427.819392784683,1239.575834638592,0.0,16712.341855043727,0.0,0.0,0.0,0.0,0.0,0.0,0.0,0.0,0.0,9784.150368,54476.78947550285,681331265.8178784,0.0,0.0,0.0,238465943.03625745,0.0,238465943.03625745,0.0,0.0,0.0,136266.2531635757,0.0,136266.2531635757,0.0,0.0,20439.93797453635,0.0,20439.93797453635,0.0,0.0,74946439.23996663,0.0,0.0,0.0,0.0,0.0,0.0,3572045.034352135,238465943.03625745,136266.2531635757,20439.93797453635,681331265.8178784,74946439.23996663,73401513.6190047,0.0,0.0,0.0,9010.964929910118,9010.964929910118,8056.358789830707,0.0,954.6061400794116,2.415845301584341e-13,8056.358789830707,8056.358789830707,0.6984543870549483,1.0,100.0,59642.59171165232,1000000.0
co/policy_c,2029-10-01,78374.99215132138,73851.74274762756,8652.488569222805,2.557953848736361e-13,2341.5034560070503,1183.3848845141488,0.0,16335.10509732561,0.0,0.0,0.0,0.0,0.0,0.0,0.0,0.0,0.0,5615.41704,52007.313647708674,666709277.8461741,0.0,0.0,0.0,233348247.24616092,0.0,233348247.24616092,0.0,0.0,0.0,133341.85556923485,0.0,133341.85556923485,0.0,0.0,20001.278335385225,0.0,20001.278335385225,0.0,0.0,73338020.56307916,0.0,0.0,0.0,0.0,0.0,0.0,3690016.4917688905,233348247.24616092,133341.85556923485,20001.278335385225,666709277.8461741,73338020.56307916,71649698.49719661,0.0,0.0,0.0,8652.488569222805,8652.488569222805,7691.157692573122,0.0,961.330876649683,4.689582056016661e-13,7691.157692573122,7691.157692573122,0.7042124087096018,1.0,100.0,61824.33765933908,1000000.0
co/policy_c,2029-11-01,71813.68860934541,67701.82102483937,8089.602014667831,2.842170943040401e-13,2161.010776930782,1105.782802674103,0.0,15301.42762203198,0.0,0.0,0.0,0.0,0.0,0.0,0.0,0.0,0.0,2000.217168,48596.8629458414,604666685.0917683,0.0,0.0,0.0,211633339.7821189,0.0,211633339.7821189,0.0,0.0,0.0,120933.33701835366,0.0,120933.33701835366,0.0,0.0,18140.00055275305,0.0,18140.00055275305,0.0,0.0,66513335.36009451,0.0,0.0,0.0,0.0,0.0,0.0,3569785.1512687714,211633339.7821189,120933.33701835366,18140.00055275305,604666685.0917683,66513335.36009451,64821388.20916224,0.0,0.0,0.0,8089.602014667831,8089.60201466783,7186.799510789519,0.0,902.802503878311,3.0908609005564363e-13,7186.799510789519,7186.799510789519,0.7178073234988984,1.0,100.0,63775.19446691432,1000000.0
co/policy_c,2029-12-01,72863.41147656337,69542.36858820735,8170.923091836931,3.410605131648481e-13,2156.960389216072,1116.3430827621162,0.0,15479.689112169934,0.0,0.0,0.0,0.0,0.0,0.0,0.0,0.0,0.0,4607.300208000001,49060.96537433441,593653261.927274,0.0,0.0,0.0,207778641.67454588,0.0,207778641.67454588,0.0,0.0,0.0,118730.6523854548,0.0,118730.6523854548,0.0,0.0,17809.59785781822,0.0,17809.59785781822,0.0,0.0,65301858.81200014,0.0,0.0,0.0,0.0,0.0,0.0,3687855.690127008,207778641.67454588,118730.6523854548,17809.59785781822,593653261.927274,65301858.81200014,63483911.34899284,0.0,0.0,0.0,8170.923091836931,8170.92309183693,7255.433799174903,0.0,915.4892926620284,4.511946372076636e-13,7255.433799174903,7255.433799174903,0.7054830942680018,1.0,100.0,64939.27696605428,1000000.0
co/policy_c,2030-01-01,68933.07514636165,66793.89466285252,8013.46453742889,3.694822225952521e-13,2112.9282570977603,1094.9080045544758,0.0,15188.810451942036,0.0,0.0,0.0,0.0,0.0,0.0,0.0,0.0,0.0,1197.1282560000004,48118.93810155444,580476478.781357,0.0,0.0,0.0,203166767.57347497,0.0,203166767.57347497,0.0,0.0,0.0,116095.2957562714,0.0,116095.2957562714,0.0,0.0,17414.294363440713,0.0,17414.294363440713,0.0,0.0,63852412.66594928,0.0,0.0,0.0,0.0,0.0,0.0,3687467.612927268,203166767.57347497,116095.2957562714,17414.294363440713,580476478.781357,63852412.66594928,61918630.24663132,0.0,0.0,0.0,8013.46453742889,8013.464537428889,7116.1210795306215,0.0,897.3434578982681,5.044853423896711e-13,7116.1210795306215,7116.1210795306215,0.7204092281852794,1.0,100.0,64965.52919246564,1000000.0
co/policy_c,2030-02-01,61530.11598820031,60963.70634149887,7308.877830229037,2.557953848736361e-13,1930.0713815979664,998.4500255190792,0.0,13848.29250626318,0.0,0.0,0.0,0.0,0.0,0.0,0.0,0.0,0.0,1237.546848,43879.80978821826,531572928.308136,0.0,0.0,0.0,186050524.9078476,0.0,186050524.9078476,0.0,0.0,0.0,106314.5856616272,0.0,106314.5856616272,0.0,0.0,15947.18784924408,0.0,15947.18784924408,0.0,0.0,58473022.11389496,0.0,0.0,0.0,0.0,0.0,0.0,3330830.457944553,186050524.9078476,106314.5856616272,15947.18784924408,531572928.308136,58473022.11389496,56566563.91638909,0.0,0.0,0.0,7308.877830229037,7308.877830229037,6489.213015065415,0.0,819.6648151636227,2.380318164796336e-13,6489.213015065415,6489.213015065415,0.7197693910277998,1.0,100.0,63601.86745756912,1000000.0
co/policy_c,2030-03-01,67557.95360244322,67430.17779197812,8093.082139114134,3.410605131648481e-13,2163.418073874868,1106.1897377884943,0.0,15315.766247643513,0.0,0.0,0.0,0.0,0.0,0.0,0.0,0.0,0.0,1256.666016,48614.74690093104,605988596.0068973,0.0,0.0,0.0,212096008.60241407,0.0,212096008.60241407,0.0,0.0,0.0,121197.71920137948,0.0,121197.71920137948,0.0,0.0,18179.65788020692,0.0,18179.65788020692,0.0,0.0,66658745.56075871,0.0,0.0,0.0,0.0,0.0,0.0,3688224.2991554616,212096008.60241407,121197.71920137948,18179.65788020692,605988596.0068973,66658745.56075871,64331432.7775039,0.0,0.0,0.0,8093.082139114134,8093.082139114134,7189.444298784014,0.0,903.6378403301204,3.463895836830489e-13,7189.444298784014,7189.444298784014,0.7209642402383601,1.0,100.0,61566.22519415934,1000000.0
co/policy_c,2030-04-01,69060.24476064742,68874.34523382761,8202.779425664086,2.842170943040401e-13,2217.7279598072155,1122.100851079442,0.0,15493.63666967467,0.0,0.0,0.0,0.0,0.0,0.0,0.0,0.0,0.0,2614.713935999999,49314.00736152605,630472003.7599343,0.0,0.0,0.0,220665201.315977,0.0,220665201.315977,0.0,0.0,0.0,126094.40075198688,0.0,126094.40075198688,0.0,0.0,18914.16011279803,0.0,18914.16011279803,0.0,0.0,69351920.41359279,0.0,0.0,0.0,0.0,0.0,0.0,3570549.727917902,220665201.315977,126094.40075198688,18914.16011279803,630472003.7599343,69351920.41359279,66765504.34636827,0.0,0.0,0.0,8202.779425664086,8202.779425664086,7292.855186472777,0.0,909.9242391913097,3.3750779948604764e-13,7292.855186472777,7292.855186472777,0.7159996540672083,1.0,100.0,59534.39676117194,1000000.0
co/policy_c,2030-05-01,74888.67361155064,74570.7549896533,9100.018054469889,1.9895196601282805e-13,2458.7841682883072,1251.248056281851,0.0,16905.847882601734,0.0,0.0,0.0,0.0,0.0,0.0,0.0,0.0,0.0,0.0,54989.75943135602,693271153.0978847,0.0,0.0,0.0,242644903.5842596,0.0,242644903.5842596,0.0,0.0,0.0,138654.23061957693,0.0,138654.23061957693,0.0,0.0,20798.134592936534,0.0,20798.134592936534,0.0,0.0,76259826.84076731,0.0,0.0,0.0,0.0,0.0,0.0,3690797.679168517,242644903.5842596,138654.23061957693,20798.134592936534,693271153.0978847,76259826.84076731,73234929.3694311,0.0,0.0,0.0,9100.018054469889,9100.018054469889,8132.219905225827,0.0,967.798149244062,4.156675004196586e-13,8132.219905225827,8132.219905225827,0.7374172279600206,1.0,100.0,57393.531214780975,1000000.0
co/policy_c,2030-06-01,79604.58768372674,78204.62056552517,8963.418497903409,2.557953848736361e-13,2441.929283378196,1233.443376425318,0.0,16618.293815086352,0.0,0.0,0.0,0.0,0.0,0.0,0.0,0.0,0.0,11163.33,54207.28064375858,695729555.6720318,0.0,0.0,0.0,243505344.4852111,0.0,243505344.4852111,0.0,0.0,0.0,139145.91113440634,0.0,139145.91113440634,0.0,0.0,20871.88667016095,0.0,20871.88667016095,0.0,0.0,76530251.1239235,0.0,0.0,0.0,0.0,0.0,0.0,3572474.153385716,243505344.4852111,139145.91113440634,20871.88667016095,695729555.6720318,76530251.1239235,73313457.90372083,0.0,0.0,0.0,8963.418497903409,8963.418497903409,8016.50218545911,0.0,946.9163124443,4.085620730620576e-13,8016.50218545911,8016.50218545911,0.6931467763895104,1.0,100.0,56351.56904960432,1000000.0
co/policy_c,2030-07-01,85412.30923164569,83266.79453194849,9440.494623955285,1.7053025658242404e-13,2581.005864908219,1299.7196819005503,0.0,17471.198300367654,0.0,0.0,0.0,0.0,0.0,0.0,0.0,0.0,0.0,13999.591488,57119.9869419102,738452467.8636523,0.0,0.0,0.0,258458363.7522783,0.0,258458363.7522783,0.0,0.0,0.0,147690.49357273048,0.0,147690.49357273048,0.0,0.0,22153.574035909573,0.0,22153.574035909573,0.0,0.0,81229771.46500176,0.0,0.0,0.0,0.0,0.0,0.0,3692133.3532650014,258458363.7522783,147690.49357273048,22153.574035909573,738452467.8636523,81229771.46500176,77624379.32757905,0.0,0.0,0.0,9440.494623955285,9440.494623955285,8447.250899053202,0.0,993.2437249020836,3.1619151741324463e-13,8447.250899053202,8447.250899053202,0.685987580799618,1.0,100.0,55916.07788439328,1000000.0
co/policy_c,2030-08-01,85765.53147488482,82358.669445085,9577.65016553432,2.273736754432321e-13,2599.1733101831064,1318.8695927557408,0.0,17714.420563154737,0.0,0.0,0.0,0.0,0.0,0.0,0.0,0.0,0.0,9348.518448,57961.5858445195,735815588.737627,0.0,0.0,0.0,257535456.05816945,0.0,257535456.05816945,0.0,0.0,0.0,147163.1177475254,0.0,147163.1177475254,0.0,0.0,22074.46766212881,0.0,22074.46766212881,0.0,0.0,80939714.76113896,0.0,0.0,0.0,0.0,0.0,0.0,3692051.89164943,257535456.05816945,147163.1177475254,22074.46766212881,735815588.737627,80939714.76113896,77153757.2410317,0.0,0.0,0.0,9577.65016553432,9577.65016553432,8571.711660816653,0.0,1005.938504717666,4.192202140984591e-13,8571.711660816653,8571.711660816653,0.7037703041471188,1.0,100.0,56723.76660401,1000000.0
co/policy_c,2030-09-01,80096.36880106828,75832.29262016763,8929.527451582424,3.410605131648481e-13,2412.3206393028204,1227.9620018736923,0.0,16569.96012696382,0.0,0.0,0.0,0.0,0.0,0.0,0.0,0.0,0.0,6282.659232,53966.385589869176,679883261.2214075,0.0,0.0,0.0,237959141.42749265,0.0,237959141.42749265,0.0,0.0,0.0,135976.65224428152,0.0,135976.65224428152,0.0,0.0,20396.49783664223,0.0,20396.49783664223,0.0,0.0,74787158.73435484,0.0,0.0,0.0,0.0,0.0,0.0,3572003.8164034607,237959141.42749265,135976.65224428152,20396.49783664223,679883261.2214075,74787158.73435484,71114021.59578612,0.0,0.0,0.0,8929.527451582424,8929.527451582424,7980.877160498683,0.0,948.6502910837404,5.506706202140776e-13,7980.877160498683,7980.877160498683,0.711654411665734,1.0,100.0,58575.52214560782,1000000.0
co/policy_c,2030-10-01,76037.63241379987,71055.63137233668,8543.184582239383,3.694822225952521e-13,2317.389437261804,1168.6004824346703,0.0,16128.572082868268,0.0,0.0,0.0,0.0,0.0,0.0,0.0,0.0,0.0,1207.10712,51357.56981026146,661875778.1696436,0.0,0.0,0.0,231656522.35937524,0.0,231656522.35937524,0.0,0.0,0.0,132375.15563392872,0.0,132375.15563392872,0.0,0.0,19856.273345089307,0.0,19856.273345089307,0.0,0.0,72806335.5986608,0.0,0.0,0.0,0.0,0.0,0.0,3689875.353962721,231656522.35937524,132375.15563392872,19856.273345089307,661875778.1696436,72806335.5986608,69059526.16723421,0.0,0.0,0.0,8543.184582239383,8543.18458223938,7595.069624124997,0.0,948.1149581143844,3.765876499528531e-13,7595.069624124998,7595.069624124998,0.7227797265095579,1.0,99.99999999999996,61240.133749809225,1000000.0
co/policy_c,2030-11-01,71872.99182693561,67661.38201413308,8090.837731288037,4.547473508864641e-13,2159.596771629685,1105.746186857683,0.0,15304.620447246378,0.0,0.0,0.0,0.0,0.0,0.0,0.0,0.0,0.0,1894.223184,48595.25375657934,603734315.5291657,0.0,0.0,0.0,211307010.435208,0.0,211307010.435208,0.0,0.0,0.0,120746.86310583317,0.0,120746.86310583317,0.0,0.0,18112.029465874974,0.0,18112.029465874974,0.0,0.0,66410774.70820823,0.0,0.0,0.0,0.0,0.0,0.0,3569757.4117550245,211307010.435208,120746.86310583317,18112.029465874974,603734315.5291657,66410774.70820823,62837960.1592482,0.0,0.0,0.0,8090.837731288037,8090.837731288037,7186.56153409925,0.0,904.2761971887862,5.151434834260726e-13,7186.561534099251,7186.561534099251,0.7182125506456369,1.0,100.0,63292.14679098208,1000000.0
co/policy_c,2030-12-01,70521.27264902496,67425.17972498847,8077.606038340072,4.831690603168681e-13,2138.617910891491,1103.8100503463602,0.0,15301.867950318474,0.0,0.0,0.0,0.0,0.0,0.0,0.0,0.0,0.0,1471.756656,48510.16456866861,590983458.5117266,0.0,0.0,0.0,206844210.4791043,0.0,206844210.4791043,0.0,0.0,0.0,118196.69170234531,0.0,118196.69170234531,0.0,0.0,17729.503755351798,0.0,17729.503755351798,0.0,0.0,65008180.43628993,0.0,0.0,0.0,0.0,0.0,0.0,3687778.505652607,206844210.4791043,118196.69170234531,17729.503755351798,590983458.5117266,65008180.43628993,61358763.07402619,0.0,0.0,0.0,8077.606038340072,8077.606038340072,7173.978027737289,0.0,903.6280106027818,6.110667527536863e-13,7173.978027737289,7173.978027737289,0.719466596404047,1.0,100.0,64249.62180412709,1000000.0
co/press_g1,2029-01-01,68558.75308090751,66553.92219656729,8055.460899950578,1.4210854715202006e-13,2110.472852586385,1091.3332924403585,0.0,15249.39724039996,0.0,0.0,0.0,0.0,0.0,0.0,0.0,0.0,0.0,704.138832,47961.83691110319,581633901.6568493,0.0,0.0,0.0,203571865.5798972,0.0,203571865.5798972,0.0,0.0,0.0,116326.78033136984,0.0,116326.78033136984,0.0,0.0,17449.01704970548,0.0,17449.01704970548,0.0,0.0,63979729.18225342,0.0,0.0,0.0,0.0,0.0,0.0,3687501.74786986,203571865.5798972,116326.78033136984,17449.01704970548,581633901.6568493,63979729.18225342,63902224.62044889,0.0,0.0,0.0,8055.460899950578,8055.460899950578,7092.888000474928,0.0,962.5728994756502,2.131628207280301e-13,7092.888000474928,7092.888000474928,0.7206462869227707,1.0,100.0,65796.35803175384,1000000.0
co/press_g1,2029-02-01,60662.33359813729,59570.992028074266,7202.738046000938,2.842170943040401e-13,1907.34757590253,984.0695151244254,0.0,13647.176864167546,0.0,0.0,0.0,0.0,0.0,0.0,0.0,0.0,0.0,30.272016,43247.81615343734,527369063.92092544,0.0,0.0,0.0,184579172.37232387,0.0,184579172.37232387,0.0,0.0,0.0,105473.8127841851,0.0,105473.8127841851,0.0,0.0,15821.071917627763,0.0,15821.071917627763,0.0,0.0,58010597.0313018,0.0,0.0,0.0,0.0,0.0,0.0,3330707.9691556804,184579172.37232387,105473.8127841851,15821.071917627763,527369063.92092544,58010597.0313018,57801798.0276738,0.0,0.0,0.0,7202.738046000939,7202.738046000938,6395.749954490343,0.0,806.9880915105948,3.836930773104541e-13,6395.749954490344,6395.749954490344,0.7259878454442351,1.0,100.0,64980.35202591433,1000000.0
co/press_g1,2029-03-01,69308.73626367442,69125.14171443546,8258.670833888767,3.694822225952521e-13,2201.052004096333,1128.8513622136427,0.0,15628.344563499537,0.0,0.0,0.0,0.0,0.0,0.0,0.0,0.0,0.0,2020.342608,49610.67833851159,613853403.5660138,0.0,0.0,0.0,214848691.24810484,0.0,214848691.24810484,0.0,0.0,0.0,122770.68071320278,0.0,122770.68071320278,0.0,0.0,18415.602106980416,0.0,18415.602106980416,0.0,0.0,67523874.39226152,0.0,0.0,0.0,0.0,0.0,0.0,3688454.223238229,214848691.24810484,122770.68071320278,18415.602106980416,613853403.5660138,67523874.39226152,67119764.9713504,0.0,0.0,0.0,8258.670833888767,8258.670833888767,7336.728694000232,0.0,921.9421398885346,5.115907697472721e-13,7336.728694000233,7336.728694000233,0.7176936944803592,1.0,100.0,62962.89457105697,1000000.0
co/press_g1,2029-04-01,68226.85574382298,68055.06809233314,8192.422267966156,1.4210854715202006e-13,2213.7181982131,1120.6813392113324,0.0,15475.312803772857,0.0,0.0,0.0,0.0,0.0,0.0,0.0,0.0,0.0,905.057808,49251.62275621505,628855468.5745656,0.0,0.0,0.0,220099414.001098,0.0,220099414.001098,0.0,0.0,0.0,125771.09371491316,0.0,125771.09371491316,0.0,0.0,18865.66405723697,0.0,18865.66405723697,0.0,0.0,69174101.54320222,0.0,0.0,0.0,0.0,0.0,0.0,3570501.90646343,220099414.001098,125771.09371491316,18865.66405723697,628855468.5745656,69174101.54320222,68590784.20679884,0.0,0.0,0.0,8192.422267966156,8192.422267966156,7283.629371805901,0.0,908.792896160254,2.131628207280301e-13,7283.629371805902,7283.629371805902,0.723702497650775,1.0,100.0,60920.964024333705,1000000.0
co/press_g1,2029-05-01,74486.87615799556,74217.10508797679,9036.993488370548,1.9895196601282805e-13,2445.2776339471807,1242.358452254459,0.0,16796.608282263067,0.0,0.0,0.0,0.0,0.0,0.0,0.0,0.0,0.0,341.71320000000003,54599.07975401138,691044693.1745963,0.0,0.0,0.0,241865642.61110872,0.0,241865642.61110872,0.0,0.0,0.0,138208.93863491926,0.0,138208.93863491926,0.0,0.0,20731.34079523789,0.0,20731.34079523789,0.0,0.0,76014916.2492056,0.0,0.0,0.0,0.0,0.0,0.0,3690732.894656834,241865642.61110872,138208.93863491926,20731.34079523789,691044693.1745963,76014916.2492056,75188184.76859345,0.0,0.0,0.0,9036.993488370548,9036.993488370548,8074.44381961419,0.0,962.5496687563588,2.220446049250313e-13,8074.44381961419,8074.44381961419,0.7356670633985218,1.0,100.0,58745.45746040536,1000000.0
co/press_g1,2029-06-01,83646.59215755922,82882.10677046503,9363.739413324518,1.7053025658242404e-13,2529.9428526239158,1289.8441689540075,0.0,17310.90337767662,0.0,0.0,0.0,0.0,0.0,0.0,0.0,0.0,0.0,14645.534256,56685.97861041648,711434039.8199067,0.0,0.0,0.0,249001913.9369673,0.0,249001913.9369673,0.0,0.0,0.0,142286.80796398135,0.0,142286.80796398135,0.0,0.0,21343.021194597204,0.0,21343.021194597204,0.0,0.0,78257744.38018975,0.0,0.0,0.0,0.0,0.0,0.0,3572932.1111547328,249001913.9369673,142286.80796398135,21343.021194597204,711434039.8199067,78257744.38018975,77216097.50854585,0.0,0.0,0.0,9363.739413324518,9363.739413324518,8383.067108672869,0.0,980.6723046516483,1.3855583347321956e-13,8383.067108672869,8383.067108672869,0.6839350593174892,1.0,100.0,56979.999994875645,1000000.0
co/press_g1,2029-07-01,86089.95723108396,83979.56577901388,9835.770861107318,1.7053025658242404e-13,2663.939725365891,1355.2151893387506,0.0,18156.811688029276,0.0,0.0,0.0,0.0,0.0,0.0,0.0,0.0,0.0,8382.329615999999,59558.899504632485,751411067.8808632,0.0,0.0,0.0,262993873.7583021,0.0,262993873.7583021,0.0,0.0,0.0,150282.21357617265,0.0,150282.21357617265,0.0,0.0,22542.332036425894,0.0,22542.332036425894,0.0,0.0,82655217.46689495,0.0,0.0,0.0,0.0,0.0,0.0,3692509.7962466977,262993873.7583021,150282.21357617265,22542.332036425894,751411067.8808632,82655217.46689495,81354214.64499816,0.0,0.0,0.0,9835.770861107318,9835.770861107318,8807.932114879106,0.0,1027.8387462282108,1.4566126083082056e-13,8807.932114879106,8807.932114879106,0.7092070428341747,1.0,100.0,56426.45172157981,1000000.0
co/press_g1,2029-08-01,86617.40291231246,83036.35509850988,9632.349602115772,1.1368683772161605e-13,2612.78919772859,1326.4024044011169,0.0,17807.94097912488,0.0,0.0,0.0,0.0,0.0,0.0,0.0,0.0,0.0,9934.084895999998,58292.63730800935,739179442.1963425,0.0,0.0,0.0,258712804.76871985,0.0,258712804.76871985,0.0,0.0,0.0,147835.88843926848,0.0,147835.88843926848,0.0,0.0,22175.383265890272,0.0,22175.383265890272,0.0,0.0,81309738.64159767,0.0,0.0,0.0,0.0,0.0,0.0,3692150.6923361984,258712804.76871985,147835.88843926848,22175.383265890272,739179442.1963425,81309738.64159767,79829864.12770855,0.0,0.0,0.0,9632.349602115772,9632.349602115772,8620.66956368595,0.0,1011.6800384298236,9.237055564881302e-14,8620.669563685951,8620.669563685951,0.7020134402437834,1.0,100.0,57394.71033765378,1000000.0
co/press_g1,2029-09-01,82013.02484370761,77992.88220183332,9010.964929910118,5.684341886080803e-14,2427.7166450658856,1239.4871847035051,0.0,16712.245896415596,0.0,0.0,0.0,0.0,0.0,0.0,0.0,0.0,0.0,9784.150368,54472.89349454241,681331063.4862387,0.0,0.0,0.0,238465872.22018352,0.0,238465872.22018352,0.0,0.0,0.0,136266.21269724774,0.0,136266.21269724774,0.0,0.0,20439.931904587163,0.0,20439.931904587163,0.0,0.0,74946416.98348626,0.0,0.0,0.0,0.0,0.0,0.0,3572045.034352135,238465872.22018352,136266.21269724774,20439.931904587163,681331063.4862387,74946416.98348626,73401491.79593149,0.0,0.0,0.0,9010.964929910118,9010.964929910118,8055.782628482768,0.0,955.18230142735,4.618527782440651e-14,8055.782628482768,8055.782628482768,0.6984341642045633,1.0,100.0,58987.136334462186,1000000.0
co/press_g1,2029-10-01,78374.99215132138,73851.74274762756,8652.488569222805,2.273736754432321e-13,2341.5034560070503,1183.3848845141488,0.0,16335.10509732561,0.0,0.0,0.0,0.0,0.0,0.0,0.0,0.0,0.0,5615.41704,52007.313647708674,666709277.8461741,0.0,0.0,0.0,233348247.24616092,0.0,233348247.24616092,0.0,0.0,0.0,133341.85556923485,0.0,133341.85556923485,0.0,0.0,20001.278335385225,0.0,20001.278335385225,0.0,0.0,73338020.56307916,0.0,0.0,0.0,0.0,0.0,0.0,3690016.4917688905,233348247.24616092,133341.85556923485,20001.278335385225,666709277.8461741,73338020.56307916,71649698.49719661,0.0,0.0,0.0,8652.488569222805,8652.488569222805,7691.157692573122,0.0,961.330876649683,2.557953848736361e-13,7691.157692573122,7691.157692573122,0.7042124087096018,1.0,100.0,61168.88228214895,1000000.0
co/press_g1,2029-11-01,71813.68860934541,67701.82102483937,8089.602014667831,2.842170943040401e-13,2161.010776930782,1105.782802674103,0.0,15301.42762203198,0.0,0.0,0.0,0.0,0.0,0.0,0.0,0.0,0.0,2000.217168,48596.8629458414,604666685.0917683,0.0,0.0,0.0,211633339.7821189,0.0,211633339.7821189,0.0,0.0,0.0,120933.33701835366,0.0,120933.33701835366,0.0,0.0,18140.00055275305,0.0,18140.00055275305,0.0,0.0,66513335.36009451,0.0,0.0,0.0,0.0,0.0,0.0,3569785.151268771,211633339.7821189,120933.33701835366,18140.00055275305,604666685.0917683,66513335.36009451,64821388.20916224,0.0,0.0,0.0,8089.602014667831,8089.60201466783,7186.799510789519,0.0,902.802503878311,4.263256414560601e-13,7186.799510789519,7186.799510789519,0.7178073234988984,1.0,100.0,63119.739089724186,1000000.0
co/press_g1,2029-12-01,72863.41147656337,69542.36858820735,8170.923091836931,3.410605131648481e-13,2156.960389216072,1116.3430827621162,0.0,15479.689112169934,0.0,0.0,0.0,0.0,0.0,0.0,0.0,0.0,0.0,4607.300208000001,49060.96537433441,593653261.927274,0.0,0.0,0.0,207778641.67454588,0.0,207778641.67454588,0.0,0.0,0.0,118730.6523854548,0.0,118730.6523854548,0.0,0.0,17809.59785781822,0.0,17809.59785781822,0.0,0.0,65301858.81200014,0.0,0.0,0.0,0.0,0.0,0.0,3687855.690127008,207778641.67454588,118730.6523854548,17809.59785781822,593653261.927274,65301858.81200014,63483911.34899284,0.0,0.0,0.0,8170.923091836931,8170.923091836931,7255.433799174903,0.0,915.4892926620284,4.263256414560601e-13,7255.433799174903,7255.433799174903,0.7054830942680018,1.0,100.0,64283.82158886414,1000000.0
co/press_g1,2030-01-01,68933.07514636165,66793.89466285252,8013.46453742889,3.694822225952521e-13,2112.9282570977603,1094.9080045544758,0.0,15188.810451942036,0.0,0.0,0.0,0.0,0.0,0.0,0.0,0.0,0.0,1197.1282560000004,48118.93810155444,580476478.781357,0.0,0.0,0.0,203166767.57347497,0.0,203166767.57347497,0.0,0.0,0.0,116095.2957562714,0.0,116095.2957562714,0.0,0.0,17414.294363440713,0.0,17414.294363440713,0.0,0.0,63852412.66594928,0.0,0.0,0.0,0.0,0.0,0.0,3687467.612927268,203166767.57347497,116095.2957562714,17414.294363440713,580476478.781357,63852412.66594928,61918630.24663132,0.0,0.0,0.0,8013.46453742889,8013.464537428889,7116.1210795306215,0.0,897.3434578982681,5.098144129078719e-13,7116.1210795306215,7116.1210795306215,0.7204092281852794,1.0,100.0,64310.07381527551,1000000.0
co/press_g1,2030-02-01,61530.11598820031,60963.70634149887,7308.877830229037,2.557953848736361e-13,1930.0713815979664,998.4500255190792,0.0,13848.29250626318,0.0,0.0,0.0,0.0,0.0,0.0,0.0,0.0,0.0,1237.546848,43879.80978821826,531572928.308136,0.0,0.0,0.0,186050524.9078476,0.0,186050524.9078476,0.0,0.0,0.0,106314.5856616272,0.0,106314.5856616272,0.0,0.0,15947.18784924408,0.0,15947.18784924408,0.0,0.0,58473022.11389496,0.0,0.0,0.0,0.0,0.0,0.0,3330830.457944553,186050524.9078476,106314.5856616272,15947.18784924408,531572928.308136,58473022.11389496,56566563.91638909,0.0,0.0,0.0,7308.877830229037,7308.877830229037,6489.213015065415,0.0,819.6648151636226,3.836930773104541e-13,6489.213015065415,6489.213015065415,0.7197693910277998,1.0,100.0,62946.412080378985,1000000.0
co/press_g1,2030-03-01,67557.95360244322,67430.17779197812,8093.082139114134,3.1263880373444413e-13,2163.418073874868,1106.1897377884943,0.0,15315.766247643513,0.0,0.0,0.0,0.0,0.0,0.0,0.0,0.0,0.0,1256.666016,48614.74690093104,605988596.0068973,0.0,0.0,0.0,212096008.60241407,0.0,212096008.60241407,0.0,0.0,0.0,121197.71920137948,0.0,121197.71920137948,0.0,0.0,18179.65788020692,0.0,18179.65788020692,0.0,0.0,66658745.56075871,0.0,0.0,0.0,0.0,0.0,0.0,3688224.299155461,212096008.60241407,121197.71920137948,18179.65788020692,605988596.0068973,66658745.56075871,64331432.7775039,0.0,0.0,0.0,8093.082139114134,8093.082139114134,7189.444298784014,0.0,903.6378403301204,4.689582056016661e-13,7189.444298784014,7189.444298784014,0.7209642402383601,1.0,100.0,60910.76981696921,1000000.0
co/press_g1,2030-04-01,69060.24476064742,68874.34523382761,8202.779425664086,2.842170943040401e-13,2217.7279598072155,1122.100851079442,0.0,15493.63666967467,0.0,0.0,0.0,0.0,0.0,0.0,0.0,0.0,0.0,2614.713935999999,49314.00736152605,630472003.7599343,0.0,0.0,0.0,220665201.315977,0.0,220665201.315977,0.0,0.0,0.0,126094.40075198688,0.0,126094.40075198688,0.0,0.0,18914.16011279803,0.0,18914.16011279803,0.0,0.0,69351920.41359279,0.0,0.0,0.0,0.0,0.0,0.0,3570549.727917902,220665201.315977,126094.40075198688,18914.16011279803,630472003.7599343,69351920.41359279,66765504.34636827,0.0,0.0,0.0,8202.779425664086,8202.779425664086,7292.855186472776,0.0,909.9242391913097,4.263256414560601e-13,7292.855186472777,7292.855186472777,0.7159996540672083,1.0,100.0,58878.94138398181,1000000.0
co/press_g1,2030-05-01,74888.67361155064,74570.7549896533,9100.018054469889,1.9895196601282805e-13,2458.7841682883072,1251.248056281851,0.0,16905.847882601734,0.0,0.0,0.0,0.0,0.0,0.0,0.0,0.0,0.0,0.0,54989.75943135602,693271153.0978847,0.0,0.0,0.0,242644903.5842596,0.0,242644903.5842596,0.0,0.0,0.0,138654.23061957693,0.0,138654.23061957693,0.0,0.0,20798.134592936534,0.0,20798.134592936534,0.0,0.0,76259826.84076731,0.0,0.0,0.0,0.0,0.0,0.0,3690797.679168517,242644903.5842596,138654.23061957693,20798.134592936534,693271153.0978847,76259826.84076731,73234929.3694311,0.0,0.0,0.0,9100.018054469889,9100.018054469889,8132.219905225827,0.0,967.798149244062,2.220446049250313e-13,8132.219905225827,8132.219905225827,0.7374172279600206,1.0,100.0,56738.07583759084,1000000.0
co/press_g1,2030-06-01,80889.32281963206,79660.37765968208,9161.962219492503,1.1368683772161605e-13,2484.599151563189,1261.4217829734516,0.0,16962.32020484419,0.0,0.0,0.0,0.0,0.0,0.0,0.0,0.0,0.0,10882.244688000002,55436.873639032725,702846199.8588877,0.0,0.0,0.0,245996169.9506107,0.0,245996169.9506107,0.0,0.0,0.0,140569.23997177754,0.0,140569.23997177754,0.0,0.0,21085.385995766632,0.0,21085.385995766632,0.0,0.0,77313081.98447765,0.0,0.0,0.0,0.0,0.0,0.0,3572681.2972005904,245996169.9506107,140569.23997177754,21085.385995766632,702846199.8588877,77313081.98447765,74063387.90291844,0.0,0.0,0.0,9161.962219492503,9161.962219492503,8198.34187224619,0.0,963.620347246314,9.237055564881302e-14,8198.34187224619,8198.34187224619,0.6959152751681038,1.0,100.0,55482.42184597764,1000000.0
co/press_g1,2030-07-01,86718.8924186757,84750.140281801,9645.912123774677,0.0,2625.245216778288,1328.5775622321978,0.0,17826.93727875779,0.0,0.0,0.0,0.0,0.0,0.0,0.0,0.0,0.0,13664.167488,58388.230987660536,745948317.4252155,0.0,0.0,0.0,261081911.0988254,0.0,261081911.0988254,0.0,0.0,0.0,149189.6634850431,0.0,149189.6634850431,0.0,0.0,22378.449522756466,0.0,22378.449522756466,0.0,0.0,82054314.9167737,0.0,0.0,0.0,0.0,0.0,0.0,3692351.623681501,261081911.0988254,149189.6634850431,22378.449522756466,745948317.4252155,82054314.9167737,78412325.9962027,0.0,0.0,0.0,9645.912123774677,9645.912123774677,8634.806538142868,0.0,1011.105585631806,0.0,8634.80653814287,8634.80653814287,0.6889455379485508,1.0,100.0,54825.92876607404,1000000.0
co/press_g1,2030-08-01,87045.60906522916,83815.48670878346,9782.920903318627,1.1368683772161605e-13,2643.267057772088,1347.7052380405405,0.0,18069.961782520964,0.0,0.0,0.0,0.0,0.0,0.0,0.0,0.0,0.0,8954.059824,59228.85270603291,743229809.98152,0.0,0.0,0.0,260130433.493532,0.0,260130433.493532,0.0,0.0,0.0,148645.96199630402,0.0,148645.96199630402,0.0,0.0,22296.8942994456,0.0,22296.8942994456,0.0,0.0,81755279.0979672,0.0,0.0,0.0,0.0,0.0,0.0,3692267.7384751616,260130433.493532,148645.96199630402,22296.8942994456,743229809.98152,81755279.0979672,77931173.22940767,0.0,0.0,0.0,9782.920903318627,9782.920903318627,8759.1227879611,0.0,1023.7981153575262,9.237055564881302e-14,8759.1227879611,8759.1227879611,0.7066576241670385,1.0,100.0,55412.78406474765,1000000.0
co/press_g1,2030-09-01,80093.05324006996,75828.97705916932,8929.527451582424,4.547473508864641e-13,2412.2180233872364,1227.8734656573956,0.0,16569.86429142996,0.0,0.0,0.0,0.0,0.0,0.0,0.0,0.0,0.0,6282.659232,53962.49460661395,679883059.1493158,0.0,0.0,0.0,237959070.7022605,0.0,237959070.7022605,0.0,0.0,0.0,135976.61182986316,0.0,135976.61182986316,0.0,0.0,20396.49177447948,0.0,20396.49177447948,0.0,0.0,74787136.50642474,0.0,0.0,0.0,0.0,0.0,0.0,3572003.8164034607,237959070.7022605,135976.61182986316,20396.49177447948,679883059.1493158,74787136.50642474,71114000.43508723,0.0,0.0,0.0,8929.527451582424,8929.527451582424,7980.301738241771,0.0,949.2257133406528,3.606004383982509e-13,7980.301738241771,7980.301738241771,0.7116342155652059,1.0,100.0,57264.64222226105,1000000.0
co/press_g1,2030-10-01,76037.63241379987,71055.63137233668,8543.184582239383,3.979039320256561e-13,2317.389437261804,1168.6004824346703,0.0,16128.572082868268,0.0,0.0,0.0,0.0,0.0,0.0,0.0,0.0,0.0,1207.10712,51357.56981026146,661875778.1696436,0.0,0.0,0.0,231656522.35937524,0.0,231656522.35937524,0.0,0.0,0.0,132375.15563392872,0.0,132375.15563392872,0.0,0.0,19856.273345089307,0.0,19856.273345089307,0.0,0.0,72806335.5986608,0.0,0.0,0.0,0.0,0.0,0.0,3689875.353962721,231656522.35937524,132375.15563392872,19856.273345089307,661875778.1696436,72806335.5986608,69059526.16723421,0.0,0.0,0.0,8543.184582239383,8543.18458223938,7595.069624124997,0.0,948.1149581143844,5.542233338928781e-13,7595.069624124998,7595.069624124998,0.7227797265095579,1.0,99.99999999999996,59929.25382646245,1000000.0
co/press_g1,2030-11-01,71872.99182693561,67661.38201413308,8090.837731288037,3.979039320256561e-13,2159.596771629685,1105.746186857683,0.0,15304.620447246378,0.0,0.0,0.0,0.0,0.0,0.0,0.0,0.0,0.0,1894.223184,48595.25375657934,603734315.5291657,0.0,0.0,0.0,211307010.435208,0.0,211307010.435208,0.0,0.0,0.0,120746.86310583317,0.0,120746.86310583317,0.0,0.0,18112.029465874974,0.0,18112.029465874974,0.0,0.0,66410774.70820823,0.0,0.0,0.0,0.0,0.0,0.0,3569757.4117550245,211307010.435208,120746.86310583317,18112.029465874974,603734315.5291657,66410774.70820823,62837960.1592482,0.0,0.0,0.0,8090.837731288037,8090.837731288037,7186.56153409925,0.0,904.276197188786,4.689582056016661e-13,7186.561534099251,7186.561534099251,0.7182125506456369,1.0,100.0,61981.266867635306,1000000.0
co/press_g1,2030-12-01,70521.27264902496,67425.17972498847,8077.606038340072,5.400124791776761e-13,2138.617910891491,1103.8100503463602,0.0,15301.867950318474,0.0,0.0,0.0,0.0,0.0,0.0,0.0,0.0,0.0,1471.756656,48510.16456866861,590983458.5117266,0.0,0.0,0.0,206844210.4791043,0.0,206844210.4791043,0.0,0.0,0.0,118196.69170234531,0.0,118196.69170234531,0.0,0.0,17729.503755351798,0.0,17729.503755351798,0.0,0.0,65008180.43628993,0.0,0.0,0.0,0.0,0.0,0.0,3687778.505652607,206844210.4791043,118196.69170234531,17729.503755351798,590983458.5117266,65008180.43628993,61358763.07402619,0.0,0.0,0.0,8077.606038340072,8077.606038340071,7173.978027737289,0.0,903.6280106027818,6.803446694902959e-13,7173.97802773729,7173.97802773729,0.719466596404047,1.0,100.0,62938.74188078031,1000000.0
co/press_g2,2029-01-01,68558.75308090751,66553.92219656729,8055.460899950578,1.4210854715202006e-13,2110.472852586385,1091.3332924403585,0.0,15249.39724039996,0.0,0.0,0.0,0.0,0.0,0.0,0.0,0.0,0.0,704.138832,47961.83691110319,581633901.6568493,0.0,0.0,0.0,203571865.5798972,0.0,203571865.5798972,0.0,0.0,0.0,116326.78033136984,0.0,116326.78033136984,0.0,0.0,17449.01704970548,0.0,17449.01704970548,0.0,0.0,63979729.18225342,0.0,0.0,0.0,0.0,0.0,0.0,3687501.74786986,203571865.5798972,116326.78033136984,17449.01704970548,581633901.6568493,63979729.18225342,63902224.62044889,0.0,0.0,0.0,8055.460899950578,8055.460899950578,7092.888000474928,0.0,962.5728994756502,2.131628207280301e-13,7092.888000474928,7092.888000474928,0.7206462869227707,1.0,100.0,65796.35803175384,1000000.0
co/press_g2,2029-02-01,60662.33359813729,59570.992028074266,7202.738046000938,2.842170943040401e-13,1907.34757590253,984.0695151244254,0.0,13647.176864167546,0.0,0.0,0.0,0.0,0.0,0.0,0.0,0.0,0.0,30.272016,43247.81615343734,527369063.92092544,0.0,0.0,0.0,184579172.37232387,0.0,184579172.37232387,0.0,0.0,0.0,105473.8127841851,0.0,105473.8127841851,0.0,0.0,15821.071917627763,0.0,15821.071917627763,0.0,0.0,58010597.0313018,0.0,0.0,0.0,0.0,0.0,0.0,3330707.9691556804,184579172.37232387,105473.8127841851,15821.071917627763,527369063.92092544,58010597.0313018,57801798.0276738,0.0,0.0,0.0,7202.738046000939,7202.738046000938,6395.749954490343,0.0,806.9880915105948,3.836930773104541e-13,6395.749954490344,6395.749954490344,0.7259878454442351,1.0,100.0,64980.35202591433,1000000.0
co/press_g2,2029-03-01,69308.73626367442,69125.14171443546,8258.670833888767,3.694822225952521e-13,2201.052004096333,1128.8513622136427,0.0,15628.344563499537,0.0,0.0,0.0,0.0,0.0,0.0,0.0,0.0,0.0,2020.342608,49610.67833851159,613853403.5660138,0.0,0.0,0.0,214848691.24810484,0.0,214848691.24810484,0.0,0.0,0.0,122770.68071320278,0.0,122770.68071320278,0.0,0.0,18415.602106980416,0.0,18415.602106980416,0.0,0.0,67523874.39226152,0.0,0.0,0.0,0.0,0.0,0.0,3688454.223238229,214848691.24810484,122770.68071320278,18415.602106980416,613853403.5660138,67523874.39226152,67119764.9713504,0.0,0.0,0.0,8258.670833888767,8258.670833888767,7336.728694000232,0.0,921.9421398885346,5.115907697472721e-13,7336.728694000233,7336.728694000233,0.7176936944803592,1.0,100.0,62962.89457105697,1000000.0
co/press_g2,2029-04-01,68226.85574382298,68055.06809233314,8192.422267966156,1.4210854715202006e-13,2213.7181982131,1120.6813392113324,0.0,15475.312803772857,0.0,0.0,0.0,0.0,0.0,0.0,0.0,0.0,0.0,905.057808,49251.62275621505,628855468.5745656,0.0,0.0,0.0,220099414.001098,0.0,220099414.001098,0.0,0.0,0.0,125771.09371491316,0.0,125771.09371491316,0.0,0.0,18865.66405723697,0.0,18865.66405723697,0.0,0.0,69174101.54320222,0.0,0.0,0.0,0.0,0.0,0.0,3570501.90646343,220099414.001098,125771.09371491316,18865.66405723697,628855468.5745656,69174101.54320222,68590784.20679884,0.0,0.0,0.0,8192.422267966156,8192.422267966156,7283.629371805901,0.0,908.792896160254,2.131628207280301e-13,7283.629371805902,7283.629371805902,0.723702497650775,1.0,100.0,60920.964024333705,1000000.0
co/press_g2,2029-05-01,74486.87615799556,74217.10508797679,9036.993488370548,1.9895196601282805e-13,2445.2776339471807,1242.358452254459,0.0,16796.608282263067,0.0,0.0,0.0,0.0,0.0,0.0,0.0,0.0,0.0,341.71320000000003,54599.07975401138,691044693.1745963,0.0,0.0,0.0,241865642.61110872,0.0,241865642.61110872,0.0,0.0,0.0,138208.93863491926,0.0,138208.93863491926,0.0,0.0,20731.34079523789,0.0,20731.34079523789,0.0,0.0,76014916.2492056,0.0,0.0,0.0,0.0,0.0,0.0,3690732.894656834,241865642.61110872,138208.93863491926,20731.34079523789,691044693.1745963,76014916.2492056,75188184.76859345,0.0,0.0,0.0,9036.993488370548,9036.993488370548,8074.44381961419,0.0,962.5496687563588,2.220446049250313e-13,8074.44381961419,8074.44381961419,0.7356670633985218,1.0,100.0,58745.45746040536,1000000.0
co/press_g2,2029-06-01,79915.9656500056,81861.92058638217,9214.81105419295,3.979039320256561e-13,2497.920090515469,1268.8572864974738,0.0,17052.855912216546,0.0,0.0,0.0,0.0,0.0,0.0,0.0,0.0,0.0,15022.886256,55763.64861221588,706085116.9815142,0.0,0.0,0.0,247129790.94353,0.0,247129790.94353,0.0,0.0,0.0,141217.02339630286,0.0,141217.02339630286,0.0,0.0,21182.553509445428,0.0,21182.553509445428,0.0,0.0,77669362.86796656,0.0,0.0,0.0,0.0,0.0,0.0,3572776.4136398723,247129790.94353,141217.02339630286,21182.553509445428,706085116.9815142,77669362.86796656,76635547.25486268,0.0,0.0,0.0,9214.81105419295,9214.81105419295,8246.66734173232,0.0,968.1437124606308,3.2329694477084564e-13,8246.66734173232,8246.66734173232,0.681191550513075,1.0,100.0,54301.58243351332,1000000.0
co/press_g2,2029-07-01,81690.32618765478,82886.06004556426,9681.728459705697,1.7053025658242404e-13,2630.6599944277414,1333.523135645063,0.0,17886.58595150551,0.0,0.0,0.0,0.0,0.0,0.0,0.0,0.0,0.0,8709.368016,58594.175239393975,745799534.1175538,0.0,0.0,0.0,261029836.94114384,0.0,261029836.94114384,0.0,0.0,0.0,149159.90682351077,0.0,149159.90682351077,0.0,0.0,22373.986023526617,0.0,22373.986023526617,0.0,0.0,82037948.75293092,0.0,0.0,0.0,0.0,0.0,0.0,3692346.435656298,261029836.94114384,149159.90682351077,22373.986023526617,745799534.1175538,82037948.75293092,80746659.89817026,0.0,0.0,0.0,9681.728459705697,9681.728459705697,8667.285538654818,0.0,1014.4429210508762,1.4210854715202006e-13,8667.285538654818,8667.285538654818,0.7069243634838415,1.0,100.0,50475.18858117607,1000000.0
co/press_g2,2029-08-01,81742.55205884938,81923.38581857449,9478.37621412256,1.7053025658242404e-13,2579.6986581520173,1304.7725425089882,0.0,17541.257613010876,0.0,0.0,0.0,0.0,0.0,0.0,0.0,0.0,0.0,10183.05336,57342.04969589666,733607466.1213421,0.0,0.0,0.0,256762613.1424697,0.0,256762613.1424697,0.0,0.0,0.0,146721.4932242684,0.0,146721.4932242684,0.0,0.0,22008.223983640262,0.0,22008.223983640262,0.0,0.0,80696821.27334762,0.0,0.0,0.0,0.0,0.0,0.0,3691988.4714156,256762613.1424697,146721.4932242684,22008.223983640262,733607466.1213421,80696821.27334762,79228101.62640426,0.0,0.0,0.0,9478.37621412256,9478.37621412256,8480.090889023193,0.0,998.285325099366,1.3855583347321956e-13,8480.090889023193,8480.090889023193,0.6999472632013153,1.0,100.0,47714.656163298925,1000000.0
co/press_g2,2029-09-01,78135.39720841697,77995.37206654268,9010.964929910118,5.684341886080803e-14,2427.793705854984,1239.5536721548203,0.0,16712.317865386693,0.0,0.0,0.0,0.0,0.0,0.0,0.0,0.0,0.0,9784.150368,54475.81548026274,681331215.2349684,0.0,0.0,0.0,238465925.3322389,0.0,238465925.3322389,0.0,0.0,0.0,136266.2430469937,0.0,136266.2430469937,0.0,0.0,20439.93645704905,0.0,20439.93645704905,0.0,0.0,74946433.67584653,0.0,0.0,0.0,0.0,0.0,0.0,3572045.034352135,238465925.3322389,136266.2430469937,20439.93645704905,681331215.2349684,74946433.67584653,73401508.1632364,0.0,0.0,0.0,9010.964929910118,9010.964929910118,8056.214749493722,0.0,954.750180416396,4.618527782440651e-14,8056.214749493722,8056.214749493722,0.6984493315037468,1.0,100.0,45426.88759931824,1000000.0
co/press_g2,2029-10-01,78374.99215132138,73851.74274762756,8652.488569222805,2.273736754432321e-13,2341.5034560070503,1183.3848845141488,0.0,16335.10509732561,0.0,0.0,0.0,0.0,0.0,0.0,0.0,0.0,0.0,5615.41704,52007.313647708674,666709277.8461741,0.0,0.0,0.0,233348247.24616092,0.0,233348247.24616092,0.0,0.0,0.0,133341.85556923485,0.0,133341.85556923485,0.0,0.0,20001.278335385225,0.0,20001.278335385225,0.0,0.0,73338020.56307916,0.0,0.0,0.0,0.0,0.0,0.0,3690016.4917688905,233348247.24616092,133341.85556923485,20001.278335385225,666709277.8461741,73338020.56307916,71649698.49719661,0.0,0.0,0.0,8652.488569222805,8652.488569222805,7691.157692573122,0.0,961.330876649683,2.557953848736361e-13,7691.157692573122,7691.157692573122,0.7042124087096018,1.0,100.0,47608.633547005,1000000.0
co/press_g2,2029-11-01,71813.68860934541,67701.82102483937,8089.602014667831,2.842170943040401e-13,2161.010776930782,1105.782802674103,0.0,15301.42762203198,0.0,0.0,0.0,0.0,0.0,0.0,0.0,0.0,0.0,2000.217168,48596.8629458414,604666685.0917683,0.0,0.0,0.0,211633339.7821189,0.0,211633339.7821189,0.0,0.0,0.0,120933.33701835366,0.0,120933.33701835366,0.0,0.0,18140.00055275305,0.0,18140.00055275305,0.0,0.0,66513335.36009451,0.0,0.0,0.0,0.0,0.0,0.0,3569785.151268771,211633339.7821189,120933.33701835366,18140.00055275305,604666685.0917683,66513335.36009451,64821388.20916224,0.0,0.0,0.0,8089.602014667831,8089.60201466783,7186.799510789519,0.0,902.802503878311,4.263256414560601e-13,7186.799510789519,7186.799510789519,0.7178073234988984,1.0,100.0,49559.49035458023,1000000.0
co/press_g2,2029-12-01,72863.41147656337,69542.36858820735,8170.923091836931,3.410605131648481e-13,2156.960389216072,1116.3430827621162,0.0,15479.689112169934,0.0,0.0,0.0,0.0,0.0,0.0,0.0,0.0,0.0,4607.300208000001,49060.96537433441,593653261.927274,0.0,0.0,0.0,207778641.67454588,0.0,207778641.67454588,0.0,0.0,0.0,118730.6523854548,0.0,118730.6523854548,0.0,0.0,17809.59785781822,0.0,17809.59785781822,0.0,0.0,65301858.81200014,0.0,0.0,0.0,0.0,0.0,0.0,3687855.690127008,207778641.67454588,118730.6523854548,17809.59785781822,593653261.927274,65301858.81200014,63483911.34899284,0.0,0.0,0.0,8170.923091836931,8170.923091836931,7255.433799174903,0.0,915.4892926620284,4.263256414560601e-13,7255.433799174903,7255.433799174903,0.7054830942680018,1.0,100.0,50723.57285372019,1000000.0
co/press_g2,2030-01-01,68933.07514636165,66793.89466285252,8013.46453742889,3.694822225952521e-13,2112.9282570977603,1094.9080045544758,0.0,15188.810451942036,0.0,0.0,0.0,0.0,0.0,0.0,0.0,0.0,0.0,1197.1282560000004,48118.93810155444,580476478.781357,0.0,0.0,0.0,203166767.57347497,0.0,203166767.57347497,0.0,0.0,0.0,116095.2957562714,0.0,116095.2957562714,0.0,0.0,17414.294363440713,0.0,17414.294363440713,0.0,0.0,63852412.66594928,0.0,0.0,0.0,0.0,0.0,0.0,3687467.612927268,203166767.57347497,116095.2957562714,17414.294363440713,580476478.781357,63852412.66594928,61918630.24663132,0.0,0.0,0.0,8013.46453742889,8013.464537428889,7116.1210795306215,0.0,897.3434578982681,5.098144129078719e-13,7116.1210795306215,7116.1210795306215,0.7204092281852794,1.0,100.0,50749.82508013155,1000000.0
co/press_g2,2030-02-01,61530.11598820031,60963.70634149887,7308.877830229037,2.557953848736361e-13,1930.0713815979664,998.4500255190792,0.0,13848.29250626318,0.0,0.0,0.0,0.0,0.0,0.0,0.0,0.0,0.0,1237.546848,43879.80978821826,531572928.308136,0.0,0.0,0.0,186050524.9078476,0.0,186050524.9078476,0.0,0.0,0.0,106314.5856616272,0.0,106314.5856616272,0.0,0.0,15947.18784924408,0.0,15947.18784924408,0.0,0.0,58473022.11389496,0.0,0.0,0.0,0.0,0.0,0.0,3330830.457944553,186050524.9078476,106314.5856616272,15947.18784924408,531572928.308136,58473022.11389496,56566563.91638909,0.0,0.0,0.0,7308.877830229037,7308.877830229037,6489.213015065415,0.0,819.6648151636226,3.836930773104541e-13,6489.213015065415,6489.213015065415,0.7197693910277998,1.0,100.0,49386.16334523503,1000000.0
co/press_g2,2030-03-01,67557.95360244322,67430.17779197812,8093.082139114134,3.1263880373444413e-13,2163.418073874868,1106.1897377884943,0.0,15315.766247643513,0.0,0.0,0.0,0.0,0.0,0.0,0.0,0.0,0.0,1256.666016,48614.74690093104,605988596.0068973,0.0,0.0,0.0,212096008.60241407,0.0,212096008.60241407,0.0,0.0,0.0,121197.71920137948,0.0,121197.71920137948,0.0,0.0,18179.65788020692,0.0,18179.65788020692,0.0,0.0,66658745.56075871,0.0,0.0,0.0,0.0,0.0,0.0,3688224.299155461,212096008.60241407,121197.71920137948,18179.65788020692,605988596.0068973,66658745.56075871,64331432.7775039,0.0,0.0,0.0,8093.082139114134,8093.082139114134,7189.444298784014,0.0,903.6378403301204,4.689582056016661e-13,7189.444298784014,7189.444298784014,0.7209642402383601,1.0,100.0,47350.52108182525,1000000.0
co/press_g2,2030-04-01,69060.24476064742,68874.34523382761,8202.779425664086,2.842170943040401e-13,2217.7279598072155,1122.100851079442,0.0,15493.63666967467,0.0,0.0,0.0,0.0,0.0,0.0,0.0,0.0,0.0,2614.713935999999,49314.00736152605,630472003.7599343,0.0,0.0,0.0,220665201.315977,0.0,220665201.315977,0.0,0.0,0.0,126094.40075198688,0.0,126094.40075198688,0.0,0.0,18914.16011279803,0.0,18914.16011279803,0.0,0.0,69351920.41359279,0.0,0.0,0.0,0.0,0.0,0.0,3570549.727917902,220665201.315977,126094.40075198688,18914.16011279803,630472003.7599343,69351920.41359279,66765504.34636827,0.0,0.0,0.0,8202.779425664086,8202.779425664086,7292.855186472776,0.0,909.9242391913097,4.263256414560601e-13,7292.855186472777,7292.855186472777,0.7159996540672083,1.0,100.0,45318.69264883785,1000000.0
co/press_g2,2030-05-01,74888.67361155064,74570.7549896533,9100.018054469889,1.9895196601282805e-13,2458.7841682883072,1251.248056281851,0.0,16905.847882601734,0.0,0.0,0.0,0.0,0.0,0.0,0.0,0.0,0.0,0.0,54989.75943135602,693271153.0978847,0.0,0.0,0.0,242644903.5842596,0.0,242644903.5842596,0.0,0.0,0.0,138654.23061957693,0.0,138654.23061957693,0.0,0.0,20798.134592936534,0.0,20798.134592936534,0.0,0.0,76259826.84076731,0.0,0.0,0.0,0.0,0.0,0.0,3690797.679168517,242644903.5842596,138654.23061957693,20798.134592936534,693271153.0978847,76259826.84076731,73234929.3694311,0.0,0.0,0.0,9100.018054469889,9100.018054469889,8132.219905225827,0.0,967.798149244062,2.220446049250313e-13,8132.219905225827,8132.219905225827,0.7374172279600206,1.0,100.0,43177.827102446885,1000000.0
co/press_g2,2030-06-01,76982.44903970307,78566.3189110644,9013.054428300682,2.842170943040401e-13,2452.5967504244445,1240.4379780623512,0.0,16704.300412525812,0.0,0.0,0.0,0.0,0.0,0.0,0.0,0.0,0.0,11087.8596,54514.67889257712,697508716.7187457,0.0,0.0,0.0,244128050.85156095,0.0,244128050.85156095,0.0,0.0,0.0,139501.74334374914,0.0,139501.74334374914,0.0,0.0,20925.26150156237,0.0,20925.26150156237,0.0,0.0,76725958.83906204,0.0,0.0,0.0,0.0,0.0,0.0,3572525.9393394343,244128050.85156095,139501.74334374914,20925.26150156237,697508716.7187457,76725958.83906204,73500940.40352023,0.0,0.0,0.0,9013.054428300682,9013.054428300682,8061.962107155879,0.0,951.0923211448036,2.327027459614328e-13,8061.962107155879,8061.962107155879,0.693868309577883,1.0,100.0,39141.36048066112,1000000.0
co/press_g2,2030-07-01,82407.7110284032,83637.63096941162,9491.848998910133,3.410605131648481e-13,2592.0657028757364,1306.9341519834625,0.0,17560.133044965187,0.0,0.0,0.0,0.0,0.0,0.0,0.0,0.0,0.0,13915.735488,57437.047953347785,740326430.2540431,0.0,0.0,0.0,259114250.58891508,0.0,259114250.58891508,0.0,0.0,0.0,148065.28605080862,0.0,148065.28605080862,0.0,0.0,22209.792907621293,0.0,22209.792907621293,0.0,0.0,81435907.32794474,0.0,0.0,0.0,0.0,0.0,0.0,3692187.920869127,259114250.58891508,148065.28605080862,22209.792907621293,740326430.2540431,81435907.32794474,77821365.99473496,0.0,0.0,0.0,9491.848998910133,9491.848998910133,8494.139808825617,0.0,997.7091900845144,2.753353101070388e-13,8494.13980882562,8494.13980882562,0.6867369064333488,1.0,100.0,35319.37483677699,1000000.0
co/press_g2,2030-08-01,82267.03391647091,82722.0063050096,9628.967849980396,5.684341886080803e-14,2610.196747080352,1326.0785040769408,0.0,17803.305867996292,0.0,0.0,0.0,0.0,0.0,0.0,0.0,0.0,0.0,9247.891247999998,58278.40255989785,737669144.0486003,0.0,0.0,0.0,258184200.41701007,0.0,258184200.41701007,0.0,0.0,0.0,147533.82880972006,0.0,147533.82880972006,0.0,0.0,22130.074321458007,0.0,22130.074321458007,0.0,0.0,81143605.84534603,0.0,0.0,0.0,0.0,0.0,0.0,3692105.853355863,258184200.41701007,147533.82880972006,22130.074321458007,737669144.0486003,81143605.84534603,77348111.2381257,0.0,0.0,0.0,9628.967849980396,9628.967849980396,8618.564442602765,0.0,1010.403407377631,4.618527782440651e-14,8618.564442602765,8618.564442602765,0.7045090558492478,1.0,100.0,32254.205701157935,1000000.0
co/press_g2,2030-09-01,76155.2959108187,75831.46372991805,8929.527451582424,3.979039320256561e-13,2412.2949853239243,1227.9398678196185,0.0,16569.936168080352,0.0,0.0,0.0,0.0,0.0,0.0,0.0,0.0,0.0,6282.659232,53965.41284405537,679883210.7033846,0.0,0.0,0.0,237959123.74618465,0.0,237959123.74618465,0.0,0.0,0.0,135976.64214067694,0.0,135976.64214067694,0.0,0.0,20396.49632110154,0.0,20396.49632110154,0.0,0.0,74787153.1773723,0.0,0.0,0.0,0.0,0.0,0.0,3572003.8164034607,237959123.74618465,135976.64214067694,20396.49632110154,679883210.7033846,74787153.1773723,71114016.3056114,0.0,0.0,0.0,8929.527451582424,8929.527451582424,7980.733304934455,0.0,948.7941466479684,3.144151605738444e-13,7980.733304934455,7980.733304934455,0.71164936280617,1.0,100.0,30165.74289673466,1000000.0
co/press_g2,2030-10-01,76037.63241379987,71055.63137233668,8543.184582239383,3.979039320256561e-13,2317.389437261804,1168.6004824346703,0.0,16128.572082868268,0.0,0.0,0.0,0.0,0.0,0.0,0.0,0.0,0.0,1207.10712,51357.56981026146,661875778.1696436,0.0,0.0,0.0,231656522.35937524,0.0,231656522.35937524,0.0,0.0,0.0,132375.15563392872,0.0,132375.15563392872,0.0,0.0,19856.273345089307,0.0,19856.273345089307,0.0,0.0,72806335.5986608,0.0,0.0,0.0,0.0,0.0,0.0,3689875.353962721,231656522.35937524,132375.15563392872,19856.273345089307,661875778.1696436,72806335.5986608,69059526.16723421,0.0,0.0,0.0,8543.184582239383,8543.18458223938,7595.069624124997,0.0,948.1149581143844,5.542233338928781e-13,7595.069624124998,7595.069624124998,0.7227797265095579,1.0,99.99999999999996,32830.35450093605,1000000.0
co/press_g2,2030-11-01,71872.99182693561,67661.38201413308,8090.837731288037,3.979039320256561e-13,2159.596771629685,1105.746186857683,0.0,15304.620447246378,0.0,0.0,0.0,0.0,0.0,0.0,0.0,0.0,0.0,1894.223184,48595.25375657934,603734315.5291657,0.0,0.0,0.0,211307010.435208,0.0,211307010.435208,0.0,0.0,0.0,120746.86310583317,0.0,120746.86310583317,0.0,0.0,18112.029465874974,0.0,18112.029465874974,0.0,0.0,66410774.70820823,0.0,0.0,0.0,0.0,0.0,0.0,3569757.4117550245,211307010.435208,120746.86310583317,18112.029465874974,603734315.5291657,66410774.70820823,62837960.1592482,0.0,0.0,0.0,8090.837731288037,8090.837731288037,7186.56153409925,0.0,904.276197188786,4.689582056016661e-13,7186.561534099251,7186.561534099251,0.7182125506456369,1.0,100.0,34882.3675421089,1000000.0
co/press_g2,2030-12-01,70521.27264902496,67425.17972498847,8077.606038340072,5.400124791776761e-13,2138.617910891491,1103.8100503463602,0.0,15301.867950318474,0.0,0.0,0.0,0.0,0.0,0.0,0.0,0.0,0.0,1471.756656,48510.16456866861,590983458.5117266,0.0,0.0,0.0,206844210.4791043,0.0,206844210.4791043,0.0,0.0,0.0,118196.69170234531,0.0,118196.69170234531,0.0,0.0,17729.503755351798,0.0,17729.503755351798,0.0,0.0,65008180.43628993,0.0,0.0,0.0,0.0,0.0,0.0,3687778.505652607,206844210.4791043,118196.69170234531,17729.503755351798,590983458.5117266,65008180.43628993,61358763.07402619,0.0,0.0,0.0,8077.606038340072,8077.606038340071,7173.978027737289,0.0,903.6280106027818,6.803446694902959e-13,7173.97802773729,7173.97802773729,0.719466596404047,1.0,100.0,35839.842555253905,1000000.0
co/press_g3,2029-01-01,74916.10249644119,73647.40712506098,8896.403379950578,2.273736754432321e-13,2242.3564082010225,1205.1214016185163,0.0,16912.22213856277,0.0,0.0,0.0,0.0,0.0,0.0,0.0,0.0,0.0,704.138832,52962.58853540488,582313457.3763534,0.0,0.0,0.0,203809710.0817237,0.0,203809710.0817237,0.0,0.0,0.0,116462.69147527068,0.0,116462.69147527068,0.0,0.0,17469.4037212906,0.0,17469.4037212906,0.0,0.0,64054480.31139887,0.0,0.0,0.0,0.0,0.0,0.0,3687501.74786986,203809710.0817237,116462.69147527068,17469.4037212906,582313457.3763534,64054480.31139887,63976885.821141824,0.0,0.0,0.0,8896.40337995058,8896.403379950578,7832.429550042928,0.0,1063.9738299076505,2.9842794901924213e-13,7832.429550042929,7832.429550042929,0.7191371781150269,1.0,100.0,64928.3389631792,1000000.0
co/press_g3,2029-02-01,66327.61027371131,65894.1812168643,7954.375254000939,2.273736754432321e-13,2024.6715056800144,1085.2956920235358,0.0,15133.217081710936,0.0,0.0,0.0,0.0,0.0,0.0,0.0,0.0,0.0,30.272016,47696.496882963365,527975457.84484667,0.0,0.0,0.0,184791410.2456963,0.0,184791410.2456963,0.0,0.0,0.0,105595.09156896934,0.0,105595.09156896934,0.0,0.0,15839.2637353454,0.0,15839.2637353454,0.0,0.0,58077300.36293313,0.0,0.0,0.0,0.0,0.0,0.0,3330707.9691556804,184791410.2456963,105595.09156896934,15839.2637353454,527975457.84484667,58077300.36293313,57868261.59971589,0.0,0.0,0.0,7954.375254000939,7954.375254000939,7053.647904122344,0.0,900.727349878595,3.0553337637684313e-13,7053.647904122344,7053.647904122344,0.7238347302015857,1.0,100.0,63337.09651434622,1000000.0
co/press_g3,2029-03-01,75787.46305698103,76356.66610883009,9118.517177888769,3.1263880373444413e-13,2335.3045141903376,1244.6833869480663,0.0,17327.23092314412,0.0,0.0,0.0,0.0,0.0,0.0,0.0,0.0,0.0,2020.342608,54701.2558164262,614546833.7676014,0.0,0.0,0.0,215091391.81866047,0.0,215091391.81866047,0.0,0.0,0.0,122909.36675352028,0.0,122909.36675352028,0.0,0.0,18436.40501302804,0.0,18436.40501302804,0.0,0.0,67600151.71443616,0.0,0.0,0.0,0.0,0.0,0.0,3688454.223238229,215091391.81866047,122909.36675352028,18436.40501302804,614546833.7676014,67600151.71443616,67195586.16214763,0.0,0.0,0.0,9118.517177888769,9118.517177888769,8089.554236848233,0.0,1028.9629410405346,2.9132252166164113e-13,8089.554236848233,8089.554236848233,0.7163913591835095,1.0,100.0,60432.58894830684,1000000.0
co/press_g3,2029-04-01,74620.68432366129,75191.98372666746,9041.065615966156,1.1368683772161605e-13,2346.266946361516,1235.0433713498276,0.0,17151.45531940523,0.0,0.0,0.0,0.0,0.0,0.0,0.0,0.0,0.0,905.057808,54277.59710542936,629539758.0665206,0.0,0.0,0.0,220338915.3232822,0.0,220338915.3232822,0.0,0.0,0.0,125907.95161330412,0.0,125907.95161330412,0.0,0.0,18886.19274199562,0.0,18886.19274199562,0.0,0.0,69249373.38731727,0.0,0.0,0.0,0.0,0.0,0.0,3570501.90646343,220338915.3232822,125907.95161330412,18886.19274199562,629539758.0665206,69249373.38731727,68665421.796754,0.0,0.0,0.0,9041.065615966156,9041.065615966156,8026.901011261902,0.0,1014.164604704254,9.947598300641405e-14,8026.901011261903,8026.901011261903,0.7218535063888647,1.0,100.0,57515.02259893918,1000000.0
co/press_g3,2029-05-01,81243.30574892357,81798.82100322477,9973.68018837055,1.1368683772161605e-13,2590.4441907088053,1368.4755019297672,0.0,18556.26151044188,0.0,0.0,0.0,0.0,0.0,0.0,0.0,0.0,0.0,341.71320000000003,59952.74412621937,691772038.0691847,0.0,0.0,0.0,242120213.32421464,0.0,242120213.32421464,0.0,0.0,0.0,138354.40761383696,0.0,138354.40761383696,0.0,0.0,20753.16114207554,0.0,20753.16114207554,0.0,0.0,76094924.18761031,0.0,0.0,0.0,0.0,0.0,0.0,3690732.894656834,242120213.32421464,138354.40761383696,20753.16114207554,691772038.0691847,76094924.18761031,75267323.6417944,0.0,0.0,0.0,9973.68018837055,9973.680188370548,8899.68611449419,0.0,1073.994073876359,1.0480505352461479e-13,8899.68611449419,8899.68611449419,0.7329291961782167,1.0,100.0,54369.06315392918,1000000.0
co/press_g3,2029-06-01,85340.10753345933,88272.14284060514,10335.281313324518,1.7053025658242404e-13,2661.3380993932474,1413.8697554932455,0.0,18484.945277604416,0.0,0.0,0.0,0.0,0.0,0.0,0.0,0.0,0.0,14645.534256,59818.03616939418,711973014.1012025,0.0,0.0,0.0,249190554.93542084,0.0,249190554.93542084,0.0,0.0,0.0,142394.6028202405,0.0,142394.6028202405,0.0,0.0,21359.190423036074,0.0,21359.190423036074,0.0,0.0,78317031.55113228,0.0,0.0,0.0,0.0,0.0,0.0,3572932.1111547328,249190554.93542084,142394.6028202405,21359.190423036074,711973014.1012025,78317031.55113228,77274596.55653678,0.0,0.0,0.0,10335.281313324518,10335.281313324518,9257.523406950468,0.0,1077.75790637405,2.557953848736361e-13,9257.523406950468,9257.523406950468,0.6776547418522383,1.0,100.0,48775.689747390126,1000000.0
co/press_g3,2029-07-01,84063.17798287285,85603.29263439235,10073.52312850112,846.124656351358,2695.6571525279765,1383.5220216422058,0.0,18552.59612703083,0.0,0.0,0.0,0.0,0.0,0.0,0.0,0.0,0.0,8382.329615999999,60598.16867239455,751572671.3914163,0.0,0.0,0.0,263050434.9869957,0.0,263050434.9869957,0.0,0.0,0.0,150314.53427828327,0.0,150314.53427828327,0.0,0.0,22547.18014174249,0.0,22547.18014174249,0.0,0.0,82672993.85305579,0.0,0.0,0.0,0.0,0.0,0.0,3394019.879985148,263050434.9869957,150314.53427828327,22547.18014174249,751572671.3914163,82672993.85305579,81371721.2965317,0.0,0.0,0.0,10919.64778485248,10073.52312850112,8997.944865376174,0.0,1075.5782631249472,846.124656351358,8997.944865376174,8997.944865376174,0.707895301775441,1.0,92.25135578525632,44539.91794334265,1000000.0
co/press_g3,2029-08-01,85451.05690338269,86086.84204226834,9998.518730540323,686.2021009568907,2670.60100306948,1376.2819817848003,0.0,18514.55651074896,0.0,0.0,0.0,0.0,0.0,0.0,0.0,0.0,0.0,9934.084895999998,60484.7413812952,739470764.3133626,0.0,0.0,0.0,258814767.5096769,0.0,258814767.5096769,0.0,0.0,0.0,147894.15286267252,0.0,147894.15286267252,0.0,0.0,22184.12292940088,0.0,22184.12292940088,0.0,0.0,81341784.0744699,0.0,0.0,0.0,0.0,0.0,0.0,3443966.7887815544,258814767.5096769,147894.15286267252,22184.12292940088,739470764.3133626,81341784.0744699,79861327.47203903,0.0,0.0,0.0,10684.720831497214,9998.518730540323,8944.8512397552,0.0,1053.667490785124,686.2021009568907,8944.8512397552,8944.8512397552,0.7026014655247477,1.0,93.57772550374874,41233.5318013875,1000000.0
co/press_g3,2029-09-01,83138.7084192081,83588.96779098315,9681.921931976003,288.1898002668494,2533.591664694881,1330.8353306997044,0.0,18009.894345180674,0.0,0.0,0.0,0.0,0.0,0.0,0.0,0.0,0.0,9784.150368,58487.45523360967,681865636.3291184,0.0,0.0,0.0,238652972.71519145,0.0,238652972.71519145,0.0,0.0,0.0,136373.12726582368,0.0,136373.12726582368,0.0,0.0,20455.969089873557,0.0,20455.969089873557,0.0,0.0,75005219.99620304,0.0,0.0,0.0,0.0,0.0,0.0,3465416.816841722,238652972.71519145,136373.12726582368,20455.969089873557,681865636.3291184,75005219.99620304,73459078.73692884,0.0,0.0,0.0,9970.111732242853,9681.921931976003,8649.480422813993,0.0,1032.4415091620112,288.18980026684943,8649.480422813993,8649.480422813993,0.6997030443043559,1.0,97.10946268199926,38249.68076491757,1000000.0
co/press_g3,2029-10-01,85120.32763389431,81381.52347775249,9548.240545222809,1.7053025658242404e-13,2481.3717738255377,1304.0621846090892,0.0,18103.528400518237,0.0,0.0,0.0,0.0,0.0,0.0,0.0,0.0,0.0,5615.41704,57310.8309380896,667431259.1208694,0.0,0.0,0.0,233600940.69230428,0.0,233600940.69230428,0.0,0.0,0.0,133486.2518241739,0.0,133486.2518241739,0.0,0.0,20022.937773626083,0.0,20022.937773626083,0.0,0.0,73417438.50329563,0.0,0.0,0.0,0.0,0.0,0.0,3690016.4917688905,233600940.69230428,133486.2518241739,20022.937773626083,667431259.1208694,73417438.50329563,71727287.57443872,0.0,0.0,0.0,9548.240545222809,9548.240545222809,8475.474069341122,0.0,1072.7664758816832,1.4921397450962106e-13,8475.474069341124,8475.474069341124,0.704224109957303,1.0,100.0,39507.11314723384,1000000.0
co/press_g3,2029-11-01,78152.97590384405,74777.910904426,8931.115358667832,5.684341886080803e-14,2292.394866124678,1219.1399760972372,0.0,16963.71553266866,0.0,0.0,0.0,0.0,0.0,0.0,0.0,0.0,0.0,2000.217168,53578.67583662803,605345207.557697,0.0,0.0,0.0,211870822.645194,0.0,211870822.645194,0.0,0.0,0.0,121069.0415115394,0.0,121069.0415115394,0.0,0.0,18160.356226730917,0.0,18160.356226730917,0.0,0.0,66587972.83134668,0.0,0.0,0.0,0.0,0.0,0.0,3569785.1512687714,211870822.645194,121069.0415115394,18160.356226730917,605345207.557697,66587972.83134668,64894126.61881764,0.0,0.0,0.0,8931.115358667832,8931.115358667832,7923.54028531752,0.0,1007.5750733503112,4.973799150320701e-14,7923.54028531752,7923.54028531752,0.7165040476338953,1.0,100.0,40589.783280527205,1000000.0
co/press_g3,2029-12-01,79295.65756879354,76721.9648183575,9024.58905183693,1.4210854715202006e-13,2290.228006299488,1231.3253494437215,0.0,17166.589133066514,0.0,0.0,0.0,0.0,0.0,0.0,0.0,0.0,0.0,4607.300208000001,54114.197746564576,594341741.7319075,0.0,0.0,0.0,208019609.6061676,0.0,208019609.6061676,0.0,0.0,0.0,118868.3483463815,0.0,118868.3483463815,0.0,0.0,17830.252251957227,0.0,17830.252251957227,0.0,0.0,65377591.59050983,0.0,0.0,0.0,0.0,0.0,0.0,3687855.690127008,208019609.6061676,118868.3483463815,17830.252251957227,594341741.7319075,65377591.59050983,63557535.67535347,0.0,0.0,0.0,9024.589051836932,9024.58905183693,8002.736520774903,0.0,1021.8525310620284,1.7763568394002505e-13,8002.736520774903,8002.736520774903,0.7053286223141212,1.0,99.99999999999996,40873.248024663735,1000000.0
co/press_g3,2030-01-01,75246.63388585449,73840.63484967337,8851.055501428891,2.842170943040401e-13,2243.702520604783,1207.7390251034756,0.0,16844.598169732708,0.0,0.0,0.0,0.0,0.0,0.0,0.0,0.0,0.0,1197.1282560000004,53077.62766373528,581152217.2941262,0.0,0.0,0.0,203403276.05294412,0.0,203403276.05294412,0.0,0.0,0.0,116230.44345882523,0.0,116230.44345882523,0.0,0.0,17434.566518823787,0.0,17434.566518823787,0.0,0.0,63926743.90235388,0.0,0.0,0.0,0.0,0.0,0.0,3687467.612927268,203403276.05294412,116230.44345882523,17434.566518823787,581152217.2941262,63926743.90235388,61990710.2043165,0.0,0.0,0.0,8851.055501428891,8851.055501428891,7849.442235658622,0.0,1001.613265770268,3.907985046680551e-13,7849.442235658622,7849.442235658622,0.7188132628029547,1.0,100.0,40035.54454024008,1000000.0
co/press_g3,2030-02-01,67283.13545374379,67385.08013043435,8072.361726229038,1.9895196601282805e-13,2049.2413188076343,1101.2689233170013,0.0,15357.269295826192,0.0,0.0,0.0,0.0,0.0,0.0,0.0,0.0,0.0,1237.546848,48398.48730105774,532188728.8324857,0.0,0.0,0.0,186266055.09137,0.0,186266055.09137,0.0,0.0,0.0,106437.74576649714,0.0,106437.74576649714,0.0,0.0,15965.66186497457,0.0,15965.66186497457,0.0,0.0,58540760.17157342,0.0,0.0,0.0,0.0,0.0,0.0,3330830.457944553,186266055.09137,106437.74576649714,15965.66186497457,532188728.8324857,58540760.17157342,56632093.74586714,0.0,0.0,0.0,8072.361726229038,8072.361726229038,7157.462514521415,0.0,914.8992117076228,2.629008122312371e-13,7157.462514521416,7157.462514521416,0.7182374378330472,1.0,100.0,37884.35854474186,1000000.0
co/press_g3,2030-03-01,73901.03978534423,74510.02000524715,8934.728623114135,2.273736754432321e-13,2294.8085075900253,1219.5523852153774,0.0,16979.391188385038,0.0,0.0,0.0,0.0,0.0,0.0,0.0,0.0,0.0,1256.666016,53596.800362840055,606667523.6409488,0.0,0.0,0.0,212333633.27433205,0.0,212333633.27433205,0.0,0.0,0.0,121333.50472818976,0.0,121333.50472818976,0.0,0.0,18200.025709228463,0.0,18200.025709228463,0.0,0.0,66733427.60050436,0.0,0.0,0.0,0.0,0.0,0.0,3688224.299155461,212333633.27433205,121333.50472818976,18200.025709228463,606667523.6409488,66733427.60050436,64403507.79550276,0.0,0.0,0.0,8934.728623114135,8934.728623114135,7926.220650432014,0.0,1008.5079726821205,2.3447910280083306e-13,7926.220650432014,7926.220650432014,0.7193233924654114,1.0,100.0,34980.56981724893,1000000.0
co/press_g3,2030-04-01,75460.6309362597,76018.60764124787,9052.318129664089,2.273736754432321e-13,2350.41394000442,1236.581285965554,0.0,17171.510563621265,0.0,0.0,0.0,0.0,0.0,0.0,0.0,0.0,0.0,2614.713935999999,54345.18526616231,631156999.6867267,0.0,0.0,0.0,220904949.89035437,0.0,220904949.89035437,0.0,0.0,0.0,126231.39993734536,0.0,126231.39993734536,0.0,0.0,18934.7099906018,0.0,18934.7099906018,0.0,0.0,69427269.96553995,0.0,0.0,0.0,0.0,0.0,0.0,3570549.727917902,220904949.89035437,126231.39993734536,18934.7099906018,631156999.6867267,69427269.96553995,66838044.1158322,0.0,0.0,0.0,9052.318129664089,9052.318129664089,8036.896359336777,0.0,1015.4217703273096,1.9895196601282805e-13,8036.896359336777,8036.896359336777,0.7148931946061385,1.0,100.0,32072.17917225631,1000000.0
co/press_g3,2030-05-01,81361.62802936276,81809.03709406823,9968.50855879822,81.48883469472963,2595.2633959198047,1369.001275641975,0.0,18589.551821079283,0.0,0.0,0.0,0.0,0.0,0.0,0.0,0.0,0.0,0.0,60164.76943226853,693963357.3593832,0.0,0.0,0.0,242887175.0757841,0.0,242887175.0757841,0.0,0.0,0.0,138792.67147187667,0.0,138792.67147187667,0.0,0.0,20818.900720781498,0.0,20818.900720781498,0.0,0.0,76335969.30953217,0.0,0.0,0.0,0.0,0.0,0.0,3660158.566879625,242887175.0757841,138792.67147187667,20818.900720781498,693963357.3593832,76335969.30953217,73308053.06279348,0.0,0.0,0.0,10049.997393492951,9968.50855879822,8897.531842836637,0.0,1070.9767159615833,81.48883469472962,8897.531842836637,8897.531842836637,0.7354293800462165,1.0,99.18916561363994,29029.50671163103,1000000.0
co/press_g3,2030-06-01,81787.37222401252,83956.8535984727,9679.085530449083,467.056803173011,2565.5539242843,1331.268933165543,0.0,17963.355055152402,0.0,0.0,0.0,0.0,0.0,0.0,0.0,0.0,0.0,10882.244688000002,58506.511163539486,703257389.2447453,0.0,0.0,0.0,246140086.2356608,0.0,246140086.2356608,0.0,0.0,0.0,140651.47784894906,0.0,140651.47784894906,0.0,0.0,21097.72167734236,0.0,21097.72167734236,0.0,0.0,77358312.81692198,0.0,0.0,0.0,0.0,0.0,0.0,3402683.8180843573,246140086.2356608,140651.47784894906,21097.72167734236,703257389.2447453,77358312.81692198,74106726.70760535,0.0,0.0,0.0,10146.142333622094,9679.085530449083,8652.29852957224,0.0,1026.787000876844,467.05680317301113,8652.29852957224,8652.29852957224,0.6968640278416032,1.0,95.39670558705562,24294.47141288655,1000000.0
co/press_g3,2030-07-01,86003.48356352627,87677.39607765514,9998.173136039177,700.3823556716064,2680.53595422502,1376.2819817848003,0.0,18507.51254831257,0.0,0.0,0.0,0.0,0.0,0.0,0.0,0.0,0.0,13664.167488,60484.7413812952,746228264.7083567,0.0,0.0,0.0,261179892.64792484,0.0,261179892.64792484,0.0,0.0,0.0,149245.65294167135,0.0,149245.65294167135,0.0,0.0,22386.847941250704,0.0,22386.847941250704,0.0,0.0,82085109.11791924,0.0,0.0,0.0,0.0,0.0,0.0,3439135.699957852,261179892.64792484,149245.65294167135,22386.847941250704,746228264.7083567,82085109.11791924,78441754.79663588,0.0,0.0,0.0,10698.55549171078,9998.173136039177,8944.8512397552,0.0,1053.3218962839742,700.3823556716065,8944.8512397552,8944.8512397552,0.6898555852151946,1.0,93.45348672337812,19940.02294453265,1000000.0
co/press_g3,2030-08-01,84793.78220483867,85567.45038187799,9993.754364861534,872.2152931615733,2676.388291617185,1376.2819817848003,0.0,18476.98060845027,0.0,0.0,0.0,0.0,0.0,0.0,0.0,0.0,0.0,8954.059824,60484.7413812952,743397316.736957,0.0,0.0,0.0,260189060.8579349,0.0,260189060.8579349,0.0,0.0,0.0,148679.4633473914,0.0,148679.4633473914,0.0,0.0,22301.919502108707,0.0,22301.919502108707,0.0,0.0,81773704.84106526,0.0,0.0,0.0,0.0,0.0,0.0,3381655.834096688,260189060.8579349,148679.4633473914,22301.919502108707,743397316.736957,81773704.84106526,77948735.97329485,0.0,0.0,0.0,10865.969658023108,9993.754364861534,8944.8512397552,0.0,1048.9031251063343,872.2152931615734,8944.8512397552,8944.8512397552,0.7068662337297482,1.0,91.9729640279498,16489.966475876132,1000000.0
co/press_g3,2030-09-01,81421.57985501505,81717.25734561784,9634.62172572443,241.9156503237826,2523.616813115196,1323.9874776644608,0.0,17934.73238295729,0.0,0.0,0.0,0.0,0.0,0.0,0.0,0.0,0.0,6282.659232,58186.5062817701,680445420.8386889,0.0,0.0,0.0,238155897.29354107,0.0,238155897.29354107,0.0,0.0,0.0,136089.08416773778,0.0,136089.08416773778,0.0,0.0,20413.362625160666,0.0,20413.362625160666,0.0,0.0,74848996.29225577,0.0,0.0,0.0,0.0,0.0,0.0,3482700.786210491,238155897.29354107,136089.08416773778,20413.362625160666,680445420.8386889,74848996.29225577,71172812.95062613,0.0,0.0,0.0,9876.537376048213,9634.62172572443,8604.974262359487,0.0,1029.647463364944,241.9156503237826,8604.974262359487,8604.974262359487,0.7120467349469898,1.0,97.5506025936736,13670.672172158143,1000000.0
co/press_g3,2030-10-01,82693.63217673976,78485.41934247658,9426.845682239382,1.1368683772161605e-13,2455.380371581287,1287.657990603633,0.0,17873.592270998797,0.0,0.0,0.0,0.0,0.0,0.0,0.0,0.0,0.0,1207.10712,56589.90060177736,662588172.0952576,0.0,0.0,0.0,231905860.2333401,0.0,231905860.2333401,0.0,0.0,0.0,132517.63441905152,0.0,132517.63441905152,0.0,0.0,19877.64516285773,0.0,19877.64516285773,0.0,0.0,72884698.93047833,0.0,0.0,0.0,0.0,0.0,0.0,3689875.353962721,231905860.2333401,132517.63441905152,19877.64516285773,662588172.0952576,72884698.93047833,69133855.97670218,0.0,0.0,0.0,9426.845682239382,9426.845682239382,8368.858508700998,0.0,1057.9871735383845,9.947598300641405e-14,8368.858508700998,8368.858508700998,0.7210243772138542,1.0,100.0,15423.504634840048,1000000.0
co/press_g3,2030-11-01,78214.12659097646,74739.62773398192,8932.700935288038,1.7053025658242404e-13,2291.0123579275582,1219.1305357379042,0.0,16967.564229005115,0.0,0.0,0.0,0.0,0.0,0.0,0.0,0.0,0.0,1894.223184,53578.26095239619,604413070.4630067,0.0,0.0,0.0,211544574.66205236,0.0,211544574.66205236,0.0,0.0,0.0,120882.61409260136,0.0,120882.61409260136,0.0,0.0,18132.3921138902,0.0,18132.3921138902,0.0,0.0,66485437.750930734,0.0,0.0,0.0,0.0,0.0,0.0,3569757.4117550245,211544574.66205236,120882.61409260136,18132.3921138902,604413070.4630067,66485437.750930734,62908606.21014044,0.0,0.0,0.0,8932.700935288038,8932.700935288038,7923.478929715251,0.0,1009.2220055727862,1.4921397450962106e-13,7923.478929715251,7923.478929715251,0.7168655046436059,1.0,100.0,16606.991133907035,1000000.0
co/press_g3,2030-12-01,76875.05861967664,74516.94010501615,8920.634826340072,2.557953848736361e-13,2270.2380319066715,1217.3708701947407,0.0,16968.182538973102,0.0,0.0,0.0,0.0,0.0,0.0,0.0,0.0,0.0,1471.756656,53500.92729788029,591663511.8738527,0.0,0.0,0.0,207082229.15584844,0.0,207082229.15584844,0.0,0.0,0.0,118332.70237477055,0.0,118332.70237477055,0.0,0.0,17749.905356215582,0.0,17749.905356215582,0.0,0.0,65082986.3061238,0.0,0.0,0.0,0.0,0.0,0.0,3687778.505652607,207082229.15584844,118332.70237477055,17749.905356215582,591663511.8738527,65082986.3061238,61429369.08936918,0.0,0.0,0.0,8920.634826340072,8920.634826340072,7912.04235877729,0.0,1008.5924675627818,3.1263880373444413e-13,7912.04235877729,7912.04235877729,0.7179699974593943,1.0,100.0,16694.87161666085,1000000.0
co/cap_0000,2029-01-01,61063.64641226237,58897.29902026238,7007.854,1.4210854715202006e-13,1082.9797949068366,934.3865697758116,0.0,13841.884814493767,0.0,0.0,0.0,0.0,0.0,0.0,0.0,0.0,0.0,704.138832,41064.35365066238,5631358.863758427,0.0,0.0,0.0,1970975.6023154487,0.0,1970975.6023154487,0.0,0.0,0.0,1126.2717727516854,0.0,1126.2717727516854,0.0,0.0,168.9407659127528,0.0,168.9407659127528,0.0,0.0,619449.475013427,0.0,0.0,0.0,0.0,0.0,0.0,3670400.0,1970975.6023154487,1126.2717727516854,168.9407659127528,5631358.863758427,619449.475013427,618695.7369046967,0.0,0.0,0.0,7007.854,7007.854,6072.8462464,0.0,935.0077536,1.7763568394002505e-13,6072.8462464,6072.8462464,0.6972196405226503,1.0,100.0,66985.36759709317,1000000.0
co/cap_0000,2029-02-01,53944.09694711684,52706.29122391684,6263.6434,8.526512829121202e-14,977.6994148123676,843.551474159252,0.0,12383.668479528244,0.0,0.0,0.0,0.0,0.0,0.0,0.0,0.0,0.0,30.272016,37072.33941271684,5053282.699343603,0.0,0.0,0.0,1768648.944770261,0.0,1768648.944770261,0.0,0.0,0.0,1010.6565398687206,0.0,1010.6565398687206,0.0,0.0,151.5984809803081,0.0,151.5984809803081,0.0,0.0,555861.0969277964,0.0,0.0,0.0,0.0,0.0,0.0,3315200.0,1768648.944770261,1010.6565398687206,151.5984809803081,5053282.699343603,555861.0969277964,553863.1003507002,0.0,0.0,0.0,6263.6434,6263.6434,5482.4829136,0.0,781.1604864,1.0480505352461479e-13,5482.4829136,5482.4829136,0.7033759832430462,1.0,100.0,67245.4739054808,1000000.0
co/cap_0000,2029-03-01,61487.6273362218,61133.5206786218,7165.3862,1.1368683772161605e-13,1118.7709174500396,965.2668727868628,0.0,14157.38633037154,0.0,0.0,0.0,0.0,0.0,0.0,0.0,0.0,0.0,2020.342608,42421.4789826218,5778585.013229596,0.0,0.0,0.0,2022504.7546303584,0.0,2022504.7546303584,0.0,0.0,0.0,1155.7170026459194,0.0,1155.7170026459194,0.0,0.0,173.3575503968879,0.0,173.3575503968879,0.0,0.0,635644.3514552556,0.0,0.0,0.0,0.0,0.0,0.0,3670400.0,2022504.7546303584,1155.7170026459194,173.3575503968879,5778585.013229596,635644.3514552556,631843.2566435522,0.0,0.0,0.0,7165.3862,7165.3862,6273.5461904,0.0,891.8400096,1.4210854715202006e-13,6273.5461904,6273.5461904,0.6939151959794859,1.0,100.0,66480.80964563077,1000000.0
co/cap_0000,2029-04-01,60210.92702398591,59864.39914478591,7072.0279,1.1368683772161605e-13,1104.5729012368,953.0169344874585,0.0,13967.854296936432,0.0,0.0,0.0,0.0,0.0,0.0,0.0,0.0,0.0,905.057808,41883.11957678591,5702412.43295766,0.0,0.0,0.0,1995844.3515351808,0.0,1995844.3515351808,0.0,0.0,0.0,1140.482486591532,0.0,1140.482486591532,0.0,0.0,171.0723729887298,0.0,171.0723729887298,0.0,0.0,627265.3676253426,0.0,0.0,0.0,0.0,0.0,0.0,3552000.0,1995844.3515351808,1140.482486591532,171.0723729887298,5702412.43295766,627265.3676253426,621979.9162929556,0.0,0.0,0.0,7072.0279,7072.0279,6193.9303288,0.0,878.0975712,1.4210854715202006e-13,6193.9303288,6193.9303288,0.6996331738916962,1.0,100.0,65722.76462359398,1000000.0
co/cap_0000,2029-05-01,65678.32679491196,65216.52283091196,7805.7225,1.4210854715202006e-13,1226.389152350912,1058.1190514029963,0.0,15139.987329587402,0.0,0.0,0.0,0.0,0.0,0.0,0.0,0.0,0.0,341.71320000000003,46502.13983891196,6223119.000456081,0.0,0.0,0.0,2178091.650159628,0.0,2178091.650159628,0.0,0.0,0.0,1244.6238000912165,0.0,1244.6238000912165,0.0,0.0,186.69357001368243,0.0,186.69357001368243,0.0,0.0,684543.0900501689,0.0,0.0,0.0,0.0,0.0,0.0,3670400.0,2178091.650159628,1244.6238000912165,186.69357001368243,6223119.000456081,684543.0900501689,677103.1244108517,0.0,0.0,0.0,7805.7225,7805.7225,6877.019124,0.0,928.703376,1.865174681370263e-13,6877.019124,6877.019124,0.7130423061572737,1.0,100.0,64958.17943524307,1000000.0
co/cap_0000,2029-06-01,73479.50516098128,72348.26201298129,7910.1825,2.557953848736361e-13,1244.891609536801,1074.0828279975858,0.0,15278.321790585433,0.0,0.0,0.0,0.0,0.0,0.0,0.0,0.0,0.0,15148.670256,47203.71474258128,6290647.556939411,0.0,0.0,0.0,2201726.6449287934,0.0,2201726.6449287934,0.0,0.0,0.0,1258.1295113878823,0.0,1258.1295113878823,0.0,0.0,188.71942670818237,0.0,188.71942670818237,0.0,0.0,691971.2312633352,0.0,0.0,0.0,0.0,0.0,0.0,3552000.0,2201726.6449287934,1258.1295113878823,188.71942670818237,6290647.556939411,691971.2312633352,682764.4228359326,0.0,0.0,0.0,7910.1825,7910.1825,6980.7722856,0.0,929.4102144,3.3573144264664734e-13,6980.7722856,6980.7722856,0.6524512604616767,1.0,100.0,64844.530973706285,1000000.0
co/cap_0000,2029-07-01,75342.74646101524,72848.83914661524,8304.6985,1.7053025658242404e-13,1307.3702140376322,1127.988883510776,0.0,16017.455875921256,0.0,0.0,0.0,0.0,0.0,0.0,0.0,0.0,0.0,8818.380815999999,49572.77418661524,6598190.263539045,0.0,0.0,0.0,2309366.5922386656,0.0,2309366.5922386656,0.0,0.0,0.0,1319.638052707809,0.0,1319.638052707809,0.0,0.0,197.94570790617132,0.0,197.94570790617132,0.0,0.0,725800.9289892949,0.0,0.0,0.0,0.0,0.0,0.0,3670400.0,2309366.5922386656,1319.638052707809,197.94570790617132,6598190.263539045,725800.9289892949,714374.3167099559,0.0,0.0,0.0,8304.6985,8304.6985,7331.1231976,0.0,973.5753024,1.5987211554602254e-13,7331.1231976,7331.1231976,0.6804881830284942,1.0,100.0,66031.06807406865,1000000.0
co/cap_0000,2029-08-01,75981.97819212622,72020.80605292623,8123.023,2.842170943040401e-13,1277.768714154444,1102.4489389373402,0.0,15697.8636372689,0.0,0.0,0.0,0.0,0.0,0.0,0.0,0.0,0.0,10266.90936,48450.34654252623,6461398.5249201525,0.0,0.0,0.0,2261489.483722053,0.0,2261489.483722053,0.0,0.0,0.0,1292.2797049840308,0.0,1292.2797049840308,0.0,0.0,193.8419557476046,0.0,193.8419557476046,0.0,0.0,710753.8377412169,0.0,0.0,0.0,0.0,0.0,0.0,3670400.0,2261489.483722053,1292.2797049840308,193.8419557476046,6461398.5249201525,710753.8377412169,697814.879013623,0.0,0.0,0.0,8123.023,8123.022999999999,7165.1317744,0.0,957.8912256,3.730349362740526e-13,7165.1317744,7165.1317744,0.6727270798235904,1.0,100.0,68714.4714991142,1000000.0
co/cap_0000,2029-09-01,73333.4505634341,69123.9937082341,7797.1255,1.9895196601282805e-13,1226.2165488563785,1057.9701304462556,0.0,15079.201738927815,0.0,0.0,0.0,0.0,0.0,0.0,0.0,0.0,0.0,9784.150368,46495.59507143411,6205021.640657275,0.0,0.0,0.0,2171757.574230046,0.0,2171757.574230046,0.0,0.0,0.0,1241.0043281314552,0.0,1241.0043281314552,0.0,0.0,186.15064921971825,0.0,186.15064921971825,0.0,0.0,682552.3804723002,0.0,0.0,0.0,0.0,0.0,0.0,3552000.0,2171757.574230046,1241.0043281314552,186.15064921971825,6205021.640657275,682552.3804723002,668478.7058079564,0.0,0.0,0.0,7797.1255,7797.1255,6876.051244,0.0,921.074256,1.971756091734278e-13,6876.051244,6876.051244,0.6726404621192412,1.0,100.0,71697.71180545788,1000000.0
co/cap_0000,2029-10-01,69877.07198144105,65168.55571104106,7464.5998,5.684341886080803e-14,1165.5693151540595,1005.6441674578358,0.0,14736.86085993852,0.0,0.0,0.0,0.0,0.0,0.0,0.0,0.0,0.0,5615.41704,44195.97741984105,6016510.622460551,0.0,0.0,0.0,2105778.7178611928,0.0,2105778.7178611928,0.0,0.0,0.0,1203.3021244921104,0.0,1203.3021244921104,0.0,0.0,180.4953186738165,0.0,180.4953186738165,0.0,0.0,661816.1684706606,0.0,0.0,0.0,0.0,0.0,0.0,3670400.0,2105778.7178611928,1203.3021244921104,180.4953186738165,6016510.622460551,661816.1684706606,646575.6436842339,0.0,0.0,0.0,7464.5998,7464.5998,6535.9698064,0.0,928.6299936,7.105427357601003e-14,6535.9698064,6535.9698064,0.6781794829980133,1.0,100.0,75240.65876070377,1000000.0
co/cap_0000,2029-11-01,64109.39695282189,59829.55849522189,7012.6112,5.684341886080803e-14,1094.8674099491377,944.643111859449,0.0,13852.399255305649,0.0,0.0,0.0,0.0,0.0,0.0,0.0,0.0,0.0,2000.217168,41515.107423221896,5654353.88273992,0.0,0.0,0.0,1979023.858958972,0.0,1979023.858958972,0.0,0.0,0.0,1130.870776547984,0.0,1130.870776547984,0.0,0.0,169.6306164821976,0.0,169.6306164821976,0.0,0.0,621978.9271013913,0.0,0.0,0.0,0.0,0.0,0.0,3552000.0,1979023.858958972,1130.870776547984,169.6306164821976,5654353.88273992,621978.9271013913,606153.413795016,0.0,0.0,0.0,7012.6112,7012.6112,6139.5064544,0.0,873.1047456,7.105427357601003e-14,6139.5064544,6139.5064544,0.6938895834662958,1.0,100.0,78425.62980835463,1000000.0
co/cap_0000,2029-12-01,65301.730560584656,61815.82837658466,7113.883,8.526512829121202e-14,1110.5634756951242,958.1855556800464,0.0,14057.500174138171,0.0,0.0,0.0,0.0,0.0,0.0,0.0,0.0,0.0,4607.300208000001,42110.26976858466,5737331.705279706,0.0,0.0,0.0,2008066.096847897,0.0,2008066.096847897,0.0,0.0,0.0,1147.4663410559413,0.0,1147.4663410559413,0.0,0.0,172.1199511583912,0.0,172.1199511583912,0.0,0.0,631106.4875807677,0.0,0.0,0.0,0.0,0.0,0.0,3670400.0,2008066.096847897,1147.4663410559413,172.1199511583912,5737331.705279706,631106.4875807677,613536.0530052405,0.0,0.0,0.0,7113.883,7113.883,6227.52268,0.0,886.36032,1.1013412404281553e-13,6227.52268,6227.52268,0.6812214747337382,1.0,100.0,80800.9685166595,1000000.0
co/cap_0000,2030-01-01,61539.20123977369,59238.82663417369,6979.9247,8.526512829121202e-14,1089.785529225187,940.2585045749976,0.0,13798.230981588937,0.0,0.0,0.0,0.0,0.0,0.0,0.0,0.0,0.0,1197.1282560000004,41322.41301817369,5631154.273076238,0.0,0.0,0.0,1970903.9955766832,0.0,1970903.9955766832,0.0,0.0,0.0,1126.2308546152476,0.0,1126.2308546152476,0.0,0.0,168.93462819228714,0.0,168.93462819228714,0.0,0.0,619426.9700383862,0.0,0.0,0.0,0.0,0.0,0.0,3670400.0,1970903.9955766832,1126.2308546152476,168.93462819228714,5631154.273076238,619426.9700383862,600666.3140431555,0.0,0.0,0.0,6979.9247000000005,6979.9247,6111.0096344,0.0,868.9150655999999,1.1013412404281553e-13,6111.0096344,6111.0096344,0.6975562374548387,1.0,100.0,82011.55759303435,1000000.0
co/cap_0000,2030-02-01,54758.892031528965,54044.861393128966,6362.3658,5.684341886080803e-14,993.0828100805652,856.8241483160153,0.0,12574.80657969176,0.0,0.0,0.0,0.0,0.0,0.0,0.0,0.0,0.0,1237.546848,37655.64594032896,5131671.036247199,0.0,0.0,0.0,1796084.8626865193,0.0,1796084.8626865193,0.0,0.0,0.0,1026.3342072494395,0.0,1026.3342072494395,0.0,0.0,153.95013108741594,0.0,153.95013108741594,0.0,0.0,564483.8139871918,0.0,0.0,0.0,0.0,0.0,0.0,3315200.0,1796084.8626865193,1026.3342072494395,153.95013108741594,5131671.036247199,564483.8139871918,546081.9123170888,0.0,0.0,0.0,6362.3658,6362.3658,5568.7458288,0.0,793.6199712,7.105427357601003e-14,5568.7458288,5568.7458288,0.6967479417963007,1.0,100.0,81732.50542135371,1000000.0
co/cap_0000,2030-03-01,59836.45550817508,59540.33909457508,7013.7207,1.9895196601282805e-13,1094.9202809596404,944.6887285573566,0.0,13863.541172846044,0.0,0.0,0.0,0.0,0.0,0.0,0.0,0.0,0.0,1256.666016,41517.11218257508,5657730.283761837,0.0,0.0,0.0,1980205.5993166429,0.0,1980205.5993166429,0.0,0.0,0.0,1131.5460567523671,0.0,1131.5460567523671,0.0,0.0,169.7319085128551,0.0,169.7319085128551,0.0,0.0,622350.3312138021,0.0,0.0,0.0,0.0,0.0,0.0,3670400.0,1980205.5993166429,1131.5460567523671,169.7319085128551,5657730.283761837,622350.3312138021,600625.1499904873,0.0,0.0,0.0,7013.7207,7013.7207,6139.8029304,0.0,873.9177695999999,2.557953848736361e-13,6139.8029304,6139.8029304,0.6972938484046666,1.0,100.0,80933.701553994,1000000.0
co/cap_0000,2030-04-01,61023.61752743548,60662.52612583548,7079.4892,1.9895196601282805e-13,1105.7165016433692,954.0036240509328,0.0,13982.282449554936,0.0,0.0,0.0,0.0,0.0,0.0,0.0,0.0,0.0,2614.713935999999,41926.48253863548,5708299.389936678,0.0,0.0,0.0,1997904.7864778368,0.0,1997904.7864778368,0.0,0.0,0.0,1141.6598779873357,0.0,1141.6598779873357,0.0,0.0,171.24898169810035,0.0,171.24898169810035,0.0,0.0,627912.9328930345,0.0,0.0,0.0,0.0,0.0,0.0,3552000.0,1997904.7864778368,1141.6598779873357,171.24898169810035,5708299.389936678,627912.9328930345,604498.0788660693,0.0,0.0,0.0,7079.4892,7079.4892,6200.343107199999,0.0,879.1460928,2.486899575160351e-13,6200.343107199999,6200.343107199999,0.6911430369989071,1.0,100.0,80189.07645395062,1000000.0
co/cap_0000,2030-05-01,66052.0320374762,65541.4686678762,7864.824,1.9895196601282805e-13,1236.0112541160738,1066.420926197583,0.0,15243.947851686911,0.0,0.0,0.0,0.0,0.0,0.0,0.0,0.0,0.0,0.0,46866.99003427619,6267604.107351005,0.0,0.0,0.0,2193661.437572852,0.0,2193661.437572852,0.0,0.0,0.0,1253.520821470201,0.0,1253.520821470201,0.0,0.0,188.02812322053012,0.0,188.02812322053012,0.0,0.0,689436.4518086106,0.0,0.0,0.0,0.0,0.0,0.0,3670400.0,2193661.437572852,1253.520821470201,188.02812322053012,6267604.107351005,689436.4518086106,662096.5308238453,0.0,0.0,0.0,7864.824,7864.824,6930.9753888,0.0,933.8486112,2.611244553918368e-13,6930.9753888,6930.9753888,0.7150738454118146,1.0,100.0,79463.62856943456,1000000.0
co/cap_0000,2030-06-01,70735.22029340781,69141.8861710078,7723.5935,1.7053025658242404e-13,1214.5845042567828,1047.934092558928,0.0,14950.174733654216,0.0,0.0,0.0,0.0,0.0,0.0,0.0,0.0,0.0,11163.33,46054.53200140781,6150343.258660615,0.0,0.0,0.0,2152620.140531215,0.0,2152620.140531215,0.0,0.0,0.0,1230.068651732123,0.0,1230.068651732123,0.0,0.0,184.51029775981849,0.0,184.51029775981849,0.0,0.0,676537.7584526676,0.0,0.0,0.0,0.0,0.0,0.0,3552000.0,2152620.140531215,1230.068651732123,184.51029775981849,6150343.258660615,676537.7584526676,648100.13332029,0.0,0.0,0.0,7723.5935,7723.5935,6810.824156,0.0,912.769344,2.238209617644316e-13,6810.824156,6810.824156,0.6660872960205582,1.0,100.0,79842.37818757782,1000000.0
co/cap_0000,2030-07-01,75996.82515254509,73646.05100534509,8124.418,1.7053025658242404e-13,1278.1574103476712,1102.7843029989622,0.0,15700.468370228196,0.0,0.0,0.0,0.0,0.0,0.0,0.0,0.0,0.0,13999.591488,48465.08509814509,6462766.714610677,0.0,0.0,0.0,2261968.350113737,0.0,2261968.350113737,0.0,0.0,0.0,1292.5533429221357,0.0,1292.5533429221357,0.0,0.0,193.88300143832032,0.0,193.88300143832032,0.0,0.0,710904.3386071745,0.0,0.0,0.0,0.0,0.0,0.0,3670400.0,2261968.350113737,1292.5533429221357,193.88300143832032,6462766.714610677,710904.3386071745,679349.6173980066,0.0,0.0,0.0,8124.418,8124.418,7167.3114016,0.0,957.1065984,2.238209617644316e-13,7167.3114016,7167.3114016,0.6580812472161962,1.0,100.0,80914.99492443018,1000000.0
co/cap_0000,2030-08-01,76386.33664043566,72774.98452283566,8266.5065,1.7053025658242404e-13,1301.2391147834198,1122.6990186139049,0.0,15950.356579147585,0.0,0.0,0.0,0.0,0.0,0.0,0.0,0.0,0.0,9348.518448,49340.29558523566,6569614.45965127,0.0,0.0,0.0,2299365.0608779443,0.0,2299365.0608779443,0.0,0.0,0.0,1313.922891930254,0.0,1313.922891930254,0.0,0.0,197.0884337895381,0.0,197.0884337895381,0.0,0.0,722657.5905616398,0.0,0.0,0.0,0.0,0.0,0.0,3670400.0,2299365.0608779443,1313.922891930254,197.0884337895381,6569614.45965127,722657.5905616398,688852.6022411558,0.0,0.0,0.0,8266.5065,8266.5065,7296.7428488,0.0,969.7636512,2.238209617644316e-13,7296.7428488,7296.7428488,0.6779842813948445,1.0,100.0,83225.10792724672,1000000.0
co/cap_0000,2030-09-01,71430.6740367432,66977.67292314321,7718.183999999999,2.557953848736361e-13,1213.1683394139864,1046.7122365133023,0.0,14940.159250387846,0.0,0.0,0.0,0.0,0.0,0.0,0.0,0.0,0.0,6282.659232,46000.833959943215,6145217.142787141,0.0,0.0,0.0,2150825.999975499,0.0,2150825.999975499,0.0,0.0,0.0,1229.043428557428,0.0,1229.043428557428,0.0,0.0,184.35651428361425,0.0,184.35651428361425,0.0,0.0,675973.8857065855,0.0,0.0,0.0,0.0,0.0,0.0,3552000.0,2150825.999975499,1229.043428557428,184.35651428361425,6145217.142787141,675973.8857065855,642773.4848303018,0.0,0.0,0.0,7718.184,7718.183999999999,6802.8829632,0.0,915.3010368,3.3573144264664734e-13,6802.8829632,6802.8829632,0.6868084833692133,1.0,100.0,86464.94070143276,1000000.0
co/cap_0000,2030-10-01,67601.12757116578,62435.19263116577,7363.8425,1.4210854715202006e-13,1149.9244526623652,992.1459014080192,0.0,14541.83490108774,0.0,0.0,0.0,0.0,0.0,0.0,0.0,0.0,0.0,1207.10712,43602.75659596577,5936616.04678365,0.0,0.0,0.0,2077815.6163742773,0.0,2077815.6163742773,0.0,0.0,0.0,1187.32320935673,0.0,1187.32320935673,0.0,0.0,178.0984814035095,0.0,178.0984814035095,0.0,0.0,653027.7651462016,0.0,0.0,0.0,0.0,0.0,0.0,3670400.0,2077815.6163742773,1187.32320935673,178.0984814035095,5936616.04678365,653027.7651462016,619415.0788996408,0.0,0.0,0.0,7363.8425,7363.8425,6448.2407048,0.0,915.6017952,1.7763568394002505e-13,6448.2407048,6448.2407048,0.6983682560819167,1.0,100.0,90480.95118877036,1000000.0
co/cap_0000,2030-11-01,64181.15651634035,59801.83781474035,7015.5267,5.684341886080803e-14,1095.1298858156115,944.8695740018428,0.0,13857.864847989456,0.0,0.0,0.0,0.0,0.0,0.0,0.0,0.0,0.0,1894.223184,41525.059965140346,5656291.115341142,0.0,0.0,0.0,1979701.8903694,0.0,1979701.8903694,0.0,0.0,0.0,1131.2582230682283,0.0,1131.2582230682283,0.0,0.0,169.6887334602343,0.0,169.6887334602343,0.0,0.0,622192.0226875256,0.0,0.0,0.0,0.0,0.0,0.0,3552000.0,1979701.8903694,1131.2582230682283,169.6887334602343,5656291.115341142,622192.0226875256,588717.0907686057,0.0,0.0,0.0,7015.5267,7015.5267,6140.9782968,0.0,874.5484031999999,7.105427357601003e-14,6140.9782968,6140.9782968,0.6943776559807494,1.0,100.0,93765.14000455472,1000000.0
co/cap_0000,2030-12-01,62992.58976609725,59732.36651089725,7025.2399,1.4210854715202006e-13,1096.834341793168,946.3401654031716,0.0,13885.954905455235,0.0,0.0,0.0,0.0,0.0,0.0,0.0,0.0,0.0,1471.756656,41589.68941009724,5667111.351051144,0.0,0.0,0.0,1983488.9728679005,0.0,1983488.9728679005,0.0,0.0,0.0,1133.4222702102288,0.0,1133.4222702102288,0.0,0.0,170.01334053153434,0.0,170.01334053153434,0.0,0.0,623382.2486156259,0.0,0.0,0.0,0.0,0.0,0.0,3670400.0,1983488.9728679005,1133.4222702102288,170.01334053153434,5667111.351051144,623382.2486156259,588383.4611915746,0.0,0.0,0.0,7025.2399000000005,7025.2399,6150.536092,0.0,874.703808,1.8118839761882557e-13,6150.536092,6150.536092,0.6962672306396875,1.0,100.0,95928.52891796154,1000000.0
co/cap_0250,2029-01-01,62998.28073460883,60872.31246952377,7278.7557249876445,1.1368683772161605e-13,1341.458042848238,975.0080177794988,0.0,14204.261854656615,0.0,0.0,0.0,0.0,0.0,0.0,0.0,0.0,0.0,704.138832,42849.58212095775,149637405.10857537,0.0,0.0,0.0,52373091.78800138,0.0,52373091.78800138,0.0,0.0,0.0,29927.48102171508,0.0,29927.48102171508,0.0,0.0,4489.122153257262,0.0,4489.122153257262,0.0,0.0,16460114.561943293,0.0,0.0,0.0,0.0,0.0,0.0,3674675.436967465,52373091.78800138,29927.48102171508,4489.122153257262,149637405.10857537,16460114.561943293,16440173.11473792,0.0,0.0,0.0,7278.7557249876445,7278.7557249876445,6336.856684918732,0.0,941.8990400689124,1.5987211554602254e-13,6336.856684918732,6336.856684918732,0.7039256499810279,1.0,100.0,66686.51022223686,1000000.0
co/cap_0250,2029-02-01,55623.656109871954,54422.4664249562,6498.417061500235,2.8421709430404014e-14,1210.111455084908,878.6809844005454,0.0,12699.54557568807,0.0,0.0,0.0,0.0,0.0,0.0,0.0,0.0,0.0,30.272016,38616.20859789697,135632228.00473905,0.0,0.0,0.0,47471279.80165867,0.0,47471279.80165867,0.0,0.0,0.0,27126.445600947813,0.0,27126.445600947813,0.0,0.0,4068.966840142172,0.0,4068.966840142172,0.0,0.0,14919545.080521297,0.0,0.0,0.0,0.0,0.0,0.0,3319076.99228892,47471279.80165867,27126.445600947813,4068.966840142172,135632228.00473905,14919545.080521297,14865846.832181476,0.0,0.0,0.0,6498.417061500235,6498.417061500235,5710.799673822586,0.0,787.6173876776487,3.996802888650564e-14,5710.799673822586,5710.799673822586,0.7095637359829204,1.0,100.0,66677.5884520677,1000000.0
co/cap_0250,2029-03-01,63442.90456808495,63131.425937575215,7438.707358472192,1.9895196601282805e-13,1389.341189111613,1006.162995143558,0.0,14525.125888653538,0.0,0.0,0.0,0.0,0.0,0.0,0.0,0.0,0.0,2020.342608,44218.77882159424,157797289.65142566,0.0,0.0,0.0,55229051.37799898,0.0,55229051.37799898,0.0,0.0,0.0,31559.45793028513,0.0,31559.45793028513,0.0,0.0,4733.91868954277,0.0,4733.91868954277,0.0,0.0,17357701.861656822,0.0,0.0,0.0,0.0,0.0,0.0,3674913.555809557,55229051.37799898,31559.45793028513,4733.91868954277,157797289.65142566,17357701.861656822,17253823.685320262,0.0,0.0,0.0,7438.707358472192,7438.707358472192,6539.341816300058,0.0,899.3655421721336,2.7977620220553945e-13,6539.341816300058,6539.341816300058,0.7004242049802276,1.0,100.0,65599.72589346585,1000000.0
co/cap_0250,2029-04-01,62214.90920394518,61912.06638167272,7352.126491991539,2.8421709430404014e-14,1381.859225480875,994.9330356684268,0.0,14344.718923645538,0.0,0.0,0.0,0.0,0.0,0.0,0.0,0.0,0.0,905.057808,43725.2453716432,161490676.46835968,0.0,0.0,0.0,56521736.76392588,0.0,56521736.76392588,0.0,0.0,0.0,32298.13529367193,0.0,32298.13529367193,0.0,0.0,4844.720294050791,0.0,4844.720294050791,0.0,0.0,17763974.411519565,0.0,0.0,0.0,0.0,0.0,0.0,3556625.4766158573,56521736.76392588,32298.13529367193,4844.720294050791,161490676.46835968,17763974.411519565,17614180.988919426,0.0,0.0,0.0,7352.126491991539,7352.126491991539,6466.355089551475,0.0,885.7714024400634,3.996802888650564e-14,6466.355089551475,6466.355089551475,0.706247552812852,1.0,100.0,64520.70949025744,1000000.0
co/cap_0250,2029-05-01,67880.46413568285,67466.66839517816,8113.540247092637,2.273736754432321e-13,1531.111272749979,1104.178901615862,0.0,15554.142567756318,0.0,0.0,0.0,0.0,0.0,0.0,0.0,0.0,0.0,341.71320000000003,48526.37481768681,177428512.54399115,0.0,0.0,0.0,62099979.3903969,0.0,62099979.3903969,0.0,0.0,0.0,35485.70250879823,0.0,35485.70250879823,0.0,0.0,5322.855376319734,0.0,5322.855376319734,0.0,0.0,19517136.379839025,0.0,0.0,0.0,0.0,0.0,0.0,3675483.223664209,62099979.3903969,35485.70250879823,5322.855376319734,177428512.54399115,19517136.379839025,19304873.535456497,0.0,0.0,0.0,8113.540247092637,8113.5402470926365,7176.375297903547,0.0,937.1649491890896,3.3395508580724714e-13,7176.375297903547,7176.375297903547,0.7192644304510372,1.0,100.0,63403.39395801218,1000000.0
co/cap_0250,2029-06-01,75723.9714076079,74641.66114099127,8223.92894195394,3.410605131648481e-13,1555.4801662724308,1121.02753575118,0.0,15700.451365538203,0.0,0.0,0.0,0.0,0.0,0.0,0.0,0.0,0.0,15148.670256,49266.83737680655,180793521.34321707,0.0,0.0,0.0,63277732.47012597,0.0,63277732.47012597,0.0,0.0,0.0,36158.70426864341,0.0,36158.70426864341,0.0,0.0,5423.805640296512,0.0,5423.805640296512,0.0,0.0,19887287.34775388,0.0,0.0,0.0,0.0,0.0,0.0,3557181.1286170627,63277732.47012597,36158.70426864341,5423.805640296512,180793521.34321707,19887287.34775388,19622580.94303569,0.0,0.0,0.0,8223.92894195394,8223.92894195394,7285.879402388034,0.0,938.0495395659062,4.60964599824365e-13,7285.879402388035,7285.879402388035,0.6600447608440279,1.0,100.0,62930.22405835641,1000000.0
co/cap_0250,2029-07-01,77713.79597417878,75271.57806202112,8636.119123142955,2.557953848736361e-13,1635.4595922114745,1177.582023490224,0.0,16463.36937848086,0.0,0.0,0.0,0.0,0.0,0.0,0.0,0.0,0.0,8818.380815999999,51752.28992949613,190931289.3437474,0.0,0.0,0.0,66825951.2703116,0.0,66825951.2703116,0.0,0.0,0.0,38186.25786874949,0.0,38186.25786874949,0.0,0.0,5727.938680312423,0.0,5727.938680312423,0.0,0.0,21002441.827812217,0.0,0.0,0.0,0.0,0.0,0.0,3675872.995531541,66825951.2703116,38186.25786874949,5727.938680312423,190931289.3437474,21002441.827812217,20671858.448066656,0.0,0.0,0.0,8636.119123142955,8636.119123142955,7653.443234845014,0.0,982.6758882979412,3.774758283725532e-13,7653.443234845014,7653.443234845014,0.6875409186566286,1.0,100.0,63736.982378302615,1000000.0
co/cap_0250,2029-08-01,78314.1239596851,74403.79692634367,8449.030187864539,2.842170943040401e-13,1600.493655189123,1151.2273513392415,0.0,16136.48851736156,0.0,0.0,0.0,0.0,0.0,0.0,0.0,0.0,0.0,10266.90936,50594.05669652611,187783584.08444223,0.0,0.0,0.0,65724254.42955479,0.0,65724254.42955479,0.0,0.0,0.0,37556.71681688845,0.0,37556.71681688845,0.0,0.0,5633.5075225332685,0.0,5633.5075225332685,0.0,0.0,20656194.24928865,0.0,0.0,0.0,0.0,0.0,0.0,3675783.59944385,65724254.42955479,37556.71681688845,5633.5075225332685,187783584.08444223,20656194.24928865,20280239.690752592,0.0,0.0,0.0,8449.030187864539,8449.030187864539,7482.156663500568,0.0,966.87352436397,3.3750779948604764e-13,7482.156663500568,7482.156663500568,0.679992941040521,1.0,100.0,66046.81575645489,1000000.0
co/cap_0250,2029-09-01,75504.1740884056,71342.04578653704,8100.585357477529,2.273736754432321e-13,1526.6172598384544,1103.3715564943398,0.0,15487.486767956792,0.0,0.0,0.0,0.0,0.0,0.0,0.0,0.0,0.0,9784.150368,48490.89367245129,174986582.68496257,0.0,0.0,0.0,61245303.93973689,0.0,61245303.93973689,0.0,0.0,0.0,34997.31653699251,0.0,34997.31653699251,0.0,0.0,5249.597480548877,0.0,5249.597480548877,0.0,0.0,19248524.09534588,0.0,0.0,0.0,0.0,0.0,0.0,3557011.2585880337,61245303.93973689,34997.31653699251,5249.597480548877,174986582.68496257,19248524.09534588,18851737.43410714,0.0,0.0,0.0,8100.585357477529,8100.585357477529,7171.128130457677,0.0,929.4572270198528,3.3395508580724714e-13,7171.128130457677,7171.128130457677,0.6796958671123783,1.0,100.0,68682.32679848507,1000000.0
co/cap_0250,2029-10-01,72001.55202391114,67339.35247018767,7761.571992305701,8.526512829121202e-14,1459.5528503673072,1050.079346721914,0.0,15136.421919285292,0.0,0.0,0.0,0.0,0.0,0.0,0.0,0.0,0.0,5615.41704,46148.81147680796,171189702.42838895,0.0,0.0,0.0,59916395.84993613,0.0,59916395.84993613,0.0,0.0,0.0,34237.94048567779,0.0,34237.94048567779,0.0,0.0,5135.691072851669,0.0,5135.691072851669,0.0,0.0,18830867.267122783,0.0,0.0,0.0,0.0,0.0,0.0,3675304.122942223,59916395.84993613,34237.94048567779,5135.691072851669,171189702.42838895,18830867.267122783,18397356.35706233,0.0,0.0,0.0,7761.571992305701,7761.571992305701,6824.76677794328,0.0,936.8052143624208,1.199040866595169e-13,6824.76677794328,6824.76677794328,0.6853171256322795,1.0,100.0,71884.97350184119,1000000.0
co/cap_0250,2029-11-01,66035.46986695277,61797.62412762626,7281.858903666957,1.9895196601282805e-13,1361.4032516945488,984.9280345631126,0.0,14214.656346987227,0.0,0.0,0.0,0.0,0.0,0.0,0.0,0.0,0.0,2000.217168,43285.54630387677,155407436.68499702,0.0,0.0,0.0,54392602.83974895,0.0,54392602.83974895,0.0,0.0,0.0,31081.4873369994,0.0,31081.4873369994,0.0,0.0,4662.223100549911,0.0,4662.223100549911,0.0,0.0,17094818.03534967,0.0,0.0,0.0,0.0,0.0,0.0,3556446.2878171927,54392602.83974895,31081.4873369994,4662.223100549911,155407436.68499702,17094818.03534967,16659962.112636823,0.0,0.0,0.0,7281.858903666958,7281.858903666957,6401.32971849738,0.0,880.5291851695777,2.7977620220553945e-13,6401.32971849738,6401.32971849738,0.7004402987157272,1.0,100.0,74761.41598947316,1000000.0
co/cap_0250,2029-12-01,67192.15078957933,63747.46342949033,7378.143022959232,2.557953848736361e-13,1372.1627040753613,997.724937450564,0.0,14413.047408646113,0.0,0.0,0.0,0.0,0.0,0.0,0.0,0.0,0.0,4607.300208000001,43847.9436700221,152716314.26077828,0.0,0.0,0.0,53450709.99127239,0.0,53450709.99127239,0.0,0.0,0.0,30543.26285215565,0.0,30543.26285215565,0.0,0.0,4581.489427823348,0.0,4581.489427823348,0.0,0.0,16798794.56868561,0.0,0.0,0.0,0.0,0.0,0.0,3674763.922531752,53450709.99127239,30543.26285215565,4581.489427823348,152716314.26077828,16798794.56868561,16331129.87700214,0.0,0.0,0.0,7378.143022959232,7378.143022959232,6484.500459793725,0.0,893.642563165507,3.597122599785507e-13,6484.500459793726,6484.500459793726,0.6878382497292829,1.0,100.0,76833.9406454868,1000000.0
co/cap_0250,2030-01-01,63387.66971642068,61127.5936413434,7238.309659357223,1.7053025658242404e-13,1345.5712111933303,978.9208795698672,0.0,14145.87584917721,0.0,0.0,0.0,0.0,0.0,0.0,0.0,0.0,0.0,1197.1282560000004,43021.54428901887,149342485.40014645,0.0,0.0,0.0,52269869.89005125,0.0,52269869.89005125,0.0,0.0,0.0,29868.49708002929,0.0,29868.49708002929,0.0,0.0,4480.274562004393,0.0,4480.274562004393,0.0,0.0,16427673.39401611,0.0,0.0,0.0,0.0,0.0,0.0,3674666.903231817,52269869.89005125,29868.49708002929,4480.274562004393,149342485.40014645,16427673.39401611,15930157.297190197,0.0,0.0,0.0,7238.309659357223,7238.309659357223,6362.287495682655,0.0,876.022163674567,2.380318164796336e-13,6362.287495682655,6362.287495682655,0.7037990819897322,1.0,100.0,77748.44550937077,1000000.0
co/cap_0250,2030-02-01,56451.69802069681,55774.572630221446,6598.993807557259,1.1368683772161605e-13,1227.3299529599158,892.2306176167813,0.0,12893.178061334616,0.0,0.0,0.0,0.0,0.0,0.0,0.0,0.0,0.0,1237.546848,39211.68690230129,136741985.3542194,0.0,0.0,0.0,47859694.87397679,0.0,47859694.87397679,0.0,0.0,0.0,27348.39707084388,0.0,27348.39707084388,0.0,0.0,4102.259560626582,0.0,4102.259560626582,0.0,0.0,15041618.388964131,0.0,0.0,0.0,0.0,0.0,0.0,3319107.614486138,47859694.87397679,27348.39707084388,4102.259560626582,136741985.3542194,15041618.388964131,14551202.41333509,0.0,0.0,0.0,6598.993807557259,6598.993807557259,5798.862625366353,0.0,800.1311821909056,1.5987211554602254e-13,5798.862625366353,5798.862625366353,0.7030387693379553,1.0,100.0,77198.2409468862,1000000.0
co/cap_0250,2030-03-01,61766.83003174212,61512.79876892584,7283.561059778533,8.526512829121202e-14,1362.0447291884475,985.0639808651412,0.0,14226.597441545411,0.0,0.0,0.0,0.0,0.0,0.0,0.0,0.0,0.0,1256.666016,43291.52086216407,155740446.7145457,0.0,0.0,0.0,54509156.350091,0.0,54509156.350091,0.0,0.0,0.0,31148.089342909145,0.0,31148.089342909145,0.0,0.0,4672.213401436371,0.0,4672.213401436371,0.0,0.0,17131449.13860003,0.0,0.0,0.0,0.0,0.0,0.0,3674856.074788865,54509156.350091,31148.089342909145,4672.213401436371,155740446.7145457,17131449.13860003,16533327.05686884,0.0,0.0,0.0,7283.561059778533,7283.561059778533,6402.213272496003,0.0,881.34778728253,1.199040866595169e-13,6402.213272496004,6402.213272496004,0.7037807046431037,1.0,100.0,76090.22748051402,1000000.0
co/cap_0250,2030-04-01,63032.77433573847,62715.48090283352,7360.311756416022,1.1368683772161605e-13,1383.7193661843307,996.0279308080602,0.0,14360.12100458487,0.0,0.0,0.0,0.0,0.0,0.0,0.0,0.0,0.0,2614.713935999999,43773.36374435812,161899225.4824361,0.0,0.0,0.0,56664728.91885263,0.0,56664728.91885263,0.0,0.0,0.0,32379.84509648722,0.0,32379.84509648722,0.0,0.0,4856.976764473083,0.0,4856.976764473083,0.0,0.0,17808914.80306797,0.0,0.0,0.0,0.0,0.0,0.0,3556637.4319794755,56664728.91885263,32379.84509648722,4856.976764473083,161899225.4824361,17808914.80306797,17144749.64574162,0.0,0.0,0.0,7360.311756416022,7360.311756416021,6473.471127018194,0.0,886.8406293978273,1.5987211554602254e-13,6473.471127018194,6473.471127018194,0.6979674414388556,1.0,100.0,75023.80154723469,1000000.0
co/cap_0250,2030-05-01,68261.1924309948,67798.79024832047,8173.622513617472,1.7053025658242404e-13,1541.7044826591325,1112.62770871865,0.0,15659.42285941562,0.0,0.0,0.0,0.0,0.0,0.0,0.0,0.0,0.0,0.0,48897.68238354615,178018491.3549844,0.0,0.0,0.0,62306471.974244535,0.0,62306471.974244535,0.0,0.0,0.0,35603.69827099689,0.0,35603.69827099689,0.0,0.0,5340.5547406495325,0.0,5340.5547406495325,0.0,0.0,19582034.04904829,0.0,0.0,0.0,0.0,0.0,0.0,3675499.419792129,62306471.974244535,35603.69827099689,5340.5547406495325,178018491.3549844,19582034.04904829,18805304.74047565,0.0,0.0,0.0,8173.622513617473,8173.622513617472,7231.286517906456,0.0,942.3359957110156,2.504663143554353e-13,7231.286517906456,7231.286517906456,0.7212176235660408,1.0,100.0,73944.49924724987,1000000.0
co/cap_0250,2030-06-01,72952.56214098755,71407.56976963715,8033.549749475852,1.7053025658242404e-13,1521.420699037136,1094.3114135255255,0.0,15367.204504012248,0.0,0.0,0.0,0.0,0.0,0.0,0.0,0.0,0.0,11163.33,48092.7191619955,178545146.3620034,0.0,0.0,0.0,62490801.22670119,0.0,62490801.22670119,0.0,0.0,0.0,35709.02927240068,0.0,35709.02927240068,0.0,0.0,5356.354390860102,0.0,5356.354390860102,0.0,0.0,19639966.09982037,0.0,0.0,0.0,0.0,0.0,0.0,3557118.538346429,62490801.22670119,35709.02927240068,5356.354390860102,178545146.3620034,19639966.09982037,18814439.57592042,0.0,0.0,0.0,8033.549749475852,8033.549749475852,7112.243663364777,0.0,921.3060861110748,2.504663143554353e-13,7112.243663364778,7112.243663364778,0.6734960917609152,1.0,100.0,73968.0709195631,1000000.0
co/cap_0250,2030-07-01,78350.69617232024,76051.23688699595,8453.43715598882,3.979039320256561e-13,1603.869523987808,1152.018147724359,0.0,16143.150852763058,0.0,0.0,0.0,0.0,0.0,0.0,0.0,0.0,0.0,13999.591488,50628.81055908637,189460192.0018711,0.0,0.0,0.0,66311067.20065488,0.0,66311067.20065488,0.0,0.0,0.0,37892.03840037422,0.0,37892.03840037422,0.0,0.0,5683.805760056133,0.0,5683.805760056133,0.0,0.0,20840621.12020582,0.0,0.0,0.0,0.0,0.0,0.0,3675833.33831625,66311067.20065488,37892.03840037422,5683.805760056133,189460192.0018711,20840621.12020582,19915607.044943266,0.0,0.0,0.0,8453.43715598882,8453.43715598882,7487.2962759633,0.0,966.1408800255208,5.844214001626824e-13,7487.2962759633,7487.2962759633,0.6657197519918763,1.0,100.0,74663.66068089963,1000000.0
co/cap_0250,2030-08-01,78731.13534904795,75170.905753398,8594.29241638358,3.410605131648481e-13,1625.7226636333414,1171.7416621493635,0.0,16391.372575149373,0.0,0.0,0.0,0.0,0.0,0.0,0.0,0.0,0.0,9348.518448,51495.618150056616,188881108.0291452,0.0,0.0,0.0,66108387.81020082,0.0,66108387.81020082,0.0,0.0,0.0,37776.22160582904,0.0,37776.22160582904,0.0,0.0,5666.433240874356,0.0,5666.433240874356,0.0,0.0,20776921.883205973,0.0,0.0,0.0,0.0,0.0,0.0,3675812.972912357,66108387.81020082,37776.22160582904,5666.433240874356,188881108.0291452,20776921.883205973,19805078.76193879,0.0,0.0,0.0,8594.29241638358,8594.29241638358,7615.485051804163,0.0,978.8073645794163,4.60964599824365e-13,7615.485051804163,7615.485051804163,0.6850471952405447,1.0,100.0,76598.16761291622,1000000.0
co/cap_0250,2030-09-01,73597.09772782448,69191.32784739931,8021.019862895606,1.9895196601282805e-13,1512.9564143861949,1092.0246778533997,0.0,15347.60946953184,0.0,0.0,0.0,0.0,0.0,0.0,0.0,0.0,0.0,6282.659232,47992.22186742471,174579728.16244224,0.0,0.0,0.0,61102904.85685478,0.0,61102904.85685478,0.0,0.0,0.0,34915.94563248845,0.0,34915.94563248845,0.0,0.0,5237.391844873268,0.0,5237.391844873268,0.0,0.0,19203770.097868647,0.0,0.0,0.0,0.0,0.0,0.0,3557000.954100865,61102904.85685478,34915.94563248845,5237.391844873268,174579728.16244224,19203770.097868647,18260585.512569256,0.0,0.0,0.0,8021.019862895606,8021.019862895606,7097.381512524671,0.0,923.6383503709352,2.522426711948356e-13,7097.381512524671,7097.381512524671,0.6936161417984491,1.0,100.0,79490.9810789552,1000000.0
co/cap_0250,2030-10-01,69710.2537818243,64590.3023164585,7658.678020559845,8.526512829121202e-14,1441.7906988122247,1036.259546664682,0.0,14938.519196532874,0.0,0.0,0.0,0.0,0.0,0.0,0.0,0.0,0.0,1207.10712,45541.459899539695,169921406.57749864,0.0,0.0,0.0,59472492.30212452,0.0,59472492.30212452,0.0,0.0,0.0,33984.28131549973,0.0,33984.28131549973,0.0,0.0,5097.642197324959,0.0,5097.642197324959,0.0,0.0,18691354.72352485,0.0,0.0,0.0,0.0,0.0,0.0,3675268.83849068,59472492.30212452,33984.28131549973,5097.642197324959,169921406.57749864,18691354.72352485,17729442.850983284,0.0,0.0,0.0,7658.678020559845,7658.678020559845,6734.947934631249,0.0,923.730085928596,1.199040866595169e-13,6734.947934631249,6734.947934631249,0.7050820055990836,1.0,100.0,83169.14184550878,1000000.0
co/cap_0250,2030-11-01,66104.11534398916,61766.72386458853,7284.354457822009,1.9895196601282805e-13,1361.24660726913,985.0887272158028,0.0,14219.553747803686,0.0,0.0,0.0,0.0,0.0,0.0,0.0,0.0,0.0,1894.223184,43292.608413000096,155175797.2187973,0.0,0.0,0.0,54311529.02657905,0.0,54311529.02657905,0.0,0.0,0.0,31035.15944375946,0.0,31035.15944375946,0.0,0.0,4655.273916563919,0.0,4655.273916563919,0.0,0.0,17069337.6940677,0.0,0.0,0.0,0.0,0.0,0.0,3556439.352938756,54311529.02657905,31035.15944375946,4655.273916563919,155175797.2187973,17069337.6940677,16151027.857888505,0.0,0.0,0.0,7284.354457822009,7284.354457822009,6402.374106124813,0.0,881.9803516971965,2.7977620220553945e-13,6402.374106124813,6402.374106124813,0.7009050456992131,1.0,100.0,86145.28671764022,1000000.0
co/cap_0250,2030-12-01,64874.76048682918,61655.56981442006,7288.331434585018,1.4210854715202006e-13,1357.2802340677488,985.7076366389688,0.0,14239.933166671046,0.0,0.0,0.0,0.0,0.0,0.0,0.0,0.0,0.0,1471.756656,43319.80819974009,151996198.14122,0.0,0.0,0.0,53198669.349427,0.0,53198669.349427,0.0,0.0,0.0,30399.239628244,0.0,30399.239628244,0.0,0.0,4559.8859442366,0.0,4559.8859442366,0.0,0.0,16719581.7955342,0.0,0.0,0.0,0.0,0.0,0.0,3674744.626413152,53198669.349427,30399.239628244,4559.8859442366,151996198.14122,16719581.7955342,15780978.364400228,0.0,0.0,0.0,7288.331434585018,7288.331434585018,6406.396575934323,0.0,881.9348586506954,1.9984014443252818e-13,6406.396575934323,6406.396575934323,0.7026098101133502,1.0,100.0,88007.19715598162,1000000.0
co/cap_0500,2029-01-01,64851.77151670839,62766.18237853828,7537.65744997529,5.684341886080803e-14,1597.7963127609537,1013.7831093331188,0.0,14552.640316571064,0.0,0.0,0.0,0.0,0.0,0.0,0.0,0.0,0.0,704.138832,44553.66705100623,293636237.2913333,0.0,0.0,0.0,102772683.05196668,0.0,102772683.05196668,0.0,0.0,0.0,58727.24745826667,0.0,58727.24745826667,0.0,0.0,8809.08711874,0.0,8809.08711874,0.0,0.0,32299986.10204667,0.0,0.0,0.0,0.0,0.0,0.0,3678950.8739349297,102772683.05196668,58727.24745826667,8809.08711874,293636237.2913333,32299986.10204667,32260856.94841901,0.0,0.0,0.0,7537.65744997529,7537.65744997529,6588.867123437464,0.0,948.7903265378252,8.171241461241152e-14,6588.867123437464,6588.867123437464,0.7098355414115566,1.0,100.0,66389.79282540917,1000000.0
co/cap_0500,2029-02-01,57303.215272627065,56138.64162599556,6733.190723000469,1.9895196601282805e-13,1442.5234953574488,913.8104946418388,0.0,13015.422671847897,0.0,0.0,0.0,0.0,0.0,0.0,0.0,0.0,0.0,30.272016,40160.07778307709,266211173.31013453,0.0,0.0,0.0,93173910.65854707,0.0,93173910.65854707,0.0,0.0,0.0,53242.2346620269,0.0,53242.2346620269,0.0,0.0,7986.335199304035,0.0,7986.335199304035,0.0,0.0,29283229.0641148,0.0,0.0,0.0,0.0,0.0,0.0,3322953.98457784,93173910.65854707,53242.2346620269,7986.335199304035,266211173.31013453,29283229.0641148,29177830.56401225,0.0,0.0,0.0,6733.190723000469,6733.190723000469,5939.116434045171,0.0,794.0742889552974,2.859934511434403e-13,5939.116434045171,5939.116434045171,0.7153731657889022,1.0,100.0,66111.84297668329,1000000.0
co/cap_0500,2029-03-01,65398.181799948106,65129.33119652864,7712.028516944384,0.0,1659.9114607731865,1047.0591175002528,0.0,14892.86544693554,0.0,0.0,0.0,0.0,0.0,0.0,0.0,0.0,0.0,2020.342608,46016.07866056669,309815994.2896217,0.0,0.0,0.0,108435598.0013676,0.0,108435598.0013676,0.0,0.0,0.0,61963.19885792435,0.0,61963.19885792435,0.0,0.0,9294.479828688653,0.0,9294.479828688653,0.0,0.0,34079759.37185839,0.0,0.0,0.0,0.0,0.0,0.0,3679427.1116191135,108435598.0013676,61963.19885792435,9294.479828688653,309815994.2896217,34079759.37185839,33875804.113996975,0.0,0.0,0.0,7712.028516944384,7712.028516944384,6805.137442200116,0.0,906.8910747442671,0.0,6805.137442200116,6805.137442200116,0.7065338736814686,1.0,100.0,64720.78211932958,1000000.0
co/cap_0500,2029-04-01,64218.89138390444,63959.73361855953,7632.225083983078,2.557953848736361e-13,1659.14554972495,1036.849136849395,0.0,14721.583550354644,0.0,0.0,0.0,0.0,0.0,0.0,0.0,0.0,0.0,905.057808,45567.37116650048,317278940.50376165,0.0,0.0,0.0,111047629.17631656,0.0,111047629.17631656,0.0,0.0,0.0,63455.78810075234,0.0,63455.78810075234,0.0,0.0,9518.36821511285,0.0,9518.36821511285,0.0,0.0,34900683.45541378,0.0,0.0,0.0,0.0,0.0,0.0,3561250.9532317147,111047629.17631656,63455.78810075234,9518.36821511285,317278940.50376165,34900683.45541378,34606382.0615459,0.0,0.0,0.0,7632.225083983078,7632.225083983078,6738.779850302951,0.0,893.445233680127,3.6770586575585195e-13,6738.779850302951,6738.779850302951,0.7124384138034928,1.0,100.0,63320.794334949554,1000000.0
co/cap_0500,2029-05-01,70082.60147645375,69716.81395944436,8421.357994185275,1.7053025658242404e-13,1835.8333931490463,1150.2387518287278,0.0,15968.297805925236,0.0,0.0,0.0,0.0,0.0,0.0,0.0,0.0,0.0,341.71320000000003,50550.609796461664,348633906.0875262,0.0,0.0,0.0,122021867.13063416,0.0,122021867.13063416,0.0,0.0,0.0,69726.78121750525,0.0,69726.78121750525,0.0,0.0,10459.017182625788,0.0,10459.017182625788,0.0,0.0,38349729.66962788,0.0,0.0,0.0,0.0,0.0,0.0,3680566.447328417,122021867.13063416,69726.78121750525,10459.017182625788,348633906.0875262,38349729.66962788,37932643.94650214,0.0,0.0,0.0,8421.357994185275,8421.357994185275,7475.731471807095,0.0,945.6265223781794,2.557953848736361e-13,7475.731471807095,7475.731471807095,0.7250849103039612,1.0,100.0,61850.748458809925,1000000.0
co/cap_0500,2029-06-01,77968.4376542345,76935.06026900125,8537.675383907881,2.842170943040401e-13,1866.0687230080605,1167.9722435047745,0.0,16122.580940490978,0.0,0.0,0.0,0.0,0.0,0.0,0.0,0.0,0.0,15148.670256,51329.96001103181,355296395.1294947,0.0,0.0,0.0,124353738.29532316,0.0,124353738.29532316,0.0,0.0,0.0,71059.27902589896,0.0,71059.27902589896,0.0,0.0,10658.891853884845,0.0,10658.891853884845,0.0,0.0,39082603.464244425,0.0,0.0,0.0,0.0,0.0,0.0,3562362.2572341263,124353738.29532316,71059.27902589896,10658.891853884845,355296395.1294947,39082603.464244425,38562397.463235445,0.0,0.0,0.0,8537.675383907881,8537.675383907881,7590.986519176069,0.0,946.6888647318124,3.428368700042484e-13,7590.986519176069,7590.986519176069,0.6671855436462657,1.0,100.0,61018.05712103516,1000000.0
co/cap_0500,2029-07-01,80084.84548734232,77694.31697742698,8967.53974628591,3.410605131648481e-13,1963.5489703853168,1227.1751634696718,0.0,16909.282881040464,0.0,0.0,0.0,0.0,0.0,0.0,0.0,0.0,0.0,8818.380815999999,53931.80567237702,375264388.4239558,0.0,0.0,0.0,131342535.94838452,0.0,131342535.94838452,0.0,0.0,0.0,75052.87768479116,0.0,75052.87768479116,0.0,0.0,11257.931652718677,0.0,11257.931652718677,0.0,0.0,41279082.726635136,0.0,0.0,0.0,0.0,0.0,0.0,3681345.991063082,131342535.94838452,75052.87768479116,11257.931652718677,375264388.4239558,41279082.726635136,40629342.57942335,0.0,0.0,0.0,8967.539746285911,8967.53974628591,7975.763272090027,0.0,991.7764741958824,3.0730973321624333e-13,7975.763272090027,7975.763272090027,0.6941538039139487,1.0,99.99999999999996,61445.03666056514,1000000.0
co/cap_0500,2029-08-01,80646.26972724395,76786.78779976112,8775.037375729076,2.273736754432321e-13,1923.2185962238016,1200.0057637411428,0.0,16575.11339745422,0.0,0.0,0.0,0.0,0.0,0.0,0.0,0.0,0.0,10266.90936,52737.76685052599,369105769.6439644,0.0,0.0,0.0,129187019.37538752,0.0,129187019.37538752,0.0,0.0,0.0,73821.15392879288,0.0,73821.15392879288,0.0,0.0,11073.17308931893,0.0,11073.17308931893,0.0,0.0,40601634.66083608,0.0,0.0,0.0,0.0,0.0,0.0,3681167.1988877,129187019.37538752,73821.15392879288,11073.17308931893,369105769.6439644,40601634.66083608,39862664.50249156,0.0,0.0,0.0,8775.037375729076,8775.037375729076,7799.181552601137,0.0,975.85582312794,3.410605131648481e-13,7799.181552601137,7799.181552601137,0.6868078267325314,1.0,100.0,63381.29999182418,1000000.0
co/cap_0500,2029-09-01,77674.89761337709,73560.09786483996,8404.045214955058,1.9895196601282805e-13,1827.0179708205303,1148.772982542424,0.0,15895.771796985771,0.0,0.0,0.0,0.0,0.0,0.0,0.0,0.0,0.0,9784.150368,50486.19227346848,343768143.72926784,0.0,0.0,0.0,120318850.30524372,0.0,120318850.30524372,0.0,0.0,0.0,68753.62874585357,0.0,68753.62874585357,0.0,0.0,10313.044311878037,0.0,10313.044311878037,0.0,0.0,37814495.81021946,0.0,0.0,0.0,0.0,0.0,0.0,3562022.5171760675,120318850.30524372,68753.62874585357,10313.044311878037,343768143.72926784,37814495.81021946,37034996.162406325,0.0,0.0,0.0,8404.045214955058,8404.045214955058,7466.205016915354,0.0,937.8401980397056,2.575717417130363e-13,7466.205016915354,7466.205016915354,0.6863257899171409,1.0,100.0,65669.08176954079,1000000.0
co/cap_0500,2029-10-01,74126.03206638122,69510.1492293343,8058.544184611403,4.263256414560601e-13,1753.536385580555,1094.5145259859923,0.0,15535.982978632064,0.0,0.0,0.0,0.0,0.0,0.0,0.0,0.0,0.0,5615.41704,48101.64553377486,336362894.23431736,0.0,0.0,0.0,117727012.98201106,0.0,117727012.98201106,0.0,0.0,0.0,67272.57884686347,0.0,67272.57884686347,0.0,0.0,10090.88682702952,0.0,10090.88682702952,0.0,0.0,36999918.36577491,0.0,0.0,0.0,0.0,0.0,0.0,3680208.245884445,117727012.98201106,67272.57884686347,10090.88682702952,336362894.23431736,36999918.36577491,36148137.07044043,0.0,0.0,0.0,8058.544184611404,8058.544184611403,7113.563749486561,0.0,944.9804351248414,5.719869022868806e-13,7113.563749486561,7113.563749486561,0.6920089521757963,1.0,100.0,68531.42822100715,1000000.0
co/cap_0500,2029-11-01,67961.54278108366,63765.68976003063,7551.106607333915,1.1368683772161605e-13,1627.9390934399598,1025.212957266776,0.0,14576.913438668813,0.0,0.0,0.0,0.0,0.0,0.0,0.0,0.0,0.0,2000.217168,45055.98518453165,305160519.4872541,0.0,0.0,0.0,106806181.82053894,0.0,106806181.82053894,0.0,0.0,0.0,61032.10389745083,0.0,61032.10389745083,0.0,0.0,9154.815584617623,0.0,9154.815584617623,0.0,0.0,33567657.14359795,0.0,0.0,0.0,0.0,0.0,0.0,3560892.575634385,106806181.82053894,61032.10389745083,9154.815584617623,305160519.4872541,33567657.14359795,32713770.81147863,0.0,0.0,0.0,7551.106607333915,7551.106607333915,6663.15298259476,0.0,887.9536247391554,1.6342482922482304e-13,6663.15298259476,6663.15298259476,0.706586651129954,1.0,100.0,71099.34214862026,1000000.0
co/cap_0500,2029-12-01,69082.57101857402,65679.098482396,7642.403045918465,1.4210854715202006e-13,1633.7619324555983,1037.2643192210817,0.0,14768.594643154054,0.0,0.0,0.0,0.0,0.0,0.0,0.0,0.0,0.0,4607.300208000001,45585.61757145954,299695296.81627685,0.0,0.0,0.0,104893353.88569687,0.0,104893353.88569687,0.0,0.0,0.0,59939.05936325537,0.0,59939.05936325537,0.0,0.0,8990.858904488305,0.0,8990.858904488305,0.0,0.0,32966482.64979045,0.0,0.0,0.0,0.0,0.0,0.0,3679127.845063504,104893353.88569687,59939.05936325537,8990.858904488305,299695296.81627685,32966482.64979045,32048723.70099904,0.0,0.0,0.0,7642.403045918466,7642.403045918465,6741.478239587451,0.0,900.924806331014,2.042810365310288e-13,6741.478239587452,6741.478239587452,0.6940658234472854,1.0,100.0,72869.05275234267,1000000.0
co/cap_0500,2030-01-01,65236.13819306767,63016.3606485131,7496.694618714445,1.1368683772161605e-13,1601.3568931614736,1017.5832545647368,0.0,14493.520716765486,0.0,0.0,0.0,0.0,0.0,0.0,0.0,0.0,0.0,1197.1282560000004,44720.67555986406,293053816.5272167,0.0,0.0,0.0,102568835.78452584,0.0,102568835.78452584,0.0,0.0,0.0,58610.76330544333,0.0,58610.76330544333,0.0,0.0,8791.614495816499,0.0,8791.614495816499,0.0,0.0,32235919.81799383,0.0,0.0,0.0,0.0,0.0,0.0,3678933.806463634,102568835.78452584,58610.76330544333,8791.614495816499,293053816.5272167,32235919.81799383,31259648.28033724,0.0,0.0,0.0,7496.694618714445,7496.694618714445,6613.565356965311,0.0,883.129261749134,1.6342482922482304e-13,6613.565356965311,6613.565356965311,0.7096676973985051,1.0,100.0,73487.47340373578,1000000.0
co/cap_0500,2030-02-01,58144.50400986464,57504.28386731392,6835.621815114519,1.1368683772161605e-13,1461.577095839266,927.6370869175472,0.0,13211.549542977473,0.0,0.0,0.0,0.0,0.0,0.0,0.0,0.0,0.0,1237.546848,40767.72786427361,268352299.6721916,0.0,0.0,0.0,93923304.88526703,0.0,93923304.88526703,0.0,0.0,0.0,53670.45993443832,0.0,53670.45993443832,0.0,0.0,8050.568990165748,0.0,8050.568990165748,0.0,0.0,29518752.963941075,0.0,0.0,0.0,0.0,0.0,0.0,3323015.228972276,93923304.88526703,53670.45993443832,8050.568990165748,268352299.6721916,29518752.963941075,28556322.91435309,0.0,0.0,0.0,6835.621815114519,6835.621815114519,6028.979421932708,0.0,806.6423931818114,1.6342482922482304e-13,6028.979421932708,6028.979421932708,0.7089511445502314,1.0,100.0,72666.11645044721,1000000.0
co/cap_0500,2030-03-01,63697.204555309145,63485.2584432766,7553.401419557067,1.1368683772161605e-13,1629.1691774172543,1025.4392331729257,0.0,14589.653710244778,0.0,0.0,0.0,0.0,0.0,0.0,0.0,0.0,0.0,1256.666016,45065.92954175306,305823163.1453296,0.0,0.0,0.0,107038107.10086536,0.0,107038107.10086536,0.0,0.0,0.0,61164.63262906592,0.0,61164.63262906592,0.0,0.0,9174.694894359887,0.0,9174.694894359887,0.0,0.0,33640547.945986256,0.0,0.0,0.0,0.0,0.0,0.0,3679312.149577731,107038107.10086536,61164.63262906592,9174.694894359887,305823163.1453296,33640547.945986256,32466028.963747192,0.0,0.0,0.0,7553.401419557067,7553.401419557067,6664.623614592007,0.0,888.7778049650601,1.6164847238542282e-13,6664.623614592007,6664.623614592007,0.7098644732149746,1.0,100.0,71248.8933850625,1000000.0
co/cap_0500,2030-04-01,65041.93114404145,64768.43567983154,7641.134312832043,3.410605131648481e-13,1661.7222307252923,1038.0522375651874,0.0,14737.959559614805,0.0,0.0,0.0,0.0,0.0,0.0,0.0,0.0,0.0,2614.713935999999,45620.24495008076,318090151.5749355,0.0,0.0,0.0,111331553.05122742,0.0,111331553.05122742,0.0,0.0,0.0,63618.0303149871,0.0,63618.0303149871,0.0,0.0,9542.704547248066,0.0,9542.704547248066,0.0,0.0,34989916.673242904,0.0,0.0,0.0,0.0,0.0,0.0,3561274.863958951,111331553.05122742,63618.0303149871,9542.704547248066,318090151.5749355,34989916.673242904,33685001.21261717,0.0,0.0,0.0,7641.134312832043,7641.134312832043,6746.599146836388,0.0,894.5351659956548,4.494182803682634e-13,6746.599146836388,6746.599146836388,0.7043592217603397,1.0,100.0,69860.6666185471,1000000.0
co/cap_0500,2030-05-01,70470.35282451341,70056.11182876474,8482.421027234945,3.1263880373444413e-13,1847.3977112021903,1158.8344912397172,0.0,16074.897867144324,0.0,0.0,0.0,0.0,0.0,0.0,0.0,0.0,0.0,0.0,50928.3747328161,349769378.6026178,0.0,0.0,0.0,122419282.51091622,0.0,122419282.51091622,0.0,0.0,0.0,69953.87572052356,0.0,69953.87572052356,0.0,0.0,10493.081358078534,0.0,10493.081358078534,0.0,0.0,38474631.64628796,0.0,0.0,0.0,0.0,0.0,0.0,3680598.8395842575,122419282.51091622,69953.87572052356,10493.081358078534,349769378.6026178,38474631.64628796,36948512.95012747,0.0,0.0,0.0,8482.421027234945,8482.421027234945,7531.597647012913,0.0,950.823380222031,4.689582056016661e-13,7531.5976470129135,7531.5976470129135,0.726965476720978,1.0,100.0,68427.5099030936,1000000.0
co/cap_0500,2030-06-01,75169.90398856728,73673.2533682665,8343.505998951705,3.1263880373444413e-13,1828.2568938174893,1140.6887344921229,0.0,15784.234274370285,0.0,0.0,0.0,0.0,0.0,0.0,0.0,0.0,0.0,11163.33,50130.90632258319,350939949.46534616,0.0,0.0,0.0,122828982.31287116,0.0,122828982.31287116,0.0,0.0,0.0,70187.98989306924,0.0,70187.98989306924,0.0,0.0,10528.198483960385,0.0,10528.198483960385,0.0,0.0,38603394.44118808,0.0,0.0,0.0,0.0,0.0,0.0,3562237.076692858,122828982.31287116,70187.98989306924,10528.198483960385,350939949.46534616,38603394.44118808,36980779.01852056,0.0,0.0,0.0,8343.505998951705,8343.505998951705,7413.663170729555,0.0,929.84282822215,4.263256414560601e-13,7413.663170729555,7413.663170729555,0.6804492000916065,1.0,100.0,68095.90362957695,1000000.0
co/cap_0500,2030-07-01,80704.56719209539,78456.4227686468,8782.456311977643,1.7053025658242404e-13,1929.5816376279447,1201.2519924497565,0.0,16585.833335297924,0.0,0.0,0.0,0.0,0.0,0.0,0.0,0.0,0.0,13999.591488,52792.53602002765,372457617.2891315,0.0,0.0,0.0,130360166.05119602,0.0,130360166.05119602,0.0,0.0,0.0,74491.5234578263,0.0,74491.5234578263,0.0,0.0,11173.728518673946,0.0,11173.728518673946,0.0,0.0,40970337.90180447,0.0,0.0,0.0,0.0,0.0,0.0,3681266.676632501,130360166.05119602,74491.5234578263,11173.728518673946,372457617.2891315,40970337.90180447,39151864.47248852,0.0,0.0,0.0,8782.456311977643,8782.456311977643,7807.2811503266,0.0,975.175161651042,2.149391775674303e-13,7807.281150326601,7807.281150326601,0.6728899197418532,1.0,100.0,68414.46641539766,1000000.0
co/cap_0500,2030-08-01,81075.93405766024,77566.82698396033,8922.07833276716,1.7053025658242404e-13,1950.2062124832632,1220.7843056848228,0.0,16832.38857115116,0.0,0.0,0.0,0.0,0.0,0.0,0.0,0.0,0.0,9348.518448,53650.94071487757,371192601.59863913,0.0,0.0,0.0,129917410.55952369,0.0,129917410.55952369,0.0,0.0,0.0,74238.52031972783,0.0,74238.52031972783,0.0,0.0,11135.778047959177,0.0,11135.778047959177,0.0,0.0,40831186.1758503,0.0,0.0,0.0,0.0,0.0,0.0,3681225.945824715,129917410.55952369,74238.52031972783,11135.778047959177,371192601.59863913,40831186.1758503,38921304.921636425,0.0,0.0,0.0,8922.07833276716,8922.07833276716,7934.2272548083265,0.0,987.8510779588328,1.7763568394002505e-13,7934.2272548083265,7934.2272548083265,0.6916737837680507,1.0,100.0,69973.36727661423,1000000.0
co/cap_0500,2030-09-01,75763.52141890574,71404.98277165543,8323.855725791213,1.9895196601282805e-13,1812.7444893584036,1137.3371191934975,0.0,15755.059688675832,0.0,0.0,0.0,0.0,0.0,0.0,0.0,0.0,0.0,6282.659232,49983.6097749062,343014239.1820974,0.0,0.0,0.0,120054983.71373408,0.0,120054983.71373408,0.0,0.0,0.0,68602.84783641947,0.0,68602.84783641947,0.0,0.0,10290.42717546292,0.0,10290.42717546292,0.0,0.0,37731566.31003071,0.0,0.0,0.0,0.0,0.0,0.0,3562001.9082017303,120054983.71373408,68602.84783641947,10290.42717546292,343014239.1820974,37731566.31003071,35878397.540308215,0.0,0.0,0.0,8323.855725791213,8323.855725791213,7391.880061849341,0.0,931.9756639418704,2.9842794901924213e-13,7391.880061849342,7391.880061849342,0.7000017062499375,1.0,100.0,72519.16143450618,1000000.0
co/cap_0500,2030-10-01,71819.37999248282,66745.41200175123,7953.513541119691,1.7053025658242404e-13,1733.6569449620845,1080.3731919213449,0.0,15335.203491978004,0.0,0.0,0.0,0.0,0.0,0.0,0.0,0.0,0.0,1207.10712,47480.16320311362,333906197.1082136,0.0,0.0,0.0,116867168.98787476,0.0,116867168.98787476,0.0,0.0,0.0,66781.23942164272,0.0,66781.23942164272,0.0,0.0,10017.185913246409,0.0,10017.185913246409,0.0,0.0,36729681.6819035,0.0,0.0,0.0,0.0,0.0,0.0,3680137.67698136,116867168.98787476,66781.23942164272,10017.185913246409,333906197.1082136,36729681.6819035,34839470.62306693,0.0,0.0,0.0,7953.513541119691,7953.513541119691,7021.655164462499,0.0,931.858376657192,2.4513724383723456e-13,7021.655164462499,7021.655164462499,0.7113622012231771,1.0,100.0,75859.47248027568,1000000.0
co/cap_0500,2030-11-01,68027.07417163799,63731.60991443671,7553.182215644018,1.1368683772161605e-13,1627.3633287226482,1025.307880429763,0.0,14581.242647617915,0.0,0.0,0.0,0.0,0.0,0.0,0.0,0.0,0.0,1894.223184,45060.156860859846,304695303.32225347,0.0,0.0,0.0,106643356.1627887,0.0,106643356.1627887,0.0,0.0,0.0,60939.06066445069,0.0,60939.06066445069,0.0,0.0,9140.859099667605,0.0,9140.859099667605,0.0,0.0,33516483.36544788,0.0,0.0,0.0,0.0,0.0,0.0,3560878.705877512,106643356.1627887,60939.06066445069,9140.859099667605,304695303.32225347,33516483.36544788,31713338.625008404,0.0,0.0,0.0,7553.182215644018,7553.182215644018,6663.769915449625,0.0,889.4123001943931,1.6342482922482304e-13,6663.769915449626,6663.769915449626,0.7070299482683029,1.0,100.0,78527.57340875428,1000000.0
co/cap_0500,2030-12-01,66756.93120756111,63578.77311794287,7551.422969170036,1.4210854715202006e-13,1617.7261263423295,1025.0751078747658,0.0,14593.911427886856,0.0,0.0,0.0,0.0,0.0,0.0,0.0,0.0,0.0,1471.756656,45049.926989382926,298325284.93138885,0.0,0.0,0.0,104413849.72598612,0.0,104413849.72598612,0.0,0.0,0.0,59665.05698627778,0.0,59665.05698627778,0.0,0.0,8949.758547941667,0.0,8949.758547941667,0.0,0.0,32815781.342452776,0.0,0.0,0.0,0.0,0.0,0.0,3679089.2528263032,104413849.72598612,59665.05698627778,8949.758547941667,298325284.93138885,32815781.342452776,30973573.26760888,0.0,0.0,0.0,7551.422969170036,7551.422969170036,6662.257059868645,0.0,889.1659093013909,2.0250467969162853e-13,6662.257059868645,6662.257059868645,0.7085686744192484,1.0,100.0,80088.0053720302,1000000.0
co/cap_0750,2029-01-01,66705.26229880795,64660.05228755278,7796.559174962934,1.7053025658242404e-13,1854.1345826736692,1052.5582008867384,0.0,14901.018778485512,0.0,0.0,0.0,0.0,0.0,0.0,0.0,0.0,0.0,704.138832,46257.75198105471,437635069.4740913,0.0,0.0,0.0,153172274.31593195,0.0,153172274.31593195,0.0,0.0,0.0,87527.01389481826,0.0,87527.01389481826,0.0,0.0,13129.05208422274,0.0,13129.05208422274,0.0,0.0,48139857.642150044,0.0,0.0,0.0,0.0,0.0,0.0,3683226.310902395,153172274.31593195,87527.01389481826,13129.05208422274,437635069.4740913,48139857.642150044,48081540.784433946,0.0,0.0,0.0,7796.559174962934,7796.559174962934,6840.877561956196,0.0,955.6816130067376,2.4513724383723456e-13,6840.877561956197,6840.877561956197,0.7153992356105694,1.0,100.0,66093.07542858146,1000000.0
co/cap_0750,2029-02-01,58982.774435382176,57854.81682703491,6967.964384500704,2.8421709430404014e-14,1674.935535629989,948.940004883132,0.0,13331.29976800772,0.0,0.0,0.0,0.0,0.0,0.0,0.0,0.0,0.0,30.272016,41703.946968257216,396790118.61553,0.0,0.0,0.0,138876541.5154355,0.0,138876541.5154355,0.0,0.0,0.0,79358.023723106,0.0,79358.023723106,0.0,0.0,11903.7035584659,0.0,11903.7035584659,0.0,0.0,43646913.047708295,0.0,0.0,0.0,0.0,0.0,0.0,3326830.9768667603,138876541.5154355,79358.023723106,11903.7035584659,396790118.61553,43646913.047708295,43489814.29584303,0.0,0.0,0.0,6967.964384500704,6967.964384500704,6167.433194267757,0.0,800.5311902329462,4.085620730620576e-14,6167.433194267757,6167.433194267757,0.7208379397853253,1.0,100.0,65546.09750129873,1000000.0
co/cap_0750,2029-03-01,67353.45903181126,67127.23645548205,7985.349675416576,1.4210854715202006e-13,1930.48173243476,1087.955239856948,0.0,15260.605005217538,0.0,0.0,0.0,0.0,0.0,0.0,0.0,0.0,0.0,2020.342608,47813.37849953914,461834698.92781776,0.0,0.0,0.0,161642144.62473622,0.0,161642144.62473622,0.0,0.0,0.0,92366.93978556356,0.0,92366.93978556356,0.0,0.0,13855.040967834531,0.0,13855.040967834531,0.0,0.0,50801816.882059954,0.0,0.0,0.0,0.0,0.0,0.0,3683940.667428672,161642144.62473622,92366.93978556356,13855.040967834531,461834698.92781776,50801816.882059954,50497784.542673685,0.0,0.0,0.0,7985.349675416575,7985.349675416575,7070.933068100175,0.0,914.4166073164008,1.6520118606422332e-13,7070.933068100175,7070.933068100175,0.7122798587313866,1.0,100.0,63841.83834519322,1000000.0
co/cap_0750,2029-04-01,66222.87356386372,66007.40085544634,7912.323675974617,1.9895196601282805e-13,1936.4318739690248,1078.765238030364,0.0,15098.44817706375,0.0,0.0,0.0,0.0,0.0,0.0,0.0,0.0,0.0,905.057808,47409.49696135777,473067204.5391637,0.0,0.0,0.0,165573521.58870727,0.0,165573521.58870727,0.0,0.0,0.0,94613.44090783274,0.0,94613.44090783274,0.0,0.0,14192.01613617491,0.0,14192.01613617491,0.0,0.0,52037392.499308005,0.0,0.0,0.0,0.0,0.0,0.0,3565876.4298475725,165573521.58870727,94613.44090783274,14192.01613617491,473067204.5391637,52037392.499308005,51598583.13417237,0.0,0.0,0.0,7912.323675974617,7912.323675974617,7011.204611054426,0.0,901.1190649201905,2.469136006766348e-13,7011.204611054426,7011.204611054426,0.7182451717070748,1.0,100.0,62120.87917964161,1000000.0
co/cap_0750,2029-05-01,72284.73881722466,71966.95952371057,8729.175741277912,2.842170943040401e-13,2140.5555135481136,1196.2986020415933,0.0,16382.453044094147,0.0,0.0,0.0,0.0,0.0,0.0,0.0,0.0,0.0,341.71320000000003,52574.84477523652,519839299.6310613,0.0,0.0,0.0,181943754.87087145,0.0,181943754.87087145,0.0,0.0,0.0,103967.85992621226,0.0,103967.85992621226,0.0,0.0,15595.17898893184,0.0,15595.17898893184,0.0,0.0,57182322.95941675,0.0,0.0,0.0,0.0,0.0,0.0,3685649.670992626,181943754.87087145,103967.85992621226,15595.17898893184,519839299.6310613,57182322.95941675,56560414.3575478,0.0,0.0,0.0,8729.175741277912,8729.175741277912,7775.087645710642,0.0,954.0880955672692,3.979039320256561e-13,7775.087645710642,7775.087645710642,0.7305414196067984,1.0,100.0,60298.10295960761,1000000.0
co/cap_0750,2029-06-01,80212.90390086111,79228.45939701123,8851.421825861822,2.8421709430404014e-14,2176.65727974369,1214.9169512583685,0.0,16544.71051544375,0.0,0.0,0.0,0.0,0.0,0.0,0.0,0.0,0.0,15148.670256,53393.08264525709,529799268.9157724,0.0,0.0,0.0,185429744.12052032,0.0,185429744.12052032,0.0,0.0,0.0,105959.85378315448,0.0,105959.85378315448,0.0,0.0,15893.978067473172,0.0,15893.978067473172,0.0,0.0,58277919.58073496,0.0,0.0,0.0,0.0,0.0,0.0,3567543.385851189,185429744.12052032,105959.85378315448,15893.978067473172,529799268.9157724,58277919.58073496,57502213.983435206,0.0,0.0,0.0,8851.421825861822,8851.421825861822,7896.093635964104,0.0,955.3281898977187,4.440892098500626e-14,7896.093635964104,7896.093635964104,0.6739129228514477,1.0,100.0,59105.89018371381,1000000.0
co/cap_0750,2029-07-01,82455.89500050584,80117.05589283284,9298.960369428863,0.0,2291.6383485591587,1276.76830344912,0.0,17355.19638360007,0.0,0.0,0.0,0.0,0.0,0.0,0.0,0.0,0.0,8818.380815999999,56111.32141525791,559597487.5041642,0.0,0.0,0.0,195859120.62645745,0.0,195859120.62645745,0.0,0.0,0.0,111919.49750083283,0.0,111919.49750083283,0.0,0.0,16787.924625124924,0.0,16787.924625124924,0.0,0.0,61555723.62545806,0.0,0.0,0.0,0.0,0.0,0.0,3686818.986594624,195859120.62645745,111919.49750083283,16787.924625124924,559597487.5041642,61555723.62545806,60586826.71078005,0.0,0.0,0.0,9298.960369428863,9298.960369428863,8298.083309335041,0.0,1000.8770600938236,0.0,8298.083309335041,8298.083309335041,0.7003667420120159,1.0,100.0,59153.09094282764,1000000.0
co/cap_0750,2029-08-01,82978.41549480282,79169.77867317857,9101.044563593616,3.410605131648481e-13,2245.943537258481,1248.784176143044,0.0,17013.73827754688,0.0,0.0,0.0,0.0,0.0,0.0,0.0,0.0,0.0,10266.90936,54881.47700452588,550427955.2034864,0.0,0.0,0.0,192649784.32122025,0.0,192649784.32122025,0.0,0.0,0.0,110085.5910406973,0.0,110085.5910406973,0.0,0.0,16512.838656104595,0.0,16512.838656104595,0.0,0.0,60547075.07238352,0.0,0.0,0.0,0.0,0.0,0.0,3686550.798331551,192649784.32122025,110085.5910406973,16512.838656104595,550427955.2034864,60547075.07238352,59445089.31423053,0.0,0.0,0.0,9101.044563593616,9101.044563593616,8116.206441701705,0.0,984.83812189191,2.771116669464391e-13,8116.206441701705,8116.206441701705,0.693212459656892,1.0,100.0,60715.784227193406,1000000.0
co/cap_0750,2029-09-01,79845.6211383486,75778.14994314288,8707.505072432588,1.9895196601282805e-13,2127.4186818026064,1194.174408590508,0.0,16304.056826014748,0.0,0.0,0.0,0.0,0.0,0.0,0.0,0.0,0.0,9784.150368,52481.49087448566,512549704.7735731,0.0,0.0,0.0,179392396.67075056,0.0,179392396.67075056,0.0,0.0,0.0,102509.94095471462,0.0,102509.94095471462,0.0,0.0,15376.491143207191,0.0,15376.491143207191,0.0,0.0,56380467.52509304,0.0,0.0,0.0,0.0,0.0,0.0,3567033.775764101,179392396.67075056,102509.94095471462,15376.491143207191,512549704.7735731,56380467.52509304,55218254.8907055,0.0,0.0,0.0,8707.505072432588,8707.505072432588,7761.281903373029,0.0,946.2231690595586,2.255973186038318e-13,7761.28190337303,7761.28190337303,0.6925675925562059,1.0,100.0,62655.836740596525,1000000.0
co/cap_0750,2029-10-01,76250.5121088513,71680.94598848093,8355.516376917105,3.979039320256561e-13,2047.5199207938024,1138.9497052500706,0.0,15935.544037978838,0.0,0.0,0.0,0.0,0.0,0.0,0.0,0.0,0.0,5615.41704,50054.47959074177,501536086.0402458,0.0,0.0,0.0,175537630.114086,0.0,175537630.114086,0.0,0.0,0.0,100307.21720804916,0.0,100307.21720804916,0.0,0.0,15046.082581207374,0.0,15046.082581207374,0.0,0.0,55168969.46442704,0.0,0.0,0.0,0.0,0.0,0.0,3685112.368826668,175537630.114086,100307.21720804916,15046.082581207374,501536086.0402458,55168969.46442704,53898917.78381853,0.0,0.0,0.0,8355.516376917105,8355.516376917105,7402.360721029841,0.0,953.1556558872622,5.009326287108706e-13,7402.360721029842,7402.360721029842,0.6982954661171112,1.0,100.0,65177.8829401731,1000000.0
co/cap_0750,2029-11-01,69887.61569521454,65733.755392435,7820.354311000873,2.557953848736361e-13,1894.474935185371,1065.4978799704395,0.0,14939.170530350397,0.0,0.0,0.0,0.0,0.0,0.0,0.0,0.0,0.0,2000.217168,46826.424065186526,454913602.2895112,0.0,0.0,0.0,159219760.8013289,0.0,159219760.8013289,0.0,0.0,0.0,90982.72045790224,0.0,90982.72045790224,0.0,0.0,13647.408068685336,0.0,13647.408068685336,0.0,0.0,50040496.25184623,0.0,0.0,0.0,0.0,0.0,0.0,3565338.863451578,159219760.8013289,90982.72045790224,13647.408068685336,454913602.2895112,50040496.25184623,48767579.51032043,0.0,0.0,0.0,7820.354311000873,7820.354311000873,6924.976246692139,0.0,895.3780643087332,3.6770586575585195e-13,6924.97624669214,6924.97624669214,0.7123649605233959,1.0,100.0,67437.26830776727,1000000.0
co/cap_0750,2029-12-01,70972.9912475687,67610.73353530168,7906.663068877699,1.9895196601282805e-13,1895.3611608358356,1076.8037009915988,0.0,15124.141877661994,0.0,0.0,0.0,0.0,0.0,0.0,0.0,0.0,0.0,4607.300208000001,47323.29147289698,446674279.3717754,0.0,0.0,0.0,156335997.7801214,0.0,156335997.7801214,0.0,0.0,0.0,89334.85587435508,0.0,89334.85587435508,0.0,0.0,13400.228381153262,0.0,13400.228381153262,0.0,0.0,49134170.730895296,0.0,0.0,0.0,0.0,0.0,0.0,3683491.767595256,156335997.7801214,89334.85587435508,13400.228381153262,446674279.3717754,49134170.730895296,47766317.52499594,0.0,0.0,0.0,7906.663068877699,7906.663068877699,6998.456019381177,0.0,908.2070494965212,2.859934511434403e-13,6998.456019381178,6998.456019381178,0.6999375542670012,1.0,100.0,68904.16485919846,1000000.0
co/cap_0750,2030-01-01,67084.60666971466,64905.127655682816,7755.079578071667,8.526512829121202e-14,1857.142575129617,1056.2456295596064,0.0,14841.16558435376,0.0,0.0,0.0,0.0,0.0,0.0,0.0,0.0,0.0,1197.1282560000004,46419.80683070925,436765147.65428686,0.0,0.0,0.0,152867801.6790004,0.0,152867801.6790004,0.0,0.0,0.0,87353.02953085738,0.0,87353.02953085738,0.0,0.0,13102.954429628606,0.0,13102.954429628606,0.0,0.0,48044166.24197155,0.0,0.0,0.0,0.0,0.0,0.0,3683200.7096954514,152867801.6790004,87353.02953085738,13102.954429628606,436765147.65428686,48044166.24197155,46589139.26348428,0.0,0.0,0.0,7755.079578071667,7755.079578071667,6864.843218247966,0.0,890.236359823701,1.2256862191861728e-13,6864.843218247966,6864.843218247966,0.7151947543646026,1.0,100.0,69226.5012981007,1000000.0
co/cap_0750,2030-02-01,59837.30999903248,59233.99510440639,7072.249822671778,1.9895196601282805e-13,1695.8242387186162,963.0435562183133,0.0,13529.921024620326,0.0,0.0,0.0,0.0,0.0,0.0,0.0,0.0,0.0,1237.546848,42323.76882624594,399962613.9901638,0.0,0.0,0.0,139986914.89655733,0.0,139986914.89655733,0.0,0.0,0.0,79992.52279803276,0.0,79992.52279803276,0.0,0.0,11998.878419704914,0.0,11998.878419704914,0.0,0.0,43995887.53891802,0.0,0.0,0.0,0.0,0.0,0.0,3326922.8434584145,139986914.89655733,79992.52279803276,11998.878419704914,399962613.9901638,43995887.53891802,42561443.41537109,0.0,0.0,0.0,7072.249822671778,7072.249822671778,6259.096218499061,0.0,813.153604172717,2.859934511434403e-13,6259.096218499061,6259.096218499061,0.7145182213633517,1.0,100.0,68133.99195400815,1000000.0
co/cap_0750,2030-03-01,65627.57907887618,65457.718117627366,7823.241779335601,3.694822225952521e-13,1896.2936256460612,1065.81448548071,0.0,14952.709978944144,0.0,0.0,0.0,0.0,0.0,0.0,0.0,0.0,0.0,1256.666016,46840.338221342055,455905879.5761135,0.0,0.0,0.0,159567057.8516397,0.0,159567057.8516397,0.0,0.0,0.0,91181.1759152227,0.0,91181.1759152227,0.0,0.0,13677.176387283404,0.0,13677.176387283404,0.0,0.0,50149646.75337248,0.0,0.0,0.0,0.0,0.0,0.0,3683768.224366596,159567057.8516397,91181.1759152227,13677.176387283404,455905879.5761135,50149646.75337248,48398730.87062555,0.0,0.0,0.0,7823.241779335601,7823.2417793356,6927.03395668801,0.0,896.2078226475902,5.311306949806749e-13,6927.03395668801,6927.03395668801,0.7155815932533743,1.0,100.0,66407.55928961089,1000000.0
co/cap_0750,2030-04-01,67051.08795234443,66821.39045682958,7921.956869248064,2.273736754432321e-13,1939.725095266254,1080.0765443223147,0.0,15115.798114644736,0.0,0.0,0.0,0.0,0.0,0.0,0.0,0.0,0.0,2614.713935999999,47467.1261558034,474281077.6674349,0.0,0.0,0.0,165998377.1836022,0.0,165998377.1836022,0.0,0.0,0.0,94856.215533487,0.0,94856.215533487,0.0,0.0,14228.432330023048,0.0,14228.432330023048,0.0,0.0,52170918.54341784,0.0,0.0,0.0,0.0,0.0,0.0,3565912.2959384266,165998377.1836022,94856.215533487,14228.432330023048,474281077.6674349,52170918.54341784,50225252.77949271,0.0,0.0,0.0,7921.956869248065,7921.956869248064,7019.727166654582,0.0,902.2297025934822,3.286260152890464e-13,7019.727166654583,7019.727166654583,0.7103582525190023,1.0,100.0,64697.53168985948,1000000.0
co/cap_0750,2030-05-01,72679.51321803204,72313.43340920903,8791.219540852417,2.557953848736361e-13,2153.0909397452488,1205.041273760784,0.0,16490.37287487303,0.0,0.0,0.0,0.0,0.0,0.0,0.0,0.0,0.0,0.0,52959.06708208606,521520265.8502512,0.0,0.0,0.0,182532093.04758796,0.0,182532093.04758796,0.0,0.0,0.0,104304.05317005025,0.0,104304.05317005025,0.0,0.0,15645.607975507535,0.0,15645.607975507535,0.0,0.0,57367229.24352764,0.0,0.0,0.0,0.0,0.0,0.0,3685698.259376388,182532093.04758796,104304.05317005025,15645.607975507535,521520265.8502512,57367229.24352764,55091721.15977927,0.0,0.0,0.0,8791.219540852417,8791.219540852417,7831.90877611937,0.0,959.3107647330464,3.943512183468556e-13,7831.90877611937,7831.90877611937,0.7323544822218576,1.0,100.0,62910.52055893726,1000000.0
co/cap_0750,2030-06-01,77387.245836147,75938.93696689582,8653.462248427557,4.263256414560601e-13,2135.093088597843,1187.0660554587205,0.0,16201.264044728316,0.0,0.0,0.0,0.0,0.0,0.0,0.0,0.0,0.0,11163.33,52169.09348317089,523334752.568689,0.0,0.0,0.0,183167163.39904112,0.0,183167163.39904112,0.0,0.0,0.0,104666.9505137378,0.0,104666.9505137378,0.0,0.0,15700.042577060667,0.0,15700.042577060667,0.0,0.0,57566822.78255579,0.0,0.0,0.0,0.0,0.0,0.0,3567355.6150392867,183167163.39904112,104666.9505137378,15700.042577060667,523334752.568689,57566822.78255579,55147118.46112069,0.0,0.0,0.0,8653.462248427557,8653.462248427557,7715.082678094332,0.0,938.3795703332248,4.511946372076636e-13,7715.082678094332,7715.082678094332,0.6869874081317867,1.0,100.0,62223.73633959061,1000000.0
co/cap_0750,2030-07-01,83058.43821187054,80861.60865029764,9111.475467966464,2.8421709430404014e-14,2255.293751268082,1250.4858371751534,0.0,17028.515817832787,0.0,0.0,0.0,0.0,0.0,0.0,0.0,0.0,0.0,13999.591488,54956.261480968926,555455042.5763919,0.0,0.0,0.0,194409264.9017372,0.0,194409264.9017372,0.0,0.0,0.0,111091.0085152784,0.0,111091.0085152784,0.0,0.0,16663.65127729176,0.0,16663.65127729176,0.0,0.0,61100054.68340312,0.0,0.0,0.0,0.0,0.0,0.0,3686700.014948752,194409264.9017372,111091.0085152784,16663.65127729176,555455042.5763919,61100054.68340312,58388121.90003379,0.0,0.0,0.0,9111.475467966464,9111.475467966464,8127.266024689901,0.0,984.2094432765628,4.440892098500626e-14,8127.266024689901,8127.266024689901,0.6796335417792438,1.0,100.0,62165.27214989541,1000000.0
co/cap_0750,2030-08-01,83420.73276627253,79962.74821452265,9249.86424915074,1.1368683772161605e-13,2274.689761333185,1269.8269492202817,0.0,17273.40456715295,0.0,0.0,0.0,0.0,0.0,0.0,0.0,0.0,0.0,9348.518448,55806.26327969853,553504095.168133,0.0,0.0,0.0,193726433.30884656,0.0,193726433.30884656,0.0,0.0,0.0,110700.8190336266,0.0,110700.8190336266,0.0,0.0,16605.122855043992,0.0,16605.122855043992,0.0,0.0,60885450.46849464,0.0,0.0,0.0,0.0,0.0,0.0,3686638.918737073,193726433.30884656,110700.8190336266,16605.122855043992,553504095.168133,60885450.46849464,58037531.08133407,0.0,0.0,0.0,9249.86424915074,9249.86424915074,8252.969457812489,0.0,996.8947913382494,9.237055564881302e-14,8252.96945781249,8252.96945781249,0.6979032677814233,1.0,100.0,63348.56694031208,1000000.0
co/cap_0750,2030-09-01,77929.94510998702,73618.63769591153,8626.691588686817,1.7053025658242404e-13,2112.532564330612,1182.649560533595,0.0,16162.509907819824,0.0,0.0,0.0,0.0,0.0,0.0,0.0,0.0,0.0,6282.659232,51974.997682387686,511448750.2017525,0.0,0.0,0.0,179007062.57061335,0.0,179007062.57061335,0.0,0.0,0.0,102289.7500403505,0.0,102289.7500403505,0.0,0.0,15343.462506052574,0.0,15343.462506052574,0.0,0.0,56259362.52219277,0.0,0.0,0.0,0.0,0.0,0.0,3567002.862302596,179007062.57061335,102289.7500403505,15343.462506052574,511448750.2017525,56259362.52219277,53496209.568047166,0.0,0.0,0.0,8626.691588686817,8626.691588686817,7686.378611174013,0.0,940.3129775128052,2.220446049250313e-13,7686.378611174013,7686.378611174013,0.7060032528321855,1.0,100.0,65547.34179005695,1000000.0
co/cap_0750,2030-10-01,73928.50620314135,68900.52168704396,8248.349061679537,1.9895196601282805e-13,2025.523191111944,1124.4868371780078,0.0,15731.887787423137,0.0,0.0,0.0,0.0,0.0,0.0,0.0,0.0,0.0,1207.10712,49418.86650668754,497890987.6389286,0.0,0.0,0.0,174261845.673625,0.0,174261845.673625,0.0,0.0,0.0,99578.19752778571,0.0,99578.19752778571,0.0,0.0,14936.729629167858,0.0,14936.729629167858,0.0,0.0,54768008.64028215,0.0,0.0,0.0,0.0,0.0,0.0,3685006.515472041,174261845.673625,99578.19752778571,14936.729629167858,497890987.6389286,54768008.64028215,51949498.39515058,0.0,0.0,0.0,8248.349061679537,8248.349061679537,7308.362394293748,0.0,939.9866673857882,2.895461648222409e-13,7308.362394293748,7308.362394293748,0.7172495257895886,1.0,100.0,68549.80311504239,1000000.0
co/cap_0750,2030-11-01,69950.0329992868,65696.4959642849,7822.009973466028,2.842170943040401e-13,1893.4800501761663,1065.527033643723,0.0,14942.931547432148,0.0,0.0,0.0,0.0,0.0,0.0,0.0,0.0,0.0,1894.223184,46827.7053087196,454214809.4257096,0.0,0.0,0.0,158975183.29899836,0.0,158975183.29899836,0.0,0.0,0.0,90842.96188514192,0.0,90842.96188514192,0.0,0.0,13626.444282771288,0.0,13626.444282771288,0.0,0.0,49963629.036828056,0.0,0.0,0.0,0.0,0.0,0.0,3565318.0588162686,158975183.29899836,90842.96188514192,13626.444282771288,454214809.4257096,49963629.036828056,47275649.3921283,0.0,0.0,0.0,7822.009973466028,7822.009973466027,6925.165724774438,0.0,896.8442486915897,4.085620730620576e-13,6925.165724774438,6925.165724774438,0.7127884770928561,1.0,100.0,70909.86009986809,1000000.0
co/cap_0750,2030-12-01,68639.10192829304,65501.97642146567,7814.514503755054,1.9895196601282805e-13,1878.1720186169105,1064.442579110563,0.0,14947.889689102663,0.0,0.0,0.0,0.0,0.0,0.0,0.0,0.0,0.0,1471.756656,46780.04577902577,444654371.72155774,0.0,0.0,0.0,155629030.1025452,0.0,155629030.1025452,0.0,0.0,0.0,88930.87434431155,0.0,88930.87434431155,0.0,0.0,13339.631151646732,0.0,13339.631151646732,0.0,0.0,48911980.88937135,0.0,0.0,0.0,0.0,0.0,0.0,3683433.8792394553,155629030.1025452,88930.87434431155,13339.631151646732,444654371.72155774,48911980.88937135,46166168.17081753,0.0,0.0,0.0,7814.514503755054,7814.514503755054,6918.117543802968,0.0,896.3969599520864,2.859934511434403e-13,6918.117543802968,6918.117543802968,0.7141776223365296,1.0,100.0,72168.81358807853,1000000.0
co/cap_1000,2029-01-01,68558.75308090751,66553.92219656729,8055.460899950578,1.4210854715202006e-13,2110.472852586385,1091.3332924403585,0.0,15249.39724039996,0.0,0.0,0.0,0.0,0.0,0.0,0.0,0.0,0.0,704.138832,47961.83691110319,581633901.6568493,0.0,0.0,0.0,203571865.5798972,0.0,203571865.5798972,0.0,0.0,0.0,116326.78033136984,0.0,116326.78033136984,0.0,0.0,17449.01704970548,0.0,17449.01704970548,0.0,0.0,63979729.18225342,0.0,0.0,0.0,0.0,0.0,0.0,3687501.74786986,203571865.5798972,116326.78033136984,17449.01704970548,581633901.6568493,63979729.18225342,63902224.62044889,0.0,0.0,0.0,8055.460899950578,8055.460899950578,7092.888000474928,0.0,962.5728994756502,2.131628207280301e-13,7092.888000474928,7092.888000474928,0.7206462869227707,1.0,100.0,65796.35803175384,1000000.0
co/cap_1000,2029-02-01,60662.33359813729,59570.992028074266,7202.738046000938,2.842170943040401e-13,1907.34757590253,984.0695151244254,0.0,13647.176864167546,0.0,0.0,0.0,0.0,0.0,0.0,0.0,0.0,0.0,30.272016,43247.81615343734,527369063.92092544,0.0,0.0,0.0,184579172.37232387,0.0,184579172.37232387,0.0,0.0,0.0,105473.8127841851,0.0,105473.8127841851,0.0,0.0,15821.071917627763,0.0,15821.071917627763,0.0,0.0,58010597.0313018,0.0,0.0,0.0,0.0,0.0,0.0,3330707.9691556804,184579172.37232387,105473.8127841851,15821.071917627763,527369063.92092544,58010597.0313018,57801798.0276738,0.0,0.0,0.0,7202.738046000939,7202.738046000938,6395.749954490343,0.0,806.9880915105948,3.836930773104541e-13,6395.749954490344,6395.749954490344,0.7259878454442351,1.0,100.0,64980.35202591433,1000000.0
co/cap_1000,2029-03-01,69308.73626367442,69125.14171443546,8258.670833888767,3.694822225952521e-13,2201.052004096333,1128.8513622136427,0.0,15628.344563499537,0.0,0.0,0.0,0.0,0.0,0.0,0.0,0.0,0.0,2020.342608,49610.67833851159,613853403.5660138,0.0,0.0,0.0,214848691.24810484,0.0,214848691.24810484,0.0,0.0,0.0,122770.68071320278,0.0,122770.68071320278,0.0,0.0,18415.602106980416,0.0,18415.602106980416,0.0,0.0,67523874.39226152,0.0,0.0,0.0,0.0,0.0,0.0,3688454.223238229,214848691.24810484,122770.68071320278,18415.602106980416,613853403.5660138,67523874.39226152,67119764.9713504,0.0,0.0,0.0,8258.670833888767,8258.670833888767,7336.728694000232,0.0,921.9421398885346,5.115907697472721e-13,7336.728694000233,7336.728694000233,0.7176936944803592,1.0,100.0,62962.89457105697,1000000.0
co/cap_1000,2029-04-01,68226.85574382298,68055.06809233314,8192.422267966156,1.4210854715202006e-13,2213.7181982131,1120.6813392113324,0.0,15475.312803772857,0.0,0.0,0.0,0.0,0.0,0.0,0.0,0.0,0.0,905.057808,49251.62275621505,628855468.5745656,0.0,0.0,0.0,220099414.001098,0.0,220099414.001098,0.0,0.0,0.0,125771.09371491316,0.0,125771.09371491316,0.0,0.0,18865.66405723697,0.0,18865.66405723697,0.0,0.0,69174101.54320222,0.0,0.0,0.0,0.0,0.0,0.0,3570501.90646343,220099414.001098,125771.09371491316,18865.66405723697,628855468.5745656,69174101.54320222,68590784.20679884,0.0,0.0,0.0,8192.422267966156,8192.422267966156,7283.629371805901,0.0,908.792896160254,2.131628207280301e-13,7283.629371805902,7283.629371805902,0.723702497650775,1.0,100.0,60920.964024333705,1000000.0
co/cap_1000,2029-05-01,74486.87615799556,74217.10508797679,9036.993488370548,1.9895196601282805e-13,2445.2776339471807,1242.358452254459,0.0,16796.608282263067,0.0,0.0,0.0,0.0,0.0,0.0,0.0,0.0,0.0,341.71320000000003,54599.07975401138,691044693.1745963,0.0,0.0,0.0,241865642.61110872,0.0,241865642.61110872,0.0,0.0,0.0,138208.93863491926,0.0,138208.93863491926,0.0,0.0,20731.34079523789,0.0,20731.34079523789,0.0,0.0,76014916.2492056,0.0,0.0,0.0,0.0,0.0,0.0,3690732.894656834,241865642.61110872,138208.93863491926,20731.34079523789,691044693.1745963,76014916.2492056,75188184.76859345,0.0,0.0,0.0,9036.993488370548,9036.993488370548,8074.44381961419,0.0,962.5496687563588,2.220446049250313e-13,8074.44381961419,8074.44381961419,0.7356670633985218,1.0,100.0,58745.45746040536,1000000.0
co/cap_1000,2029-06-01,82457.37014748773,81521.85852502122,9165.168267815763,0.0,2487.24583647932,1261.8616590119625,0.0,16966.840090396523,0.0,0.0,0.0,0.0,0.0,0.0,0.0,0.0,0.0,15148.670256,55456.205279482354,704302142.7020501,0.0,0.0,0.0,246505749.9457175,0.0,246505749.9457175,0.0,0.0,0.0,140860.42854041,0.0,140860.42854041,0.0,0.0,21129.064281061503,0.0,21129.064281061503,0.0,0.0,77473235.69722551,0.0,0.0,0.0,0.0,0.0,0.0,3572724.5144682527,246505749.9457175,140860.42854041,21129.064281061503,704302142.7020501,77473235.69722551,76442030.50363496,0.0,0.0,0.0,9165.168267815763,9165.168267815763,8201.200752752138,0.0,963.967515063625,0.0,8201.200752752138,8201.200752752138,0.6802617884681981,1.0,100.0,57193.72324639257,1000000.0
co/cap_1000,2029-07-01,84826.94451366938,82539.79480823872,9630.38099257182,2.273736754432321e-13,2619.727726733001,1326.3614434285678,0.0,17801.109886159673,0.0,0.0,0.0,0.0,0.0,0.0,0.0,0.0,0.0,8818.380815999999,58290.8371581388,743930586.5843725,0.0,0.0,0.0,260375705.3045304,0.0,260375705.3045304,0.0,0.0,0.0,148786.11731687453,0.0,148786.11731687453,0.0,0.0,22317.917597531177,0.0,22317.917597531177,0.0,0.0,81832364.52428098,0.0,0.0,0.0,0.0,0.0,0.0,3692291.9821261647,260375705.3045304,148786.11731687453,22317.917597531177,743930586.5843725,81832364.52428098,80544310.84213676,0.0,0.0,0.0,9630.38099257182,9630.38099257182,8620.403346580055,0.0,1009.9776459917646,1.8829382497642652e-13,8620.403346580055,8620.403346580055,0.7062149511464559,1.0,100.0,56861.145225090215,1000000.0
co/cap_1000,2029-08-01,85310.56126236168,81552.76954659603,9427.051751458155,1.7053025658242404e-13,2568.66847829316,1297.5625885449454,0.0,17452.363157639542,0.0,0.0,0.0,0.0,0.0,0.0,0.0,0.0,0.0,10266.90936,57025.18715852577,731750140.7630086,0.0,0.0,0.0,256112549.26705295,0.0,256112549.26705295,0.0,0.0,0.0,146350.02815260174,0.0,146350.02815260174,0.0,0.0,21952.504222890257,0.0,21952.504222890257,0.0,0.0,80492515.48393095,0.0,0.0,0.0,0.0,0.0,0.0,3691934.397775401,256112549.26705295,146350.02815260174,21952.504222890257,731750140.7630086,80492515.48393095,79027514.1259695,0.0,0.0,0.0,9427.051751458155,9427.051751458155,8433.231330802275,0.0,993.8204206558802,1.3855583347321956e-13,8433.231330802275,8433.231330802275,0.699242802857159,1.0,100.0,58050.26846256272,1000000.0
co/cap_1000,2029-09-01,82016.3446633201,77996.2020214458,9010.964929910118,0.0,2427.819392784683,1239.575834638592,0.0,16712.341855043727,0.0,0.0,0.0,0.0,0.0,0.0,0.0,0.0,0.0,9784.150368,54476.78947550285,681331265.8178784,0.0,0.0,0.0,238465943.03625745,0.0,238465943.03625745,0.0,0.0,0.0,136266.2531635757,0.0,136266.2531635757,0.0,0.0,20439.93797453635,0.0,20439.93797453635,0.0,0.0,74946439.23996663,0.0,0.0,0.0,0.0,0.0,0.0,3572045.034352135,238465943.03625745,136266.2531635757,20439.93797453635,681331265.8178784,74946439.23996663,73401513.6190047,0.0,0.0,0.0,9010.964929910118,9010.964929910118,8056.358789830707,0.0,954.6061400794116,0.0,8056.358789830707,8056.358789830707,0.6984543870549483,1.0,100.0,59642.59171165232,1000000.0
co/cap_1000,2029-10-01,78374.99215132138,73851.74274762756,8652.488569222805,2.273736754432321e-13,2341.5034560070503,1183.3848845141488,0.0,16335.10509732561,0.0,0.0,0.0,0.0,0.0,0.0,0.0,0.0,0.0,5615.41704,52007.313647708674,666709277.8461741,0.0,0.0,0.0,233348247.24616092,0.0,233348247.24616092,0.0,0.0,0.0,133341.85556923485,0.0,133341.85556923485,0.0,0.0,20001.278335385225,0.0,20001.278335385225,0.0,0.0,73338020.56307916,0.0,0.0,0.0,0.0,0.0,0.0,3690016.4917688905,233348247.24616092,133341.85556923485,20001.278335385225,666709277.8461741,73338020.56307916,71649698.49719661,0.0,0.0,0.0,8652.488569222805,8652.488569222805,7691.157692573122,0.0,961.330876649683,2.557953848736361e-13,7691.157692573122,7691.157692573122,0.7042124087096018,1.0,100.0,61824.337659339086,1000000.0
co/cap_1000,2029-11-01,71813.68860934541,67701.82102483937,8089.602014667831,2.842170943040401e-13,2161.010776930782,1105.782802674103,0.0,15301.42762203198,0.0,0.0,0.0,0.0,0.0,0.0,0.0,0.0,0.0,2000.217168,48596.8629458414,604666685.0917683,0.0,0.0,0.0,211633339.7821189,0.0,211633339.7821189,0.0,0.0,0.0,120933.33701835366,0.0,120933.33701835366,0.0,0.0,18140.00055275305,0.0,18140.00055275305,0.0,0.0,66513335.36009451,0.0,0.0,0.0,0.0,0.0,0.0,3569785.151268771,211633339.7821189,120933.33701835366,18140.00055275305,604666685.0917683,66513335.36009451,64821388.20916224,0.0,0.0,0.0,8089.602014667831,8089.60201466783,7186.799510789519,0.0,902.802503878311,4.263256414560601e-13,7186.799510789519,7186.799510789519,0.7178073234988984,1.0,100.0,63775.19446691432,1000000.0
co/cap_1000,2029-12-01,72863.41147656337,69542.36858820735,8170.923091836931,3.410605131648481e-13,2156.960389216072,1116.3430827621162,0.0,15479.689112169934,0.0,0.0,0.0,0.0,0.0,0.0,0.0,0.0,0.0,4607.300208000001,49060.96537433441,593653261.927274,0.0,0.0,0.0,207778641.67454588,0.0,207778641.67454588,0.0,0.0,0.0,118730.6523854548,0.0,118730.6523854548,0.0,0.0,17809.59785781822,0.0,17809.59785781822,0.0,0.0,65301858.81200014,0.0,0.0,0.0,0.0,0.0,0.0,3687855.690127008,207778641.67454588,118730.6523854548,17809.59785781822,593653261.927274,65301858.81200014,63483911.34899284,0.0,0.0,0.0,8170.923091836931,8170.923091836931,7255.433799174903,0.0,915.4892926620284,4.263256414560601e-13,7255.433799174903,7255.433799174903,0.7054830942680018,1.0,100.0,64939.27696605428,1000000.0
co/cap_1000,2030-01-01,68933.07514636165,66793.89466285252,8013.46453742889,3.694822225952521e-13,2112.9282570977603,1094.9080045544758,0.0,15188.810451942036,0.0,0.0,0.0,0.0,0.0,0.0,0.0,0.0,0.0,1197.1282560000004,48118.93810155444,580476478.781357,0.0,0.0,0.0,203166767.57347497,0.0,203166767.57347497,0.0,0.0,0.0,116095.2957562714,0.0,116095.2957562714,0.0,0.0,17414.294363440713,0.0,17414.294363440713,0.0,0.0,63852412.66594928,0.0,0.0,0.0,0.0,0.0,0.0,3687467.612927268,203166767.57347497,116095.2957562714,17414.294363440713,580476478.781357,63852412.66594928,61918630.24663132,0.0,0.0,0.0,8013.46453742889,8013.464537428889,7116.1210795306215,0.0,897.3434578982681,5.098144129078719e-13,7116.1210795306215,7116.1210795306215,0.7204092281852794,1.0,100.0,64965.52919246564,1000000.0
co/cap_1000,2030-02-01,61530.11598820031,60963.70634149887,7308.877830229037,2.557953848736361e-13,1930.0713815979664,998.4500255190792,0.0,13848.29250626318,0.0,0.0,0.0,0.0,0.0,0.0,0.0,0.0,0.0,1237.546848,43879.80978821826,531572928.308136,0.0,0.0,0.0,186050524.9078476,0.0,186050524.9078476,0.0,0.0,0.0,106314.5856616272,0.0,106314.5856616272,0.0,0.0,15947.18784924408,0.0,15947.18784924408,0.0,0.0,58473022.11389496,0.0,0.0,0.0,0.0,0.0,0.0,3330830.457944553,186050524.9078476,106314.5856616272,15947.18784924408,531572928.308136,58473022.11389496,56566563.91638909,0.0,0.0,0.0,7308.877830229037,7308.877830229037,6489.213015065415,0.0,819.6648151636226,3.836930773104541e-13,6489.213015065415,6489.213015065415,0.7197693910277998,1.0,100.0,63601.867457569126,1000000.0
co/cap_1000,2030-03-01,67557.95360244322,67430.17779197812,8093.082139114134,3.1263880373444413e-13,2163.418073874868,1106.1897377884943,0.0,15315.766247643513,0.0,0.0,0.0,0.0,0.0,0.0,0.0,0.0,0.0,1256.666016,48614.74690093104,605988596.0068973,0.0,0.0,0.0,212096008.60241407,0.0,212096008.60241407,0.0,0.0,0.0,121197.71920137948,0.0,121197.71920137948,0.0,0.0,18179.65788020692,0.0,18179.65788020692,0.0,0.0,66658745.56075871,0.0,0.0,0.0,0.0,0.0,0.0,3688224.299155461,212096008.60241407,121197.71920137948,18179.65788020692,605988596.0068973,66658745.56075871,64331432.7775039,0.0,0.0,0.0,8093.082139114134,8093.082139114134,7189.444298784014,0.0,903.6378403301204,4.689582056016661e-13,7189.444298784014,7189.444298784014,0.7209642402383601,1.0,100.0,61566.22519415935,1000000.0
co/cap_1000,2030-04-01,69060.24476064742,68874.34523382761,8202.779425664086,2.842170943040401e-13,2217.7279598072155,1122.100851079442,0.0,15493.63666967467,0.0,0.0,0.0,0.0,0.0,0.0,0.0,0.0,0.0,2614.713935999999,49314.00736152605,630472003.7599343,0.0,0.0,0.0,220665201.315977,0.0,220665201.315977,0.0,0.0,0.0,126094.40075198688,0.0,126094.40075198688,0.0,0.0,18914.16011279803,0.0,18914.16011279803,0.0,0.0,69351920.41359279,0.0,0.0,0.0,0.0,0.0,0.0,3570549.727917902,220665201.315977,126094.40075198688,18914.16011279803,630472003.7599343,69351920.41359279,66765504.34636827,0.0,0.0,0.0,8202.779425664086,8202.779425664086,7292.855186472776,0.0,909.9242391913097,4.263256414560601e-13,7292.855186472777,7292.855186472777,0.7159996540672083,1.0,100.0,59534.39676117194,1000000.0
co/cap_1000,2030-05-01,74888.67361155064,74570.7549896533,9100.018054469889,1.9895196601282805e-13,2458.7841682883072,1251.248056281851,0.0,16905.847882601734,0.0,0.0,0.0,0.0,0.0,0.0,0.0,0.0,0.0,0.0,54989.75943135602,693271153.0978847,0.0,0.0,0.0,242644903.5842596,0.0,242644903.5842596,0.0,0.0,0.0,138654.23061957693,0.0,138654.23061957693,0.0,0.0,20798.134592936534,0.0,20798.134592936534,0.0,0.0,76259826.84076731,0.0,0.0,0.0,0.0,0.0,0.0,3690797.679168517,242644903.5842596,138654.23061957693,20798.134592936534,693271153.0978847,76259826.84076731,73234929.3694311,0.0,0.0,0.0,9100.018054469889,9100.018054469889,8132.219905225827,0.0,967.798149244062,2.220446049250313e-13,8132.219905225827,8132.219905225827,0.7374172279600206,1.0,100.0,57393.53121478098,1000000.0
co/cap_1000,2030-06-01,79604.58768372674,78204.62056552517,8963.418497903409,2.557953848736361e-13,2441.929283378196,1233.443376425318,0.0,16618.293815086352,0.0,0.0,0.0,0.0,0.0,0.0,0.0,0.0,0.0,11163.33,54207.28064375858,695729555.6720318,0.0,0.0,0.0,243505344.4852111,0.0,243505344.4852111,0.0,0.0,0.0,139145.91113440634,0.0,139145.91113440634,0.0,0.0,20871.88667016095,0.0,20871.88667016095,0.0,0.0,76530251.1239235,0.0,0.0,0.0,0.0,0.0,0.0,3572474.153385716,243505344.4852111,139145.91113440634,20871.88667016095,695729555.6720318,76530251.1239235,73313457.90372083,0.0,0.0,0.0,8963.418497903409,8963.418497903409,8016.50218545911,0.0,946.9163124443,2.255973186038318e-13,8016.50218545911,8016.50218545911,0.6931467763895104,1.0,100.0,56351.56904960432,1000000.0
co/cap_1000,2030-07-01,85412.30923164569,83266.79453194849,9440.494623955285,1.7053025658242404e-13,2581.005864908219,1299.7196819005503,0.0,17471.198300367654,0.0,0.0,0.0,0.0,0.0,0.0,0.0,0.0,0.0,13999.591488,57119.9869419102,738452467.8636523,0.0,0.0,0.0,258458363.7522783,0.0,258458363.7522783,0.0,0.0,0.0,147690.49357273048,0.0,147690.49357273048,0.0,0.0,22153.574035909573,0.0,22153.574035909573,0.0,0.0,81229771.46500176,0.0,0.0,0.0,0.0,0.0,0.0,3692133.3532650014,258458363.7522783,147690.49357273048,22153.574035909573,738452467.8636523,81229771.46500176,77624379.32757905,0.0,0.0,0.0,9440.494623955285,9440.494623955285,8447.250899053202,0.0,993.2437249020836,1.3855583347321956e-13,8447.250899053202,8447.250899053202,0.685987580799618,1.0,100.0,55916.077884393286,1000000.0
co/cap_1000,2030-08-01,85765.53147488482,82358.669445085,9577.65016553432,2.273736754432321e-13,2599.1733101831064,1318.8695927557408,0.0,17714.420563154737,0.0,0.0,0.0,0.0,0.0,0.0,0.0,0.0,0.0,9348.518448,57961.5858445195,735815588.737627,0.0,0.0,0.0,257535456.05816945,0.0,257535456.05816945,0.0,0.0,0.0,147163.1177475254,0.0,147163.1177475254,0.0,0.0,22074.46766212881,0.0,22074.46766212881,0.0,0.0,80939714.76113896,0.0,0.0,0.0,0.0,0.0,0.0,3692051.8916494297,257535456.05816945,147163.1177475254,22074.46766212881,735815588.737627,80939714.76113896,77153757.2410317,0.0,0.0,0.0,9577.65016553432,9577.65016553432,8571.711660816653,0.0,1005.938504717666,1.8829382497642652e-13,8571.711660816653,8571.711660816653,0.7037703041471188,1.0,100.0,56723.76660401,1000000.0
co/cap_1000,2030-09-01,80096.36880106828,75832.29262016763,8929.527451582424,3.979039320256561e-13,2412.3206393028204,1227.9620018736923,0.0,16569.96012696382,0.0,0.0,0.0,0.0,0.0,0.0,0.0,0.0,0.0,6282.659232,53966.385589869176,679883261.2214075,0.0,0.0,0.0,237959141.42749265,0.0,237959141.42749265,0.0,0.0,0.0,135976.65224428152,0.0,135976.65224428152,0.0,0.0,20396.49783664223,0.0,20396.49783664223,0.0,0.0,74787158.73435484,0.0,0.0,0.0,0.0,0.0,0.0,3572003.8164034607,237959141.42749265,135976.65224428152,20396.49783664223,679883261.2214075,74787158.73435484,71114021.59578612,0.0,0.0,0.0,8929.527451582424,8929.527451582424,7980.877160498683,0.0,948.6502910837404,3.144151605738444e-13,7980.877160498683,7980.877160498683,0.711654411665734,1.0,100.0,58575.52214560782,1000000.0
co/cap_1000,2030-10-01,76037.63241379987,71055.63137233668,8543.184582239383,3.979039320256561e-13,2317.389437261804,1168.6004824346703,0.0,16128.572082868268,0.0,0.0,0.0,0.0,0.0,0.0,0.0,0.0,0.0,1207.10712,51357.56981026146,661875778.1696436,0.0,0.0,0.0,231656522.35937524,0.0,231656522.35937524,0.0,0.0,0.0,132375.15563392872,0.0,132375.15563392872,0.0,0.0,19856.273345089307,0.0,19856.273345089307,0.0,0.0,72806335.5986608,0.0,0.0,0.0,0.0,0.0,0.0,3689875.353962721,231656522.35937524,132375.15563392872,19856.273345089307,661875778.1696436,72806335.5986608,69059526.16723421,0.0,0.0,0.0,8543.184582239383,8543.18458223938,7595.069624124997,0.0,948.1149581143844,5.542233338928781e-13,7595.069624124998,7595.069624124998,0.7227797265095579,1.0,99.99999999999996,61240.133749809225,1000000.0
co/cap_1000,2030-11-01,71872.99182693561,67661.38201413308,8090.837731288037,3.979039320256561e-13,2159.596771629685,1105.746186857683,0.0,15304.620447246378,0.0,0.0,0.0,0.0,0.0,0.0,0.0,0.0,0.0,1894.223184,48595.25375657934,603734315.5291657,0.0,0.0,0.0,211307010.435208,0.0,211307010.435208,0.0,0.0,0.0,120746.86310583317,0.0,120746.86310583317,0.0,0.0,18112.029465874974,0.0,18112.029465874974,0.0,0.0,66410774.70820823,0.0,0.0,0.0,0.0,0.0,0.0,3569757.4117550245,211307010.435208,120746.86310583317,18112.029465874974,603734315.5291657,66410774.70820823,62837960.1592482,0.0,0.0,0.0,8090.837731288037,8090.837731288037,7186.56153409925,0.0,904.276197188786,4.689582056016661e-13,7186.561534099251,7186.561534099251,0.7182125506456369,1.0,100.0,63292.14679098208,1000000.0
co/cap_1000,2030-12-01,70521.27264902496,67425.17972498847,8077.606038340072,5.400124791776761e-13,2138.617910891491,1103.8100503463602,0.0,15301.867950318474,0.0,0.0,0.0,0.0,0.0,0.0,0.0,0.0,0.0,1471.756656,48510.16456866861,590983458.5117266,0.0,0.0,0.0,206844210.4791043,0.0,206844210.4791043,0.0,0.0,0.0,118196.69170234531,0.0,118196.69170234531,0.0,0.0,17729.503755351798,0.0,17729.503755351798,0.0,0.0,65008180.43628993,0.0,0.0,0.0,0.0,0.0,0.0,3687778.505652607,206844210.4791043,118196.69170234531,17729.503755351798,590983458.5117266,65008180.43628993,61358763.07402619,0.0,0.0,0.0,8077.606038340072,8077.606038340071,7173.978027737289,0.0,903.6280106027818,6.803446694902959e-13,7173.97802773729,7173.97802773729,0.719466596404047,1.0,100.0,64249.62180412709,1000000.0
co/cap_1250,2029-01-01,70412.24386300707,68447.7921055818,8314.362624938223,2.557953848736361e-13,2366.8111224991007,1130.108383993978,0.0,15597.775702314408,0.0,0.0,0.0,0.0,0.0,0.0,0.0,0.0,0.0,704.138832,49665.92184115167,725632733.8396072,0.0,0.0,0.0,253971456.8438625,0.0,253971456.8438625,0.0,0.0,0.0,145126.54676792145,0.0,145126.54676792145,0.0,0.0,21768.982015188216,0.0,21768.982015188216,0.0,0.0,79819600.7223568,0.0,0.0,0.0,0.0,0.0,0.0,3691777.184837325,253971456.8438625,145126.54676792145,21768.982015188216,725632733.8396072,79819600.7223568,79722908.45646383,0.0,0.0,0.0,8314.362624938223,8314.362624938223,7344.89843899366,0.0,969.4641859445628,3.8191672047105385e-13,7344.89843899366,7344.89843899366,0.7256029787570241,1.0,100.0,65499.64063492619,1000000.0
co/cap_1250,2029-02-01,62341.8927608924,61287.16722911363,7437.511707501173,3.410605131648481e-13,2139.7596161750707,1019.1990253657189,0.0,13963.053960327372,0.0,0.0,0.0,0.0,0.0,0.0,0.0,0.0,0.0,30.272016,44791.68533861747,657948009.2263209,0.0,0.0,0.0,230281803.2292123,0.0,230281803.2292123,0.0,0.0,0.0,131589.6018452642,0.0,131589.6018452642,0.0,0.0,19738.440276789628,0.0,19738.440276789628,0.0,0.0,72374281.0148953,0.0,0.0,0.0,0.0,0.0,0.0,3334584.9614446005,230281803.2292123,131589.6018452642,19738.440276789628,657948009.2263209,72374281.0148953,72113781.75950459,0.0,0.0,0.0,7437.511707501173,7437.511707501173,6624.066714712929,0.0,813.4449927882436,4.725109192804666e-13,6624.06671471293,6624.06671471293,0.7308493337792874,1.0,100.0,64414.60655052988,1000000.0
co/cap_1250,2029-03-01,71264.01349553757,71123.04697338887,8531.99199236096,2.557953848736361e-13,2471.622275757906,1169.7474845703375,0.0,15996.084121781536,0.0,0.0,0.0,0.0,0.0,0.0,0.0,0.0,0.0,2020.342608,51407.97817748403,765872108.2042099,0.0,0.0,0.0,268055237.87147343,0.0,268055237.87147343,0.0,0.0,0.0,153174.421640842,0.0,153174.421640842,0.0,0.0,22976.163246126296,0.0,22976.163246126296,0.0,0.0,84245931.9024631,0.0,0.0,0.0,0.0,0.0,0.0,3692967.779047786,268055237.87147343,153174.421640842,22976.163246126296,765872108.2042099,84245931.9024631,83741745.40002711,0.0,0.0,0.0,8531.99199236096,8531.99199236096,7602.524319900291,0.0,929.4676724606684,3.8191672047105385e-13,7602.524319900291,7602.524319900291,0.7228033719747502,1.0,100.0,62083.95079692067,1000000.0
co/cap_1250,2029-04-01,70230.83792378224,70102.73532921996,8472.520859957694,1.4210854715202006e-13,2491.004522457175,1162.597440392301,0.0,15852.177430481965,0.0,0.0,0.0,0.0,0.0,0.0,0.0,0.0,0.0,905.057808,51093.748551072335,784643732.6099677,0.0,0.0,0.0,274625306.4134887,0.0,274625306.4134887,0.0,0.0,0.0,156928.74652199354,0.0,156928.74652199354,0.0,0.0,23539.311978299032,0.0,23539.311978299032,0.0,0.0,86310810.58709645,0.0,0.0,0.0,0.0,0.0,0.0,3575127.383079288,274625306.4134887,156928.74652199354,23539.311978299032,784643732.6099677,86310810.58709645,85582985.27942531,0.0,0.0,0.0,8472.520859957694,8472.520859957694,7556.054132557378,0.0,916.4667274003176,2.131628207280301e-13,7556.054132557378,7556.054132557378,0.7288410118538646,1.0,100.0,59721.04886902578,1000000.0
co/cap_1250,2029-05-01,76689.01349876646,76467.25065224299,9344.811235463188,5.684341886080803e-14,2749.999754346248,1288.4183024673246,0.0,17210.76352043198,0.0,0.0,0.0,0.0,0.0,0.0,0.0,0.0,0.0,341.71320000000003,56623.31473278623,862250086.7181314,0.0,0.0,0.0,301787530.351346,0.0,301787530.351346,0.0,0.0,0.0,172450.0173436263,0.0,172450.0173436263,0.0,0.0,25867.502601543943,0.0,25867.502601543943,0.0,0.0,94847509.53899446,0.0,0.0,0.0,0.0,0.0,0.0,3695816.118321043,301787530.351346,172450.0173436263,25867.502601543943,862250086.7181314,94847509.53899446,93815955.17963909,0.0,0.0,0.0,9344.811235463188,9344.811235463188,8373.799993517738,0.0,971.0112419454484,5.506706202140776e-14,8373.799993517738,8373.799993517738,0.740491050087536,1.0,100.0,57192.81196120306,1000000.0
co/cap_1250,2029-06-01,84701.83639411433,83815.2576530312,9478.914709769704,1.1368683772161605e-13,2797.83439321495,1308.8063667655567,0.0,17388.969665349294,0.0,0.0,0.0,0.0,0.0,0.0,0.0,0.0,0.0,15148.670256,57519.32791370762,878805016.4883277,0.0,0.0,0.0,307581755.7709147,0.0,307581755.7709147,0.0,0.0,0.0,175761.00329766556,0.0,175761.00329766556,0.0,0.0,26364.15049464983,0.0,26364.15049464983,0.0,0.0,96668551.81371604,0.0,0.0,0.0,0.0,0.0,0.0,3577905.643085316,307581755.7709147,175761.00329766556,26364.15049464983,878805016.4883277,96668551.81371604,95381847.02383472,0.0,0.0,0.0,9478.914709769704,9478.914709769704,8506.307869540173,0.0,972.6068402295311,1.1368683772161605e-13,8506.307869540173,8506.307869540173,0.686263211786803,1.0,100.0,55281.55630907128,1000000.0
co/cap_1250,2029-07-01,87197.99402683292,84962.53372364458,9961.801615714776,2.273736754432321e-13,2947.817104906843,1375.954583408016,0.0,18247.02338871928,0.0,0.0,0.0,0.0,0.0,0.0,0.0,0.0,0.0,8818.380815999999,60470.35290101969,928263685.664581,0.0,0.0,0.0,324892289.9826033,0.0,324892289.9826033,0.0,0.0,0.0,185652.7371329162,0.0,185652.7371329162,0.0,0.0,27847.910569937427,0.0,27847.910569937427,0.0,0.0,102109005.4231039,0.0,0.0,0.0,0.0,0.0,0.0,3697764.9776577055,324892289.9826033,185652.7371329162,27847.910569937427,928263685.664581,102109005.4231039,100501794.97349346,0.0,0.0,0.0,9961.801615714776,9961.801615714774,8942.723383825069,0.0,1019.0782318897058,2.273736754432321e-13,8942.723383825069,8942.723383825069,0.7117296324720027,1.0,100.0,54569.199507352736,1000000.0
co/cap_1250,2029-08-01,87642.70702992054,83935.76042001347,9753.058939322693,1.7053025658242404e-13,2891.3934193278387,1346.3410009468466,0.0,17890.988037732204,0.0,0.0,0.0,0.0,0.0,0.0,0.0,0.0,0.0,10266.90936,59168.89731252565,913072326.3225307,0.0,0.0,0.0,319575314.21288574,0.0,319575314.21288574,0.0,0.0,0.0,182614.4652645061,0.0,182614.4652645061,0.0,0.0,27392.16978967592,0.0,27392.16978967592,0.0,0.0,100437955.89547838,0.0,0.0,0.0,0.0,0.0,0.0,3697317.997219251,319575314.21288574,182614.4652645061,27392.16978967592,913072326.3225307,100437955.89547838,98609938.93770844,0.0,0.0,0.0,9753.058939322693,9753.058939322693,8750.256219902843,0.0,1002.8027194198504,1.7053025658242404e-13,8750.256219902843,8750.256219902843,0.7049307353200263,1.0,100.0,55384.75269793196,1000000.0
co/cap_1250,2029-09-01,84187.06818829158,80214.25409974874,9314.424787387648,5.684341886080803e-14,2728.220103766759,1284.9772606866763,0.0,17120.626884072706,0.0,0.0,0.0,0.0,0.0,0.0,0.0,0.0,0.0,9784.150368,56472.08807652003,850112826.8621837,0.0,0.0,0.0,297539489.4017643,0.0,297539489.4017643,0.0,0.0,0.0,170022.56537243674,0.0,170022.56537243674,0.0,0.0,25503.38480586551,0.0,25503.38480586551,0.0,0.0,93512410.9548402,0.0,0.0,0.0,0.0,0.0,0.0,3577056.2929401686,297539489.4017643,170022.56537243674,25503.38480586551,850112826.8621837,93512410.9548402,91584772.34730388,0.0,0.0,0.0,9314.424787387648,9314.424787387648,8351.435676288384,0.0,962.9891110992644,5.506706202140776e-14,8351.435676288384,8351.435676288384,0.7040156230374636,1.0,100.0,56629.34668270804,1000000.0
co/cap_1250,2029-10-01,80499.47219379146,76022.53950677419,8949.460761528508,2.842170943040401e-13,2635.4869912202985,1227.820063778227,0.0,16734.666156672385,0.0,0.0,0.0,0.0,0.0,0.0,0.0,0.0,0.0,5615.41704,53960.14770467558,831882469.6521026,0.0,0.0,0.0,291158864.3782359,0.0,291158864.3782359,0.0,0.0,0.0,166376.49393042052,0.0,166376.49393042052,0.0,0.0,24956.47408956308,0.0,24956.47408956308,0.0,0.0,91507071.66173127,0.0,0.0,0.0,0.0,0.0,0.0,3694920.614711113,291158864.3782359,166376.49393042052,24956.47408956308,831882469.6521026,91507071.66173127,89400479.21057472,0.0,0.0,0.0,8949.460761528508,8949.460761528508,7979.954664116403,0.0,969.5060974121036,2.9842794901924213e-13,7979.954664116403,7979.954664116403,0.7097914388911899,1.0,100.0,58470.79237850501,1000000.0
co/cap_1250,2029-11-01,73739.7615234763,69669.88665724374,8358.849718334788,2.842170943040401e-13,2427.546618676193,1146.0677253777667,0.0,15663.68471371356,0.0,0.0,0.0,0.0,0.0,0.0,0.0,0.0,0.0,2000.217168,50367.301826496274,754419767.8940253,0.0,0.0,0.0,264046918.76290888,0.0,264046918.76290888,0.0,0.0,0.0,150883.95357880509,0.0,150883.95357880509,0.0,0.0,22632.593036820763,0.0,22632.593036820763,0.0,0.0,82986174.4683428,0.0,0.0,0.0,0.0,0.0,0.0,3574231.439085964,264046918.76290888,150883.95357880509,22632.593036820763,754419767.8940253,82986174.4683428,80875196.90800405,0.0,0.0,0.0,8358.849718334788,8358.849718334788,7448.6227748869,0.0,910.2269434478887,4.263256414560601e-13,7448.6227748869,7448.6227748869,0.7229422099434328,1.0,100.0,60113.120626061376,1000000.0
co/cap_1250,2029-12-01,74753.83170555806,71474.00364111301,8435.183114796164,1.4210854715202006e-13,2418.559617596309,1155.8824645326335,0.0,15835.236346677875,0.0,0.0,0.0,0.0,0.0,0.0,0.0,0.0,0.0,4607.300208000001,50798.63927577185,740632244.4827726,0.0,0.0,0.0,259221285.56897035,0.0,259221285.56897035,0.0,0.0,0.0,148126.4488965545,0.0,148126.4488965545,0.0,0.0,22218.96733448317,0.0,22218.96733448317,0.0,0.0,81469546.89310499,0.0,0.0,0.0,0.0,0.0,0.0,3692219.61265876,259221285.56897035,148126.4488965545,22218.96733448317,740632244.4827726,81469546.89310499,79201505.17298974,0.0,0.0,0.0,8435.183114796164,8435.183114796164,7512.411578968628,0.0,922.7715358275354,2.131628207280301e-13,7512.411578968628,7512.411578968628,0.7107288900569108,1.0,100.0,60974.38907291008,1000000.0
co/cap_1250,2030-01-01,70781.54362300863,68682.66167002222,8271.849496786113,1.9895196601282805e-13,2368.713939065904,1133.5703795493455,0.0,15536.45531953031,0.0,0.0,0.0,0.0,0.0,0.0,0.0,0.0,0.0,1197.1282560000004,49818.069372399616,724187809.9084272,0.0,0.0,0.0,253465733.46794957,0.0,253465733.46794957,0.0,0.0,0.0,144837.56198168546,0.0,144837.56198168546,0.0,0.0,21725.63429725282,0.0,21725.63429725282,0.0,0.0,79660659.089927,0.0,0.0,0.0,0.0,0.0,0.0,3691734.5161590856,253465733.46794957,144837.56198168546,21725.63429725282,724187809.9084272,79660659.089927,77248121.22977835,0.0,0.0,0.0,8271.849496786113,8271.849496786112,7367.398940813277,0.0,904.4505559728352,2.9487523534044163e-13,7367.398940813277,7367.398940813277,0.7253369068855351,1.0,99.99999999999996,60704.5570868306,1000000.0
co/cap_1250,2030-02-01,63222.92197736816,62693.41757859135,7545.505837786297,1.9895196601282805e-13,2164.3185244773167,1033.8564948198452,0.0,14166.663987906037,0.0,0.0,0.0,0.0,0.0,0.0,0.0,0.0,0.0,1237.546848,45435.85075019059,663183242.6261082,0.0,0.0,0.0,232114134.91913787,0.0,232114134.91913787,0.0,0.0,0.0,132636.64852522165,0.0,132636.64852522165,0.0,0.0,19895.49727878325,0.0,19895.49727878325,0.0,0.0,72950156.6888719,0.0,0.0,0.0,0.0,0.0,0.0,3334738.0724306908,232114134.91913787,132636.64852522165,19895.49727878325,663183242.6261082,72950156.6888719,70571684.4174071,0.0,0.0,0.0,7545.505837786297,7545.505837786297,6719.329811631768,0.0,826.1760261545284,2.664535259100376e-13,6719.329811631769,6719.329811631769,0.7247308011759451,1.0,100.0,59069.74296113008,1000000.0
co/cap_1250,2030-03-01,69488.32812601024,69402.63746632889,8362.922498892667,1.9895196601282805e-13,2430.5425221036758,1146.564990096279,0.0,15678.82251634288,0.0,0.0,0.0,0.0,0.0,0.0,0.0,0.0,0.0,1256.666016,50389.15558052003,756071312.4376812,0.0,0.0,0.0,264624959.3531884,0.0,264624959.3531884,0.0,0.0,0.0,151214.26248753624,0.0,151214.26248753624,0.0,0.0,22682.139373130434,0.0,22682.139373130434,0.0,0.0,83167844.36814493,0.0,0.0,0.0,0.0,0.0,0.0,3692680.373944327,264624959.3531884,151214.26248753624,22682.139373130434,756071312.4376812,83167844.36814493,80264134.68438224,0.0,0.0,0.0,8362.922498892667,8362.922498892667,7451.8546408800175,0.0,911.0678580126504,2.966515921798419e-13,7451.8546408800175,7451.8546408800175,0.726040931873326,1.0,100.0,56724.891098707776,1000000.0
co/cap_1250,2030-04-01,71069.40156895042,70927.30001082565,8483.601982080108,2.842170943040401e-13,2495.730824348177,1164.125157836569,0.0,15871.475224704604,0.0,0.0,0.0,0.0,0.0,0.0,0.0,0.0,0.0,2614.713935999999,51160.88856724869,786662929.8524337,0.0,0.0,0.0,275332025.4483518,0.0,275332025.4483518,0.0,0.0,0.0,157332.58597048675,0.0,157332.58597048675,0.0,0.0,23599.88789557301,0.0,23599.88789557301,0.0,0.0,86532922.28376772,0.0,0.0,0.0,0.0,0.0,0.0,3575187.1598973777,275332025.4483518,157332.58597048675,23599.88789557301,786662929.8524337,86532922.28376772,83305755.91324382,0.0,0.0,0.0,8483.601982080108,8483.601982080108,7565.983206290971,0.0,917.6187757891372,3.943512183468556e-13,7565.983206290971,7565.983206290971,0.7213144805940729,1.0,100.0,54371.26183248436,1000000.0
co/cap_1250,2030-05-01,77097.83400506925,76828.07657009758,9408.81656808736,2.273736754432321e-13,2764.4773968313657,1297.454838802918,0.0,17321.32289033044,0.0,0.0,0.0,0.0,0.0,0.0,0.0,0.0,0.0,0.0,57020.451780625976,865022040.345518,0.0,0.0,0.0,302757714.12093127,0.0,302757714.12093127,0.0,0.0,0.0,173004.4080691036,0.0,173004.4080691036,0.0,0.0,25950.661210365543,0.0,25950.661210365543,0.0,0.0,95152424.43800698,0.0,0.0,0.0,0.0,0.0,0.0,3695897.098960646,302757714.12093127,173004.4080691036,25950.661210365543,865022040.345518,95152424.43800698,91378137.57908288,0.0,0.0,0.0,9408.81656808736,9408.81656808736,8432.531034332284,0.0,976.2855337550776,2.2026824808563106e-13,8432.531034332284,8432.531034332284,0.7421824719066185,1.0,100.0,51876.54187062467,1000000.0
co/cap_1250,2030-06-01,81821.92953130648,80470.30416415451,9273.37474737926,2.842170943040401e-13,2748.7654781585497,1279.8206973919152,0.0,17035.323585444385,0.0,0.0,0.0,0.0,0.0,0.0,0.0,0.0,0.0,11163.33,56245.46780434628,868124358.7753745,0.0,0.0,0.0,303843525.57138103,0.0,303843525.57138103,0.0,0.0,0.0,173624.8717550749,0.0,173624.8717550749,0.0,0.0,26043.73076326124,0.0,26043.73076326124,0.0,0.0,95493679.4652912,0.0,0.0,0.0,0.0,0.0,0.0,3577592.6917321444,303843525.57138103,173624.8717550749,26043.73076326124,868124358.7753745,95493679.4652912,91479797.34632096,0.0,0.0,0.0,9273.37474737926,9273.37474737926,8317.921692823887,0.0,955.4530545553748,2.806643806252396e-13,8317.921692823887,8317.921692823887,0.6989593041627996,1.0,100.0,50479.40175961809,1000000.0
co/cap_1250,2030-07-01,87766.18025142084,85671.98041359935,9769.513779944107,2.273736754432321e-13,2906.717978548356,1348.9535266259477,0.0,17913.880782902517,0.0,0.0,0.0,0.0,0.0,0.0,0.0,0.0,0.0,13999.591488,59283.71240285147,921449893.1509128,0.0,0.0,0.0,322507462.60281944,0.0,322507462.60281944,0.0,0.0,0.0,184289.97863018257,0.0,184289.97863018257,0.0,0.0,27643.496794527386,0.0,27643.496794527386,0.0,0.0,101359488.2466004,0.0,0.0,0.0,0.0,0.0,0.0,3697566.691581253,322507462.60281944,184289.97863018257,27643.496794527386,921449893.1509128,101359488.2466004,96860636.7551243,0.0,0.0,0.0,9769.513779944107,9769.513779944107,8767.235773416502,0.0,1002.2780065276048,2.273736754432321e-13,8767.235773416502,8767.235773416502,0.6919848486826964,1.0,100.0,49666.883618891225,1000000.0
co/cap_1250,2030-08-01,88110.33018349712,84754.59067564733,9905.436081917898,5.684341886080803e-14,2923.656859033028,1367.9122362912,0.0,18155.43655915652,0.0,0.0,0.0,0.0,0.0,0.0,0.0,0.0,0.0,9348.518448,60116.90840934045,918127082.3071208,0.0,0.0,0.0,321344478.8074923,0.0,321344478.8074923,0.0,0.0,0.0,183625.4164614242,0.0,183625.4164614242,0.0,0.0,27543.81246921363,0.0,27543.81246921363,0.0,0.0,100993979.0537833,0.0,0.0,0.0,0.0,0.0,0.0,3697464.8645617873,321344478.8074923,183625.4164614242,27543.81246921363,918127082.3071208,100993979.0537833,96269983.40072934,0.0,0.0,0.0,9905.436081917898,9905.436081917898,8890.453863820816,0.0,1014.9822180970824,5.684341886080803e-14,8890.453863820816,8890.453863820816,0.709305630882056,1.0,100.0,50098.96626770798,1000000.0
co/cap_1250,2030-09-01,82262.79249214954,78045.94754442373,9232.36331447803,1.7053025658242404e-13,2712.108714275029,1273.2744432137902,0.0,16977.410346107812,0.0,0.0,0.0,0.0,0.0,0.0,0.0,0.0,0.0,6282.659232,55957.77349735067,848317772.2410626,0.0,0.0,0.0,296911220.2843719,0.0,296911220.2843719,0.0,0.0,0.0,169663.55444821256,0.0,169663.55444821256,0.0,0.0,25449.53316723188,0.0,25449.53316723188,0.0,0.0,93314954.9465169,0.0,0.0,0.0,0.0,0.0,0.0,3577004.770504326,296911220.2843719,169663.55444821256,25449.53316723188,848317772.2410626,93314954.9465169,88731833.62352508,0.0,0.0,0.0,9232.36331447803,9232.36331447803,8275.375709823355,0.0,956.9876046546756,1.6697754290362354e-13,8275.375709823355,8275.375709823355,0.7169849974016846,1.0,100.0,51603.70250115874,1000000.0
co/cap_1250,2030-10-01,78146.7586244584,73210.7410576294,8838.020102799228,2.557953848736361e-13,2609.255683411662,1212.7141276913335,0.0,16525.2563783134,0.0,0.0,0.0,0.0,0.0,0.0,0.0,0.0,0.0,1207.10712,53296.27311383538,825860568.7003586,0.0,0.0,0.0,289051199.0451255,0.0,289051199.0451255,0.0,0.0,0.0,165172.11374007174,0.0,165172.11374007174,0.0,0.0,24775.81706101076,0.0,24775.81706101076,0.0,0.0,90844662.55703944,0.0,0.0,0.0,0.0,0.0,0.0,3694744.192453401,289051199.0451255,165172.11374007174,24775.81706101076,825860568.7003586,90844662.55703944,86169553.93931787,0.0,0.0,0.0,8838.020102799228,8838.020102799228,7881.776853956247,0.0,956.2432488429804,2.8776980798284063e-13,7881.776853956248,7881.776853956248,0.7279843414217331,1.0,100.0,53930.46438457607,1000000.0
co/cap_1250,2030-11-01,73795.95065458443,69626.26806398126,8359.665489110046,1.1368683772161605e-13,2425.713493083203,1145.965340071643,0.0,15666.309347060607,0.0,0.0,0.0,0.0,0.0,0.0,0.0,0.0,0.0,1894.223184,50362.80220443909,753253821.6326219,0.0,0.0,0.0,263638837.57141763,0.0,263638837.57141763,0.0,0.0,0.0,150650.76432652437,0.0,150650.76432652437,0.0,0.0,22597.61464897865,0.0,22597.61464897865,0.0,0.0,82857920.37958841,0.0,0.0,0.0,0.0,0.0,0.0,3574196.764693781,263638837.57141763,150650.76432652437,22597.61464897865,753253821.6326219,82857920.37958841,78400270.9263681,0.0,0.0,0.0,8359.665489110046,8359.665489110046,7447.957343424064,0.0,911.7081456859828,1.7053025658242404e-13,7447.957343424064,7447.957343424064,0.7233304843821228,1.0,100.0,55674.43348209605,1000000.0
co/cap_1250,2030-12-01,72403.44336975689,69348.38302851128,8340.69757292509,3.694822225952521e-13,2399.0638031660715,1143.1775215821572,0.0,15655.846211534285,0.0,0.0,0.0,0.0,0.0,0.0,0.0,0.0,0.0,1471.756656,50240.28335831145,737312545.3018955,0.0,0.0,0.0,258059390.8556634,0.0,258059390.8556634,0.0,0.0,0.0,147462.5090603791,0.0,147462.5090603791,0.0,0.0,22119.376359056863,0.0,22119.376359056863,0.0,0.0,81104379.9832085,0.0,0.0,0.0,0.0,0.0,0.0,3692123.132065759,258059390.8556634,147462.5090603791,22119.376359056863,737312545.3018955,81104379.9832085,76551357.97723484,0.0,0.0,0.0,8340.69757292509,8340.69757292509,7429.838511671612,0.0,910.8590612534772,4.813927034774679e-13,7429.838511671613,7429.838511671613,0.7244622176360782,1.0,100.0,56330.4300201756,1000000.0
co/cap_1500,2029-01-01,72265.73464510663,70341.66201459631,8573.264349925868,2.842170943040401e-13,2623.1493924118163,1168.8834755475978,0.0,15946.154164228856,0.0,0.0,0.0,0.0,0.0,0.0,0.0,0.0,0.0,704.138832,51370.00677120015,869631566.0223651,0.0,0.0,0.0,304371048.1078278,0.0,304371048.1078278,0.0,0.0,0.0,173926.31320447303,0.0,173926.31320447303,0.0,0.0,26088.94698067096,0.0,26088.94698067096,0.0,0.0,95659472.26246016,0.0,0.0,0.0,0.0,0.0,0.0,3696052.6218047896,304371048.1078278,173926.31320447303,26088.94698067096,869631566.0223651,95659472.26246016,95543592.29469997,0.0,0.0,0.0,8573.264349925868,8573.264349925867,7596.908877512392,0.0,976.3554724134752,4.263256414560601e-13,7596.908877512393,7596.908877512393,0.730292763917642,1.0,99.99999999999996,65202.92323809851,1000000.0
co/cap_1500,2029-02-01,64021.45192364751,63003.34243015299,7672.285369001408,3.1263880373444413e-13,2372.171656447611,1054.328535607012,0.0,14278.931056487196,0.0,0.0,0.0,0.0,0.0,0.0,0.0,0.0,0.0,30.272016,46335.5545237976,788526954.5317163,0.0,0.0,0.0,275984434.0861007,0.0,275984434.0861007,0.0,0.0,0.0,157705.39090634327,0.0,157705.39090634327,0.0,0.0,23655.80863595149,0.0,23655.80863595149,0.0,0.0,86737964.9984888,0.0,0.0,0.0,0.0,0.0,0.0,3338461.9537335206,275984434.0861007,157705.39090634327,23655.80863595149,788526954.5317163,86737964.9984888,86425765.49133536,0.0,0.0,0.0,7672.285369001408,7672.285369001407,6852.383474935516,0.0,819.9018940658923,3.7125857943465245e-13,6852.383474935516,6852.383474935516,0.7354459737618889,1.0,100.0,63848.86107514546,1000000.0
co/cap_1500,2029-03-01,73219.29072740072,73120.9522323423,8805.313150833152,4.263256414560601e-13,2742.192547419479,1210.6436069270328,0.0,16363.823680063537,0.0,0.0,0.0,0.0,0.0,0.0,0.0,0.0,0.0,2020.342608,53205.27801645648,917890812.842406,0.0,0.0,0.0,321261784.49484205,0.0,321261784.49484205,0.0,0.0,0.0,183578.1625684812,0.0,183578.1625684812,0.0,0.0,27536.72438527218,0.0,27536.72438527218,0.0,0.0,100967989.41266464,0.0,0.0,0.0,0.0,0.0,0.0,3697481.334857343,321261784.49484205,183578.1625684812,27536.72438527218,917890812.842406,100967989.41266464,100363725.8287038,0.0,0.0,0.0,8805.313150833152,8805.313150833152,7868.319945800349,0.0,936.9932050328018,4.796163466380676e-13,7868.319945800349,7868.319945800349,0.7276338230305913,1.0,100.0,61205.00702278441,1000000.0
co/cap_1500,2029-04-01,72234.8201037415,72150.40256610676,8752.619451949235,8.526512829121202e-14,2768.29084670125,1204.5135415732695,0.0,16229.042057191067,0.0,0.0,0.0,0.0,0.0,0.0,0.0,0.0,0.0,905.057808,52935.87434592962,940431996.6453696,0.0,0.0,0.0,329151198.8258794,0.0,329151198.8258794,0.0,0.0,0.0,188086.399329074,0.0,188086.399329074,0.0,0.0,28212.959899361093,0.0,28212.959899361093,0.0,0.0,103447519.63099068,0.0,0.0,0.0,0.0,0.0,0.0,3579752.859695145,329151198.8258794,188086.399329074,28212.959899361093,940431996.6453696,103447519.63099068,102575186.35205178,0.0,0.0,0.0,8752.619451949235,8752.619451949235,7828.478893308853,0.0,924.1405586403812,9.592326932761353e-14,7828.478893308853,7828.478893308853,0.7336878584624376,1.0,100.0,58521.13371371791,1000000.0
co/cap_1500,2029-05-01,78891.15083953737,78717.3962165092,9652.628982555823,3.410605131648481e-13,3054.7218747453157,1334.47815268019,0.0,17624.918758600896,0.0,0.0,0.0,0.0,0.0,0.0,0.0,0.0,0.0,341.71320000000003,58647.549711561085,1033455480.2616664,0.0,0.0,0.0,361709418.09158325,0.0,361709418.09158325,0.0,0.0,0.0,206691.0960523333,0.0,206691.0960523333,0.0,0.0,31003.66440785,0.0,31003.66440785,0.0,0.0,113680102.82878332,0.0,0.0,0.0,0.0,0.0,0.0,3700899.341985252,361709418.09158325,206691.0960523333,31003.66440785,1033455480.2616664,113680102.82878332,112443725.59068474,0.0,0.0,0.0,9652.628982555823,9652.628982555823,8673.156167421284,0.0,979.4728151345385,3.3040237212844664e-13,8673.156167421284,8673.156167421284,0.7450392483797766,1.0,100.0,55640.16646200079,1000000.0
co/cap_1500,2029-06-01,86946.30264074095,86108.65678104118,9792.661151723643,1.1368683772161605e-13,3108.42294995058,1355.751074519151,0.0,17811.09924030207,0.0,0.0,0.0,0.0,0.0,0.0,0.0,0.0,0.0,15148.670256,59582.45054793289,1053307890.2746054,0.0,0.0,0.0,368657761.59611183,0.0,368657761.59611183,0.0,0.0,0.0,210661.5780549211,0.0,210661.5780549211,0.0,0.0,31599.23670823816,0.0,31599.23670823816,0.0,0.0,115863867.9302066,0.0,0.0,0.0,0.0,0.0,0.0,3583086.7717023785,368657761.59611183,210661.5780549211,31599.23670823816,1053307890.2746054,115863867.9302066,114321663.54403448,0.0,0.0,0.0,9792.661151723643,9792.661151723643,8811.414986328207,0.0,981.2461653954376,1.1368683772161605e-13,8811.414986328207,8811.414986328207,0.691944953913755,1.0,100.0,53369.38937174997,1000000.0
co/cap_1500,2029-07-01,89569.04353999645,87385.27263905045,10293.22223885773,2.273736754432321e-13,3275.906483080685,1425.5477233874635,0.0,18692.93689127888,0.0,0.0,0.0,0.0,0.0,0.0,0.0,0.0,0.0,8818.380815999999,62649.868643900576,1112596784.7447894,0.0,0.0,0.0,389408874.6606762,0.0,389408874.6606762,0.0,0.0,0.0,222519.35694895787,0.0,222519.35694895787,0.0,0.0,33377.90354234368,0.0,33377.90354234368,0.0,0.0,122385646.32192685,0.0,0.0,0.0,0.0,0.0,0.0,3703237.973189247,389408874.6606762,222519.35694895787,33377.90354234368,1112596784.7447894,122385646.32192685,120459279.10485016,0.0,0.0,0.0,10293.22223885773,10293.22223885773,9265.043421070082,0.0,1028.178817787647,2.273736754432321e-13,9265.043421070082,9265.043421070082,0.7169385269607067,1.0,100.0,52277.25378961528,1000000.0
co/cap_1500,2029-08-01,89974.85279747941,86318.75129343092,10079.066127187232,1.1368683772161605e-13,3214.1183603625177,1395.119413348748,0.0,18329.612917824863,0.0,0.0,0.0,0.0,0.0,0.0,0.0,0.0,0.0,10266.90936,61312.60746652554,1094394511.882053,0.0,0.0,0.0,383038079.15871847,0.0,383038079.15871847,0.0,0.0,0.0,218878.90237641055,0.0,218878.90237641055,0.0,0.0,32831.83535646158,0.0,32831.83535646158,0.0,0.0,120383396.3070258,0.0,0.0,0.0,0.0,0.0,0.0,3702701.5966631016,383038079.15871847,218878.90237641055,32831.83535646158,1094394511.882053,120383396.3070258,118192363.74944742,0.0,0.0,0.0,10079.066127187232,10079.066127187232,9067.281109003412,0.0,1011.7850181838204,1.1368683772161605e-13,9067.281109003412,9067.281109003412,0.7103046157155378,1.0,100.0,52719.23693330123,1000000.0
co/cap_1500,2029-09-01,86357.79171326308,82432.30617805166,9617.884644865177,5.684341886080803e-14,3028.620814748835,1330.3786867347603,0.0,17528.911913101685,0.0,0.0,0.0,0.0,0.0,0.0,0.0,0.0,0.0,9784.150368,58467.386677537215,1018894387.9064888,0.0,0.0,0.0,356613035.7672711,0.0,356613035.7672711,0.0,0.0,0.0,203778.8775812978,0.0,203778.8775812978,0.0,0.0,30566.831637194668,0.0,30566.831637194668,0.0,0.0,112078382.66971378,0.0,0.0,0.0,0.0,0.0,0.0,3582067.5515282024,356613035.7672711,203778.8775812978,30566.831637194668,1018894387.9064888,112078382.66971378,109768031.07560304,0.0,0.0,0.0,9617.884644865177,9617.884644865177,8646.51256274606,0.0,971.3720821191172,5.506706202140776e-14,8646.51256274606,8646.51256274606,0.7092775804579478,1.0,100.0,53616.10165376382,1000000.0
co/cap_1500,2029-10-01,82623.95223626154,78193.33626592082,9246.432953834208,5.115907697472721e-13,2929.470526433546,1272.2552430423052,0.0,17134.227216019157,0.0,0.0,0.0,0.0,0.0,0.0,0.0,0.0,0.0,5615.41704,55912.98176164249,997055661.458031,0.0,0.0,0.0,348969481.5103108,0.0,348969481.5103108,0.0,0.0,0.0,199411.13229160625,0.0,199411.13229160625,0.0,0.0,29911.66984374093,0.0,29911.66984374093,0.0,0.0,109676122.7603834,0.0,0.0,0.0,0.0,0.0,0.0,3699824.737653336,348969481.5103108,199411.13229160625,29911.66984374093,997055661.458031,109676122.7603834,107151259.92395282,0.0,0.0,0.0,9246.43295383421,9246.432953834208,8268.751635659684,0.0,977.6813181745246,4.796163466380676e-13,8268.751635659684,8268.751635659684,0.7150606999488162,1.0,99.99999999999996,55117.247097671,1000000.0
co/cap_1500,2029-11-01,75665.83443760718,71637.9522896481,8628.097422001747,1.9895196601282805e-13,2694.082460421604,1186.3526480814303,0.0,16025.941805395143,0.0,0.0,0.0,0.0,0.0,0.0,0.0,0.0,0.0,2000.217168,52137.74070715115,904172850.6962824,0.0,0.0,0.0,316460497.74369884,0.0,316460497.74369884,0.0,0.0,0.0,180834.5701392565,0.0,180834.5701392565,0.0,0.0,27125.185520888477,0.0,27125.185520888477,0.0,0.0,99459013.57659107,0.0,0.0,0.0,0.0,0.0,0.0,3578677.726903157,316460497.74369884,180834.5701392565,27125.185520888477,904172850.6962824,99459013.57659107,96929005.60684586,0.0,0.0,0.0,8628.097422001747,8628.097422001747,7710.44603898428,0.0,917.6513830174664,2.3447910280083306e-13,7710.44603898428,7710.44603898428,0.7277949612008271,1.0,100.0,56451.046785208455,1000000.0
co/cap_1500,2029-12-01,76644.25193455274,73405.6386940187,8699.443137755397,3.694822225952521e-13,2680.158845976546,1195.421846303151,0.0,16190.783581185817,0.0,0.0,0.0,0.0,0.0,0.0,0.0,0.0,0.0,4607.300208000001,52536.31317720929,887611227.0382711,0.0,0.0,0.0,310663929.4633949,0.0,310663929.4633949,0.0,0.0,0.0,177522.24540765423,0.0,177522.24540765423,0.0,0.0,26628.33681114813,0.0,26628.33681114813,0.0,0.0,97637234.97420982,0.0,0.0,0.0,0.0,0.0,0.0,3696583.535190512,310663929.4633949,177522.24540765423,26628.33681114813,887611227.0382711,97637234.97420982,94919098.99698664,0.0,0.0,0.0,8699.443137755397,8699.443137755396,7769.389358762354,0.0,930.0537789930426,4.583000645652646e-13,7769.389358762354,7769.389358762354,0.7156986045200109,1.0,99.99999999999996,57009.50117976594,1000000.0
co/cap_1500,2030-01-01,72630.01209965564,70571.42867719193,8530.234456143335,3.1263880373444413e-13,2624.499621034047,1172.232754544215,0.0,15884.100187118584,0.0,0.0,0.0,0.0,0.0,0.0,0.0,0.0,0.0,1197.1282560000004,51517.2006432448,867899141.0354975,0.0,0.0,0.0,303764699.36242414,0.0,303764699.36242414,0.0,0.0,0.0,173579.82820709952,0.0,173579.82820709952,0.0,0.0,26036.974231064924,0.0,26036.974231064924,0.0,0.0,95468905.51390472,0.0,0.0,0.0,0.0,0.0,0.0,3696001.4193909024,303764699.36242414,173579.82820709952,26036.974231064924,867899141.0354975,95468905.51390472,92577612.2129254,0.0,0.0,0.0,8530.234456143335,8530.234456143335,7618.6768020959325,0.0,911.557654047402,4.654054919228656e-13,7618.676802095933,7618.676802095933,0.730000817737373,1.0,100.0,56443.58498119562,1000000.0
co/cap_1500,2030-02-01,64915.72796653599,64423.12881568383,7782.133845343556,3.694822225952521e-13,2398.5656673566677,1069.2629641206113,0.0,14485.035469548891,0.0,0.0,0.0,0.0,0.0,0.0,0.0,0.0,0.0,1237.546848,46991.89171216291,794793556.9440804,0.0,0.0,0.0,278177744.93042815,0.0,278177744.93042815,0.0,0.0,0.0,158958.7113888161,0.0,158958.7113888161,0.0,0.0,23843.80670832241,0.0,23843.80670832241,0.0,0.0,87427291.26384884,0.0,0.0,0.0,0.0,0.0,0.0,3338645.686916829,278177744.93042815,158958.7113888161,23843.80670832241,794793556.9440804,87427291.26384884,84576804.9184251,0.0,0.0,0.0,7782.133845343556,7782.133845343556,6949.446608198122,0.0,832.687237145434,5.222489107836736e-13,6949.446608198123,6949.446608198123,0.729425791265244,1.0,100.0,54537.61846469111,1000000.0
co/cap_1500,2030-03-01,71418.70264957727,71375.09714067965,8632.762858671202,2.842170943040401e-13,2697.6669703324824,1186.9402424040636,0.0,16041.878785042249,0.0,0.0,0.0,0.0,0.0,0.0,0.0,0.0,0.0,1256.666016,52163.56426010902,906154028.8684652,0.0,0.0,0.0,317153910.1039628,0.0,317153910.1039628,0.0,0.0,0.0,181230.80577369305,0.0,181230.80577369305,0.0,0.0,27184.620866053952,0.0,27184.620866053952,0.0,0.0,99676943.17553116,0.0,0.0,0.0,0.0,0.0,0.0,3697136.448733192,317153910.1039628,181230.80577369305,27184.620866053952,906154028.8684652,99676943.17553116,96196836.5912606,0.0,0.0,0.0,8632.762858671202,8632.762858671202,7714.26498297602,0.0,918.4978756951804,3.606004383982509e-13,7714.264982976021,7714.264982976021,0.7308370335005657,1.0,100.0,51883.55700325628,1000000.0
co/cap_1500,2030-04-01,73078.5583772534,72980.25478782368,8764.42453849613,1.4210854715202006e-13,2773.733688889138,1206.1494645936964,0.0,16249.313779734535,0.0,0.0,0.0,0.0,0.0,0.0,0.0,0.0,0.0,2614.713935999999,53007.769772971325,942853855.9449332,0.0,0.0,0.0,329998849.58072656,0.0,329998849.58072656,0.0,0.0,0.0,188570.77118898663,0.0,188570.77118898663,0.0,0.0,28285.615678348,0.0,28285.615678348,0.0,0.0,103713924.15394264,0.0,0.0,0.0,0.0,0.0,0.0,3579824.5918768533,329998849.58072656,188570.77118898663,28285.615678348,942853855.9449332,103713924.15394264,99846007.48011936,0.0,0.0,0.0,8764.42453849613,8764.42453849613,7839.111226109165,0.0,925.3133123869644,1.4921397450962106e-13,7839.111226109165,7839.111226109165,0.7263302920369545,1.0,100.0,49208.12690379685,1000000.0
co/cap_1500,2030-05-01,79306.99439858786,79085.39815054185,9717.615081704833,2.273736754432321e-13,3070.170625374424,1343.661621323985,0.0,17736.797898059147,0.0,0.0,0.0,0.0,0.0,0.0,0.0,0.0,0.0,0.0,59051.14412989593,1036772927.5931516,0.0,0.0,0.0,362870524.65760297,0.0,362870524.65760297,0.0,0.0,0.0,207354.5855186303,0.0,207354.5855186303,0.0,0.0,31103.187827794543,0.0,31103.187827794543,0.0,0.0,114045022.03524666,0.0,0.0,0.0,0.0,0.0,0.0,3700996.518752775,362870524.65760297,207354.5855186303,31103.187827794543,1036772927.5931516,114045022.03524666,109521345.7887347,0.0,0.0,0.0,9717.615081704833,9717.615081704833,8732.84216343874,0.0,984.7729182660933,2.220446049250313e-13,8732.84216343874,8732.84216343874,0.7466756886965403,1.0,100.0,46359.552526468455,1000000.0
co/cap_1500,2030-06-01,84039.27137888622,82735.98776278386,9583.330996855117,1.1368683772161605e-13,3055.601672938903,1326.1980183585129,0.0,17452.353355802417,0.0,0.0,0.0,0.0,0.0,0.0,0.0,0.0,0.0,11163.33,58283.65496493397,1040519161.8787172,0.0,0.0,0.0,364181706.6575511,0.0,364181706.6575511,0.0,0.0,0.0,208103.83237574343,0.0,208103.83237574343,0.0,0.0,31215.57485636152,0.0,31215.57485636152,0.0,0.0,114457107.80665892,0.0,0.0,0.0,0.0,0.0,0.0,3582711.230078574,364181706.6575511,208103.83237574343,31215.57485636152,1040519161.8787172,114457107.80665892,109646136.78892107,0.0,0.0,0.0,9583.330996855117,9583.330996855117,8619.341200188665,0.0,963.98979666645,1.1191048088221579e-13,8619.341200188665,8619.341200188665,0.7044534856106597,1.0,100.0,44607.23446963192,1000000.0
co/cap_1500,2030-07-01,90120.051271196,88077.1662952502,10098.532935932928,1.1368683772161605e-13,3232.430092188493,1398.1873713513448,0.0,18356.563265437384,0.0,0.0,0.0,0.0,0.0,0.0,0.0,0.0,0.0,13999.591488,61447.43786379275,1104447318.4381733,0.0,0.0,0.0,386556561.4533606,0.0,386556561.4533606,0.0,0.0,0.0,220889.46368763465,0.0,220889.46368763465,0.0,0.0,33133.4195531452,0.0,33133.4195531452,0.0,0.0,121489205.02819906,0.0,0.0,0.0,0.0,0.0,0.0,3703000.029897504,386556561.4533606,220889.46368763465,33133.4195531452,1104447318.4381733,121489205.02819906,116096894.18266957,0.0,0.0,0.0,10098.532935932928,10098.532935932928,9087.220647779804,0.0,1011.3122881531256,1.1368683772161605e-13,9087.220647779804,9087.220647779804,0.6976545732387678,1.0,100.0,43417.68935338919,1000000.0
co/cap_1500,2030-08-01,90455.1288921094,87150.51190620966,10233.221998301478,2.273736754432321e-13,3248.14040788295,1416.954879826659,0.0,18596.45255515831,0.0,0.0,0.0,0.0,0.0,0.0,0.0,0.0,0.0,9348.518448,62272.23097416141,1100438575.8766148,0.0,0.0,0.0,385153501.5568152,0.0,385153501.5568152,0.0,0.0,0.0,220087.71517532296,0.0,220087.71517532296,0.0,0.0,33013.15727629845,0.0,33013.15727629845,0.0,0.0,121048243.34642763,0.0,0.0,0.0,0.0,0.0,0.0,3702877.837474145,385153501.5568152,220087.71517532296,33013.15727629845,1100438575.8766148,121048243.34642763,115386209.56042698,0.0,0.0,0.0,10233.221998301478,10233.221998301478,9209.19606682498,0.0,1024.0259314764987,2.273736754432321e-13,9209.19606682498,9209.19606682498,0.7145366058340316,1.0,100.0,43474.16593140598,1000000.0
co/cap_1500,2030-09-01,84429.21618323082,80259.60246867985,9535.199177373635,1.1368683772161605e-13,3011.8967892472374,1318.5868845538878,0.0,17384.860565251805,0.0,0.0,0.0,0.0,0.0,0.0,0.0,0.0,0.0,6282.659232,57949.16140483216,1016752283.2607176,0.0,0.0,0.0,355863299.1412512,0.0,355863299.1412512,0.0,0.0,0.0,203350.4566521436,0.0,203350.4566521436,0.0,0.0,30502.56849782153,0.0,30502.56849782153,0.0,0.0,111842751.15867896,0.0,0.0,0.0,0.0,0.0,0.0,3582005.724605191,355863299.1412512,203350.4566521436,30502.56849782153,1016752283.2607176,111842751.15867896,106349645.65126404,0.0,0.0,0.0,9535.199177373635,9535.199177373635,8569.874259148026,0.0,965.3249182256108,1.1368683772161605e-13,8569.874259148026,8569.874259148026,0.7220215353975369,1.0,99.99999999999996,44631.88285670969,1000000.0
co/cap_1500,2030-10-01,80255.88483511691,75365.85074292214,9132.855623359072,5.684341886080803e-14,2901.1219295615224,1256.8277729479964,0.0,16921.94067375853,0.0,0.0,0.0,0.0,0.0,0.0,0.0,0.0,0.0,1207.10712,55234.9764174093,989845359.2310736,0.0,0.0,0.0,346445875.73087573,0.0,346445875.73087573,0.0,0.0,0.0,197969.07184621476,0.0,197969.07184621476,0.0,0.0,29695.360776932208,0.0,29695.360776932208,0.0,0.0,108882989.5154181,0.0,0.0,0.0,0.0,0.0,0.0,3699613.0309440815,346445875.73087573,197969.07184621476,29695.360776932208,989845359.2310736,108882989.5154181,103279581.71140152,0.0,0.0,0.0,9132.855623359072,9132.855623359072,8168.484083787496,0.0,964.3715395715764,5.329070518200752e-14,8168.484083787496,8168.484083787496,0.7328913012050966,1.0,100.0,46620.79501934294,1000000.0
co/cap_1500,2030-11-01,75718.90948223326,71591.15411382944,8628.493246932056,1.9895196601282805e-13,2691.830214536721,1186.1844932856031,0.0,16027.99824687484,0.0,0.0,0.0,0.0,0.0,0.0,0.0,0.0,0.0,1894.223184,52130.35065229884,902773327.736078,0.0,0.0,0.0,315970664.7076273,0.0,315970664.7076273,0.0,0.0,0.0,180554.6655472156,0.0,180554.6655472156,0.0,0.0,27083.19983208234,0.0,27083.19983208234,0.0,0.0,99305066.0509686,0.0,0.0,0.0,0.0,0.0,0.0,3578636.117632537,315970664.7076273,180554.6655472156,27083.19983208234,902773327.736078,99305066.0509686,93962581.693488,0.0,0.0,0.0,8628.493246932056,8628.493246932056,7709.353152748876,0.0,919.1400941831791,2.664535259100376e-13,7709.353152748876,7709.353152748876,0.7281674851813666,1.0,100.0,48056.72017321004,1000000.0
co/cap_1500,2030-12-01,74285.61409048882,71271.58633203409,8603.789107510107,1.9895196601282805e-13,2659.509695440652,1182.5449928179544,0.0,16009.824472750091,0.0,0.0,0.0,0.0,0.0,0.0,0.0,0.0,0.0,1471.756656,51970.40214795429,883641632.0920643,0.0,0.0,0.0,309274571.2322225,0.0,309274571.2322225,0.0,0.0,0.0,176728.32641841288,0.0,176728.32641841288,0.0,0.0,26509.24896276193,0.0,26509.24896276193,0.0,0.0,97200579.53012708,0.0,0.0,0.0,0.0,0.0,0.0,3696467.758478911,309274571.2322225,176728.32641841288,26509.24896276193,883641632.0920643,97200579.53012708,91743952.88044348,0.0,0.0,0.0,8603.789107510107,8603.789107510107,7685.698995605935,0.0,918.0901119041728,2.664535259100376e-13,7685.698995605935,7685.698995605935,0.7291882336649411,1.0,100.0,48411.238236224126,1000000.0
co/cap_1750,2029-01-01,74119.22542720618,72235.53192361082,8832.166074913512,8.526512829121202e-14,2879.4876623245323,1207.6585671012176,0.0,16294.532626143304,0.0,0.0,0.0,0.0,0.0,0.0,0.0,0.0,0.0,704.138832,53074.09170124863,1013630398.2051232,0.0,0.0,0.0,354770639.3717931,0.0,354770639.3717931,0.0,0.0,0.0,202726.07964102464,0.0,202726.07964102464,0.0,0.0,30408.91194615369,0.0,30408.91194615369,0.0,0.0,111499343.80256356,0.0,0.0,0.0,0.0,0.0,0.0,3700328.058772255,354770639.3717931,202726.07964102464,30408.91194615369,1013630398.2051232,111499343.80256356,111364276.13644986,0.0,0.0,0.0,8832.166074913512,8832.166074913512,7848.919316031124,0.0,983.246758882388,1.2967404927621828e-13,7848.919316031124,7848.919316031124,0.7347366356680887,1.0,100.0,64906.20584127087,1000000.0
co/cap_1750,2029-02-01,65701.01108640262,64719.51763119234,7907.059030501642,3.694822225952521e-13,2604.583696720152,1089.4580458483051,0.0,14594.80815264702,0.0,0.0,0.0,0.0,0.0,0.0,0.0,0.0,0.0,30.272016,47879.42370897772,919105899.8371118,0.0,0.0,0.0,321687064.9429891,0.0,321687064.9429891,0.0,0.0,0.0,183821.1799674224,0.0,183821.1799674224,0.0,0.0,27573.176995113357,0.0,27573.176995113357,0.0,0.0,101101648.9820823,0.0,0.0,0.0,0.0,0.0,0.0,3342338.9460224407,321687064.9429891,183821.1799674224,27573.176995113357,919105899.8371118,101101648.9820823,100737749.22316614,0.0,0.0,0.0,7907.059030501642,7907.059030501642,7080.700235158101,0.0,826.358795343541,5.400124791776761e-13,7080.700235158101,7080.700235158101,0.739798834438495,1.0,100.0,63283.11559976102,1000000.0
co/cap_1750,2029-03-01,75174.56795926388,75118.85749129571,9078.634309305344,1.9895196601282805e-13,3012.7628190810524,1251.5397292837276,0.0,16731.563238345534,0.0,0.0,0.0,0.0,0.0,0.0,0.0,0.0,0.0,2020.342608,55002.57785542893,1069909517.480602,0.0,0.0,0.0,374468331.1182107,0.0,374468331.1182107,0.0,0.0,0.0,213981.9034961204,0.0,213981.9034961204,0.0,0.0,32097.28552441806,0.0,32097.28552441806,0.0,0.0,117690046.92286624,0.0,0.0,0.0,0.0,0.0,0.0,3701994.8906669,374468331.1182107,213981.9034961204,32097.28552441806,1069909517.480602,117690046.92286624,116985706.25738052,0.0,0.0,0.0,9078.634309305344,9078.634309305344,8134.115571700408,0.0,944.5187376049356,2.362554596402333e-13,8134.115571700408,8134.115571700408,0.732207327059018,1.0,100.0,60326.06324864813,1000000.0
co/cap_1750,2029-04-01,74238.80228370076,74198.06980299356,9032.718043940771,5.684341886080803e-14,3045.5771709453247,1246.429642754238,0.0,16605.906683900175,0.0,0.0,0.0,0.0,0.0,0.0,0.0,0.0,0.0,905.057808,54778.000140786906,1096220260.6807716,0.0,0.0,0.0,383677091.2382701,0.0,383677091.2382701,0.0,0.0,0.0,219244.05213615435,0.0,219244.05213615435,0.0,0.0,32886.60782042315,0.0,32886.60782042315,0.0,0.0,120584228.67488489,0.0,0.0,0.0,0.0,0.0,0.0,3584378.3363110023,383677091.2382701,219244.05213615435,32886.60782042315,1096220260.6807716,120584228.67488489,119567387.42467824,0.0,0.0,0.0,9032.718043940771,9032.718043940771,8100.903654060328,0.0,931.8143898804444,5.329070518200752e-14,8100.903654060328,8100.903654060328,0.738267185200778,1.0,100.0,57321.21855841003,1000000.0
co/cap_1750,2029-05-01,81093.28818030827,80967.5417807754,9960.44672964846,1.7053025658242404e-13,3359.4439951443824,1380.5380028930558,0.0,18039.073996769814,0.0,0.0,0.0,0.0,0.0,0.0,0.0,0.0,0.0,341.71320000000003,60671.78469033594,1204660873.8052015,0.0,0.0,0.0,421631305.8318205,0.0,421631305.8318205,0.0,0.0,0.0,240932.1747610403,0.0,240932.1747610403,0.0,0.0,36139.82621415605,0.0,36139.82621415605,0.0,0.0,132512696.11857218,0.0,0.0,0.0,0.0,0.0,0.0,3705982.565649461,421631305.8318205,240932.1747610403,36139.82621415605,1204660873.8052015,132512696.11857218,131071496.00173038,0.0,0.0,0.0,9960.44672964846,9960.44672964846,8972.512341324833,0.0,987.934388323628,1.6520118606422332e-13,8972.512341324833,8972.512341324833,0.7493346513422444,1.0,100.0,54087.52096279853,1000000.0
co/cap_1750,2029-06-01,89190.76888736755,88402.05590905117,10106.407593677584,1.7053025658242404e-13,3419.011506686209,1402.6957822727452,0.0,18233.22881525484,0.0,0.0,0.0,0.0,0.0,0.0,0.0,0.0,0.0,15148.670256,61645.57318215816,1227810764.060883,0.0,0.0,0.0,429733767.42130905,0.0,429733767.42130905,0.0,0.0,0.0,245562.15281217665,0.0,245562.15281217665,0.0,0.0,36834.32292182649,0.0,36834.32292182649,0.0,0.0,135059184.04669714,0.0,0.0,0.0,0.0,0.0,0.0,3588267.9003194417,429733767.42130905,245562.15281217665,36834.32292182649,1227810764.060883,135059184.04669714,133261480.06423424,0.0,0.0,0.0,10106.407593677584,10106.407593677584,9116.522103116242,0.0,989.8854905613438,1.7053025658242404e-13,9116.522103116242,9116.522103116242,0.6973318951493581,1.0,100.0,51457.22243442873,1000000.0
co/cap_1750,2029-07-01,91940.09305316,89808.01155445632,10624.642862000685,1.1368683772161605e-13,3603.995861254528,1475.1408633669116,0.0,19138.85039383849,0.0,0.0,0.0,0.0,0.0,0.0,0.0,0.0,0.0,8818.380815999999,64829.384386781465,1296929883.8249977,0.0,0.0,0.0,453925459.3387492,0.0,453925459.3387492,0.0,0.0,0.0,259385.9767649996,0.0,259385.9767649996,0.0,0.0,38907.89651474993,0.0,38907.89651474993,0.0,0.0,142662287.22074977,0.0,0.0,0.0,0.0,0.0,0.0,3708710.968720788,453925459.3387492,259385.9767649996,38907.89651474993,1296929883.8249977,142662287.22074977,140416763.23620686,0.0,0.0,0.0,10624.642862000685,10624.642862000685,9587.363458315096,0.0,1037.279403685588,1.1368683772161605e-13,9587.363458315098,9587.363458315098,0.7218663821264018,1.0,100.0,49985.30807187787,1000000.0
co/cap_1750,2029-08-01,92306.99856503826,88701.74216684837,10405.07331505177,1.7053025658242404e-13,3536.8433013971967,1443.8978257506492,0.0,18768.237797917525,0.0,0.0,0.0,0.0,0.0,0.0,0.0,0.0,0.0,10266.90936,63456.31762052542,1275716697.4415748,0.0,0.0,0.0,446500844.1045512,0.0,446500844.1045512,0.0,0.0,0.0,255143.339488315,0.0,255143.339488315,0.0,0.0,38271.50092324725,0.0,38271.50092324725,0.0,0.0,140328836.71857324,0.0,0.0,0.0,0.0,0.0,0.0,3708085.196106952,446500844.1045512,255143.339488315,38271.50092324725,1275716697.4415748,140328836.71857324,137774788.5611864,0.0,0.0,0.0,10405.07331505177,10405.07331505177,9384.30599810398,0.0,1020.7673169477904,1.7053025658242404e-13,9384.30599810398,9384.30599810398,0.715389755267307,1.0,100.0,50053.72116867056,1000000.0
co/cap_1750,2029-09-01,88528.51523823458,84650.3582563546,9921.344502342708,2.842170943040401e-13,3329.021525730911,1375.7801127828448,0.0,17937.19694213066,0.0,0.0,0.0,0.0,0.0,0.0,0.0,0.0,0.0,9784.150368,60462.6852785544,1187675948.9507942,0.0,0.0,0.0,415686582.1327779,0.0,415686582.1327779,0.0,0.0,0.0,237535.18979015885,0.0,237535.18979015885,0.0,0.0,35630.27846852383,0.0,35630.27846852383,0.0,0.0,130644354.38458736,0.0,0.0,0.0,0.0,0.0,0.0,3587078.810116236,415686582.1327779,237535.18979015885,35630.27846852383,1187675948.9507942,130644354.38458736,127951289.80390224,0.0,0.0,0.0,9921.344502342708,9921.344502342708,8941.589449203737,0.0,979.75505313897,2.806643806252396e-13,8941.589449203737,8941.589449203737,0.7142637848672725,1.0,100.0,50602.85662481967,1000000.0
co/cap_1750,2029-10-01,84748.43227873162,80364.13302506744,9543.40514613991,1.7053025658242404e-13,3223.454061646794,1316.6904223063834,0.0,17533.78827536593,0.0,0.0,0.0,0.0,0.0,0.0,0.0,0.0,0.0,5615.41704,57865.81581860939,1162228853.2639594,0.0,0.0,0.0,406780098.6423858,0.0,406780098.6423858,0.0,0.0,0.0,232445.7706527919,0.0,232445.7706527919,0.0,0.0,34866.86559791878,0.0,34866.86559791878,0.0,0.0,127845173.85903554,0.0,0.0,0.0,0.0,0.0,0.0,3704728.8605955583,406780098.6423858,232445.7706527919,34866.86559791878,1162228853.2639594,127845173.85903554,124902040.63733092,0.0,0.0,0.0,9543.40514613991,9543.40514613991,8557.548607202965,0.0,985.8565389369452,1.5987211554602254e-13,8557.548607202965,8557.548607202965,0.7200452943424364,1.0,100.0,51763.70181683704,1000000.0
co/cap_1750,2029-11-01,77591.90735173806,73606.01792205247,8897.345125668704,2.842170943040401e-13,2960.618302167015,1226.637570785094,0.0,16388.198897076727,0.0,0.0,0.0,0.0,0.0,0.0,0.0,0.0,0.0,2000.217168,53908.17958780603,1053925933.4985396,0.0,0.0,0.0,368874076.72448885,0.0,368874076.72448885,0.0,0.0,0.0,210785.18669970796,0.0,210785.18669970796,0.0,0.0,31617.778004956188,0.0,31617.778004956188,0.0,0.0,115931852.68483935,0.0,0.0,0.0,0.0,0.0,0.0,3583124.0147203496,368874076.72448885,210785.18669970796,31617.778004956188,1053925933.4985396,115931852.68483935,112982814.30568768,0.0,0.0,0.0,8897.345125668704,8897.345125668704,7972.26930308166,0.0,925.0758225870444,2.664535259100376e-13,7972.26930308166,7972.26930308166,0.732388208324133,1.0,100.0,52788.97294435558,1000000.0
co/cap_1750,2029-12-01,78534.67216354742,75337.27374692436,8963.70316071463,1.7053025658242404e-13,2941.7580743567837,1234.9612280736685,0.0,16546.330815693756,0.0,0.0,0.0,0.0,0.0,0.0,0.0,0.0,0.0,4607.300208000001,54273.98707864673,1034590209.5937696,0.0,0.0,0.0,362106573.3578194,0.0,362106573.3578194,0.0,0.0,0.0,206918.04191875397,0.0,206918.04191875397,0.0,0.0,31037.70628781309,0.0,31037.70628781309,0.0,0.0,113804923.05531466,0.0,0.0,0.0,0.0,0.0,0.0,3700947.457722264,362106573.3578194,206918.04191875397,31037.70628781309,1034590209.5937696,113804923.05531466,110636692.82098354,0.0,0.0,0.0,8963.70316071463,8963.70316071463,8026.36713855608,0.0,937.3360221585496,1.9539925233402758e-13,8026.36713855608,8026.36713855608,0.7204134736938561,1.0,100.0,53044.61328662184,1000000.0
co/cap_1750,2030-01-01,74478.48057630262,72460.19568436165,8788.619415500558,3.410605131648481e-13,2880.28530300219,1210.8951295390843,0.0,16231.74505470686,0.0,0.0,0.0,0.0,0.0,0.0,0.0,0.0,0.0,1197.1282560000004,53216.33191408999,1011610472.1625676,0.0,0.0,0.0,354063665.2568987,0.0,354063665.2568987,0.0,0.0,0.0,202322.09443251355,0.0,202322.09443251355,0.0,0.0,30348.314164877032,0.0,30348.314164877032,0.0,0.0,111277151.93788244,0.0,0.0,0.0,0.0,0.0,0.0,3700268.32262272,354063665.2568987,202322.09443251355,30348.314164877032,1011610472.1625676,111277151.93788244,107907103.19607244,0.0,0.0,0.0,8788.619415500558,8788.619415500558,7869.9546633785885,0.0,918.6647521219692,4.636291350834654e-13,7869.9546633785885,7869.9546633785885,0.7344215870724613,1.0,100.0,52182.61287556064,1000000.0
co/cap_1750,2030-02-01,66608.53395570382,66152.8400527763,8018.761852900816,3.694822225952521e-13,2632.8128102360174,1104.669433421377,0.0,14803.406951191746,0.0,0.0,0.0,0.0,0.0,0.0,0.0,0.0,0.0,1237.546848,48547.93267413524,926403871.2620528,0.0,0.0,0.0,324241354.9417184,0.0,324241354.9417184,0.0,0.0,0.0,185280.7742524105,0.0,185280.7742524105,0.0,0.0,27792.11613786158,0.0,27792.11613786158,0.0,0.0,101904425.8388258,0.0,0.0,0.0,0.0,0.0,0.0,3342553.3014029674,324241354.9417184,185280.7742524105,27792.11613786158,926403871.2620528,101904425.8388258,98581925.4194431,0.0,0.0,0.0,8018.761852900816,8018.761852900816,7179.563404764476,0.0,839.1984481363397,3.979039320256561e-13,7179.563404764476,7179.563404764476,0.7338752597077317,1.0,100.0,50005.49396825215,1000000.0
co/cap_1750,2030-03-01,73349.07717314431,73347.5568150304,8902.603218449734,8.526512829121202e-14,2964.791418561289,1227.315494711848,0.0,16404.935053741614,0.0,0.0,0.0,0.0,0.0,0.0,0.0,0.0,0.0,1256.666016,53937.97293969802,1056236745.2992488,0.0,0.0,0.0,369682860.8547371,0.0,369682860.8547371,0.0,0.0,0.0,211247.3490598498,0.0,211247.3490598498,0.0,0.0,31687.10235897747,0.0,31687.10235897747,0.0,0.0,116186041.98291738,0.0,0.0,0.0,0.0,0.0,0.0,3701592.5235220576,369682860.8547371,211247.3490598498,31687.10235897747,1056236745.2992488,116186041.98291738,112129538.49813896,0.0,0.0,0.0,8902.603218449734,8902.603218449734,7976.675325072025,0.0,925.9278933777106,1.3855583347321956e-13,7976.675325072025,7976.675325072025,0.7353751819671386,1.0,100.0,47042.22290780476,1000000.0
co/cap_1750,2030-04-01,75087.71518555639,75033.20956482171,9045.24709491215,1.1368683772161605e-13,3051.7365534301,1248.1737713508237,0.0,16627.152334764472,0.0,0.0,0.0,0.0,0.0,0.0,0.0,0.0,0.0,2614.713935999999,54854.65097869397,1099044782.037433,0.0,0.0,0.0,384665673.7131014,0.0,384665673.7131014,0.0,0.0,0.0,219808.95640748652,0.0,219808.95640748652,0.0,0.0,32971.34346112298,0.0,32971.34346112298,0.0,0.0,120894926.0241176,0.0,0.0,0.0,0.0,0.0,0.0,3584462.023856329,384665673.7131014,219808.95640748652,32971.34346112298,1099044782.037433,120894926.0241176,116386259.04699492,0.0,0.0,0.0,9045.24709491215,9045.24709491215,8112.23924592736,0.0,933.007848984792,1.0658141036401505e-13,8112.23924592736,8112.23924592736,0.7310716321058432,1.0,100.0,44044.991975109326,1000000.0
co/cap_1750,2030-05-01,81516.15479210648,81342.71973098614,10026.413595322305,1.7053025658242404e-13,3375.863853917482,1389.8684038450522,0.0,18152.272905787853,0.0,0.0,0.0,0.0,0.0,0.0,0.0,0.0,0.0,0.0,61081.83647916589,1208523814.8407848,0.0,0.0,0.0,422983335.19427466,0.0,422983335.19427466,0.0,0.0,0.0,241704.76296815692,0.0,241704.76296815692,0.0,0.0,36255.71444522354,0.0,36255.71444522354,0.0,0.0,132937619.63248631,0.0,0.0,0.0,0.0,0.0,0.0,3706095.938544904,422983335.19427466,241704.76296815692,36255.71444522354,1208523814.8407848,132937619.63248631,127664553.99838652,0.0,0.0,0.0,10026.413595322305,10026.413595322305,9033.153292545196,0.0,993.2603027771088,1.6520118606422332e-13,9033.153292545196,9033.153292545196,0.7509195252036526,1.0,100.0,40842.5631823122,1000000.0
co/cap_1750,2030-06-01,86256.61322646595,85001.67136141319,9893.287246330969,1.1368683772161605e-13,3362.4378677192567,1372.5753393251102,0.0,17869.383126160454,0.0,0.0,0.0,0.0,0.0,0.0,0.0,0.0,0.0,11163.33,60321.84212552167,1212913964.9820602,0.0,0.0,0.0,424519887.743721,0.0,424519887.743721,0.0,0.0,0.0,242582.79299641203,0.0,242582.79299641203,0.0,0.0,36387.41894946181,0.0,36387.41894946181,0.0,0.0,133420536.14802662,0.0,0.0,0.0,0.0,0.0,0.0,3587829.7684250027,424519887.743721,242582.79299641203,36387.41894946181,1212913964.9820602,133420536.14802662,127812476.23152122,0.0,0.0,0.0,9893.287246330969,9893.287246330969,8920.760707553442,0.0,972.5265387775248,1.1191048088221579e-13,8920.760707553442,8920.760707553442,0.7096547768930692,1.0,100.0,38735.067179645695,1000000.0
co/cap_1750,2030-07-01,92473.92229097114,90482.35217690104,10427.552091921749,1.7053025658242404e-13,3558.14220582863,1447.421216076742,0.0,18799.245747972247,0.0,0.0,0.0,0.0,0.0,0.0,0.0,0.0,0.0,13999.591488,63611.16332473403,1287444743.7254336,0.0,0.0,0.0,450605660.3039017,0.0,450605660.3039017,0.0,0.0,0.0,257488.94874508676,0.0,257488.94874508676,0.0,0.0,38623.34231176301,0.0,38623.34231176301,0.0,0.0,141618921.8097977,0.0,0.0,0.0,0.0,0.0,0.0,3708433.368213754,450605660.3039017,257488.94874508676,38623.34231176301,1287444743.7254336,141618921.8097977,135333151.61021483,0.0,0.0,0.0,10427.552091921749,10427.552091921749,9407.205522143104,0.0,1020.3465697786468,1.7053025658242404e-13,9407.205522143104,9407.205522143104,0.7030228745641863,1.0,100.0,37168.49508788715,1000000.0
co/cap_1750,2030-08-01,92799.9276007217,89546.43313677199,10561.007914685058,5.684341886080803e-14,3572.623956732872,1465.9975233621178,0.0,19037.4685511601,0.0,0.0,0.0,0.0,0.0,0.0,0.0,0.0,0.0,9348.518448,64427.55353898237,1282750069.4461088,0.0,0.0,0.0,448962524.3061381,0.0,448962524.3061381,0.0,0.0,0.0,256550.01388922177,0.0,256550.01388922177,0.0,0.0,38482.50208338327,0.0,38482.50208338327,0.0,0.0,141102507.63907197,0.0,0.0,0.0,0.0,0.0,0.0,3708290.810386502,448962524.3061381,256550.01388922177,38482.50208338327,1282750069.4461088,141102507.63907197,134502435.7201246,0.0,0.0,0.0,10561.007914685058,10561.007914685058,9527.938269829145,0.0,1033.0696448559154,5.684341886080803e-14,9527.938269829145,9527.938269829145,0.7194876588839292,1.0,100.0,36849.36559510398,1000000.0
co/cap_1750,2030-09-01,86595.63987431208,82473.25739293595,9838.035040269242,1.1368683772161605e-13,3311.684864219446,1363.8993258939854,0.0,17792.3107843958,0.0,0.0,0.0,0.0,0.0,0.0,0.0,0.0,0.0,6282.659232,59940.549312313655,1185186794.2803729,0.0,0.0,0.0,414815377.9981305,0.0,414815377.9981305,0.0,0.0,0.0,237037.3588560746,0.0,237037.3588560746,0.0,0.0,35555.603828411186,0.0,35555.603828411186,0.0,0.0,130370547.37084104,0.0,0.0,0.0,0.0,0.0,0.0,3587006.6787060564,414815377.9981305,237037.3588560746,35555.603828411186,1185186794.2803729,130370547.37084104,123967457.679003,0.0,0.0,0.0,9838.035040269242,9838.035040269242,8864.372808472697,0.0,973.662231796546,1.1191048088221579e-13,8864.372808472697,8864.372808472697,0.7267877031548862,1.0,100.0,37660.06321226065,1000000.0
co/cap_1750,2030-10-01,82365.01104577545,77520.96042821486,9427.69114391892,5.684341886080803e-14,3192.9881757113817,1300.9414182046594,0.0,17318.624969203665,0.0,0.0,0.0,0.0,0.0,0.0,0.0,0.0,0.0,1207.10712,57173.67972098322,1153830149.7617886,0.0,0.0,0.0,403840552.416626,0.0,403840552.416626,0.0,0.0,0.0,230766.02995235773,0.0,230766.02995235773,0.0,0.0,34614.90449285366,0.0,34614.90449285366,0.0,0.0,126921316.47379674,0.0,0.0,0.0,0.0,0.0,0.0,3704481.869434761,403840552.416626,230766.02995235773,34614.90449285366,1153830149.7617886,126921316.47379674,120389609.48348516,0.0,0.0,0.0,9427.69114391892,9427.69114391892,8455.191313618747,0.0,972.4998303001726,5.329070518200752e-14,8455.191313618747,8455.191313618747,0.7375254306082364,1.0,100.0,39311.12565410987,1000000.0
co/cap_1750,2030-11-01,77641.86830988208,73556.04016367762,8897.321004754065,8.526512829121202e-14,2957.94693599024,1226.4036464995631,0.0,16389.68714668907,0.0,0.0,0.0,0.0,0.0,0.0,0.0,0.0,0.0,1894.223184,53897.89910015859,1052292833.8395342,0.0,0.0,0.0,368302491.8438369,0.0,368302491.8438369,0.0,0.0,0.0,210458.56676790683,0.0,210458.56676790683,0.0,0.0,31568.785015186026,0.0,31568.785015186026,0.0,0.0,115752211.72234876,0.0,0.0,0.0,0.0,0.0,0.0,3583075.470571293,368302491.8438369,210458.56676790683,31568.785015186026,1052292833.8395342,115752211.72234876,109524892.4606079,0.0,0.0,0.0,8897.321004754065,8897.321004754065,7970.748962073689,0.0,926.5720426803758,9.592326932761353e-14,7970.748962073689,7970.748962073689,0.7327460665395317,1.0,100.0,40439.00686432406,1000000.0
co/cap_1750,2030-12-01,76167.78481122076,73194.7896355569,8866.880642095126,2.273736754432321e-13,2919.955587715233,1221.9124640537516,0.0,16363.8027339659,0.0,0.0,0.0,0.0,0.0,0.0,0.0,0.0,0.0,1471.756656,53700.52093759713,1029970718.8822331,0.0,0.0,0.0,360489751.6087816,0.0,360489751.6087816,0.0,0.0,0.0,205994.14377644664,0.0,205994.14377644664,0.0,0.0,30899.121566466994,0.0,30899.121566466994,0.0,0.0,113296779.07704563,0.0,0.0,0.0,0.0,0.0,0.0,3700812.3848920623,360489751.6087816,205994.14377644664,30899.121566466994,1029970718.8822331,113296779.07704563,106936547.78365214,0.0,0.0,0.0,8866.880642095126,8866.880642095126,7941.559479540258,0.0,925.3211625548682,2.806643806252396e-13,7941.559479540258,7941.559479540258,0.7336658962335517,1.0,100.0,40492.04645227268,1000000.0
co/cap_2000,2029-01-01,75972.71620930574,74129.40183262531,9091.067799901157,1.1368683772161605e-13,3135.825932237248,1246.4336586548372,0.0,16642.91108805775,0.0,0.0,0.0,0.0,0.0,0.0,0.0,0.0,0.0,704.138832,54778.17663129711,1157629230.387881,0.0,0.0,0.0,405170230.6357584,0.0,405170230.6357584,0.0,0.0,0.0,231525.84607757625,0.0,231525.84607757625,0.0,0.0,34728.876911636435,0.0,34728.876911636435,0.0,0.0,127339215.34266692,0.0,0.0,0.0,0.0,0.0,0.0,3704603.49573972,405170230.6357584,231525.84607757625,34728.876911636435,1157629230.387881,127339215.34266692,127184959.97819977,0.0,0.0,0.0,9091.067799901157,9091.067799901157,8100.929754549857,0.0,990.1380453513004,1.0658141036401505e-13,8100.929754549857,8100.929754549857,0.7389534419147102,1.0,100.0,64609.48844444322,1000000.0
co/cap_2000,2029-02-01,67380.57024915774,66435.6928322317,8141.832692001877,8.526512829121202e-14,2836.9957369926924,1124.5875560895986,0.0,14910.685248806849,0.0,0.0,0.0,0.0,0.0,0.0,0.0,0.0,0.0,30.272016,49423.29289415785,1049684845.1425072,0.0,0.0,0.0,367389695.7998775,0.0,367389695.7998775,0.0,0.0,0.0,209936.96902850145,0.0,209936.96902850145,0.0,0.0,31490.54535427522,0.0,31490.54535427522,0.0,0.0,115465332.9656758,0.0,0.0,0.0,0.0,0.0,0.0,3346215.938311361,367389695.7998775,209936.96902850145,31490.54535427522,1049684845.1425072,115465332.9656758,115049732.95499691,0.0,0.0,0.0,8141.832692001877,8141.832692001877,7309.016995380687,0.0,832.8156966211898,9.947598300641405e-14,7309.016995380687,7309.016995380687,0.7439268078224937,1.0,100.0,62717.37012437657,1000000.0
co/cap_2000,2029-03-01,77129.84519112702,77116.76275024912,9351.955467777536,3.410605131648481e-13,3283.3330907426257,1292.4358516404227,0.0,17099.302796627533,0.0,0.0,0.0,0.0,0.0,0.0,0.0,0.0,0.0,2020.342608,56799.87769440137,1221928222.118798,0.0,0.0,0.0,427674877.7415793,0.0,427674877.7415793,0.0,0.0,0.0,244385.64442375963,0.0,244385.64442375963,0.0,0.0,36657.84666356394,0.0,36657.84666356394,0.0,0.0,134412104.4330678,0.0,0.0,0.0,0.0,0.0,0.0,3706508.4464764576,427674877.7415793,244385.64442375963,36657.84666356394,1221928222.118798,134412104.4330678,133607686.68605724,0.0,0.0,0.0,9351.955467777536,9351.955467777534,8399.911197600466,0.0,952.0442701770692,3.1974423109204513e-13,8399.911197600466,8399.911197600466,0.7365438546526369,1.0,100.0,59447.11947451185,1000000.0
co/cap_2000,2029-04-01,76242.78446366003,76245.73703988038,9312.816635932311,2.273736754432321e-13,3322.8634951894,1288.3457439352069,0.0,16982.77131060928,0.0,0.0,0.0,0.0,0.0,0.0,0.0,0.0,0.0,905.057808,56620.12593564419,1252008524.7161736,0.0,0.0,0.0,438202983.6506608,0.0,438202983.6506608,0.0,0.0,0.0,250401.7049432348,0.0,250401.7049432348,0.0,0.0,37560.25574148521,0.0,37560.25574148521,0.0,0.0,137720937.71877912,0.0,0.0,0.0,0.0,0.0,0.0,3589003.81292686,438202983.6506608,250401.7049432348,37560.25574148521,1252008524.7161736,137720937.71877912,136559588.49730474,0.0,0.0,0.0,9312.816635932311,9312.816635932311,8373.328414811804,0.0,939.488221120508,2.131628207280301e-13,8373.328414811804,8373.328414811804,0.7426005457331863,1.0,100.0,56121.30340310212,1000000.0
co/cap_2000,2029-05-01,83295.42552107917,83217.6873450416,10268.264476741098,2.842170943040401e-13,3664.1661155434495,1426.597853105921,0.0,18453.229234938728,0.0,0.0,0.0,0.0,0.0,0.0,0.0,0.0,0.0,341.71320000000003,62696.0196691108,1375866267.3487363,0.0,0.0,0.0,481553193.5720578,0.0,481553193.5720578,0.0,0.0,0.0,275173.2534697473,0.0,275173.2534697473,0.0,0.0,41275.9880204621,0.0,41275.9880204621,0.0,0.0,151345289.40836102,0.0,0.0,0.0,0.0,0.0,0.0,3711065.78931367,481553193.5720578,275173.2534697473,41275.9880204621,1375866267.3487363,151345289.40836102,149699266.41277602,0.0,0.0,0.0,10268.264476741098,10268.264476741098,9271.86851522838,0.0,996.3959615127178,2.9132252166164113e-13,9271.86851522838,9271.86851522838,0.7533977651789003,1.0,100.0,52534.875463596254,1000000.0
co/cap_2000,2029-06-01,91435.23513399417,90695.45503706115,10420.154035631524,5.684341886080803e-14,3729.60006342184,1449.6404900263392,0.0,18655.358390207613,0.0,0.0,0.0,0.0,0.0,0.0,0.0,0.0,0.0,15148.670256,63708.69581638342,1402313637.8471608,0.0,0.0,0.0,490809773.2465062,0.0,490809773.2465062,0.0,0.0,0.0,280462.7275694322,0.0,280462.7275694322,0.0,0.0,42069.409135414826,0.0,42069.409135414826,0.0,0.0,154254500.16318768,0.0,0.0,0.0,0.0,0.0,0.0,3593449.028936505,490809773.2465062,280462.7275694322,42069.409135414826,1402313637.8471608,154254500.16318768,152201296.584434,0.0,0.0,0.0,10420.154035631524,10420.154035631524,9421.629219904276,0.0,998.52481572725,6.394884621840903e-14,9421.629219904276,9421.629219904276,0.7024463992197839,1.0,100.0,49545.05549710743,1000000.0
co/cap_2000,2029-07-01,94252.61903432084,92192.0311854324,10956.06348514364,19.804247572904103,3931.592113663805,1524.6369625332525,0.0,19564.959648825185,0.0,0.0,0.0,0.0,0.0,0.0,0.0,0.0,0.0,8818.380815999999,66970.18084523256,1481256249.4610312,0.0,0.0,0.0,518439687.3113609,0.0,518439687.3113609,0.0,0.0,0.0,296251.2498922063,0.0,296251.2498922063,0.0,0.0,44437.68748383094,0.0,44437.68748383094,0.0,0.0,162938187.44071344,0.0,0.0,0.0,0.0,0.0,0.0,3714183.964252329,518439687.3113609,296251.2498922063,44437.68748383094,1481256249.4610312,162938187.44071344,160373518.75873852,0.0,0.0,0.0,10956.06348514364,10956.06348514364,9909.68349556011,0.0,1046.379989583529,2.486899575160351e-13,9909.68349556011,9909.68349556011,0.7264204940937973,1.0,100.0,47674.05123233204,1000000.0
co/cap_2000,2029-08-01,94639.14433259712,91084.7330402658,10731.08050291631,2.842170943040401e-13,3859.568242431876,1492.6762381525505,0.0,19206.862678010184,0.0,0.0,0.0,0.0,0.0,0.0,0.0,0.0,0.0,10266.90936,65600.02777452531,1457038883.001097,0.0,0.0,0.0,509963609.0503839,0.0,509963609.0503839,0.0,0.0,0.0,291407.7766002194,0.0,291407.7766002194,0.0,0.0,43711.16649003291,0.0,43711.16649003291,0.0,0.0,160274277.13012066,0.0,0.0,0.0,0.0,0.0,0.0,3713468.795550802,509963609.0503839,291407.7766002194,43711.16649003291,1457038883.001097,160274277.13012066,157357213.37292537,0.0,0.0,0.0,10731.08050291631,10731.08050291631,9701.330887204547,0.0,1029.7496157117605,3.0198066269804263e-13,9701.330887204547,9701.330887204547,0.7202088163943514,1.0,100.0,47368.8942822315,1000000.0
co/cap_2000,2029-09-01,90699.23876320609,86868.41033465751,10224.804359820237,2.273736754432321e-13,3629.4222367129873,1421.181538830929,0.0,18345.48197115964,0.0,0.0,0.0,0.0,0.0,0.0,0.0,0.0,0.0,9784.150368,62457.983879571584,1356457509.9950995,0.0,0.0,0.0,474760128.4982848,0.0,474760128.4982848,0.0,0.0,0.0,271291.5019990199,0.0,271291.5019990199,0.0,0.0,40693.72529985299,0.0,40693.72529985299,0.0,0.0,149210326.09946096,0.0,0.0,0.0,0.0,0.0,0.0,3592090.06870427,474760128.4982848,271291.5019990199,40693.72529985299,1356457509.9950995,149210326.09946096,146134548.53220144,0.0,0.0,0.0,10224.804359820237,10224.804359820237,9236.666335661414,0.0,988.1380241588228,2.469136006766348e-13,9236.666335661414,9236.666335661414,0.7189953590603809,1.0,100.0,47570.300474067066,1000000.0
co/cap_2000,2029-10-01,86872.9123212017,82534.92978421407,9840.37733844561,1.7053025658242404e-13,3517.4375968600416,1361.125601570462,0.0,17933.349334712704,0.0,0.0,0.0,0.0,0.0,0.0,0.0,0.0,0.0,5615.41704,59818.6498755763,1327402045.0698876,0.0,0.0,0.0,464590715.7744607,0.0,464590715.7744607,0.0,0.0,0.0,265480.4090139776,0.0,265480.4090139776,0.0,0.0,39822.06135209664,0.0,39822.06135209664,0.0,0.0,146014224.95768765,0.0,0.0,0.0,0.0,0.0,0.0,3709632.983537781,464590715.7744607,265480.4090139776,39822.06135209664,1327402045.0698876,146014224.95768765,142652821.35070902,0.0,0.0,0.0,9840.377338445613,9840.37733844561,8846.345578746246,0.0,994.031759699366,1.5987211554602254e-13,8846.345578746246,8846.345578746246,0.7247676835973687,1.0,99.99999999999996,48390.84541419464,1000000.0
co/cap_2000,2029-11-01,79517.98026586894,75574.08355445685,9166.59282933566,1.1368683772161605e-13,3227.154143912426,1266.9224934887577,0.0,16750.45598875831,0.0,0.0,0.0,0.0,0.0,0.0,0.0,0.0,0.0,2000.217168,55678.6184684609,1203679016.3007967,0.0,0.0,0.0,421287655.7052788,0.0,421287655.7052788,0.0,0.0,0.0,240735.80326015933,0.0,240735.80326015933,0.0,0.0,36110.3704890239,0.0,36110.3704890239,0.0,0.0,132404691.79308765,0.0,0.0,0.0,0.0,0.0,0.0,3587570.302537543,421287655.7052788,240735.80326015933,36110.3704890239,1203679016.3007967,132404691.79308765,129036623.00452946,0.0,0.0,0.0,9166.59282933566,9166.59282933566,8234.09256717904,0.0,932.500262156622,1.0658141036401505e-13,8234.09256717904,8234.09256717904,0.7367422249763735,1.0,100.0,49107.58798169431,1000000.0
co/cap_2000,2029-12-01,80425.0923925421,77268.90879983004,9227.963183673864,2.8421709430404014e-14,3203.3573027370203,1274.500609844186,0.0,16901.878050201696,0.0,0.0,0.0,0.0,0.0,0.0,0.0,0.0,0.0,4607.300208000001,56011.66098008417,1181569192.1492682,0.0,0.0,0.0,413549217.2522439,0.0,413549217.2522439,0.0,0.0,0.0,236313.83842985367,0.0,236313.83842985367,0.0,0.0,35447.075764478046,0.0,35447.075764478046,0.0,0.0,129972611.1364195,0.0,0.0,0.0,0.0,0.0,0.0,3705311.380254016,413549217.2522439,236313.83842985367,35447.075764478046,1181569192.1492682,129972611.1364195,126354286.64498045,0.0,0.0,0.0,9227.963183673864,9227.963183673864,8283.344918349805,0.0,944.6182653240568,4.618527782440651e-14,8283.344918349805,8283.344918349805,0.72489261010772,1.0,100.0,49060.41427166934,1000000.0
co/cap_2000,2030-01-01,76326.94905294961,74348.96269153136,9047.00437485778,1.1368683772161605e-13,3136.070984970333,1249.557504533954,0.0,16579.389922295137,0.0,0.0,0.0,0.0,0.0,0.0,0.0,0.0,0.0,1197.1282560000004,54915.46318493518,1155321803.2896378,0.0,0.0,0.0,404362631.15137327,0.0,404362631.15137327,0.0,0.0,0.0,231064.3606579276,0.0,231064.3606579276,0.0,0.0,34659.654098689134,0.0,34659.654098689134,0.0,0.0,127085398.36186016,0.0,0.0,0.0,0.0,0.0,0.0,3704535.225854537,404362631.15137327,231064.3606579276,34659.654098689134,1155321803.2896378,127085398.36186016,123236594.17921948,0.0,0.0,0.0,9047.00437485778,9047.00437485778,8121.232524661244,0.0,925.771850196536,1.4388490399142031e-13,8121.2325246612445,8121.2325246612445,0.7386177452505369,1.0,100.0,47902.32964811726,1000000.0
co/cap_2000,2030-02-01,68301.33994487167,67882.55128986877,8255.389860458075,2.273736754432321e-13,2867.059953115368,1140.0759027221432,0.0,15121.778432834602,0.0,0.0,0.0,0.0,0.0,0.0,0.0,0.0,0.0,1237.546848,50103.97363610756,1058014185.5800248,0.0,0.0,0.0,370304964.9530087,0.0,370304964.9530087,0.0,0.0,0.0,211602.83711600496,0.0,211602.83711600496,0.0,0.0,31740.425567400744,0.0,31740.425567400744,0.0,0.0,116381560.41380271,0.0,0.0,0.0,0.0,0.0,0.0,3346460.9158891058,370304964.9530087,211602.83711600496,31740.425567400744,1058014185.5800248,116381560.41380271,112587045.92046107,0.0,0.0,0.0,8255.389860458075,8255.389860458075,7409.68020133083,0.0,845.7096591272455,2.131628207280301e-13,7409.68020133083,7409.68020133083,0.7380979748706852,1.0,100.0,45454.05835000477,1000000.0
co/cap_2000,2030-03-01,75279.45169671134,75320.01648938117,9172.443578228267,1.1368683772161605e-13,3231.915866790096,1267.6907470196325,0.0,16767.991322440983,0.0,0.0,0.0,0.0,0.0,0.0,0.0,0.0,0.0,1256.666016,55712.38161928701,1206319461.730033,0.0,0.0,0.0,422211811.6055115,0.0,422211811.6055115,0.0,0.0,0.0,241263.89234600656,0.0,241263.89234600656,0.0,0.0,36189.583851900985,0.0,36189.583851900985,0.0,0.0,132695140.79030362,0.0,0.0,0.0,0.0,0.0,0.0,3706048.5983109223,422211811.6055115,241263.89234600656,36189.583851900985,1206319461.730033,132695140.79030362,128062240.40501732,0.0,0.0,0.0,9172.443578228267,9172.443578228267,8239.085667168029,0.0,933.3579110602408,1.0658141036401505e-13,8239.085667168029,8239.085667168029,0.7396756428902468,1.0,100.0,42181.57769054488,1000000.0
co/cap_2000,2030-04-01,77096.87199385937,77086.16434181975,9326.069651328173,2.273736754432321e-13,3329.739417971062,1290.198078107951,0.0,17004.990889794404,0.0,0.0,0.0,0.0,0.0,0.0,0.0,0.0,0.0,2614.713935999999,56701.53218441661,1255235708.129932,0.0,0.0,0.0,439332497.84547615,0.0,439332497.84547615,0.0,0.0,0.0,251047.1416259864,0.0,251047.1416259864,0.0,0.0,37657.07124389796,0.0,37657.07124389796,0.0,0.0,138075927.89429253,0.0,0.0,0.0,0.0,0.0,0.0,3589099.4558358043,439332497.84547615,251047.1416259864,37657.07124389796,1255235708.129932,138075927.89429253,132926510.61387049,0.0,0.0,0.0,9326.069651328173,9326.069651328173,8385.367265745554,0.0,940.7023855826192,2.131628207280301e-13,8385.367265745554,8385.367265745554,0.7355604299234234,1.0,100.0,38862.54592461344,1000000.0
co/cap_2000,2030-05-01,83725.31518562509,83600.04131143041,10335.212108939775,2.273736754432321e-13,3681.5570824605406,1436.075186366119,0.0,18567.74791351656,0.0,0.0,0.0,0.0,0.0,0.0,0.0,0.0,0.0,0.0,63112.52882843585,1380274702.0884182,0.0,0.0,0.0,483096145.7309464,0.0,483096145.7309464,0.0,0.0,0.0,276054.9404176837,0.0,276054.9404176837,0.0,0.0,41408.24106265255,0.0,41408.24106265255,0.0,0.0,151830217.22972602,0.0,0.0,0.0,0.0,0.0,0.0,3711195.3583370335,483096145.7309464,276054.9404176837,41408.24106265255,1380274702.0884182,151830217.22972602,145807762.20803833,0.0,0.0,0.0,10335.212108939775,10335.212108939775,9333.464421651652,0.0,1001.7476872881242,2.291500322826323e-13,9333.464421651654,9333.464421651654,0.7549341823089104,1.0,100.0,35306.262716347606,1000000.0
co/cap_2000,2030-06-01,88473.95507404568,87267.35496004253,10203.24349580682,2.273736754432321e-13,3669.27406249961,1418.9526602917076,0.0,18286.412896518486,0.0,0.0,0.0,0.0,0.0,0.0,0.0,0.0,0.0,11163.33,62360.02928610936,1385308768.0854027,0.0,0.0,0.0,484858068.82989097,0.0,484858068.82989097,0.0,0.0,0.0,277061.75361708057,0.0,277061.75361708057,0.0,0.0,41559.26304256209,0.0,41559.26304256209,0.0,0.0,152383964.4893943,0.0,0.0,0.0,0.0,0.0,0.0,3592948.306771432,484858068.82989097,277061.75361708057,41559.26304256209,1385308768.0854027,152383964.4893943,145978815.67412135,0.0,0.0,0.0,10203.24349580682,10203.24349580682,9222.18021491822,0.0,981.0632808886,2.522426711948356e-13,9222.18021491822,9222.18021491822,0.7145859905420808,1.0,100.0,32843.58876785112,1000000.0
co/cap_2000,2030-07-01,94827.79331074627,92887.53805855189,10756.571247910571,2.842170943040401e-13,3883.854319468767,1496.6550608021391,0.0,19241.92823050711,0.0,0.0,0.0,0.0,0.0,0.0,0.0,0.0,0.0,13999.591488,65774.8887856753,1470442169.012694,0.0,0.0,0.0,514654759.1544429,0.0,514654759.1544429,0.0,0.0,0.0,294088.43380253884,0.0,294088.43380253884,0.0,0.0,44113.265070380825,0.0,44113.265070380825,0.0,0.0,161748638.59139633,0.0,0.0,0.0,0.0,0.0,0.0,3713866.7065300047,514654759.1544429,294088.43380253884,44113.265070380825,1470442169.012694,161748638.59139633,154569409.03776008,0.0,0.0,0.0,10756.571247910571,10756.571247910571,9727.190396506405,0.0,1029.3808514041675,3.1263880373444413e-13,9727.190396506405,9727.190396506405,0.7081131673897303,1.0,100.0,30899.98970057675,1000000.0
co/cap_2000,2030-08-01,95144.726309334,91942.35436733434,10888.79383106864,1.7053025658242404e-13,3897.107505582793,1515.040166897577,0.0,19478.484547161886,0.0,0.0,0.0,0.0,0.0,0.0,0.0,0.0,0.0,9348.518448,66582.87610380333,1465061563.0156026,0.0,0.0,0.0,512771547.0554609,0.0,512771547.0554609,0.0,0.0,0.0,293012.3126031206,0.0,293012.3126031206,0.0,0.0,43951.846890468085,0.0,43951.846890468085,0.0,0.0,161156771.9317163,0.0,0.0,0.0,0.0,0.0,0.0,3713703.78329886,512771547.0554609,293012.3126031206,43951.846890468085,1465061563.0156026,161156771.9317163,153618661.87982225,0.0,0.0,0.0,10888.79383106864,10888.79383106864,9846.680472833306,0.0,1042.1133582353318,1.9184653865522705e-13,9846.680472833306,9846.680472833306,0.7241806734444378,1.0,100.0,30205.254136993604,1000000.0
co/cap_2000,2030-09-01,88762.06356539334,84686.91231719205,10140.870903164849,1.7053025658242404e-13,3611.472939191655,1409.211767234083,0.0,18199.76100353979,0.0,0.0,0.0,0.0,0.0,0.0,0.0,0.0,0.0,6282.659232,61931.937219795145,1353621305.300028,0.0,0.0,0.0,473767456.8550098,0.0,473767456.8550098,0.0,0.0,0.0,270724.26106000564,0.0,270724.26106000564,0.0,0.0,40608.63915900084,0.0,40608.63915900084,0.0,0.0,148898343.58300307,0.0,0.0,0.0,0.0,0.0,0.0,3592007.6328069214,473767456.8550098,270724.26106000564,40608.63915900084,1353621305.300028,148898343.58300307,141585269.70674196,0.0,0.0,0.0,10140.870903164849,10140.870903164849,9158.871357797369,0.0,981.9995453674812,1.6520118606422332e-13,9158.871357797369,9158.871357797369,0.7313047025239403,1.0,100.0,30668.932446003248,1000000.0
co/cap_2000,2030-10-01,84474.13725643397,79676.07011350758,9722.526664478764,1.7053025658242404e-13,3484.854421861241,1345.055063461322,0.0,17715.309264648797,0.0,0.0,0.0,0.0,0.0,0.0,0.0,0.0,0.0,1207.10712,59112.38302455714,1317814940.2925036,0.0,0.0,0.0,461235229.1023762,0.0,461235229.1023762,0.0,0.0,0.0,263562.9880585007,0.0,263562.9880585007,0.0,0.0,39534.44820877511,0.0,39534.44820877511,0.0,0.0,144959643.4321754,0.0,0.0,0.0,0.0,0.0,0.0,3709350.7079254417,461235229.1023762,263562.9880585007,39534.44820877511,1317814940.2925036,144959643.4321754,137499637.2555688,0.0,0.0,0.0,9722.526664478764,9722.526664478764,8741.898543449995,0.0,980.6281210287686,1.5987211554602254e-13,8741.898543449995,8741.898543449995,0.7419088685014819,1.0,100.0,31982.1451670684,1000000.0
co/cap_2000,2030-11-01,79564.8271375309,75520.9262135258,9166.148762576076,2.273736754432321e-13,3224.063657443758,1266.6227997135231,0.0,16751.3760465033,0.0,0.0,0.0,0.0,0.0,0.0,0.0,0.0,0.0,1894.223184,55665.44754801834,1201812339.9429903,0.0,0.0,0.0,420634318.9800466,0.0,420634318.9800466,0.0,0.0,0.0,240362.46798859807,0.0,240362.46798859807,0.0,0.0,36054.37019828971,0.0,36054.37019828971,0.0,0.0,132199357.39372894,0.0,0.0,0.0,0.0,0.0,0.0,3587514.8235100494,420634318.9800466,240362.46798859807,36054.37019828971,1201812339.9429903,132199357.39372894,125087203.2277278,0.0,0.0,0.0,9166.148762576076,9166.148762576076,8232.144771398502,0.0,934.0039911775724,2.131628207280301e-13,8232.144771398502,8232.144771398502,0.7370863989489664,1.0,100.0,32801.98243362974,1000000.0
co/cap_2000,2030-12-01,78049.95553195268,75117.9929390797,9129.972176680143,5.684341886080803e-14,3180.4014799898137,1261.2799352895488,0.0,16717.78099518171,0.0,0.0,0.0,0.0,0.0,0.0,0.0,0.0,0.0,1471.756656,55430.63972723998,1176299805.672402,0.0,0.0,0.0,411704931.9853407,0.0,411704931.9853407,0.0,0.0,0.0,235259.96113448043,0.0,235259.96113448043,0.0,0.0,35288.99417017206,0.0,35288.99417017206,0.0,0.0,129392978.62396424,0.0,0.0,0.0,0.0,0.0,0.0,3705157.0113052144,411704931.9853407,235259.96113448043,35288.99417017206,1176299805.672402,129392978.62396424,122129142.6868608,0.0,0.0,0.0,9129.972176680143,9129.972176680143,8197.41996347458,0.0,932.5522132055636,5.329070518200752e-14,8197.41996347458,8197.41996347458,0.737914280699618,1.0,100.0,32553.54354651289,1000000.0
ha/tech_dry,2029-01-01,59072.99539723687,57877.44868667687,6962.8363,5.684341886080803e-14,1065.921124829477,919.668481503544,0.0,13745.345137877182,0.0,0.0,0.0,0.0,0.0,0.0,0.0,0.0,0.0,90.816048,40417.52416763687,442760371.7363379,0.0,0.0,0.0,154966130.10771826,0.0,154966130.10771826,0.0,0.0,0.0,88552.0743472676,0.0,88552.0743472676,0.0,0.0,13282.811152090138,0.0,13282.811152090138,0.0,0.0,48703640.89099717,0.0,0.0,0.0,0.0,0.0,0.0,3670400.0,154966130.10771826,88552.0743472676,13282.811152090138,442760371.7363379,48703640.89099717,48645036.86179607,0.0,0.0,0.0,6962.8363,6962.8363,5977.1891704,0.0,985.6471296,7.105427357601003e-14,5977.1891704,5977.1891704,0.6983294026390074,1.0,100.0,66031.62558573054,1000000.0
ha/tech_dry,2029-02-01,54547.79513802094,54457.897741060944,6378.1333,1.1368683772161605e-13,986.283661815662,850.957895912676,0.0,12596.689787474306,0.0,0.0,0.0,0.0,0.0,0.0,0.0,0.0,0.0,2709.38736,37397.83630234094,415629707.2294392,0.0,0.0,0.0,145470397.53030372,0.0,145470397.53030372,0.0,0.0,0.0,83125.94144588785,0.0,83125.94144588785,0.0,0.0,12468.891216883176,0.0,12468.891216883176,0.0,0.0,45719267.79523832,0.0,0.0,0.0,0.0,0.0,0.0,3315200.0,145470397.53030372,83125.94144588785,12468.891216883176,415629707.2294392,45719267.79523832,45554772.48857331,0.0,0.0,0.0,6378.1333,6378.1333,5530.61937232,0.0,847.51392768,1.4210854715202006e-13,5530.61937232,5530.61937232,0.6867293423657664,1.0,100.0,65135.23932087486,1000000.0
ha/tech_dry,2029-03-01,60405.828029611,61155.727967051,7285.9213,5.684341886080803e-14,1127.1879704237942,972.5290408279984,0.0,14381.075955690756,0.0,0.0,0.0,0.0,0.0,0.0,0.0,0.0,0.0,671.351136,42740.636220491,507501390.9226887,0.0,0.0,0.0,177625486.822941,0.0,177625486.822941,0.0,0.0,0.0,101500.27818453772,0.0,101500.27818453772,0.0,0.0,15225.04172768066,0.0,15225.04172768066,0.0,0.0,55825153.00149575,0.0,0.0,0.0,0.0,0.0,0.0,3670400.0,177625486.822941,101500.27818453772,15225.04172768066,507501390.9226887,55825153.00149575,55489499.87842085,0.0,0.0,0.0,7285.9213,7285.9213,6320.74510288,0.0,965.17619712,7.105427357601003e-14,6320.74510288,6320.74510288,0.6988819795182303,1.0,100.0,63258.15141301108,1000000.0
ha/tech_dry,2029-04-01,59727.929427285664,60561.14312184566,7249.7187,1.1368683772161605e-13,1121.598728272428,967.7066860379804,0.0,14301.926192626504,0.0,0.0,0.0,0.0,0.0,0.0,0.0,0.0,0.0,43.437408,42528.70371960566,543700959.0341946,0.0,0.0,0.0,190295335.66196808,0.0,190295335.66196808,0.0,0.0,0.0,108740.19180683892,0.0,108740.19180683892,0.0,0.0,16311.028771025838,0.0,16311.028771025838,0.0,0.0,59807105.493761405,0.0,0.0,0.0,0.0,0.0,0.0,3552000.0,190295335.66196808,108740.19180683892,16311.028771025838,543700959.0341946,59807105.493761405,59302585.70460679,0.0,0.0,0.0,7249.7187,7249.718699999999,6289.40323632,0.0,960.31546368,1.4210854715202006e-13,6289.40323632,6289.40323632,0.7022440714839261,1.0,100.0,61303.33899017866,1000000.0
ha/tech_dry,2029-05-01,67497.06523626667,68184.01725402666,8178.3115,2.842170943040401e-13,1275.556267824196,1100.5400573985933,0.0,15784.644215086752,0.0,0.0,0.0,0.0,0.0,0.0,0.0,0.0,0.0,1329.872304,48366.45515418667,632043106.497495,0.0,0.0,0.0,221215087.27412325,0.0,221215087.27412325,0.0,0.0,0.0,126408.62129949902,0.0,126408.62129949902,0.0,0.0,18961.29319492485,0.0,18961.29319492485,0.0,0.0,69524741.71472445,0.0,0.0,0.0,0.0,0.0,0.0,3670400.0,221215087.27412325,126408.62129949902,18961.29319492485,632043106.497495,69524741.71472445,68767951.40573922,0.0,0.0,0.0,8178.3115,8178.3115,7152.72540592,0.0,1025.58609408,3.730349362740526e-13,7152.72540592,7152.72540592,0.7093517968293419,1.0,100.0,59340.83070459444,1000000.0
ha/tech_dry,2029-06-01,70687.35277344685,70563.35319936684,8160.833,2.842170943040401e-13,1274.108217822367,1099.290691084987,0.0,15708.395169484143,0.0,0.0,0.0,0.0,0.0,0.0,0.0,0.0,0.0,7377.483168000001,48311.54809344685,661713814.7039083,0.0,0.0,0.0,231599835.14636788,0.0,231599835.14636788,0.0,0.0,0.0,132342.76294078166,0.0,132342.76294078166,0.0,0.0,19851.41444111725,0.0,19851.41444111725,0.0,0.0,72788519.61742991,0.0,0.0,0.0,0.0,0.0,0.0,3552000.0,231599835.14636788,132342.76294078166,19851.41444111725,661713814.7039083,72788519.61742991,71818507.52425438,0.0,0.0,0.0,8160.833,8160.833,7144.605415999999,0.0,1016.227584,3.801403636316536e-13,7144.605416,7144.605416,0.6846549363513006,1.0,100.0,58190.72206085208,1000000.0
ha/tech_dry,2029-07-01,74965.22576784351,73707.48792672351,8600.6245,3.410605131648481e-13,1343.4249757678988,1159.0966523682052,0.0,16526.67184293662,0.0,0.0,0.0,0.0,0.0,0.0,0.0,0.0,0.0,6388.317792,50939.89617120352,714974053.2270318,0.0,0.0,0.0,250240918.62946117,0.0,250240918.62946117,0.0,0.0,0.0,142994.81064540637,0.0,142994.81064540637,0.0,0.0,21449.22159681096,0.0,21449.22159681096,0.0,0.0,78647145.85497351,0.0,0.0,0.0,0.0,0.0,0.0,3670400.0,250240918.62946117,142994.81064540637,21449.22159681096,714974053.2270318,78647145.85497351,77409267.93870246,0.0,0.0,0.0,8600.6245,8600.6245,7533.30150736,0.0,1067.32299264,4.298783551348606e-13,7533.30150736,7533.30150736,0.6911088358057399,1.0,100.0,58105.03492620421,1000000.0
ha/tech_dry,2029-08-01,77345.42448374181,74633.89151974181,8539.3375,3.694822225952521e-13,1333.4952392356458,1150.5293526819285,0.0,16418.911985142488,0.0,0.0,0.0,0.0,0.0,0.0,0.0,0.0,0.0,9669.267648,50563.38110182181,702481294.865863,0.0,0.0,0.0,245868453.203052,0.0,245868453.203052,0.0,0.0,0.0,140496.2589731726,0.0,140496.2589731726,0.0,0.0,21074.43884597589,0.0,21074.43884597589,0.0,0.0,77272942.43524493,0.0,0.0,0.0,0.0,0.0,0.0,3670400.0,245868453.203052,140496.2589731726,21074.43884597589,702481294.865863,77272942.43524493,75867153.29832086,0.0,0.0,0.0,8539.3375,8539.3375,7477.620170079999,0.0,1061.71732992,4.316547119742609e-13,7477.62017008,7477.62017008,0.6774855239653021,1.0,100.0,59483.07265096854,1000000.0
ha/tech_dry,2029-09-01,70446.4116273322,67278.0631386922,7975.639,3.1263880373444413e-13,1243.8472136610249,1073.181731334062,0.0,15382.532887524414,0.0,0.0,0.0,0.0,0.0,0.0,0.0,0.0,0.0,3194.158896,47164.11341133221,621972095.6683255,0.0,0.0,0.0,217690233.48391396,0.0,217690233.48391396,0.0,0.0,0.0,124394.41913366511,0.0,124394.41913366511,0.0,0.0,18659.162870049768,0.0,18659.162870049768,0.0,0.0,68416930.52351582,0.0,0.0,0.0,0.0,0.0,0.0,3552000.0,217690233.48391396,124394.41913366511,18659.162870049768,621972095.6683255,68416930.52351582,67006803.11081411,0.0,0.0,0.0,7975.639,7975.638999999999,6974.9158,0.0,1000.7232,3.463895836830489e-13,6974.9158,6974.9158,0.7010325685818936,1.0,100.0,61407.57392594752,1000000.0
ha/tech_dry,2029-10-01,68946.45430757766,64385.74183237766,7596.071,5.684341886080803e-14,1175.2179078213703,1013.96889839739,0.0,14981.282702544757,0.0,0.0,0.0,0.0,0.0,0.0,0.0,0.0,0.0,2229.563328,44561.83209541766,585766850.0724545,0.0,0.0,0.0,205018397.52535903,0.0,205018397.52535903,0.0,0.0,0.0,117153.37001449092,0.0,117153.37001449092,0.0,0.0,17573.005502173633,0.0,17573.005502173633,0.0,0.0,64434353.50796999,0.0,0.0,0.0,0.0,0.0,0.0,3670400.0,205018397.52535903,117153.37001449092,17573.005502173633,585766850.0724545,64434353.50796999,62951053.42578232,0.0,0.0,0.0,7596.071,7596.071,6590.07461984,0.0,1005.99638016,7.105427357601003e-14,6590.07461984,6590.07461984,0.6921071471294108,1.0,100.0,64793.068493326144,1000000.0
ha/tech_dry,2029-11-01,65293.49395178126,61501.56199306126,7060.5206,5.684341886080803e-14,1091.6751418939923,941.8888477338578,0.0,13935.203925454252,0.0,0.0,0.0,0.0,0.0,0.0,0.0,0.0,0.0,5892.896544,41394.06322186126,498305266.3230417,0.0,0.0,0.0,174406843.21306458,0.0,174406843.21306458,0.0,0.0,0.0,99661.05326460834,0.0,99661.05326460834,0.0,0.0,14949.157989691252,0.0,14949.157989691252,0.0,0.0,54813579.29553458,0.0,0.0,0.0,0.0,0.0,0.0,3552000.0,174406843.21306458,99661.05326460834,14949.157989691252,498305266.3230417,54813579.29553458,53420157.61796661,0.0,0.0,0.0,7060.5206,7060.5206,6121.60570208,0.0,938.91489792,7.105427357601003e-14,6121.60570208,6121.60570208,0.673057104249343,1.0,100.0,67493.32531015215,1000000.0
ha/tech_dry,2029-12-01,62913.10349371068,60526.70175979068,7165.2791,8.526512829121202e-14,1108.016331436978,955.9878993643088,0.0,14147.150585308207,0.0,0.0,0.0,0.0,0.0,0.0,0.0,0.0,0.0,1557.457488,42013.68732715068,476036011.88078535,0.0,0.0,0.0,166612604.15827486,0.0,166612604.15827486,0.0,0.0,0.0,95207.20237615707,0.0,95207.20237615707,0.0,0.0,14281.08035642356,0.0,14281.08035642356,0.0,0.0,52363961.30688639,0.0,0.0,0.0,0.0,0.0,0.0,3670400.0,166612604.15827486,95207.20237615707,14281.08035642356,476036011.88078535,52363961.30688639,50906787.6621341,0.0,0.0,0.0,7165.2791,7165.2791,6213.23948144,0.0,952.03961856,1.0658141036401505e-13,6213.23948144,6213.23948144,0.6941347554982975,1.0,100.0,68771.7107126351,1000000.0
ha/tech_dry,2030-01-01,61480.91695108247,60051.45039444247,7040.0197,1.1368683772161605e-13,1088.5863640037726,939.2238741201164,0.0,13904.716451619735,0.0,0.0,0.0,0.0,0.0,0.0,0.0,0.0,0.0,2854.45824,41276.94315348247,453248997.3652141,0.0,0.0,0.0,158637149.0778249,0.0,158637149.0778249,0.0,0.0,0.0,90649.7994730428,0.0,90649.7994730428,0.0,0.0,13597.46992095642,0.0,13597.46992095642,0.0,0.0,49857389.71017354,0.0,0.0,0.0,0.0,0.0,0.0,3670400.0,158637149.0778249,90649.7994730428,13597.46992095642,453248997.3652141,49857389.71017354,48347017.55195508,0.0,0.0,0.0,7040.0197,7040.0197,6104.2852744,0.0,935.7344256,1.4210854715202006e-13,6104.2852744,6104.2852744,0.687359637150454,1.0,100.0,69112.59090527137,1000000.0
ha/tech_dry,2030-02-01,52940.5857741175,53009.4800136375,6337.4829,5.684341886080803e-14,980.0587775392808,845.5871140258731,0.0,12518.088086555888,0.0,0.0,0.0,0.0,0.0,0.0,0.0,0.0,0.0,121.67505599999998,37161.8015669175,410202309.7025265,0.0,0.0,0.0,143570808.39588425,0.0,143570808.39588425,0.0,0.0,0.0,82040.4619405053,0.0,82040.4619405053,0.0,0.0,12306.069291075795,0.0,12306.069291075795,0.0,0.0,45122254.06727792,0.0,0.0,0.0,0.0,0.0,0.0,3315200.0,143570808.39588425,82040.4619405053,12306.069291075795,410202309.7025265,45122254.06727792,43651164.73795267,0.0,0.0,0.0,6337.4829,6337.4829,5495.7131208,0.0,841.7697792,7.105427357601003e-14,5495.7131208,5495.7131208,0.7010406734296782,1.0,100.0,68063.63788821205,1000000.0
ha/tech_dry,2030-03-01,59937.24937476286,60717.61343492286,7254.9932,1.7053025658242404e-13,1122.2732820174008,968.2886857787502,0.0,14321.106515002026,0.0,0.0,0.0,0.0,0.0,0.0,0.0,0.0,0.0,256.18008000000003,42554.28140228286,501984661.6918903,0.0,0.0,0.0,175694631.5921616,0.0,175694631.5921616,0.0,0.0,0.0,100396.93233837806,0.0,100396.93233837806,0.0,0.0,15059.53985075671,0.0,15059.53985075671,0.0,0.0,55218312.786107935,0.0,0.0,0.0,0.0,0.0,0.0,3670400.0,175694631.5921616,100396.93233837806,15059.53985075671,501984661.6918903,55218312.786107935,53289523.62920421,0.0,0.0,0.0,7254.9932,7254.9932,6293.185819519999,0.0,961.80738048,2.131628207280301e-13,6293.18581952,6293.18581952,0.7008556330675372,1.0,100.0,66161.00054603469,1000000.0
ha/tech_dry,2030-04-01,60008.39906874913,61134.919512109125,7315.6447,1.1368683772161605e-13,1131.8449055242936,976.5470083235032,0.0,14429.54167021145,0.0,0.0,0.0,0.0,0.0,0.0,0.0,0.0,0.0,110.18678400000002,42917.21756650913,554653504.2693903,0.0,0.0,0.0,194128726.4942866,0.0,194128726.4942866,0.0,0.0,0.0,110930.70085387806,0.0,110930.70085387806,0.0,0.0,16639.60512808171,0.0,16639.60512808171,0.0,0.0,61011885.46963293,0.0,0.0,0.0,0.0,0.0,0.0,3552000.0,194128726.4942866,110930.70085387806,16639.60512808171,554653504.2693903,61011885.46963293,58735933.06276899,0.0,0.0,0.0,7315.6447,7315.6447,6346.85902576,0.0,968.78567424,1.4210854715202006e-13,6346.85902576,6346.85902576,0.7020082451896975,1.0,100.0,63902.6351971504,1000000.0
ha/tech_dry,2030-05-01,67857.8872021584,68703.58959367839,8183.0855,1.1368683772161605e-13,1276.38104697106,1101.2516704512886,0.0,15793.08616066935,0.0,0.0,0.0,0.0,0.0,0.0,0.0,0.0,0.0,2443.312272,48397.7290733584,632442335.6644683,0.0,0.0,0.0,221354817.4825639,0.0,221354817.4825639,0.0,0.0,0.0,126488.46713289368,0.0,126488.46713289368,0.0,0.0,18973.27006993405,0.0,18973.27006993405,0.0,0.0,69568656.92309152,0.0,0.0,0.0,0.0,0.0,0.0,3670400.0,221354817.4825639,126488.46713289368,18973.27006993405,632442335.6644683,69568656.92309152,66808421.78422471,0.0,0.0,0.0,8183.0855,8183.0855,7157.3503832,0.0,1025.7351168,1.4921397450962106e-13,7157.3503832,7157.3503832,0.7044425096212382,1.0,100.0,61780.55175865933,1000000.0
ha/tech_dry,2030-06-01,71671.66555832152,71221.51699704152,8245.928,3.410605131648481e-13,1287.893092245631,1111.1841738514424,0.0,15858.014123614374,0.0,0.0,0.0,0.0,0.0,0.0,0.0,0.0,0.0,7333.374912,48834.24201720152,670768988.6362227,0.0,0.0,0.0,234769146.0226779,0.0,234769146.0226779,0.0,0.0,0.0,134153.79772724453,0.0,134153.79772724453,0.0,0.0,20123.06965908668,0.0,20123.06965908668,0.0,0.0,73784588.74998449,0.0,0.0,0.0,0.0,0.0,0.0,3552000.0,234769146.0226779,134153.79772724453,20123.06965908668,670768988.6362227,73784588.74998449,70682336.95817824,0.0,0.0,0.0,8245.928,8245.928,7221.904570879999,0.0,1024.02342912,3.925748615074554e-13,7221.904570879999,7221.904570879999,0.6856669736370549,1.0,100.0,60942.80722769369,1000000.0
ha/tech_dry,2030-07-01,77903.3950957993,76236.3394652393,8658.7185,1.9895196601282805e-13,1352.7702672377595,1167.159697386353,0.0,16628.754825075783,0.0,0.0,0.0,0.0,0.0,0.0,0.0,0.0,0.0,11187.732096,51294.2502927593,723865853.2578522,0.0,0.0,0.0,253353048.64024824,0.0,253353048.64024824,0.0,0.0,0.0,144773.17065157046,0.0,144773.17065157046,0.0,0.0,21715.975597735567,0.0,21715.975597735567,0.0,0.0,79625243.85836375,0.0,0.0,0.0,0.0,0.0,0.0,3670400.0,253353048.64024824,144773.17065157046,21715.975597735567,723865853.2578522,79625243.85836375,76091321.92830683,0.0,0.0,0.0,8658.718499999999,8658.718499999999,7585.70554896,0.0,1073.01295104,2.7355895326763857e-13,7585.70554896,7585.70554896,0.6728320201699534,1.0,100.0,61257.09259101591,1000000.0
ha/tech_dry,2030-08-01,74365.96202737279,71759.71750721279,8508.6785,3.410605131648481e-13,1328.384528927424,1146.1198714557083,0.0,16364.870942766149,0.0,0.0,0.0,0.0,0.0,0.0,0.0,0.0,0.0,3577.883952,50369.59353857279,697321026.3385485,0.0,0.0,0.0,244062359.218492,0.0,244062359.218492,0.0,0.0,0.0,139464.2052677097,0.0,139464.2052677097,0.0,0.0,20919.630790156458,0.0,20919.630790156458,0.0,0.0,76705312.89724034,0.0,0.0,0.0,0.0,0.0,0.0,3670400.0,244062359.218492,139464.2052677097,20919.630790156458,697321026.3385485,76705312.89724034,73117799.01119071,0.0,0.0,0.0,8508.6785,8508.6785,7448.9616872,0.0,1059.7168128,3.872457909892546e-13,7448.9616872,7448.9616872,0.7019201759470415,1.0,100.0,62534.95258224847,1000000.0
ha/tech_dry,2030-09-01,69229.21211422395,66129.15794542395,7986.4425,1.7053025658242404e-13,1245.8551550168077,1074.914167566542,0.0,15401.76902946824,0.0,0.0,0.0,0.0,0.0,0.0,0.0,0.0,0.0,309.84792,47240.25039406395,624737195.4384993,0.0,0.0,0.0,218658018.4034748,0.0,218658018.4034748,0.0,0.0,0.0,124947.43908769988,0.0,124947.43908769988,0.0,0.0,18742.11586315498,0.0,18742.11586315498,0.0,0.0,68721091.49823493,0.0,0.0,0.0,0.0,0.0,0.0,3552000.0,218658018.4034748,124947.43908769988,18742.11586315498,624737195.4384993,68721091.49823493,65346184.98959774,0.0,0.0,0.0,7986.4425,7986.4425,6986.17539984,0.0,1000.26710016,2.255973186038318e-13,6986.17539984,6986.17539984,0.7143634043102602,1.0,100.0,64389.15159603165,1000000.0
ha/tech_dry,2030-10-01,67860.79283380795,63734.74118388796,7570.7716,8.526512829121202e-14,1170.969566315677,1010.3034622873076,0.0,14932.01426365732,0.0,0.0,0.0,0.0,0.0,0.0,0.0,0.0,0.0,1228.154976,44400.74377332796,582313286.2135676,0.0,0.0,0.0,203809650.17474863,0.0,203809650.17474863,0.0,0.0,0.0,116462.65724271353,0.0,116462.65724271353,0.0,0.0,17469.39858640703,0.0,17469.39858640703,0.0,0.0,64054461.483492434,0.0,0.0,0.0,0.0,0.0,0.0,3670400.0,203809650.17474863,116462.65724271353,17469.39858640703,582313286.2135676,64054461.483492434,60759262.0850518,0.0,0.0,0.0,7570.7716,7570.7716,6566.25189952,0.0,1004.51970048,1.0658141036401505e-13,6566.25189952,6566.25189952,0.6966490009777022,1.0,100.0,67344.23367963597,1000000.0
ha/tech_dry,2030-11-01,62198.44633287168,58560.50472519168,6998.4264,5.684341886080803e-14,1082.104779005357,933.6316128407624,0.0,13815.080783567304,0.0,0.0,0.0,0.0,0.0,0.0,0.0,0.0,0.0,254.41910399999995,41031.174857671685,488474102.35776126,0.0,0.0,0.0,170965935.82521644,0.0,170965935.82521644,0.0,0.0,0.0,97694.82047155226,0.0,97694.82047155226,0.0,0.0,14654.22307073284,0.0,14654.22307073284,0.0,0.0,53732151.25935374,0.0,0.0,0.0,0.0,0.0,0.0,3552000.0,170965935.82521644,97694.82047155226,14654.22307073284,488474102.35776126,53732151.25935374,50841800.09863869,0.0,0.0,0.0,6998.4264,6998.4264,6067.9395648,0.0,930.4868352,7.105427357601003e-14,6067.9395648,6067.9395648,0.7006629305915255,1.0,100.0,69900.07050831063,1000000.0
ha/tech_dry,2030-12-01,61501.38058325319,58956.68053045319,7000.119,1.9895196601282805e-13,1082.2855241176333,933.7875583221628,0.0,13827.386217884456,0.0,0.0,0.0,0.0,0.0,0.0,0.0,0.0,0.0,1087.276896,41038.02833845319,454401474.9500997,0.0,0.0,0.0,159040516.2325349,0.0,159040516.2325349,0.0,0.0,0.0,90880.29499001996,0.0,90880.29499001996,0.0,0.0,13632.04424850299,0.0,13632.04424850299,0.0,0.0,49984162.24451096,0.0,0.0,0.0,0.0,0.0,0.0,3670400.0,159040516.2325349,90880.29499001996,13632.04424850299,454401474.9500997,49984162.24451096,47178462.32774996,0.0,0.0,0.0,7000.119,7000.119,6068.9530992,0.0,931.1659008,2.486899575160351e-13,6068.9530992,6068.9530992,0.696070877281763,1.0,100.0,71362.48503699302,1000000.0
ha/tech_dry_first,2029-01-01,59072.99539723687,57877.44868667687,6962.8363,5.684341886080803e-14,1065.921124829477,919.668481503544,0.0,13745.345137877182,0.0,0.0,0.0,0.0,0.0,0.0,0.0,0.0,0.0,90.816048,40417.52416763687,444377957.504338,0.0,0.0,0.0,155532285.12651828,0.0,155532285.12651828,0.0,0.0,0.0,88875.5915008676,0.0,88875.5915008676,0.0,0.0,13331.33872513014,0.0,13331.33872513014,0.0,0.0,48881575.325477175,0.0,0.0,0.0,0.0,0.0,0.0,3670400.0,155532285.12651828,88875.5915008676,13331.33872513014,444377957.504338,48881575.325477175,48822696.03788886,0.0,0.0,0.0,6962.8363,6962.8363,5977.1891704,0.0,985.6471296,7.105427357601003e-14,5977.1891704,5977.1891704,0.6983294026390074,1.0,100.0,66031.62558573054,1000000.0
ha/tech_dry_first,2029-02-01,54547.79513802094,54457.897741060944,6378.1333,1.1368683772161605e-13,986.283661815662,850.957895912676,0.0,12596.689787474306,0.0,0.0,0.0,0.0,0.0,0.0,0.0,0.0,0.0,2709.38736,37397.83630234094,415263012.5254392,0.0,0.0,0.0,145342054.3839037,0.0,145342054.3839037,0.0,0.0,0.0,83052.60250508785,0.0,83052.60250508785,0.0,0.0,12457.890375763176,0.0,12457.890375763176,0.0,0.0,45678931.37779831,0.0,0.0,0.0,0.0,0.0,0.0,3315200.0,145342054.3839037,83052.60250508785,12457.890375763176,415263012.5254392,45678931.37779831,45514570.75285454,0.0,0.0,0.0,6378.1333,6378.1333,5530.61937232,0.0,847.51392768,1.4210854715202006e-13,5530.61937232,5530.61937232,0.6867293423657664,1.0,100.0,65135.23932087486,1000000.0
ha/tech_dry_first,2029-03-01,60405.828029611,61155.727967051,7285.9213,5.684341886080803e-14,1127.1879704237942,972.5290408279984,0.0,14381.075955690756,0.0,0.0,0.0,0.0,0.0,0.0,0.0,0.0,0.0,671.351136,42740.636220491,502222251.05868864,0.0,0.0,0.0,175777787.870541,0.0,175777787.870541,0.0,0.0,0.0,100444.45021173774,0.0,100444.45021173774,0.0,0.0,15066.66753176066,0.0,15066.66753176066,0.0,0.0,55244447.61645576,0.0,0.0,0.0,0.0,0.0,0.0,3670400.0,175777787.870541,100444.45021173774,15066.66753176066,502222251.05868864,55244447.61645576,54912547.38860531,0.0,0.0,0.0,7285.9213,7285.9213,6320.74510288,0.0,965.17619712,7.105427357601003e-14,6320.74510288,6320.74510288,0.6988819795182303,1.0,100.0,63258.15141301108,1000000.0
ha/tech_dry_first,2029-04-01,59727.929427285664,60561.14312184566,7249.7187,1.1368683772161605e-13,1121.598728272428,967.7066860379804,0.0,14301.926192626504,0.0,0.0,0.0,0.0,0.0,0.0,0.0,0.0,0.0,43.437408,42528.70371960566,533901005.1221946,0.0,0.0,0.0,186865351.7927681,0.0,186865351.7927681,0.0,0.0,0.0,106780.20102443892,0.0,106780.20102443892,0.0,0.0,16017.03015366584,0.0,16017.03015366584,0.0,0.0,58729110.5634414,0.0,0.0,0.0,0.0,0.0,0.0,3552000.0,186865351.7927681,106780.20102443892,16017.03015366584,533901005.1221946,58729110.5634414,58233732.1168615,0.0,0.0,0.0,7249.7187,7249.718699999999,6289.40323632,0.0,960.31546368,1.4210854715202006e-13,6289.40323632,6289.40323632,0.7022440714839261,1.0,100.0,61303.33899017866,1000000.0
ha/tech_dry_first,2029-05-01,67650.4593306182,68339.20539554839,8200.339986157029,2.557953848736361e-13,1287.3164165480591,1103.8768486099773,0.0,15812.420362733084,0.0,0.0,0.0,0.0,0.0,0.0,0.0,0.0,0.0,1329.872304,48513.10021394557,615081274.5745552,0.0,0.0,0.0,215278446.10109428,0.0,215278446.10109428,0.0,0.0,0.0,123016.25491491104,0.0,123016.25491491104,0.0,0.0,18452.438237236653,0.0,18452.438237236653,0.0,0.0,67658940.20320107,0.0,0.0,0.0,0.0,0.0,0.0,3670592.219339663,215278446.10109428,123016.25491491104,18452.438237236653,615081274.5745552,67658940.20320107,66922552.37008671,0.0,0.0,0.0,8200.339986157029,8200.339986157029,7174.412168806516,0.0,1025.927817350513,3.3573144264664734e-13,7174.412168806516,7174.412168806516,0.709886805577428,1.0,100.0,59327.27650870039,1000000.0
ha/tech_dry_first,2029-06-01,73579.39702694694,73527.12290789357,8561.768797448673,3.694822225952521e-13,1658.8276810779782,1158.9709904062786,0.0,16259.31902075529,0.0,0.0,0.0,0.0,0.0,0.0,0.0,0.0,0.0,7377.483168000001,50934.37358835407,640406635.0614833,0.0,0.0,0.0,224142322.27151912,0.0,224142322.27151912,0.0,0.0,0.0,128081.32701229664,0.0,128081.32701229664,0.0,0.0,19212.199051844495,0.0,19212.199051844495,0.0,0.0,70444729.85676315,0.0,0.0,0.0,0.0,0.0,0.0,3559684.870181425,224142322.27151912,128081.32701229664,19212.199051844495,640406635.0614833,70444729.85676315,69506085.61961666,0.0,0.0,0.0,8561.768797448673,8561.768797448673,7532.484794236667,0.0,1029.284003212005,3.801403636316536e-13,7532.484794236667,7532.484794236667,0.692729044384871,1.0,100.0,57720.72294667578,1000000.0
ha/tech_dry_first,2029-07-01,81547.28676948335,80452.93079047365,9513.90747812137,4.831690603168681e-13,2219.593816578296,1294.8898669850232,0.0,17781.44564615171,0.0,0.0,0.0,0.0,0.0,0.0,0.0,0.0,0.0,6388.317792,56907.72658396643,689759915.9209156,0.0,0.0,0.0,241415970.5723205,0.0,241415970.5723205,0.0,0.0,0.0,137951.98318418313,0.0,137951.98318418313,0.0,0.0,20692.797477627468,0.0,20692.797477627468,0.0,0.0,75873590.75130072,0.0,0.0,0.0,0.0,0.0,0.0,3687905.1995118177,241415970.5723205,137951.98318418313,20692.797477627468,689759915.9209156,75873590.75130072,74679389.48548536,0.0,0.0,0.0,9513.90747812137,9513.90747812137,8415.860546998372,0.0,1098.046931122998,4.685141163918162e-13,8415.860546998372,8415.860546998372,0.7073418708906105,1.0,100.0,56595.485109107205,1000000.0
ha/tech_dry_first,2029-08-01,82195.53923812819,79604.5252235094,9213.022470836111,2.842170943040401e-13,1979.6433361355248,1250.5598168899,0.0,17344.3493141635,0.0,0.0,0.0,0.0,0.0,0.0,0.0,0.0,0.0,9669.267648,54959.51273614274,678445191.2682894,0.0,0.0,0.0,237455816.94390127,0.0,237455816.94390127,0.0,0.0,0.0,135689.0382536579,0.0,135689.0382536579,0.0,0.0,20353.35573804868,0.0,20353.35573804868,0.0,0.0,74628971.03951183,0.0,0.0,0.0,0.0,0.0,0.0,3683312.7445765575,237455816.94390127,135689.0382536579,20353.35573804868,678445191.2682894,74628971.03951183,73271227.12058435,0.0,0.0,0.0,9213.022470836111,9213.022470836111,8127.746840069252,0.0,1085.2756307668592,3.371747325786601e-13,8127.746840069252,8127.746840069252,0.6904068905860604,1.0,100.0,57206.85578759046,1000000.0
ha/tech_dry_first,2029-09-01,70629.85938129103,67466.12325156218,8001.421475656311,3.694822225952521e-13,1268.5086661333753,1076.9520301576852,0.0,15417.88740559362,0.0,0.0,0.0,0.0,0.0,0.0,0.0,0.0,0.0,3194.158896,47329.810232401775,604383935.665908,0.0,0.0,0.0,211534377.48306775,0.0,211534377.48306775,0.0,0.0,0.0,120876.7871331816,0.0,120876.7871331816,0.0,0.0,18131.51806997724,0.0,18131.51806997724,0.0,0.0,66482232.92324987,0.0,0.0,0.0,0.0,0.0,0.0,3552494.181311909,211534377.48306775,120876.7871331816,18131.51806997724,604383935.665908,66482232.92324987,65111943.46894027,0.0,0.0,0.0,8001.421475656311,8001.421475656311,6999.420053164021,0.0,1002.0014224922896,4.2700565305864297e-13,6999.420053164022,6999.420053164022,0.701534458352116,1.0,100.0,59102.08325118594,1000000.0
ha/tech_dry_first,2029-10-01,68946.45430757766,64385.74183237766,7596.071,5.684341886080803e-14,1175.2179078213703,1013.96889839739,0.0,14981.282702544757,0.0,0.0,0.0,0.0,0.0,0.0,0.0,0.0,0.0,2229.563328,44561.83209541766,573086558.1204545,0.0,0.0,0.0,200580295.34215903,0.0,200580295.34215903,0.0,0.0,0.0,114617.31162409091,0.0,114617.31162409091,0.0,0.0,17192.596743613634,0.0,17192.596743613634,0.0,0.0,63039521.39325,0.0,0.0,0.0,0.0,0.0,0.0,3670400.0,200580295.34215903,114617.31162409091,17192.596743613634,573086558.1204545,63039521.39325,61588283.919105664,0.0,0.0,0.0,7596.071,7596.071,6590.07461984,0.0,1005.99638016,7.105427357601003e-14,6590.07461984,6590.07461984,0.6921071471294108,1.0,100.0,62487.57781856456,1000000.0
ha/tech_dry_first,2029-11-01,65293.49395178126,61501.56199306126,7060.5206,5.684341886080803e-14,1091.6751418939923,941.8888477338578,0.0,13935.203925454252,0.0,0.0,0.0,0.0,0.0,0.0,0.0,0.0,0.0,5892.896544,41394.06322186126,492947608.7310417,0.0,0.0,0.0,172531663.0558646,0.0,172531663.0558646,0.0,0.0,0.0,98589.52174620835,0.0,98589.52174620835,0.0,0.0,14788.428261931253,0.0,14788.428261931253,0.0,0.0,54224236.96041459,0.0,0.0,0.0,0.0,0.0,0.0,3552000.0,172531663.0558646,98589.52174620835,14788.428261931253,492947608.7310417,54224236.96041459,52845659.45830954,0.0,0.0,0.0,7060.5206,7060.5206,6121.60570208,0.0,938.91489792,7.105427357601003e-14,6121.60570208,6121.60570208,0.673057104249343,1.0,100.0,65187.83463539057,1000000.0
ha/tech_dry_first,2029-12-01,62913.10349371068,60526.70175979068,7165.2791,8.526512829121202e-14,1108.016331436978,955.9878993643088,0.0,14147.150585308207,0.0,0.0,0.0,0.0,0.0,0.0,0.0,0.0,0.0,1557.457488,42013.68732715068,473455908.33278537,0.0,0.0,0.0,165709567.91647488,0.0,165709567.91647488,0.0,0.0,0.0,94691.18166655708,0.0,94691.18166655708,0.0,0.0,14203.67724998356,0.0,14203.67724998356,0.0,0.0,52080149.91660639,0.0,0.0,0.0,0.0,0.0,0.0,3670400.0,165709567.91647488,94691.18166655708,14203.67724998356,473455908.33278537,52080149.91660639,50630755.81077867,0.0,0.0,0.0,7165.2791,7165.2791,6213.23948144,0.0,952.03961856,1.0658141036401505e-13,6213.23948144,6213.23948144,0.6941347554982975,1.0,100.0,66466.22003787356,1000000.0
ha/tech_dry_first,2030-01-01,61480.91695108247,60051.45039444247,7040.0197,1.1368683772161605e-13,1088.5863640037726,939.2238741201164,0.0,13904.716451619735,0.0,0.0,0.0,0.0,0.0,0.0,0.0,0.0,0.0,2854.45824,41276.94315348247,453265926.6532141,0.0,0.0,0.0,158643074.3286249,0.0,158643074.3286249,0.0,0.0,0.0,90653.1853306428,0.0,90653.1853306428,0.0,0.0,13597.97779959642,0.0,13597.97779959642,0.0,0.0,49859251.93185355,0.0,0.0,0.0,0.0,0.0,0.0,3670400.0,158643074.3286249,90653.1853306428,13597.97779959642,453265926.6532141,49859251.93185355,48348900.67859669,0.0,0.0,0.0,7040.0197,7040.0197,6104.2852744,0.0,935.7344256,1.4210854715202006e-13,6104.2852744,6104.2852744,0.687359637150454,1.0,100.0,66807.10023050982,1000000.0
ha/tech_dry_first,2030-02-01,52940.5857741175,53009.4800136375,6337.4829,5.684341886080803e-14,980.0587775392808,845.5871140258731,0.0,12518.088086555888,0.0,0.0,0.0,0.0,0.0,0.0,0.0,0.0,0.0,121.67505599999998,37161.8015669175,410667300.4625265,0.0,0.0,0.0,143733555.16188428,0.0,143733555.16188428,0.0,0.0,0.0,82133.46009250531,0.0,82133.46009250531,0.0,0.0,12320.019013875795,0.0,12320.019013875795,0.0,0.0,45173403.05087792,0.0,0.0,0.0,0.0,0.0,0.0,3315200.0,143733555.16188428,82133.46009250531,12320.019013875795,410667300.4625265,45173403.05087792,43700644.52695494,0.0,0.0,0.0,6337.4829,6337.4829,5495.7131208,0.0,841.7697792,7.105427357601003e-14,5495.7131208,5495.7131208,0.7010406734296782,1.0,100.0,65758.14721345052,1000000.0
ha/tech_dry_first,2030-03-01,59937.24937476286,60717.61343492286,7254.9932,1.7053025658242404e-13,1122.2732820174008,968.2886857787502,0.0,14321.106515002026,0.0,0.0,0.0,0.0,0.0,0.0,0.0,0.0,0.0,256.18008000000003,42554.28140228286,497410258.4038903,0.0,0.0,0.0,174093590.4413616,0.0,174093590.4413616,0.0,0.0,0.0,99482.05168077808,0.0,99482.05168077808,0.0,0.0,14922.307752116709,0.0,14922.307752116709,0.0,0.0,54715128.424427934,0.0,0.0,0.0,0.0,0.0,0.0,3670400.0,174093590.4413616,99482.05168077808,14922.307752116709,497410258.4038903,54715128.424427934,52804066.09231032,0.0,0.0,0.0,7254.9932,7254.9932,6293.185819519999,0.0,961.80738048,2.131628207280301e-13,6293.18581952,6293.18581952,0.7008556330675372,1.0,100.0,63855.50987127311,1000000.0
ha/tech_dry_first,2030-04-01,60008.39906874913,61134.919512109125,7315.6447,1.1368683772161605e-13,1131.8449055242936,976.5470083235032,0.0,14429.54167021145,0.0,0.0,0.0,0.0,0.0,0.0,0.0,0.0,0.0,110.18678400000002,42917.21756650913,543323961.6213903,0.0,0.0,0.0,190163386.5674866,0.0,190163386.5674866,0.0,0.0,0.0,108664.79232427808,0.0,108664.79232427808,0.0,0.0,16299.71884864171,0.0,16299.71884864171,0.0,0.0,59765635.77835294,0.0,0.0,0.0,0.0,0.0,0.0,3552000.0,190163386.5674866,108664.79232427808,16299.71884864171,543323961.6213903,59765635.77835294,57536280.13015579,0.0,0.0,0.0,7315.6447,7315.6447,6346.85902576,0.0,968.78567424,1.4210854715202006e-13,6346.85902576,6346.85902576,0.7020082451896975,1.0,100.0,61597.144522388815,1000000.0
ha/tech_dry_first,2030-05-01,68000.00468424498,68849.23598249424,8202.811621404038,1.4210854715202006e-13,1295.30400823253,1104.1833688737786,0.0,15820.18676213009,0.0,0.0,0.0,0.0,0.0,0.0,0.0,0.0,0.0,2443.312272,48526.57114441588,615421711.4488399,0.0,0.0,0.0,215397599.007094,0.0,215397599.007094,0.0,0.0,0.0,123084.342289768,0.0,123084.342289768,0.0,0.0,18462.6513434652,0.0,18462.6513434652,0.0,0.0,67696388.2593724,0.0,0.0,0.0,0.0,0.0,0.0,3670778.097149563,215397599.007094,123084.342289768,18462.6513434652,615421711.4488399,67696388.2593724,65010530.04216476,0.0,0.0,0.0,8202.811621404038,8202.811621404038,7176.404331893705,0.0,1026.407289510334,1.8673951274195133e-13,7176.404331893705,7176.404331893705,0.704823669455887,1.0,100.0,59452.60921590703,1000000.0
ha/tech_dry_first,2030-06-01,75644.65473104101,75293.02352502952,8796.626972665186,1.4210854715202006e-13,1816.3390488109708,1193.1749324836694,0.0,16614.746101767632,0.0,0.0,0.0,0.0,0.0,0.0,0.0,0.0,0.0,7333.374912,52437.565970549535,648003607.2877328,0.0,0.0,0.0,226801262.55070648,0.0,226801262.55070648,0.0,0.0,0.0,129600.72145754658,0.0,129600.72145754658,0.0,0.0,19440.108218631987,0.0,19440.108218631987,0.0,0.0,71280396.80165061,0.0,0.0,0.0,0.0,0.0,0.0,3562555.430921626,226801262.55070648,129600.72145754658,19440.108218631987,648003607.2877328,71280396.80165061,68283565.20625904,0.0,0.0,0.0,8796.626972665186,8796.626972665186,7754.786021561246,0.0,1041.8409511039388,1.62980740014973e-13,7754.786021561247,7754.786021561247,0.6964465433257281,1.0,100.0,57987.90137310756,1000000.0
ha/tech_dry_first,2030-07-01,84928.88069734006,83436.2303583833,9633.620989530891,1.1368683772161605e-13,2288.0338019253613,1312.097054123372,0.0,17968.169295720727,0.0,0.0,0.0,0.0,0.0,0.0,0.0,0.0,0.0,11187.732096,57663.94680463144,697504819.8440933,0.0,0.0,0.0,244126686.94543263,0.0,244126686.94543263,0.0,0.0,0.0,139500.96396881866,0.0,139500.96396881866,0.0,0.0,20925.1445953228,0.0,20925.1445953228,0.0,0.0,76725530.18285027,0.0,0.0,0.0,0.0,0.0,0.0,3689086.281243203,244126686.94543263,139500.96396881866,20925.1445953228,697504819.8440933,76725530.18285027,73320284.06372689,0.0,0.0,0.0,9633.620989530891,9633.620989530891,8527.694990262356,0.0,1105.9259992685363,1.3677947663381929e-13,8527.694990262356,8527.694990262356,0.691113998762261,1.0,100.0,57192.51791013896,1000000.0
ha/tech_dry_first,2030-08-01,78724.84503234415,76227.01506897659,9114.701518835842,3.1263880373444413e-13,1909.5092274462932,1235.994030612807,0.0,17197.242692815336,0.0,0.0,0.0,0.0,0.0,0.0,0.0,0.0,0.0,3577.883952,54319.37661022856,673859904.6174833,0.0,0.0,0.0,235850966.61611912,0.0,235850966.61611912,0.0,0.0,0.0,134771.98092349665,0.0,134771.98092349665,0.0,0.0,20215.797138524496,0.0,20215.797138524496,0.0,0.0,74124589.50792316,0.0,0.0,0.0,0.0,0.0,0.0,3682015.845370618,235850966.61611912,134771.98092349665,20215.797138524496,673859904.6174833,74124589.50792316,70657735.26572813,0.0,0.0,0.0,9114.701518835842,9114.701518835842,8033.079618407522,0.0,1081.6219004283196,2.8888003100746573e-13,8033.079618407522,8033.079618407522,0.7126000744103103,1.0,100.0,57780.83864606024,1000000.0
ha/tech_dry_first,2030-09-01,69878.01735394652,66794.07361113223,8076.497648307134,8.526512829121202e-14,1332.2436572422334,1088.2981740228277,0.0,15525.490699520402,0.0,0.0,0.0,0.0,0.0,0.0,0.0,0.0,0.0,309.84792,47828.44974555454,606933077.3487539,0.0,0.0,0.0,212426577.07206383,0.0,212426577.07206383,0.0,0.0,0.0,121386.6154697508,0.0,121386.6154697508,0.0,0.0,18207.992320462617,0.0,18207.992320462617,0.0,0.0,66762638.50836293,0.0,0.0,0.0,0.0,0.0,0.0,3553726.117069898,212426577.07206383,121386.6154697508,18207.992320462617,606933077.3487539,66762638.50836293,63483824.107389405,0.0,0.0,0.0,8076.497648307134,8076.497648307133,7073.161895578426,0.0,1003.3357527287078,1.2034817586936697e-13,7073.161895578426,7073.161895578426,0.7160582842125565,1.0,100.0,59532.53873163226,1000000.0
ha/tech_dry_first,2030-10-01,67860.79283380795,63734.74118388796,7570.7716,8.526512829121202e-14,1170.969566315677,1010.3034622873076,0.0,14932.01426365732,0.0,0.0,0.0,0.0,0.0,0.0,0.0,0.0,0.0,1228.154976,44400.74377332796,570157860.8335676,0.0,0.0,0.0,199555251.29174867,0.0,199555251.29174867,0.0,0.0,0.0,114031.57216671354,0.0,114031.57216671354,0.0,0.0,17104.73582500703,0.0,17104.73582500703,0.0,0.0,62717364.69169244,0.0,0.0,0.0,0.0,0.0,0.0,3670400.0,199555251.29174867,114031.57216671354,17104.73582500703,570157860.8335676,62717364.69169244,59490783.47514257,0.0,0.0,0.0,7570.7716,7570.7716,6566.25189952,0.0,1004.51970048,1.0658141036401505e-13,6566.25189952,6566.25189952,0.6966490009777022,1.0,100.0,62487.62081523657,1000000.0
ha/tech_dry_first,2030-11-01,62198.44633287168,58560.50472519168,6998.4264,5.684341886080803e-14,1082.104779005357,933.6316128407624,0.0,13815.080783567304,0.0,0.0,0.0,0.0,0.0,0.0,0.0,0.0,0.0,254.41910399999995,41031.174857671685,484483481.54976135,0.0,0.0,0.0,169569218.54241645,0.0,169569218.54241645,0.0,0.0,0.0,96896.69630995228,0.0,96896.69630995228,0.0,0.0,14534.50444649284,0.0,14534.50444649284,0.0,0.0,53293182.970473744,0.0,0.0,0.0,0.0,0.0,0.0,3552000.0,169569218.54241645,96896.69630995228,14534.50444649284,484483481.54976135,53293182.970473744,50426350.29219356,0.0,0.0,0.0,6998.4264,6998.4264,6067.9395648,0.0,930.4868352,7.105427357601003e-14,6067.9395648,6067.9395648,0.7006629305915255,1.0,100.0,65043.4576439112,1000000.0
ha/tech_dry_first,2030-12-01,61501.38058325319,58956.68053045319,7000.119,1.9895196601282805e-13,1082.2855241176333,933.7875583221628,0.0,13827.386217884456,0.0,0.0,0.0,0.0,0.0,0.0,0.0,0.0,0.0,1087.276896,41038.02833845319,455262582.7100997,0.0,0.0,0.0,159341903.94853488,0.0,159341903.94853488,0.0,0.0,0.0,91052.51654201996,0.0,91052.51654201996,0.0,0.0,13657.87748130299,0.0,13657.87748130299,0.0,0.0,50078884.09811097,0.0,0.0,0.0,0.0,0.0,0.0,3670400.0,159341903.94853488,91052.51654201996,13657.87748130299,455262582.7100997,50078884.09811097,47267816.28722753,0.0,0.0,0.0,7000.119,7000.119,6068.9530992,0.0,931.1659008,2.486899575160351e-13,6068.9530992,6068.9530992,0.696070877281763,1.0,100.0,66505.87217259356,1000000.0
ha/tech_efficient_evaporative,2029-01-01,64747.0985043084,63690.30538957124,7750.450530253894,8.526512829121202e-14,1812.2511823442017,1036.9208083776548,0.0,14825.061348000514,0.0,0.0,0.0,0.0,0.0,0.0,0.0,0.0,0.0,90.816048,45570.52098166085,421414304.2113012,0.0,0.0,0.0,147495006.4739554,0.0,147495006.4739554,0.0,0.0,0.0,84282.86084226024,0.0,84282.86084226024,0.0,0.0,12642.429126339037,0.0,12642.429126339037,0.0,0.0,46355573.46324313,0.0,0.0,0.0,0.0,0.0,0.0,3685266.4566953033,147495006.4739554,84282.86084226024,12642.429126339037,421414304.2113012,46355573.46324313,46299500.98045511,0.0,0.0,0.0,7750.450530253894,7750.450530253894,6739.2456641164645,0.0,1011.204866137429,1.1812772982011668e-13,6739.245664116465,6739.245664116465,0.7155016874691049,1.0,100.0,65146.54193239295,1000000.0
ha/tech_efficient_evaporative,2029-02-01,59672.81984437768,59710.178522793416,7089.47791317822,1.1368683772161605e-13,1668.6691721809073,956.6812007275672,0.0,13573.969330511109,0.0,0.0,0.0,0.0,0.0,0.0,0.0,0.0,0.0,2709.38736,42044.156485514286,386499976.1114156,0.0,0.0,0.0,135274991.63899544,0.0,135274991.63899544,0.0,0.0,0.0,77299.99522228312,0.0,77299.99522228312,0.0,0.0,11594.999283342468,0.0,11594.999283342468,0.0,0.0,42514997.37225571,0.0,0.0,0.0,0.0,0.0,0.0,3328834.579504543,135274991.63899544,77299.99522228312,11594.999283342468,386499976.1114156,42514997.37225571,42361980.69585371,0.0,0.0,0.0,7089.47791317822,7089.47791317822,6217.745445799588,0.0,871.7324673786314,1.2079226507921706e-13,6217.745445799588,6217.745445799588,0.704137176033808,1.0,100.0,63440.514081796326,1000000.0
ha/tech_efficient_evaporative,2029-03-01,66356.05023106385,67253.69867429516,8111.815886089198,1.7053025658242404e-13,1919.4569645157303,1095.27459932368,0.0,15515.72686575366,0.0,0.0,0.0,0.0,0.0,0.0,0.0,0.0,0.0,671.351136,48135.04918206011,448641697.9541386,0.0,0.0,0.0,157024594.28394848,0.0,157024594.28394848,0.0,0.0,0.0,89728.33959082772,0.0,89728.33959082772,0.0,0.0,13459.250938624156,0.0,13459.250938624156,0.0,0.0,49350586.77495524,0.0,0.0,0.0,0.0,0.0,0.0,3686230.197049068,157024594.28394848,89728.33959082772,13459.250938624156,448641697.9541386,49350586.77495524,49055122.0996569,0.0,0.0,0.0,8111.815886089198,8111.815886089198,7118.503684054406,0.0,993.312202034792,2.0161650127192845e-13,7118.503684054406,7118.503684054406,0.7157234491321393,1.0,100.0,60623.4086740493,1000000.0
ha/tech_efficient_evaporative,2029-04-01,65840.65026514878,66825.63236088133,8098.083969053034,3.410605131648481e-13,1935.4423123098736,1093.8080721461606,0.0,15467.465872287705,0.0,0.0,0.0,0.0,0.0,0.0,0.0,0.0,0.0,43.437408,48070.59835131839,460657592.8897396,0.0,0.0,0.0,161230157.51140884,0.0,161230157.51140884,0.0,0.0,0.0,92131.51857794792,0.0,92131.51857794792,0.0,0.0,13819.727786692189,0.0,13819.727786692189,0.0,0.0,50672335.21787135,0.0,0.0,0.0,0.0,0.0,0.0,3568260.9001256307,161230157.51140884,92131.51857794792,13819.727786692189,460657592.8897396,50672335.21787135,50245104.13144447,0.0,0.0,0.0,8098.083969053034,8098.083969053034,7108.972303410335,0.0,989.1116656426992,4.902744876744691e-13,7108.972303410335,7108.972303410335,0.719343710684557,1.0,100.0,57702.98426600686,1000000.0
ha/tech_efficient_evaporative,2029-05-01,74244.91725798801,75099.41620181568,9114.876634206032,2.557953848736361e-13,2173.9990894239963,1239.7415034344697,0.0,17071.34780496278,0.0,0.0,0.0,0.0,0.0,0.0,0.0,0.0,0.0,1329.872304,54484.07027580846,508602694.0133652,0.0,0.0,0.0,178010942.9046778,0.0,178010942.9046778,0.0,0.0,0.0,101720.53880267304,0.0,101720.53880267304,0.0,0.0,15258.080820400955,0.0,15258.080820400955,0.0,0.0,55946296.341470174,0.0,0.0,0.0,0.0,0.0,0.0,3688351.456364393,178010942.9046778,101720.53880267304,15258.080820400955,508602694.0133652,55946296.341470174,55337760.92629768,0.0,0.0,0.0,9114.876634206032,9114.876634206032,8057.43551883959,0.0,1057.4411153664437,2.611244553918368e-13,8057.43551883959,8057.43551883959,0.725492594102099,1.0,100.0,54674.48623275519,1000000.0
ha/tech_efficient_evaporative,2029-06-01,77509.91415692831,77555.32890909219,9107.836653955075,4.547473508864641e-13,2182.549219756751,1240.0302852032555,0.0,17009.42533437574,0.0,0.0,0.0,0.0,0.0,0.0,0.0,0.0,0.0,7377.483168000001,54496.76163617779,514174632.829964,0.0,0.0,0.0,179961121.49048737,0.0,179961121.49048737,0.0,0.0,0.0,102834.9265659928,0.0,102834.9265659928,0.0,0.0,15425.23898489892,0.0,15425.23898489892,0.0,0.0,56559209.61129604,0.0,0.0,0.0,0.0,0.0,0.0,3570151.534954701,179961121.49048737,102834.9265659928,15425.23898489892,514174632.829964,56559209.61129604,55806174.34764731,0.0,0.0,0.0,9107.836653955075,9107.836653955075,8059.312394361272,0.0,1048.524259593804,3.552713678800501e-13,8059.312394361272,8059.312394361272,0.7026823611315878,1.0,100.0,52446.522260834565,1000000.0
ha/tech_efficient_evaporative,2029-07-01,82177.6653456762,81099.00796521574,9601.660565582872,1.1368683772161605e-13,2303.716996984489,1307.8825697801617,0.0,17901.951420133526,0.0,0.0,0.0,0.0,0.0,0.0,0.0,0.0,0.0,6388.317792,57478.72895034839,543483699.9113743,0.0,0.0,0.0,190219294.968981,0.0,190219294.968981,0.0,0.0,0.0,108696.73998227486,0.0,108696.73998227486,0.0,0.0,16304.510997341227,0.0,16304.510997341227,0.0,0.0,59783206.99025117,0.0,0.0,0.0,0.0,0.0,0.0,3689587.1922135223,190219294.968981,108696.73998227486,16304.510997341227,543483699.9113743,59783206.99025117,58842362.76787959,0.0,0.0,0.0,9601.660565582872,9601.660565582872,8500.303848039159,0.0,1101.3567175437126,8.881784197001252e-14,8500.303848039159,8500.303848039159,0.7087476208710426,1.0,100.0,51221.462644310544,1000000.0
ha/tech_efficient_evaporative,2029-08-01,84487.53050935577,81953.34641696984,9530.694212073837,2.842170943040401e-13,2284.4834889113245,1297.860745968129,0.0,17780.87635176715,0.0,0.0,0.0,0.0,0.0,0.0,0.0,0.0,0.0,9669.267648,57038.29055947911,538248225.2840701,0.0,0.0,0.0,188386878.8494245,0.0,188386878.8494245,0.0,0.0,0.0,107649.64505681404,0.0,107649.64505681404,0.0,0.0,16147.446758522106,0.0,16147.446758522106,0.0,0.0,59207304.78124772,0.0,0.0,0.0,0.0,0.0,0.0,3689401.6648157937,188386878.8494245,107649.64505681404,16147.446758522106,538248225.2840701,59207304.78124772,58129863.21997608,0.0,0.0,0.0,9530.69421207384,9530.694212073837,8435.169141390297,0.0,1095.5250706835404,2.220446049250313e-13,8435.169141390297,8435.169141390297,0.6959848871731777,1.0,99.99999999999996,51471.16324778511,1000000.0
ha/tech_efficient_evaporative,2029-09-01,77028.21616245166,74023.31817759378,8889.305675979002,2.273736754432321e-13,2120.2906357955426,1208.951305221141,0.0,16637.74651509698,0.0,0.0,0.0,0.0,0.0,0.0,0.0,0.0,0.0,3194.158896,53130.90486300776,496161994.4367476,0.0,0.0,0.0,173656698.05286163,0.0,173656698.05286163,0.0,0.0,0.0,99232.39888734953,0.0,99232.39888734953,0.0,0.0,14884.859833102426,0.0,14884.859833102426,0.0,0.0,54577819.38804223,0.0,0.0,0.0,0.0,0.0,0.0,3569512.553976656,173656698.05286163,99232.39888734953,14884.859833102426,496161994.4367476,54577819.38804223,53452736.44889286,0.0,0.0,0.0,8889.305675979002,8889.305675979002,7857.321191756971,0.0,1031.9844842220314,1.7763568394002505e-13,7857.321191756971,7857.321191756971,0.7177590274396808,1.0,100.0,52355.77059684744,1000000.0
ha/tech_efficient_evaporative,2029-10-01,75396.35326537795,70995.79579809474,8491.316290401684,2.557953848736361e-13,2034.0151093891925,1147.0223640263014,0.0,16211.211698931147,0.0,0.0,0.0,0.0,0.0,0.0,0.0,0.0,0.0,2229.563328,50409.25621704517,486068451.6332474,0.0,0.0,0.0,170123958.07163656,0.0,170123958.07163656,0.0,0.0,0.0,97213.69032664948,0.0,97213.69032664948,0.0,0.0,14582.05354899742,0.0,14582.05354899742,0.0,0.0,53467529.67965721,0.0,0.0,0.0,0.0,0.0,0.0,3687559.465133942,170123958.07163656,97213.69032664948,14582.05354899742,486068451.6332474,53467529.67965721,52236463.08649302,0.0,0.0,0.0,8491.316290401684,8491.316290401683,7454.8272452003075,0.0,1036.489045201376,3.2684965844964614e-13,7454.8272452003075,7454.8272452003075,0.7100315680720627,1.0,99.99999999999996,54722.31295474144,1000000.0
ha/tech_efficient_evaporative,2029-11-01,71125.12744678528,67478.01067098902,7870.018299619176,2.557953848736361e-13,1868.2007199480008,1062.1853008971812,0.0,15047.314877597802,0.0,0.0,0.0,0.0,0.0,0.0,0.0,0.0,0.0,5892.896544,46680.84307872959,439668314.6896646,0.0,0.0,0.0,153883910.1413826,0.0,153883910.1413826,0.0,0.0,0.0,87933.66293793292,0.0,87933.66293793292,0.0,0.0,13190.04944068994,0.0,13190.04944068994,0.0,0.0,48363514.61586311,0.0,0.0,0.0,0.0,0.0,0.0,3567515.912456115,153883910.1413826,87933.66293793292,13190.04944068994,439668314.6896646,48363514.61586311,47133397.6664155,0.0,0.0,0.0,7870.018299619176,7870.018299619176,6903.446845433977,0.0,966.5714541851992,3.641531520770514e-13,6903.446845433977,6903.446845433977,0.6917934096536605,1.0,100.0,56501.22901058968,1000000.0
ha/tech_efficient_evaporative,2029-12-01,68644.30215886465,66400.21617113418,7960.805279189936,1.9895196601282805e-13,1871.14616288875,1074.213870204438,0.0,15240.073315050282,0.0,0.0,0.0,0.0,0.0,0.0,0.0,0.0,0.0,1557.457488,47209.47377604709,432263707.84288687,0.0,0.0,0.0,151292297.7450104,0.0,151292297.7450104,0.0,0.0,0.0,86452.74156857739,0.0,86452.74156857739,0.0,0.0,12967.911235286609,0.0,12967.911235286609,0.0,0.0,47549007.86271756,0.0,0.0,0.0,0.0,0.0,0.0,3685648.115663164,151292297.7450104,86452.74156857739,12967.911235286609,432263707.84288687,47549007.86271756,46225253.53820482,0.0,0.0,0.0,7960.805279189935,7960.805279189935,6981.623966477854,0.0,979.1813127120816,2.7977620220553945e-13,6981.623966477854,6981.623966477854,0.7109837361729888,1.0,100.0,56874.16883543142,1000000.0
ha/tech_efficient_evaporative,2030-01-01,67095.78319199357,65805.73933654667,7819.374140686959,1.4210854715202006e-13,1836.2083886025812,1055.051136241438,0.0,14975.42687278954,0.0,0.0,0.0,0.0,0.0,0.0,0.0,0.0,0.0,2854.45824,46367.31132441961,423494260.81897545,0.0,0.0,0.0,148222991.2866414,0.0,148222991.2866414,0.0,0.0,0.0,84698.85216379509,0.0,84698.85216379509,0.0,0.0,12704.827824569264,0.0,12704.827824569264,0.0,0.0,46584368.6900873,0.0,0.0,0.0,0.0,0.0,0.0,3685338.146556404,148222991.2866414,84698.85216379509,12704.827824569264,423494260.81897545,46584368.6900873,45173521.438007474,0.0,0.0,0.0,7819.37414068696,7819.374140686959,6857.079863659801,0.0,962.2942770271586,1.9806378759312798e-13,6857.079863659801,6857.079863659801,0.7046089260890425,1.0,100.0,56328.0043022757,1000000.0
ha/tech_efficient_evaporative,2030-02-01,58051.802499031255,58247.60880445857,7046.904545795162,2.273736754432321e-13,1660.6010419912886,951.0258582139736,0.0,13492.72710606376,0.0,0.0,0.0,0.0,0.0,0.0,0.0,0.0,0.0,121.67505599999998,41795.615900165816,385436954.1964985,0.0,0.0,0.0,134902933.96877447,0.0,134902933.96877447,0.0,0.0,0.0,77087.39083929971,0.0,77087.39083929971,0.0,0.0,11563.108625894956,0.0,11563.108625894956,0.0,0.0,42398064.96161484,0.0,0.0,0.0,0.0,0.0,0.0,3328797.721347212,134902933.96877447,77087.39083929971,11563.108625894956,385436954.1964985,42398064.96161484,41015782.88268632,0.0,0.0,0.0,7046.904545795163,7046.904545795162,6180.989753170119,0.0,865.9147926250438,3.1619151741324463e-13,6180.989753170119,6180.989753170119,0.71755075887281,1.0,100.0,54471.59695485709,1000000.0
ha/tech_efficient_evaporative,2030-03-01,65864.14913140416,66791.68361670773,8077.656391803765,2.273736754432321e-13,1911.4411574059952,1090.5528789644752,0.0,15451.316788335387,0.0,0.0,0.0,0.0,0.0,0.0,0.0,0.0,0.0,256.18008000000003,47927.53935588994,446884498.78934985,0.0,0.0,0.0,156409574.57627246,0.0,156409574.57627246,0.0,0.0,0.0,89376.89975786998,0.0,89376.89975786998,0.0,0.0,13406.534963680497,0.0,13406.534963680497,0.0,0.0,49157294.86682849,0.0,0.0,0.0,0.0,0.0,0.0,3686168.25983681,156409574.57627246,89376.89975786998,13406.534963680497,446884498.78934985,49157294.86682849,47440943.85357507,0.0,0.0,0.0,8077.656391803765,8077.656391803765,7087.815869516546,0.0,989.8405222872184,3.2329694477084564e-13,7087.815869516547,7087.815869516547,0.7175674688922052,1.0,100.0,51632.621312147545,1000000.0
ha/tech_efficient_evaporative,2030-04-01,66158.84567025032,67438.07161144666,8169.248215335953,3.1263880373444413e-13,1950.7130444625448,1103.4265466586603,0.0,15602.277493962918,0.0,0.0,0.0,0.0,0.0,0.0,0.0,0.0,0.0,110.18678400000002,48493.31037623109,463518273.52843976,0.0,0.0,0.0,162231395.7349539,0.0,162231395.7349539,0.0,0.0,0.0,92703.65470568796,0.0,92703.65470568796,0.0,0.0,13905.548205853194,0.0,13905.548205853194,0.0,0.0,50987010.08812837,0.0,0.0,0.0,0.0,0.0,0.0,3568361.303339608,162231395.7349539,92703.65470568796,13905.548205853194,463518273.52843976,50987010.08812837,49085537.53027047,0.0,0.0,0.0,8169.248215335953,8169.248215335953,7171.485527303677,0.0,997.7626880322752,4.0767389464235753e-13,7171.485527303677,7171.485527303677,0.719079137606895,1.0,100.0,48402.68232648865,1000000.0
ha/tech_efficient_evaporative,2030-05-01,74606.9794659398,75620.25892120799,9119.81909984999,1.9895196601282805e-13,2174.9862960109945,1240.4788621968005,0.0,17080.021962680315,0.0,0.0,0.0,0.0,0.0,0.0,0.0,0.0,0.0,2443.312272,54516.47566557238,508696702.2703513,0.0,0.0,0.0,178043845.79462296,0.0,178043845.79462296,0.0,0.0,0.0,101739.34045407026,0.0,101739.34045407026,0.0,0.0,15260.90106811054,0.0,15260.90106811054,0.0,0.0,55956637.24973864,0.0,0.0,0.0,0.0,0.0,0.0,3688354.685401591,178043845.79462296,101739.34045407026,15260.90106811054,508696702.2703513,55956637.24973864,53736926.181038246,0.0,0.0,0.0,9119.81909984999,9119.81909984999,8062.227824868929,0.0,1057.591274981061,1.758593271006248e-13,8062.22782486893,8062.22782486893,0.7209242132108468,1.0,100.0,45214.41657520946,1000000.0
ha/tech_efficient_evaporative,2030-06-01,78506.3457820103,78225.91146985866,9194.60818317079,5.684341886080803e-14,2197.943607706799,1252.1740082328984,0.0,17161.348739952773,0.0,0.0,0.0,0.0,0.0,0.0,0.0,0.0,0.0,7333.374912,55030.45310099048,515137388.82988507,0.0,0.0,0.0,180298086.09045976,0.0,180298086.09045976,0.0,0.0,0.0,103027.47776597702,0.0,103027.47776597702,0.0,0.0,15454.121664896553,0.0,15454.121664896553,0.0,0.0,56665112.77128736,0.0,0.0,0.0,0.0,0.0,0.0,3570183.669549467,180298086.09045976,103027.47776597702,15454.121664896553,515137388.82988507,56665112.77128736,54283342.8385161,0.0,0.0,0.0,9194.60818317079,9194.60818317079,8138.237932466537,0.0,1056.3702507042533,4.440892098500626e-14,8138.237932466537,8138.237932466537,0.7034811364543108,1.0,100.0,43296.9072796543,1000000.0
ha/tech_efficient_evaporative,2030-07-01,85149.99649442955,83662.86964126007,9664.496543795458,1.1368683772161605e-13,2317.6111350786755,1316.6503170016654,0.0,18010.549082327736,0.0,0.0,0.0,0.0,0.0,0.0,0.0,0.0,0.0,11187.732096,57864.05327356703,546069526.7036914,0.0,0.0,0.0,191124334.346292,0.0,191124334.346292,0.0,0.0,0.0,109213.90534073827,0.0,109213.90534073827,0.0,0.0,16382.08580111074,0.0,16382.08580111074,0.0,0.0,60067647.93740605,0.0,0.0,0.0,0.0,0.0,0.0,3689678.0832918417,191124334.346292,109213.90534073827,16382.08580111074,546069526.7036914,60067647.93740605,57401624.901887104,0.0,0.0,0.0,9664.496543795458,9664.496543795458,8557.28795132766,0.0,1107.2085924677983,8.881784197001252e-14,8557.28795132766,8557.28795132766,0.6916336186134139,1.0,100.0,42466.422997745096,1000000.0
ha/tech_efficient_evaporative,2030-08-01,81483.23544650317,79053.73517418503,9496.655445236858,2.842170943040401e-13,2276.115673162319,1292.9360666357163,0.0,17722.178079030316,0.0,0.0,0.0,0.0,0.0,0.0,0.0,0.0,0.0,3577.883952,56821.86110697657,536412886.0601005,0.0,0.0,0.0,187744510.12103516,0.0,187744510.12103516,0.0,0.0,0.0,107282.57721202009,0.0,107282.57721202009,0.0,0.0,16092.386581803014,0.0,16092.386581803014,0.0,0.0,59005417.46661105,0.0,0.0,0.0,0.0,0.0,0.0,3689336.883697343,187744510.12103516,107282.57721202009,16092.386581803014,536412886.0601005,59005417.46661105,56245497.03593733,0.0,0.0,0.0,9496.655445236858,9496.655445236858,8403.16223828836,0.0,1093.4932069484987,2.220446049250313e-13,8403.16223828836,8403.16223828836,0.7187751594757249,1.0,100.0,42619.80759690093,1000000.0
ha/tech_efficient_evaporative,2030-09-01,75829.78370925543,72893.62385372876,8902.59001227639,1.4210854715202006e-13,2124.706067546178,1211.0763108297554,0.0,16660.41677250374,0.0,0.0,0.0,0.0,0.0,0.0,0.0,0.0,0.0,309.84792,53224.2944563992,497500724.66856784,0.0,0.0,0.0,174125253.63399872,0.0,174125253.63399872,0.0,0.0,0.0,99500.14493371356,0.0,99500.14493371356,0.0,0.0,14925.021740057036,0.0,14925.021740057036,0.0,0.0,54725079.71354246,0.0,0.0,0.0,0.0,0.0,0.0,3569560.104993572,174125253.63399872,99500.14493371356,14925.021740057036,497500724.66856784,54725079.71354246,52037075.08784309,0.0,0.0,0.0,8902.59001227639,8902.59001227639,7871.132212539246,0.0,1031.457799737144,1.3145040611561853e-13,7871.132212539246,7871.132212539246,0.7301639243948302,1.0,100.0,43431.26138488139,1000000.0
ha/tech_efficient_evaporative,2030-10-01,74301.0859108789,70334.96346652231,8464.754685141572,1.7053025658242404e-13,2028.5400990026824,1143.155659238663,0.0,16160.194380299929,0.0,0.0,0.0,0.0,0.0,0.0,0.0,0.0,0.0,1228.154976,50239.32255361464,485371021.7134661,0.0,0.0,0.0,169879857.59971312,0.0,169879857.59971312,0.0,0.0,0.0,97074.20434269322,0.0,97074.20434269322,0.0,0.0,14561.130651403982,0.0,14561.130651403982,0.0,0.0,53390812.38848127,0.0,0.0,0.0,0.0,0.0,0.0,3687535.272024651,169879857.59971312,97074.20434269322,14561.130651403982,485371021.7134661,53390812.38848127,50643385.47234313,0.0,0.0,0.0,8464.754685141572,8464.754685141572,7429.696422032354,0.0,1035.0582631092168,2.042810365310288e-13,7429.696422032354,7429.696422032354,0.7142866090707121,1.0,100.0,45368.84373023529,1000000.0
ha/tech_efficient_evaporative,2030-11-01,67995.5941913999,64501.61773581676,7803.172539837424,1.7053025658242404e-13,1854.0644334441768,1053.2151362034658,0.0,14920.656527579476,0.0,0.0,0.0,0.0,0.0,0.0,0.0,0.0,0.0,254.41910399999995,46286.62292702536,437071743.20092607,0.0,0.0,0.0,152975110.1203241,0.0,152975110.1203241,0.0,0.0,0.0,87414.34864018521,0.0,87414.34864018521,0.0,0.0,13112.152296027782,0.0,13112.152296027782,0.0,0.0,48077891.75210187,0.0,0.0,0.0,0.0,0.0,0.0,3567424.837724663,152975110.1203241,87414.34864018521,13112.152296027782,437071743.20092607,48077891.75210187,45491238.33349163,0.0,0.0,0.0,7803.172539837424,7803.172539837424,6845.147172951645,0.0,958.0253668857785,2.424727085781342e-13,6845.147172951645,6845.147172951645,0.7176040625307155,1.0,100.0,47008.75575237422,1000000.0
ha/tech_efficient_evaporative,2030-12-01,67185.84748396437,64782.29533221029,7789.117079454936,2.8421709430404014e-14,1839.1623404247148,1051.051336996454,0.0,14911.34903650692,0.0,0.0,0.0,0.0,0.0,0.0,0.0,0.0,0.0,1087.276896,46191.52843536644,428632677.0915762,0.0,0.0,0.0,150021436.98205167,0.0,150021436.98205167,0.0,0.0,0.0,85726.53541831525,0.0,85726.53541831525,0.0,0.0,12858.980312747286,0.0,12858.980312747286,0.0,0.0,47149594.480073385,0.0,0.0,0.0,0.0,0.0,0.0,3685522.989397777,150021436.98205167,85726.53541831525,12858.980312747286,428632677.0915762,47149594.480073385,44502757.98234719,0.0,0.0,0.0,7789.117079454936,7789.117079454936,6831.084021449567,0.0,958.0330580053692,3.996802888650564e-14,6831.084021449567,6831.084021449567,0.7130270423190707,1.0,100.0,47573.145563703576,1000000.0
ha/tech_evaporative,2029-01-01,64946.02826260126,63894.17019456851,7778.036787952024,1.4210854715202006e-13,1838.7199345433976,1041.0255857159195,0.0,14862.965854650276,0.0,0.0,0.0,0.0,0.0,0.0,0.0,0.0,0.0,90.816048,45750.917440394376,436204167.4565822,0.0,0.0,0.0,152671458.60980377,0.0,152671458.60980377,0.0,0.0,0.0,87240.83349131644,0.0,87240.83349131644,0.0,0.0,13086.125023697468,0.0,13086.125023697468,0.0,0.0,47982458.42022404,0.0,0.0,0.0,0.0,0.0,0.0,3685795.211699348,152671458.60980377,87240.83349131644,13086.125023697468,436204167.4565822,47982458.42022404,47924430.36457733,0.0,0.0,0.0,7778.036787952024,7778.036787952024,6765.923789056734,0.0,1012.1129988952896,1.9984014443252818e-13,6765.923789056734,6765.923789056734,0.7160421256129491,1.0,100.0,65115.13813348934,1000000.0
ha/tech_evaporative,2029-02-01,59860.19453254405,59902.20576289072,7115.485062493704,1.7053025658242404e-13,1693.6175909307306,960.5465287414108,0.0,13609.699234889851,0.0,0.0,0.0,0.0,0.0,0.0,0.0,0.0,0.0,2709.38736,42214.02964258928,400443219.29550034,0.0,0.0,0.0,140155126.7534251,0.0,140155126.7534251,0.0,0.0,0.0,80088.64385910008,0.0,80088.64385910008,0.0,0.0,12013.29657886501,0.0,12013.29657886501,0.0,0.0,44048754.12250504,0.0,0.0,0.0,0.0,0.0,0.0,3329333.067211428,140155126.7534251,80088.64385910008,12013.29657886501,400443219.29550034,44048754.12250504,43890219.310133405,0.0,0.0,0.0,7115.485062493704,7115.485062493704,6242.867320919869,0.0,872.6177415738351,2.40696351738734e-13,6242.867320919869,6242.867320919869,0.7047157797441371,1.0,100.0,63379.509312211965,1000000.0
ha/tech_evaporative,2029-03-01,66586.97041727262,67490.35228631932,8143.864977315646,1.7053025658242404e-13,1950.201823371848,1100.0383121966288,0.0,15559.757918351164,0.0,0.0,0.0,0.0,0.0,0.0,0.0,0.0,0.0,671.351136,48344.40449219895,465824215.38357073,0.0,0.0,0.0,163038475.38424975,0.0,163038475.38424975,0.0,0.0,0.0,93164.84307671415,0.0,93164.84307671415,0.0,0.0,13974.726461507124,0.0,13974.726461507124,0.0,0.0,51240663.69219279,0.0,0.0,0.0,0.0,0.0,0.0,3686844.492672146,163038475.38424975,93164.84307671415,13974.726461507124,465824215.38357073,51240663.69219279,50933826.44996389,0.0,0.0,0.0,8143.864977315645,8143.864977315645,7149.464419980175,0.0,994.4005573354698,2.4424906541753444e-13,7149.464419980175,7149.464419980175,0.7163157822484597,1.0,100.0,60525.92561979342,1000000.0
ha/tech_evaporative,2029-04-01,66089.90956176528,67081.08019359988,8132.677066527195,3.694822225952521e-13,1968.627929006428,1098.9501621730124,0.0,15514.992301334523,0.0,0.0,0.0,0.0,0.0,0.0,0.0,0.0,0.0,43.437408,48296.582553356784,479204031.967452,0.0,0.0,0.0,167721411.1886082,0.0,167721411.1886082,0.0,0.0,0.0,95840.8063934904,0.0,95840.8063934904,0.0,0.0,14376.12095902356,0.0,14376.12095902356,0.0,0.0,52712443.51641972,0.0,0.0,0.0,0.0,0.0,0.0,3568923.957565136,167721411.1886082,95840.8063934904,14376.12095902356,479204031.967452,52712443.51641972,52268000.848026775,0.0,0.0,0.0,8132.677066527195,8132.677066527195,7142.39222095657,0.0,990.2848455706252,4.636291350834654e-13,7142.39222095657,7142.39222095657,0.7199732385639893,1.0,100.0,57566.12705895239,1000000.0
ha/tech_evaporative,2029-05-01,74537.02451937244,75398.77611519607,9155.417998642704,8.526512829121202e-14,2212.8905843228126,1245.7674515354165,0.0,17127.0460328537,0.0,0.0,0.0,0.0,0.0,0.0,0.0,0.0,0.0,1329.872304,54748.89820880966,530338183.89824426,0.0,0.0,0.0,185618364.3643855,0.0,185618364.3643855,0.0,0.0,0.0,106067.63677964883,0.0,106067.63677964883,0.0,0.0,15910.145516947328,0.0,15910.145516947328,0.0,0.0,58337200.22880687,0.0,0.0,0.0,0.0,0.0,0.0,3689128.526221104,185618364.3643855,106067.63677964883,15910.145516947328,530338183.89824426,58337200.22880687,57702636.26552232,0.0,0.0,0.0,9155.417998642704,9155.417998642704,8096.59988345007,0.0,1058.8181151926349,8.704148513061227e-14,8096.599883450071,8096.599883450071,0.7261244947154443,1.0,100.0,54491.48487880592,1000000.0
ha/tech_evaporative,2029-06-01,77817.37878382,77870.42800276433,9150.512312486318,0.0,2223.487514736111,1246.3729189514986,0.0,17068.055192385145,0.0,0.0,0.0,0.0,0.0,0.0,0.0,0.0,0.0,7377.483168000001,54775.50724719077,537054383.0894936,0.0,0.0,0.0,187969034.0813228,0.0,187969034.0813228,0.0,0.0,0.0,107410.87661789871,0.0,107410.87661789871,0.0,0.0,16111.631492684808,0.0,16111.631492684808,0.0,0.0,59075982.1398443,0.0,0.0,0.0,0.0,0.0,0.0,3570969.513538321,187969034.0813228,107410.87661789871,16111.631492684808,537054383.0894936,59075982.1398443,58289402.65778128,0.0,0.0,0.0,9150.512312486318,9150.512312486318,8100.534989801134,0.0,1049.9773226851844,0.0,8100.534989801134,8100.534989801134,0.7034185974327288,1.0,100.0,52214.94814512548,1000000.0
ha/tech_evaporative,2029-07-01,82510.97349806405,81440.59192513507,9647.921234001507,1.1368683772161605e-13,2348.094806757661,1314.7584141411437,0.0,17965.50695978022,0.0,0.0,0.0,0.0,0.0,0.0,0.0,0.0,0.0,6388.317792,57780.90806295488,568285486.5696696,0.0,0.0,0.0,198899920.2993844,0.0,198899920.2993844,0.0,0.0,0.0,113657.09731393392,0.0,113657.09731393392,0.0,0.0,17048.564597090088,0.0,17048.564597090088,0.0,0.0,62511403.52266366,0.0,0.0,0.0,0.0,0.0,0.0,3690473.885877609,198899920.2993844,113657.09731393392,17048.564597090088,568285486.5696696,62511403.52266366,61527617.67283067,0.0,0.0,0.0,9647.921234001507,9647.921234001507,8544.991932145973,0.0,1102.9293018555334,9.592326932761353e-14,8544.991932145973,8544.991932145973,0.7094853646946777,1.0,100.0,50937.2349112968,1000000.0
ha/tech_evaporative,2029-08-01,84814.5970091187,82288.53453866165,9576.09300338746,2.842170943040401e-13,2328.033515847307,1304.6076373818942,0.0,17843.246875621047,0.0,0.0,0.0,0.0,0.0,0.0,0.0,0.0,0.0,9669.267648,57334.80245725172,562587930.8149192,0.0,0.0,0.0,196905775.78522173,0.0,196905775.78522173,0.0,0.0,0.0,112517.58616298383,0.0,112517.58616298383,0.0,0.0,16877.63792444758,0.0,16877.63792444758,0.0,0.0,61884672.38964111,0.0,0.0,0.0,0.0,0.0,0.0,3690271.838593887,196905775.78522173,112517.58616298383,16877.63792444758,562587930.8149192,61884672.38964111,60758524.84284699,0.0,0.0,0.0,9576.09300338746,9576.09300338746,8479.019123316708,0.0,1097.0738800707518,2.504663143554353e-13,8479.019123316708,8479.019123316708,0.6967532327400251,1.0,100.0,51135.26386590655,1000000.0
ha/tech_evaporative,2029-09-01,77315.97842234364,74318.22712966733,8929.254739081745,1.7053025658242404e-13,2158.6115389801644,1214.8871493252338,0.0,16692.628766448583,0.0,0.0,0.0,0.0,0.0,0.0,0.0,0.0,0.0,3194.158896,53391.77291204677,517579928.3881608,0.0,0.0,0.0,181152974.93585625,0.0,181152974.93585625,0.0,0.0,0.0,103515.98567763215,0.0,103515.98567763215,0.0,0.0,15527.397851644822,0.0,15527.397851644822,0.0,0.0,56933792.12269768,0.0,0.0,0.0,0.0,0.0,0.0,3570278.270996108,181152974.93585625,103515.98567763215,15527.397851644822,517579928.3881608,56933792.12269768,55760152.10021545,0.0,0.0,0.0,8929.254739081745,8929.254739081745,7895.899944655147,0.0,1033.3547944265986,1.3322676295501878e-13,7895.899944655147,7895.899944655147,0.718420971195815,1.0,100.0,51974.40361960271,1000000.0
ha/tech_evaporative,2029-10-01,75665.79243512364,71271.92530091808,8528.714366533637,1.7053025658242404e-13,2069.890610611102,1152.5805642753564,0.0,16262.590900178431,0.0,0.0,0.0,0.0,0.0,0.0,0.0,0.0,0.0,2229.563328,50653.52760115032,506118725.3948501,0.0,0.0,0.0,177141553.8881975,0.0,177141553.8881975,0.0,0.0,0.0,101223.74507897002,0.0,101223.74507897002,0.0,0.0,15183.561761845503,0.0,15183.561761845503,0.0,0.0,55673059.79343351,0.0,0.0,0.0,0.0,0.0,0.0,3688276.286535119,177141553.8881975,101223.74507897002,15183.561761845503,506118725.3948501,55673059.79343351,54391222.88931847,0.0,0.0,0.0,8528.714366533639,8528.714366533637,7490.951582397613,0.0,1037.7627841360254,2.4513724383723456e-13,7490.951582397613,7490.951582397613,0.7107080016049157,1.0,100.0,54298.380143197166,1000000.0
ha/tech_evaporative,2029-11-01,71351.90302332253,67710.41837260699,7901.5011331505075,2.842170943040401e-13,1898.4003652536169,1066.863121103956,0.0,15090.566102349703,0.0,0.0,0.0,0.0,0.0,0.0,0.0,0.0,0.0,5892.896544,46886.42358416356,456547239.76929766,0.0,0.0,0.0,159791533.91925418,0.0,159791533.91925418,0.0,0.0,0.0,91309.44795385952,0.0,91309.44795385952,0.0,0.0,13696.41719307893,0.0,13696.41719307893,0.0,0.0,50220196.37462274,0.0,0.0,0.0,0.0,0.0,0.0,3568119.354429047,159791533.91925418,91309.44795385952,13696.41719307893,456547239.76929766,50220196.37462274,48942884.9515399,0.0,0.0,0.0,7901.5011331505075,7901.5011331505075,6933.849340293105,0.0,967.6517928574016,4.085620730620576e-13,6933.849340293105,6933.849340293105,0.692455086101373,1.0,100.0,56041.4644286591,1000000.0
ha/tech_evaporative,2029-12-01,68859.80346596775,66621.06890905178,7990.719068935987,1.9895196601282805e-13,1899.8415760874927,1078.6592989052665,0.0,15281.169785285858,0.0,0.0,0.0,0.0,0.0,0.0,0.0,0.0,0.0,1557.457488,47404.84115632036,448301421.5000396,0.0,0.0,0.0,156905497.52501383,0.0,156905497.52501383,0.0,0.0,0.0,89660.28430000792,0.0,89660.28430000792,0.0,0.0,13449.042645001187,0.0,13449.042645001187,0.0,0.0,49313156.36500435,0.0,0.0,0.0,0.0,0.0,0.0,3686221.483250433,156905497.52501383,89660.28430000792,13449.042645001187,448301421.5000396,49313156.36500435,47940313.47060815,0.0,0.0,0.0,7990.719068935987,7990.719068935987,7010.516082303046,0.0,980.2029866329416,2.4424906541753444e-13,7010.516082303046,7010.516082303046,0.7115592999721366,1.0,100.0,56380.35740948761,1000000.0
ha/tech_evaporative,2030-01-01,67299.91296552429,66014.93786961236,7847.707835404887,2.557953848736361e-13,1863.388422297038,1059.2620598180183,0.0,15014.352895804284,0.0,0.0,0.0,0.0,0.0,0.0,0.0,0.0,0.0,2854.45824,46552.37269038734,438684837.0627094,0.0,0.0,0.0,153539692.97194827,0.0,153539692.97194827,0.0,0.0,0.0,87736.96741254188,0.0,87736.96741254188,0.0,0.0,13160.545111881282,0.0,13160.545111881282,0.0,0.0,48255332.07689803,0.0,0.0,0.0,0.0,0.0,0.0,3685881.227935151,153539692.97194827,87736.96741254188,13160.545111881282,438684837.0627094,48255332.07689803,46793862.5152799,0.0,0.0,0.0,7847.707835404887,7847.707835404887,6884.4478634396455,0.0,963.2599719652412,2.824407374646398e-13,6884.4478634396455,6884.4478634396455,0.7051793759517583,1.0,100.0,55801.94408310248,1000000.0
ha/tech_evaporative,2030-02-01,58236.39379479147,58436.78330903855,7072.52407629996,1.7053025658242404e-13,1685.1779094025696,954.8338244769624,0.0,13527.9247494015,0.0,0.0,0.0,0.0,0.0,0.0,0.0,0.0,0.0,121.67505599999998,41962.96812714686,399172383.4239468,0.0,0.0,0.0,139710334.19838136,0.0,139710334.19838136,0.0,0.0,0.0,79834.47668478936,0.0,79834.47668478936,0.0,0.0,11975.171502718404,0.0,11975.171502718404,0.0,0.0,43908962.17663415,0.0,0.0,0.0,0.0,0.0,0.0,3329288.779435044,139710334.19838136,79834.47668478936,11975.171502718404,399172383.4239468,43908962.17663415,42477421.30812826,0.0,0.0,0.0,7072.524076299961,7072.52407629996,6205.738817823475,0.0,866.7852584764854,2.40696351738734e-13,6205.738817823475,6205.738817823475,0.7180916838839134,1.0,100.0,53916.37665945284,1000000.0
ha/tech_evaporative,2030-03-01,66092.27493553793,67025.4736669874,8109.318777836801,2.557953848736361e-13,1941.8147974972144,1095.2588966430596,0.0,15494.81632714851,0.0,0.0,0.0,0.0,0.0,0.0,0.0,0.0,0.0,256.18008000000003,48134.35908178351,463859691.0098816,0.0,0.0,0.0,162350891.85345855,0.0,162350891.85345855,0.0,0.0,0.0,92771.93820197631,0.0,92771.93820197631,0.0,0.0,13915.790730296449,0.0,13915.790730296449,0.0,0.0,51024566.01108698,0.0,0.0,0.0,0.0,0.0,0.0,3686775.1433524415,162350891.85345855,92771.93820197631,13915.790730296449,463859691.0098816,51024566.01108698,49242985.90768775,0.0,0.0,0.0,8109.318777836801,8109.318777836801,7118.40162783041,0.0,990.9171500063908,3.659295089164516e-13,7118.40162783041,7118.40162783041,0.7181502262995795,1.0,100.0,51041.36313050616,1000000.0
ha/tech_evaporative,2030-04-01,66413.68410978983,67699.237188604,8204.61607693309,1.9895196601282805e-13,1984.641797677555,1108.6837109110943,0.0,15650.868250391317,0.0,0.0,0.0,0.0,0.0,0.0,0.0,0.0,0.0,110.18678400000002,48724.35185204487,482480087.6232787,0.0,0.0,0.0,168868030.66814753,0.0,168868030.66814753,0.0,0.0,0.0,96496.01752465576,0.0,96496.01752465576,0.0,0.0,14474.40262869836,0.0,14474.40262869836,0.0,0.0,53072809.63856066,0.0,0.0,0.0,0.0,0.0,0.0,3569039.210941519,168868030.66814753,96496.01752465576,14474.40262869836,482480087.6232787,53072809.63856066,51093526.10874744,0.0,0.0,0.0,8204.61607693309,8204.616076933089,7205.653345238778,0.0,998.962731694312,2.859934511434403e-13,7205.6533452387785,7205.6533452387785,0.719717885687592,1.0,100.0,47771.16825401445,1000000.0
ha/tech_evaporative,2030-05-01,74899.29554272462,75919.8327033334,9160.388711814116,2.273736754432321e-13,2213.9050525172265,1246.5091501137797,0.0,17135.759151594833,0.0,0.0,0.0,0.0,0.0,0.0,0.0,0.0,0.0,2443.312272,54781.49432449593,530447336.8579288,0.0,0.0,0.0,185656567.90027505,0.0,185656567.90027505,0.0,0.0,0.0,106089.46737158576,0.0,106089.46737158576,0.0,0.0,15913.420105737863,0.0,15913.420105737863,0.0,0.0,58349207.05437216,0.0,0.0,0.0,0.0,0.0,0.0,3689132.296688084,185656567.90027505,106089.46737158576,15913.420105737863,530447336.8579288,58349207.05437216,56034564.28678964,0.0,0.0,0.0,9160.388711814116,9160.388711814116,8101.42039518822,0.0,1058.9683166258958,1.9184653865522705e-13,8101.42039518822,8101.42039518822,0.7215702718756207,1.0,100.0,44536.726040888425,1000000.0
ha/tech_evaporative,2030-06-01,78818.54020618211,78545.85760619753,9237.93922789036,1.1368683772161605e-13,2239.51085348518,1258.6142604113422,0.0,17220.879228517377,0.0,0.0,0.0,0.0,0.0,0.0,0.0,0.0,0.0,7333.374912,55313.488839741,538368512.5303464,0.0,0.0,0.0,188428979.38562125,0.0,188428979.38562125,0.0,0.0,0.0,107673.70250606928,0.0,107673.70250606928,0.0,0.0,16151.055375910391,0.0,16151.055375910391,0.0,0.0,59220536.378338106,0.0,0.0,0.0,0.0,0.0,0.0,3571014.2101387945,188428979.38562125,107673.70250606928,16151.055375910391,538368512.5303464,59220536.378338106,56731319.82540328,0.0,0.0,0.0,9237.93922789036,9237.93922789036,8180.094978075739,0.0,1057.8442498146208,9.592326932761353e-14,8180.094978075739,8180.094978075739,0.7042190450967408,1.0,100.0,42569.8977873878,1000000.0
ha/tech_evaporative,2030-07-01,85487.8135448442,84009.0744687687,9711.383107244164,1.7053025658242404e-13,2362.5893443583327,1323.6191717253578,0.0,18074.964492651423,0.0,0.0,0.0,0.0,0.0,0.0,0.0,0.0,0.0,11187.732096,58170.319998892985,571206875.1606072,0.0,0.0,0.0,199922406.30621248,0.0,199922406.30621248,0.0,0.0,0.0,114241.37503212145,0.0,114241.37503212145,0.0,0.0,17136.206254818215,0.0,17136.206254818215,0.0,0.0,62832756.26766679,0.0,0.0,0.0,0.0,0.0,0.0,3690576.773694768,199922406.30621248,114241.37503212145,17136.206254818215,571206875.1606072,62832756.26766679,60044013.07593066,0.0,0.0,0.0,9711.383107244164,9711.383107244164,8602.580536451862,0.0,1108.8025707923034,1.3322676295501878e-13,8602.580536451862,8602.580536451862,0.6924290068273332,1.0,100.0,41686.04751910495,1000000.0
ha/tech_evaporative,2030-08-01,81807.67683676184,79386.23387296686,9541.69473312738,2.842170943040401e-13,2319.31974910164,1299.6285925162972,0.0,17784.053688214502,0.0,0.0,0.0,0.0,0.0,0.0,0.0,0.0,0.0,3577.883952,57115.98375221356,560559848.47095,0.0,0.0,0.0,196195946.9648325,0.0,196195946.9648325,0.0,0.0,0.0,112111.96969419002,0.0,112111.96969419002,0.0,0.0,16816.795454128503,0.0,16816.795454128503,0.0,0.0,61661583.33180451,0.0,0.0,0.0,0.0,0.0,0.0,3690200.166753396,196195946.9648325,112111.96969419002,16816.795454128503,560559848.47095,61661583.33180451,58777435.38021004,0.0,0.0,0.0,9541.69473312738,9541.69473312738,8446.658883025635,0.0,1095.0358501017463,2.433608869978343e-13,8446.658883025635,8446.658883025635,0.7194696229526399,1.0,100.0,41788.17073379827,1000000.0
ha/tech_evaporative,2030-09-01,76118.96538376594,73189.9859946228,8942.727868696544,2.557953848736361e-13,2163.209910905201,1217.0417955059854,0.0,16715.560108828144,0.0,0.0,0.0,0.0,0.0,0.0,0.0,0.0,0.0,309.84792,53486.46514716703,519019880.20917344,0.0,0.0,0.0,181656958.07321072,0.0,181656958.07321072,0.0,0.0,0.0,103803.9760418347,0.0,103803.9760418347,0.0,0.0,15570.596406275205,0.0,15570.596406275205,0.0,0.0,57092186.82300908,0.0,0.0,0.0,0.0,0.0,0.0,3570329.4406775204,181656958.07321072,103803.9760418347,15570.596406275205,519019880.20917344,57092186.82300908,54287936.13025152,0.0,0.0,0.0,8942.727868696544,8942.727868696542,7909.903608014987,0.0,1032.8242606815556,2.486899575160351e-13,7909.903608014987,7909.903608014987,0.7307893890169159,1.0,100.0,42553.94021203619,1000000.0
ha/tech_evaporative,2030-10-01,74568.70547063797,70609.22928132334,8501.906370889654,2.557953848736361e-13,2064.1778650409774,1148.6760530947265,0.0,16211.23379399193,0.0,0.0,0.0,0.0,0.0,0.0,0.0,0.0,0.0,1228.154976,50481.93242508436,505289195.2042734,0.0,0.0,0.0,176851218.32149568,0.0,176851218.32149568,0.0,0.0,0.0,101057.83904085468,0.0,101057.83904085468,0.0,0.0,15158.675856128202,0.0,15158.675856128202,0.0,0.0,55581811.47247008,0.0,0.0,0.0,0.0,0.0,0.0,3688247.370779145,176851218.32149568,101057.83904085468,15158.675856128202,505289195.2042734,55581811.47247008,52721676.83806135,0.0,0.0,0.0,8501.906370889654,8501.906370889654,7465.575044640863,0.0,1036.33132624879,3.6770586575585195e-13,7465.575044640863,7465.575044640863,0.7149480732037561,1.0,100.0,44449.23853630987,1000000.0
ha/tech_evaporative,2030-11-01,68217.361415761,64728.89275784876,7833.960399608374,2.842170943040401e-13,1883.5973581814735,1057.7896321819903,0.0,14962.952927014829,0.0,0.0,0.0,0.0,0.0,0.0,0.0,0.0,0.0,254.41910399999995,46487.66254672017,453578071.1147182,0.0,0.0,0.0,158752324.89015135,0.0,158752324.89015135,0.0,0.0,0.0,90715.61422294364,0.0,90715.61422294364,0.0,0.0,13607.342133441549,0.0,13607.342133441549,0.0,0.0,49893587.822619,0.0,0.0,0.0,0.0,0.0,0.0,3568014.958903688,158752324.89015135,90715.61422294364,13607.342133441549,453578071.1147182,49893587.822619,47209267.87397512,0.0,0.0,0.0,7833.960399608375,7833.960399608374,6874.878134023807,0.0,959.0822655845676,4.067857162226574e-13,6874.878134023807,6874.878134023807,0.718190294411969,1.0,100.0,46054.10983604064,1000000.0
ha/tech_evaporative,2030-12-01,67390.17905141262,64991.7007063412,7817.4789870602435,1.1368683772161605e-13,1866.369392907486,1055.266414408732,0.0,14950.3137772145,0.0,0.0,0.0,0.0,0.0,0.0,0.0,0.0,0.0,1087.276896,46376.77235380613,443838379.05366,0.0,0.0,0.0,155343432.66878098,0.0,155343432.66878098,0.0,0.0,0.0,88767.675810732,0.0,88767.675810732,0.0,0.0,13315.151371609802,0.0,13315.151371609802,0.0,0.0,48822221.6959026,0.0,0.0,0.0,0.0,0.0,0.0,3686066.611542348,155343432.66878098,88767.675810732,13315.151371609802,443838379.05366,48822221.6959026,46081499.37304206,0.0,0.0,0.0,7817.4789870602435,7817.4789870602435,6858.479018198695,0.0,958.9999688615492,1.6253665080512294e-13,6858.479018198695,6858.479018198695,0.7135799163550921,1.0,100.0,46586.21878820458,1000000.0
ha/tech_hybrid,2029-01-01,59072.99539723687,57877.44868667687,6962.8363,5.684341886080803e-14,1065.921124829477,919.668481503544,0.0,13745.345137877182,0.0,0.0,0.0,0.0,0.0,0.0,0.0,0.0,0.0,90.816048,40417.52416763687,445032260.3663379,0.0,0.0,0.0,155761291.12821826,0.0,155761291.12821826,0.0,0.0,0.0,89006.45207326759,0.0,89006.45207326759,0.0,0.0,13350.967810990138,0.0,13350.967810990138,0.0,0.0,48953548.64029717,0.0,0.0,0.0,0.0,0.0,0.0,3670400.0,155761291.12821826,89006.45207326759,13350.967810990138,445032260.3663379,48953548.64029717,48894417.89379053,0.0,0.0,0.0,6962.8363,6962.8363,5977.1891704,0.0,985.6471296,7.105427357601003e-14,5977.1891704,5977.1891704,0.6983294026390074,1.0,100.0,66031.62558573054,1000000.0
ha/tech_hybrid,2029-02-01,54547.79513802094,54457.897741060944,6378.1333,1.1368683772161605e-13,986.283661815662,850.957895912676,0.0,12596.689787474306,0.0,0.0,0.0,0.0,0.0,0.0,0.0,0.0,0.0,2709.38736,37397.83630234094,410795956.0894392,0.0,0.0,0.0,143778584.6313037,0.0,143778584.6313037,0.0,0.0,0.0,82159.19121788784,0.0,82159.19121788784,0.0,0.0,12323.878682683177,0.0,12323.878682683177,0.0,0.0,45187555.16983831,0.0,0.0,0.0,0.0,0.0,0.0,3315200.0,143778584.6313037,82159.19121788784,12323.878682683177,410795956.0894392,45187555.16983831,45024934.35546403,0.0,0.0,0.0,6378.1333,6378.1333,5530.61937232,0.0,847.51392768,1.4210854715202006e-13,5530.61937232,5530.61937232,0.6867293423657664,1.0,100.0,65135.23932087486,1000000.0
ha/tech_hybrid,2029-03-01,60405.828029611,61155.727967051,7285.9213,5.684341886080803e-14,1127.1879704237942,972.5290408279984,0.0,14381.075955690756,0.0,0.0,0.0,0.0,0.0,0.0,0.0,0.0,0.0,671.351136,42740.636220491,483744166.4326886,0.0,0.0,0.0,169310458.251441,0.0,169310458.251441,0.0,0.0,0.0,96748.83328653772,0.0,96748.83328653772,0.0,0.0,14512.32499298066,0.0,14512.32499298066,0.0,0.0,53211858.30759575,0.0,0.0,0.0,0.0,0.0,0.0,3670400.0,169310458.251441,96748.83328653772,14512.32499298066,483744166.4326886,53211858.30759575,52892883.6637729,0.0,0.0,0.0,7285.9213,7285.9213,6320.74510288,0.0,965.17619712,7.105427357601003e-14,6320.74510288,6320.74510288,0.6988819795182303,1.0,100.0,63258.15141301108,1000000.0
ha/tech_hybrid,2029-04-01,59727.929427285664,60561.14312184566,7249.7187,1.1368683772161605e-13,1121.598728272428,967.7066860379804,0.0,14301.926192626504,0.0,0.0,0.0,0.0,0.0,0.0,0.0,0.0,0.0,43.437408,42528.70371960566,502932667.8641945,0.0,0.0,0.0,176026433.75246808,0.0,176026433.75246808,0.0,0.0,0.0,100586.53357283892,0.0,100586.53357283892,0.0,0.0,15087.980035925835,0.0,15087.980035925835,0.0,0.0,55322593.4650614,0.0,0.0,0.0,0.0,0.0,0.0,3552000.0,176026433.75246808,100586.53357283892,15087.980035925835,502932667.8641945,55322593.4650614,54856080.030045226,0.0,0.0,0.0,7249.7187,7249.718699999999,6289.40323632,0.0,960.31546368,1.4210854715202006e-13,6289.40323632,6289.40323632,0.7022440714839261,1.0,100.0,61303.33899017866,1000000.0
ha/tech_hybrid,2029-05-01,69026.87950267714,69749.7634638823,8391.166306619389,1.7053025658242404e-13,1470.4228335532432,1132.280356963402,0.0,16074.632255209188,0.0,0.0,0.0,0.0,0.0,0.0,0.0,0.0,0.0,1329.872304,49761.37555273221,564156834.6966671,0.0,0.0,0.0,197454892.14383343,0.0,197454892.14383343,0.0,0.0,0.0,112831.3669393334,0.0,112831.3669393334,0.0,0.0,16924.70504090001,0.0,16924.70504090001,0.0,0.0,62057251.81663337,0.0,0.0,0.0,0.0,0.0,0.0,3674249.8510834095,197454892.14383343,112831.3669393334,16924.70504090001,564156834.6966671,62057251.81663337,61382087.13156719,0.0,0.0,0.0,8391.166306619389,8391.166306619389,7359.01471412143,0.0,1032.151592497959,2.364775042451584e-13,7359.01471412143,7359.01471412143,0.7134271584806099,1.0,100.0,59110.03219542027,1000000.0
ha/tech_hybrid,2029-06-01,75521.84939532798,75517.7976642651,8831.325561872985,1.7053025658242404e-13,1917.4223479783952,1199.0438139096625,0.0,16629.65999437882,0.0,0.0,0.0,0.0,0.0,0.0,0.0,0.0,0.0,7377.483168000001,52695.49114863574,576902399.5178605,0.0,0.0,0.0,201915839.83125117,0.0,201915839.83125117,0.0,0.0,0.0,115380.47990357212,0.0,115380.47990357212,0.0,0.0,17307.071985535815,0.0,17307.071985535815,0.0,0.0,63459263.94696466,0.0,0.0,0.0,0.0,0.0,0.0,3564851.5546089774,201915839.83125117,115380.47990357212,17307.071985535815,576902399.5178605,63459263.94696466,62614100.67699437,0.0,0.0,0.0,8831.325561872985,8831.325561872985,7792.929564813328,0.0,1038.3959970596566,1.674216321134736e-13,7792.929564813328,7792.929564813328,0.6977890348829804,1.0,100.0,57196.661578504754,1000000.0
ha/tech_hybrid,2029-07-01,82565.18625567919,81496.11836091508,9655.264521017622,2.273736754432321e-13,2355.179584086662,1315.8846970049003,0.0,17975.633287981906,0.0,0.0,0.0,0.0,0.0,0.0,0.0,0.0,0.0,6388.317792,57830.405861108266,614292951.3974442,0.0,0.0,0.0,215002532.9891055,0.0,215002532.9891055,0.0,0.0,0.0,122858.59027948884,0.0,122858.59027948884,0.0,0.0,18428.788541923328,0.0,18428.788541923328,0.0,0.0,67572224.65371887,0.0,0.0,0.0,0.0,0.0,0.0,3690614.637109559,215002532.9891055,122858.59027948884,18428.788541923328,614292951.3974442,67572224.65371887,66508753.49094378,0.0,0.0,0.0,9655.264521017622,9655.264521017622,8552.311967432004,0.0,1102.9525535856178,1.9895196601282805e-13,8552.311967432004,8552.311967432004,0.7096093289376012,1.0,100.0,55910.549889182206,1000000.0
ha/tech_hybrid,2029-08-01,84121.39828291663,81578.18338978356,9480.213231537487,1.7053025658242404e-13,2235.982341198928,1290.2930912569238,0.0,17711.452852297825,0.0,0.0,0.0,0.0,0.0,0.0,0.0,0.0,0.0,9669.267648,56705.70781544245,606763321.8415623,0.0,0.0,0.0,212367162.6445468,0.0,212367162.6445468,0.0,0.0,0.0,121352.66436831246,0.0,121352.66436831246,0.0,0.0,18202.899655246867,0.0,18202.899655246867,0.0,0.0,66743965.40257185,0.0,0.0,0.0,0.0,0.0,0.0,3688434.079021456,212367162.6445468,121352.66436831246,18202.899655246867,606763321.8415623,66743965.40257185,65529491.19020904,0.0,0.0,0.0,9480.213231537487,9480.213231537487,8385.984783445147,0.0,1094.2284480923413,1.403321903126198e-13,8385.984783445147,8385.984783445147,0.6951087344578452,1.0,100.0,56217.78244111637,1000000.0
ha/tech_hybrid,2029-09-01,72321.18466743629,69199.50504019855,8236.511756476502,2.557953848736361e-13,1493.9531352758358,1111.827346550134,0.0,15740.795543129752,0.0,0.0,0.0,0.0,0.0,0.0,0.0,0.0,0.0,3194.158896,48862.50812462626,551876308.9044465,0.0,0.0,0.0,193156708.11655623,0.0,193156708.11655623,0.0,0.0,0.0,110375.2617808893,0.0,110375.2617808893,0.0,0.0,16556.289267133394,0.0,16556.289267133394,0.0,0.0,60706393.97948911,0.0,0.0,0.0,0.0,0.0,0.0,3557000.235150241,193156708.11655623,110375.2617808893,16556.289267133394,551876308.9044465,60706393.97948911,59455046.32152671,0.0,0.0,0.0,8236.511756476502,8236.511756476502,7226.084734674491,0.0,1010.4270218020118,3.178568519501823e-13,7226.084734674491,7226.084734674491,0.7061106592632655,1.0,100.0,57845.50893307827,1000000.0
ha/tech_hybrid,2029-10-01,69028.25316358494,64469.571828601984,7607.42480489874,5.684341886080803e-14,1186.1094361592811,1015.6563021819009,0.0,14996.881052332908,0.0,0.0,0.0,0.0,0.0,0.0,0.0,0.0,0.0,2229.563328,44635.9899953704,534009226.38472384,0.0,0.0,0.0,186903229.2346533,0.0,186903229.2346533,0.0,0.0,0.0,106801.84527694478,0.0,106801.84527694478,0.0,0.0,16020.276791541715,0.0,16020.276791541715,0.0,0.0,58741014.902319625,0.0,0.0,0.0,0.0,0.0,0.0,3670617.622166111,186903229.2346533,106801.84527694478,16020.276791541715,534009226.38472384,58741014.902319625,57388604.90045103,0.0,0.0,0.0,7607.42480489874,7607.42480489874,6601.041540887877,0.0,1006.3832640108632,7.116529587847253e-14,6601.041540887877,6601.041540887877,0.6923574754620536,1.0,100.0,61218.08083190195,1000000.0
ha/tech_hybrid,2029-11-01,65293.49395178126,61501.56199306126,7060.5206,5.684341886080803e-14,1091.6751418939923,941.8888477338578,0.0,13935.203925454252,0.0,0.0,0.0,0.0,0.0,0.0,0.0,0.0,0.0,5892.896544,41394.06322186126,474334312.3530417,0.0,0.0,0.0,166017009.3235646,0.0,166017009.3235646,0.0,0.0,0.0,94866.86247060834,0.0,94866.86247060834,0.0,0.0,14230.029370591252,0.0,14230.029370591252,0.0,0.0,52176774.35883459,0.0,0.0,0.0,0.0,0.0,0.0,3552000.0,166017009.3235646,94866.86247060834,14230.029370591252,474334312.3530417,52176774.35883459,50849874.8258392,0.0,0.0,0.0,7060.5206,7060.5206,6121.60570208,0.0,938.91489792,7.105427357601003e-14,6121.60570208,6121.60570208,0.673057104249343,1.0,100.0,63918.33764872797,1000000.0
ha/tech_hybrid,2029-12-01,62913.10349371068,60526.70175979068,7165.2791,8.526512829121202e-14,1108.016331436978,955.9878993643088,0.0,14147.150585308207,0.0,0.0,0.0,0.0,0.0,0.0,0.0,0.0,0.0,1557.457488,42013.68732715068,462517335.5757853,0.0,0.0,0.0,161881067.45152485,0.0,161881067.45152485,0.0,0.0,0.0,92503.46711515708,0.0,92503.46711515708,0.0,0.0,13875.52006727356,0.0,13875.52006727356,0.0,0.0,50876906.91333638,0.0,0.0,0.0,0.0,0.0,0.0,3670400.0,161881067.45152485,92503.46711515708,13875.52006727356,462517335.5757853,50876906.91333638,49460677.51197683,0.0,0.0,0.0,7165.2791,7165.2791,6213.23948144,0.0,952.03961856,1.0658141036401505e-13,6213.23948144,6213.23948144,0.6941347554982975,1.0,100.0,65196.72305121101,1000000.0
ha/tech_hybrid,2030-01-01,61480.91695108247,60051.45039444247,7040.0197,1.1368683772161605e-13,1088.5863640037726,939.2238741201164,0.0,13904.716451619735,0.0,0.0,0.0,0.0,0.0,0.0,0.0,0.0,0.0,2854.45824,41276.94315348247,449518406.195214,0.0,0.0,0.0,157331442.1683249,0.0,157331442.1683249,0.0,0.0,0.0,89903.68123904281,0.0,89903.68123904281,0.0,0.0,13485.55218585642,0.0,13485.55218585642,0.0,0.0,49447024.68147354,0.0,0.0,0.0,0.0,0.0,0.0,3670400.0,157331442.1683249,89903.68123904281,13485.55218585642,449518406.195214,49447024.68147354,47949369.77115546,0.0,0.0,0.0,7040.0197,7040.0197,6104.2852744,0.0,935.7344256,1.4210854715202006e-13,6104.2852744,6104.2852744,0.687359637150454,1.0,100.0,65537.60324384722,1000000.0
ha/tech_hybrid,2030-02-01,52940.5857741175,53009.4800136375,6337.4829,5.684341886080803e-14,980.0587775392808,845.5871140258731,0.0,12518.088086555888,0.0,0.0,0.0,0.0,0.0,0.0,0.0,0.0,0.0,121.67505599999998,37161.8015669175,408487289.0525265,0.0,0.0,0.0,142970551.16838425,0.0,142970551.16838425,0.0,0.0,0.0,81697.4578105053,0.0,81697.4578105053,0.0,0.0,12254.618671575794,0.0,12254.618671575794,0.0,0.0,44933601.79577791,0.0,0.0,0.0,0.0,0.0,0.0,3315200.0,142970551.16838425,81697.4578105053,12254.618671575794,408487289.0525265,44933601.79577791,43468657.00660386,0.0,0.0,0.0,6337.4829,6337.4829,5495.7131208,0.0,841.7697792,7.105427357601003e-14,5495.7131208,5495.7131208,0.7010406734296782,1.0,100.0,64488.65022678793,1000000.0
ha/tech_hybrid,2030-03-01,59937.24937476286,60717.61343492286,7254.9932,1.7053025658242404e-13,1122.2732820174008,968.2886857787502,0.0,14321.106515002026,0.0,0.0,0.0,0.0,0.0,0.0,0.0,0.0,0.0,256.18008000000003,42554.28140228286,480877921.3618903,0.0,0.0,0.0,168307272.47666156,0.0,168307272.47666156,0.0,0.0,0.0,96175.58427237804,0.0,96175.58427237804,0.0,0.0,14426.337640856707,0.0,14426.337640856707,0.0,0.0,52896571.349807926,0.0,0.0,0.0,0.0,0.0,0.0,3670400.0,168307272.47666156,96175.58427237804,14426.337640856707,480877921.3618903,52896571.349807926,51049437.26611063,0.0,0.0,0.0,7254.9932,7254.9932,6293.185819519999,0.0,961.80738048,2.131628207280301e-13,6293.18581952,6293.18581952,0.7008556330675372,1.0,100.0,62586.012884610514,1000000.0
ha/tech_hybrid,2030-04-01,60066.80073398931,61194.77134397511,7323.750939442266,1.1368683772161605e-13,1139.6210948622945,977.751758557898,0.0,14440.678373670306,0.0,0.0,0.0,0.0,0.0,0.0,0.0,0.0,0.0,110.18678400000002,42970.163843014125,508146431.4974464,0.0,0.0,0.0,177851251.02410623,0.0,177851251.02410623,0.0,0.0,0.0,101629.28629948928,0.0,101629.28629948928,0.0,0.0,15244.392944923393,0.0,15244.392944923393,0.0,0.0,55896107.4647191,0.0,0.0,0.0,0.0,0.0,0.0,3552155.3749956223,177851251.02410623,101629.28629948928,15244.392944923393,508146431.4974464,55896107.4647191,53811387.66682843,0.0,0.0,0.0,7323.750939442266,7323.750939442266,6354.689042987826,0.0,969.0618964544394,1.4210854715202006e-13,6354.689042987826,6354.689042987826,0.7021868519040512,1.0,100.0,60318.42117976242,1000000.0
ha/tech_hybrid,2030-05-01,69160.00078565156,70038.0039567721,8363.642581478945,1.9895196601282805e-13,1449.6263917752428,1128.1203776278726,0.0,16041.18043352262,0.0,0.0,0.0,0.0,0.0,0.0,0.0,0.0,0.0,2443.312272,49578.55308059991,564318242.8639876,0.0,0.0,0.0,197511385.00239563,0.0,197511385.00239563,0.0,0.0,0.0,112863.64857279752,0.0,112863.64857279752,0.0,0.0,16929.547285919627,0.0,16929.547285919627,0.0,0.0,62075006.71503863,0.0,0.0,0.0,0.0,0.0,0.0,3673860.797814345,197511385.00239563,112863.64857279752,16929.547285919627,564318242.8639876,62075006.71503863,59612431.74185148,0.0,0.0,0.0,8363.642581478945,8363.642581478945,7331.977815572114,0.0,1031.6647659068306,2.696176615302193e-13,7331.977815572115,7331.977815572115,0.70788072588705,1.0,100.0,57990.79161686662,1000000.0
ha/tech_hybrid,2030-06-01,77460.18956828382,77153.63699339912,9048.610552441764,2.273736754432321e-13,2058.066409280549,1230.6277238515188,0.0,16960.935283866645,0.0,0.0,0.0,0.0,0.0,0.0,0.0,0.0,0.0,7333.374912,54083.53854729885,580218035.6841352,0.0,0.0,0.0,203076312.4894473,0.0,203076312.4894473,0.0,0.0,0.0,116043.60713682703,0.0,116043.60713682703,0.0,0.0,17406.541070524054,0.0,17406.541070524054,0.0,0.0,63823983.92525487,0.0,0.0,0.0,0.0,0.0,0.0,3567385.28425664,203076312.4894473,116043.60713682703,17406.541070524054,580218035.6841352,63823983.92525487,61141048.29186481,0.0,0.0,0.0,9048.610552441764,9048.610552441764,7998.202452011459,0.0,1050.408100430304,2.262634524186069e-13,7998.202452011459,7998.202452011459,0.7009849522962341,1.0,100.0,56239.27778247074,1000000.0
ha/tech_hybrid,2030-07-01,85848.79186992298,84379.01514125346,9761.481442666294,2.842170943040401e-13,2410.649236139529,1331.065946749578,0.0,18143.79300939027,0.0,0.0,0.0,0.0,0.0,0.0,0.0,0.0,0.0,11187.732096,58497.5903311548,618754853.3574699,0.0,0.0,0.0,216564198.67511445,0.0,216564198.67511445,0.0,0.0,0.0,123750.970671494,0.0,123750.970671494,0.0,0.0,18562.6456007241,0.0,18562.6456007241,0.0,0.0,68063033.86932169,0.0,0.0,0.0,0.0,0.0,0.0,3691537.025202552,216564198.67511445,123750.970671494,18562.6456007241,618754853.3574699,68063033.86932169,65042185.67443223,0.0,0.0,0.0,9761.481442666294,9761.481442666294,8650.979262649813,0.0,1110.5021800164811,2.504663143554353e-13,8650.979262649813,8650.979262649813,0.6932717836683416,1.0,100.0,55298.40527500072,1000000.0
ha/tech_hybrid,2030-08-01,80674.7090724723,78225.23630165048,9385.011822876511,2.557953848736361e-13,2168.88811952225,1276.2317916704176,0.0,17568.6762234049,0.0,0.0,0.0,0.0,0.0,0.0,0.0,0.0,0.0,3577.883952,56087.74283426048,603892931.9341925,0.0,0.0,0.0,211362526.17696732,0.0,211362526.17696732,0.0,0.0,0.0,120778.5863868385,0.0,120778.5863868385,0.0,0.0,18116.787958025776,0.0,18116.787958025776,0.0,0.0,66428222.512761176,0.0,0.0,0.0,0.0,0.0,0.0,3687196.973143376,211362526.17696732,120778.5863868385,18116.787958025776,603892931.9341925,66428222.512761176,63321196.82513372,0.0,0.0,0.0,9385.011822876511,9385.011822876511,8294.596365443904,0.0,1090.4154574326096,2.566835632933362e-13,8294.596365443904,8294.596365443904,0.7170031755222332,1.0,100.0,55578.98992630029,1000000.0
ha/tech_hybrid,2030-09-01,71518.74083065146,68475.57634236457,8304.44828211254,1.9895196601282805e-13,1550.8650484303328,1122.1347194132627,0.0,15838.614244870265,0.0,0.0,0.0,0.0,0.0,0.0,0.0,0.0,0.0,309.84792,49315.495804620754,553701989.2014434,0.0,0.0,0.0,193795696.2205052,0.0,193795696.2205052,0.0,0.0,0.0,110740.3978402887,0.0,110740.3978402887,0.0,0.0,16611.059676043304,0.0,16611.059676043304,0.0,0.0,60907218.81215878,0.0,0.0,0.0,0.0,0.0,0.0,3558095.32291212,193795696.2205052,110740.3978402887,16611.059676043304,553701989.2014434,60907218.81215878,57915721.01601321,0.0,0.0,0.0,8304.44828211254,8304.44828211254,7293.075306485807,0.0,1011.372975626733,2.35311770069302e-13,7293.075306485808,7293.075306485808,0.720191029251844,1.0,100.0,57071.289366156845,1000000.0
ha/tech_hybrid,2030-10-01,68097.23178306689,63977.07551151417,7603.725984549656,1.1368683772161605e-13,1202.5518023364032,1015.1749245371468,0.0,14977.2600429475,0.0,0.0,0.0,0.0,0.0,0.0,0.0,0.0,0.0,1228.154976,44614.83444531958,532538139.58909297,0.0,0.0,0.0,186388348.8561825,0.0,186388348.8561825,0.0,0.0,0.0,106507.6279178186,0.0,106507.6279178186,0.0,0.0,15976.14418767279,0.0,15976.14418767279,0.0,0.0,58579195.354800224,0.0,0.0,0.0,0.0,0.0,0.0,3671031.6476822086,186388348.8561825,106507.6279178186,15976.14418767279,532538139.58909297,58579195.354800224,55565049.01402213,0.0,0.0,0.0,7603.725984549656,7603.725984549656,6597.912929542631,0.0,1005.8130550070238,1.4221956945448258e-13,6597.912929542632,6597.912929542632,0.6973565779400169,1.0,100.0,59988.89383537316,1000000.0
ha/tech_hybrid,2030-11-01,62198.44633287168,58560.50472519168,6998.4264,5.684341886080803e-14,1082.104779005357,933.6316128407624,0.0,13815.080783567304,0.0,0.0,0.0,0.0,0.0,0.0,0.0,0.0,0.0,254.41910399999995,41031.174857671685,469637132.3277613,0.0,0.0,0.0,164372996.31471643,0.0,164372996.31471643,0.0,0.0,0.0,93927.42646555226,0.0,93927.42646555226,0.0,0.0,14089.11396983284,0.0,14089.11396983284,0.0,0.0,51660084.55605374,0.0,0.0,0.0,0.0,0.0,0.0,3552000.0,164372996.31471643,93927.42646555226,14089.11396983284,469637132.3277613,51660084.55605374,48880844.69236656,0.0,0.0,0.0,6998.4264,6998.4264,6067.9395648,0.0,930.4868352,7.105427357601003e-14,6067.9395648,6067.9395648,0.7006629305915255,1.0,100.0,62544.73066404778,1000000.0
ha/tech_hybrid,2030-12-01,61501.38058325319,58956.68053045319,7000.119,1.9895196601282805e-13,1082.2855241176333,933.7875583221628,0.0,13827.386217884456,0.0,0.0,0.0,0.0,0.0,0.0,0.0,0.0,0.0,1087.276896,41038.02833845319,453780015.0500997,0.0,0.0,0.0,158823005.26753485,0.0,158823005.26753485,0.0,0.0,0.0,90756.00301001994,0.0,90756.00301001994,0.0,0.0,13613.40045150299,0.0,13613.40045150299,0.0,0.0,49915801.65551096,0.0,0.0,0.0,0.0,0.0,0.0,3670400.0,158823005.26753485,90756.00301001994,13613.40045150299,453780015.0500997,49915801.65551096,47113750.49359419,0.0,0.0,0.0,7000.119,7000.119,6068.9530992,0.0,931.1659008,2.486899575160351e-13,6068.9530992,6068.9530992,0.696070877281763,1.0,100.0,64007.14519273012,1000000.0
ha/tech_liquid_to_air,2029-01-01,59072.99539723687,57877.44868667687,6962.8363,5.684341886080803e-14,1065.921124829477,919.668481503544,0.0,13745.345137877182,0.0,0.0,0.0,0.0,0.0,0.0,0.0,0.0,0.0,90.816048,40417.52416763687,440025013.0403379,0.0,0.0,0.0,154008754.56411827,0.0,154008754.56411827,0.0,0.0,0.0,88005.00260806759,0.0,88005.00260806759,0.0,0.0,13200.750391210137,0.0,13200.750391210137,0.0,0.0,48402751.43443717,0.0,0.0,0.0,0.0,0.0,0.0,3670400.0,154008754.56411827,88005.00260806759,13200.750391210137,440025013.0403379,48402751.43443717,48344332.63336745,0.0,0.0,0.0,6962.8363,6962.8363,5977.1891704,0.0,985.6471296,7.105427357601003e-14,5977.1891704,5977.1891704,0.6983294026390074,1.0,100.0,66031.62558573054,1000000.0
ha/tech_liquid_to_air,2029-02-01,54547.79513802094,54457.897741060944,6378.1333,1.1368683772161605e-13,986.283661815662,850.957895912676,0.0,12596.689787474306,0.0,0.0,0.0,0.0,0.0,0.0,0.0,0.0,0.0,2709.38736,37397.83630234094,407612331.1174392,0.0,0.0,0.0,142664315.8911037,0.0,142664315.8911037,0.0,0.0,0.0,81522.46622348783,0.0,81522.46622348783,0.0,0.0,12228.369933523176,0.0,12228.369933523176,0.0,0.0,44837356.42291831,0.0,0.0,0.0,0.0,0.0,0.0,3315200.0,142664315.8911037,81522.46622348783,12228.369933523176,407612331.1174392,44837356.42291831,44676004.033089206,0.0,0.0,0.0,6378.1333,6378.1333,5530.61937232,0.0,847.51392768,1.4210854715202006e-13,5530.61937232,5530.61937232,0.6867293423657664,1.0,100.0,65135.23932087486,1000000.0
ha/tech_liquid_to_air,2029-03-01,60405.828029611,61155.727967051,7285.9213,5.684341886080803e-14,1127.1879704237942,972.5290408279984,0.0,14381.075955690756,0.0,0.0,0.0,0.0,0.0,0.0,0.0,0.0,0.0,671.351136,42740.636220491,483743071.3306886,0.0,0.0,0.0,169310074.965741,0.0,169310074.965741,0.0,0.0,0.0,96748.61426613772,0.0,96748.61426613772,0.0,0.0,14512.29213992066,0.0,14512.29213992066,0.0,0.0,53211737.84637575,0.0,0.0,0.0,0.0,0.0,0.0,3670400.0,169310074.965741,96748.61426613772,14512.29213992066,483743071.3306886,53211737.84637575,52892553.65329491,0.0,0.0,0.0,7285.9213,7285.9213,6320.74510288,0.0,965.17619712,7.105427357601003e-14,6320.74510288,6320.74510288,0.6988819795182303,1.0,100.0,63258.15141301108,1000000.0
ha/tech_liquid_to_air,2029-04-01,59727.929427285664,60561.14312184566,7249.7187,1.1368683772161605e-13,1121.598728272428,967.7066860379804,0.0,14301.926192626504,0.0,0.0,0.0,0.0,0.0,0.0,0.0,0.0,0.0,43.437408,42528.70371960566,506264169.2981945,0.0,0.0,0.0,177192459.2543681,0.0,177192459.2543681,0.0,0.0,0.0,101252.83385963892,0.0,101252.83385963892,0.0,0.0,15187.925078945837,0.0,15187.925078945837,0.0,0.0,55689058.6228014,0.0,0.0,0.0,0.0,0.0,0.0,3552000.0,177192459.2543681,101252.83385963892,15187.925078945837,506264169.2981945,55689058.6228014,55219415.50033747,0.0,0.0,0.0,7249.7187,7249.718699999999,6289.40323632,0.0,960.31546368,1.4210854715202006e-13,6289.40323632,6289.40323632,0.7022440714839261,1.0,100.0,61303.33899017866,1000000.0
ha/tech_liquid_to_air,2029-05-01,67497.06523626667,68184.01725402666,8178.3115,2.842170943040401e-13,1275.556267824196,1100.5400573985933,0.0,15784.644215086752,0.0,0.0,0.0,0.0,0.0,0.0,0.0,0.0,0.0,1329.872304,48366.45515418667,572383763.8294951,0.0,0.0,0.0,200334317.34032327,0.0,200334317.34032327,0.0,0.0,0.0,114476.752765899,0.0,114476.752765899,0.0,0.0,17171.51291488485,0.0,17171.51291488485,0.0,0.0,62962214.02124446,0.0,0.0,0.0,0.0,0.0,0.0,3670400.0,200334317.34032327,114476.752765899,17171.51291488485,572383763.8294951,62962214.02124446,62277128.47980778,0.0,0.0,0.0,8178.3115,8178.3115,7152.72540592,0.0,1025.58609408,3.730349362740526e-13,7152.72540592,7152.72540592,0.7093517968293419,1.0,100.0,59340.83070459444,1000000.0
ha/tech_liquid_to_air,2029-06-01,70687.35277344685,70563.35319936684,8160.833,2.842170943040401e-13,1274.108217822367,1099.290691084987,0.0,15708.395169484143,0.0,0.0,0.0,0.0,0.0,0.0,0.0,0.0,0.0,7377.483168000001,48311.54809344685,588276304.2839082,0.0,0.0,0.0,205896706.4993679,0.0,205896706.4993679,0.0,0.0,0.0,117655.26085678166,0.0,117655.26085678166,0.0,0.0,17648.289128517248,0.0,17648.289128517248,0.0,0.0,64710393.47122991,0.0,0.0,0.0,0.0,0.0,0.0,3552000.0,205896706.4993679,117655.26085678166,17648.289128517248,588276304.2839082,64710393.47122991,63848452.68279767,0.0,0.0,0.0,8160.833,8160.833,7144.605415999999,0.0,1016.227584,3.801403636316536e-13,7144.605416,7144.605416,0.6846549363513006,1.0,100.0,58190.72206085208,1000000.0
ha/tech_liquid_to_air,2029-07-01,74965.22576784351,73707.48792672351,8600.6245,3.410605131648481e-13,1343.4249757678988,1159.0966523682052,0.0,16526.67184293662,0.0,0.0,0.0,0.0,0.0,0.0,0.0,0.0,0.0,6388.317792,50939.89617120352,628382393.4390318,0.0,0.0,0.0,219933837.7036611,0.0,219933837.7036611,0.0,0.0,0.0,125676.47868780636,0.0,125676.47868780636,0.0,0.0,18851.471803170956,0.0,18851.471803170956,0.0,0.0,69122063.27829349,0.0,0.0,0.0,0.0,0.0,0.0,3670400.0,219933837.7036611,125676.47868780636,18851.471803170956,628382393.4390318,69122063.27829349,68034179.97238573,0.0,0.0,0.0,8600.6245,8600.6245,7533.30150736,0.0,1067.32299264,4.298783551348606e-13,7533.30150736,7533.30150736,0.6911088358057399,1.0,100.0,58105.03492620421,1000000.0
ha/tech_liquid_to_air,2029-08-01,77345.42448374181,74633.89151974181,8539.3375,3.694822225952521e-13,1333.4952392356458,1150.5293526819285,0.0,16418.911985142488,0.0,0.0,0.0,0.0,0.0,0.0,0.0,0.0,0.0,9669.267648,50563.38110182181,619958130.365863,0.0,0.0,0.0,216985345.62805203,0.0,216985345.62805203,0.0,0.0,0.0,123991.6260731726,0.0,123991.6260731726,0.0,0.0,18598.74391097589,0.0,18598.74391097589,0.0,0.0,68195394.34024492,0.0,0.0,0.0,0.0,0.0,0.0,3670400.0,216985345.62805203,123991.6260731726,18598.74391097589,619958130.365863,68195394.34024492,66954561.6001434,0.0,0.0,0.0,8539.3375,8539.3375,7477.620170079999,0.0,1061.71732992,4.316547119742609e-13,7477.62017008,7477.62017008,0.6774855239653021,1.0,100.0,59483.07265096854,1000000.0
ha/tech_liquid_to_air,2029-09-01,70446.4116273322,67278.0631386922,7975.639,3.1263880373444413e-13,1243.8472136610249,1073.181731334062,0.0,15382.532887524414,0.0,0.0,0.0,0.0,0.0,0.0,0.0,0.0,0.0,3194.158896,47164.11341133221,560662205.3803256,0.0,0.0,0.0,196231771.88311395,0.0,196231771.88311395,0.0,0.0,0.0,112132.44107606512,0.0,112132.44107606512,0.0,0.0,16819.866161409765,0.0,16819.866161409765,0.0,0.0,61672842.59183581,0.0,0.0,0.0,0.0,0.0,0.0,3552000.0,196231771.88311395,112132.44107606512,16819.866161409765,560662205.3803256,61672842.59183581,60401601.94429564,0.0,0.0,0.0,7975.639,7975.638999999999,6974.9158,0.0,1000.7232,3.463895836830489e-13,6974.9158,6974.9158,0.7010325685818936,1.0,100.0,61407.57392594752,1000000.0
ha/tech_liquid_to_air,2029-10-01,68946.45430757766,64385.74183237766,7596.071,5.684341886080803e-14,1175.2179078213703,1013.96889839739,0.0,14981.282702544757,0.0,0.0,0.0,0.0,0.0,0.0,0.0,0.0,0.0,2229.563328,44561.83209541766,539298086.2164545,0.0,0.0,0.0,188754330.17575908,0.0,188754330.17575908,0.0,0.0,0.0,107859.61724329092,0.0,107859.61724329092,0.0,0.0,16178.942586493637,0.0,16178.942586493637,0.0,0.0,59322789.48380999,0.0,0.0,0.0,0.0,0.0,0.0,3670400.0,188754330.17575908,107859.61724329092,16178.942586493637,539298086.2164545,59322789.48380999,57957023.63163047,0.0,0.0,0.0,7596.071,7596.071,6590.07461984,0.0,1005.99638016,7.105427357601003e-14,6590.07461984,6590.07461984,0.6921071471294108,1.0,100.0,64793.068493326144,1000000.0
ha/tech_liquid_to_air,2029-11-01,65293.49395178126,61501.56199306126,7060.5206,5.684341886080803e-14,1091.6751418939923,941.8888477338578,0.0,13935.203925454252,0.0,0.0,0.0,0.0,0.0,0.0,0.0,0.0,0.0,5892.896544,41394.06322186126,474472817.54704165,0.0,0.0,0.0,166065486.1414646,0.0,166065486.1414646,0.0,0.0,0.0,94894.56350940834,0.0,94894.56350940834,0.0,0.0,14234.18452641125,0.0,14234.18452641125,0.0,0.0,52192009.93017458,0.0,0.0,0.0,0.0,0.0,0.0,3552000.0,166065486.1414646,94894.56350940834,14234.18452641125,474472817.54704165,52192009.93017458,50864833.75216863,0.0,0.0,0.0,7060.5206,7060.5206,6121.60570208,0.0,938.91489792,7.105427357601003e-14,6121.60570208,6121.60570208,0.673057104249343,1.0,100.0,67493.32531015215,1000000.0
ha/tech_liquid_to_air,2029-12-01,62913.10349371068,60526.70175979068,7165.2791,8.526512829121202e-14,1108.016331436978,955.9878993643088,0.0,14147.150585308207,0.0,0.0,0.0,0.0,0.0,0.0,0.0,0.0,0.0,1557.457488,42013.68732715068,460609125.23678535,0.0,0.0,0.0,161213193.83287486,0.0,161213193.83287486,0.0,0.0,0.0,92121.82504735708,0.0,92121.82504735708,0.0,0.0,13818.27375710356,0.0,13818.27375710356,0.0,0.0,50667003.77604639,0.0,0.0,0.0,0.0,0.0,0.0,3670400.0,161213193.83287486,92121.82504735708,13818.27375710356,460609125.23678535,50667003.77604639,49256710.692919046,0.0,0.0,0.0,7165.2791,7165.2791,6213.23948144,0.0,952.03961856,1.0658141036401505e-13,6213.23948144,6213.23948144,0.6941347554982975,1.0,100.0,68771.7107126351,1000000.0
ha/tech_liquid_to_air,2030-01-01,61480.91695108247,60051.45039444247,7040.0197,1.1368683772161605e-13,1088.5863640037726,939.2238741201164,0.0,13904.716451619735,0.0,0.0,0.0,0.0,0.0,0.0,0.0,0.0,0.0,2854.45824,41276.94315348247,445711633.229214,0.0,0.0,0.0,155999071.63022488,0.0,155999071.63022488,0.0,0.0,0.0,89142.3266458428,0.0,89142.3266458428,0.0,0.0,13371.34899687642,0.0,13371.34899687642,0.0,0.0,49028279.65521354,0.0,0.0,0.0,0.0,0.0,0.0,3670400.0,155999071.63022488,89142.3266458428,13371.34899687642,445711633.229214,49028279.65521354,47543247.92046863,0.0,0.0,0.0,7040.0197,7040.0197,6104.2852744,0.0,935.7344256,1.4210854715202006e-13,6104.2852744,6104.2852744,0.687359637150454,1.0,100.0,69112.59090527137,1000000.0
ha/tech_liquid_to_air,2030-02-01,52940.5857741175,53009.4800136375,6337.4829,5.684341886080803e-14,980.0587775392808,845.5871140258731,0.0,12518.088086555888,0.0,0.0,0.0,0.0,0.0,0.0,0.0,0.0,0.0,121.67505599999998,37161.8015669175,404679809.9825265,0.0,0.0,0.0,141637933.49388427,0.0,141637933.49388427,0.0,0.0,0.0,80935.9619965053,0.0,80935.9619965053,0.0,0.0,12140.394299475794,0.0,12140.394299475794,0.0,0.0,44514779.09807792,0.0,0.0,0.0,0.0,0.0,0.0,3315200.0,141637933.49388427,80935.9619965053,12140.394299475794,404679809.9825265,44514779.09807792,43063490.224744834,0.0,0.0,0.0,6337.4829,6337.4829,5495.7131208,0.0,841.7697792,7.105427357601003e-14,5495.7131208,5495.7131208,0.7010406734296782,1.0,100.0,68063.63788821205,1000000.0
ha/tech_liquid_to_air,2030-03-01,59937.24937476286,60717.61343492286,7254.9932,1.7053025658242404e-13,1122.2732820174008,968.2886857787502,0.0,14321.106515002026,0.0,0.0,0.0,0.0,0.0,0.0,0.0,0.0,0.0,256.18008000000003,42554.28140228286,480355995.8278903,0.0,0.0,0.0,168124598.53976157,0.0,168124598.53976157,0.0,0.0,0.0,96071.19916557806,0.0,96071.19916557806,0.0,0.0,14410.679874836707,0.0,14410.679874836707,0.0,0.0,52839159.54106793,0.0,0.0,0.0,0.0,0.0,0.0,3670400.0,168124598.53976157,96071.19916557806,14410.679874836707,480355995.8278903,52839159.54106793,50993909.81903954,0.0,0.0,0.0,7254.9932,7254.9932,6293.185819519999,0.0,961.80738048,2.131628207280301e-13,6293.18581952,6293.18581952,0.7008556330675372,1.0,100.0,66161.00054603469,1000000.0
ha/tech_liquid_to_air,2030-04-01,60008.39906874913,61134.919512109125,7315.6447,1.1368683772161605e-13,1131.8449055242936,976.5470083235032,0.0,14429.54167021145,0.0,0.0,0.0,0.0,0.0,0.0,0.0,0.0,0.0,110.18678400000002,42917.21756650913,512611712.3253904,0.0,0.0,0.0,179414099.3138866,0.0,179414099.3138866,0.0,0.0,0.0,102522.34246507808,0.0,102522.34246507808,0.0,0.0,15378.351369761707,0.0,15378.351369761707,0.0,0.0,56387288.35579293,0.0,0.0,0.0,0.0,0.0,0.0,3552000.0,179414099.3138866,102522.34246507808,15378.351369761707,512611712.3253904,56387288.35579293,54284159.71912582,0.0,0.0,0.0,7315.6447,7315.6447,6346.85902576,0.0,968.78567424,1.4210854715202006e-13,6346.85902576,6346.85902576,0.7020082451896975,1.0,100.0,63902.6351971504,1000000.0
ha/tech_liquid_to_air,2030-05-01,67857.8872021584,68703.58959367839,8183.0855,1.1368683772161605e-13,1276.38104697106,1101.2516704512886,0.0,15793.08616066935,0.0,0.0,0.0,0.0,0.0,0.0,0.0,0.0,0.0,2443.312272,48397.7290733584,572608933.8244684,0.0,0.0,0.0,200413126.8385639,0.0,200413126.8385639,0.0,0.0,0.0,114521.78676489368,0.0,114521.78676489368,0.0,0.0,17178.26801473405,0.0,17178.26801473405,0.0,0.0,62986982.72069152,0.0,0.0,0.0,0.0,0.0,0.0,3670400.0,200413126.8385639,114521.78676489368,17178.26801473405,572608933.8244684,62986982.72069152,60488153.40675493,0.0,0.0,0.0,8183.0855,8183.0855,7157.3503832,0.0,1025.7351168,1.4921397450962106e-13,7157.3503832,7157.3503832,0.7044425096212382,1.0,100.0,61780.55175865933,1000000.0
ha/tech_liquid_to_air,2030-06-01,71671.66555832152,71221.51699704152,8245.928,3.410605131648481e-13,1287.893092245631,1111.1841738514424,0.0,15858.014123614374,0.0,0.0,0.0,0.0,0.0,0.0,0.0,0.0,0.0,7333.374912,48834.24201720152,592682127.1762227,0.0,0.0,0.0,207438744.51167792,0.0,207438744.51167792,0.0,0.0,0.0,118536.42543524451,0.0,118536.42543524451,0.0,0.0,17780.46381528668,0.0,17780.46381528668,0.0,0.0,65195033.98938449,0.0,0.0,0.0,0.0,0.0,0.0,3552000.0,207438744.51167792,118536.42543524451,17780.46381528668,592682127.1762227,65195033.98938449,62454346.52888977,0.0,0.0,0.0,8245.928,8245.928,7221.904570879999,0.0,1024.02342912,3.925748615074554e-13,7221.904570879999,7221.904570879999,0.6856669736370549,1.0,100.0,60942.80722769369,1000000.0
ha/tech_liquid_to_air,2030-07-01,77903.3950957993,76236.3394652393,8658.7185,1.9895196601282805e-13,1352.7702672377595,1167.159697386353,0.0,16628.754825075783,0.0,0.0,0.0,0.0,0.0,0.0,0.0,0.0,0.0,11187.732096,51294.2502927593,633693680.8458523,0.0,0.0,0.0,221792788.29604828,0.0,221792788.29604828,0.0,0.0,0.0,126738.73616917046,0.0,126738.73616917046,0.0,0.0,19010.810425375566,0.0,19010.810425375566,0.0,0.0,69706304.89304374,0.0,0.0,0.0,0.0,0.0,0.0,3670400.0,221792788.29604828,126738.73616917046,19010.810425375566,633693680.8458523,69706304.89304374,66612541.65404627,0.0,0.0,0.0,8658.718499999999,8658.718499999999,7585.70554896,0.0,1073.01295104,2.7355895326763857e-13,7585.70554896,7585.70554896,0.6728320201699534,1.0,100.0,61257.09259101591,1000000.0
ha/tech_liquid_to_air,2030-08-01,74365.96202737279,71759.71750721279,8508.6785,3.410605131648481e-13,1328.384528927424,1146.1198714557083,0.0,16364.870942766149,0.0,0.0,0.0,0.0,0.0,0.0,0.0,0.0,0.0,3577.883952,50369.59353857279,616674892.1545485,0.0,0.0,0.0,215836212.254092,0.0,215836212.254092,0.0,0.0,0.0,123334.9784309097,0.0,123334.9784309097,0.0,0.0,18500.246764636457,0.0,18500.246764636457,0.0,0.0,67834238.13700034,0.0,0.0,0.0,0.0,0.0,0.0,3670400.0,215836212.254092,123334.9784309097,18500.246764636457,616674892.1545485,67834238.13700034,64661485.9442893,0.0,0.0,0.0,8508.6785,8508.6785,7448.9616872,0.0,1059.7168128,3.872457909892546e-13,7448.9616872,7448.9616872,0.7019201759470415,1.0,100.0,62534.95258224847,1000000.0
ha/tech_liquid_to_air,2030-09-01,69229.21211422395,66129.15794542395,7986.4425,1.7053025658242404e-13,1245.8551550168077,1074.914167566542,0.0,15401.76902946824,0.0,0.0,0.0,0.0,0.0,0.0,0.0,0.0,0.0,309.84792,47240.25039406395,562634793.0144994,0.0,0.0,0.0,196922177.5550748,0.0,196922177.5550748,0.0,0.0,0.0,112526.95860289987,0.0,112526.95860289987,0.0,0.0,16879.043790434982,0.0,16879.043790434982,0.0,0.0,61889827.231594935,0.0,0.0,0.0,0.0,0.0,0.0,3552000.0,196922177.5550748,112526.95860289987,16879.043790434982,562634793.0144994,61889827.231594935,58850138.577883415,0.0,0.0,0.0,7986.4425,7986.4425,6986.17539984,0.0,1000.26710016,2.255973186038318e-13,6986.17539984,6986.17539984,0.7143634043102602,1.0,100.0,64389.15159603165,1000000.0
ha/tech_liquid_to_air,2030-10-01,67860.79283380795,63734.74118388796,7570.7716,8.526512829121202e-14,1170.969566315677,1010.3034622873076,0.0,14932.01426365732,0.0,0.0,0.0,0.0,0.0,0.0,0.0,0.0,0.0,1228.154976,44400.74377332796,537419482.0735676,0.0,0.0,0.0,188096818.72574863,0.0,188096818.72574863,0.0,0.0,0.0,107483.89641471353,0.0,107483.89641471353,0.0,0.0,16122.584462207027,0.0,16122.584462207027,0.0,0.0,59116143.02809244,0.0,0.0,0.0,0.0,0.0,0.0,3670400.0,188096818.72574863,107483.89641471353,16122.584462207027,537419482.0735676,59116143.02809244,56074506.120369054,0.0,0.0,0.0,7570.7716,7570.7716,6566.25189952,0.0,1004.51970048,1.0658141036401505e-13,6566.25189952,6566.25189952,0.6966490009777022,1.0,100.0,67344.23367963597,1000000.0
ha/tech_liquid_to_air,2030-11-01,62198.44633287168,58560.50472519168,6998.4264,5.684341886080803e-14,1082.104779005357,933.6316128407624,0.0,13815.080783567304,0.0,0.0,0.0,0.0,0.0,0.0,0.0,0.0,0.0,254.41910399999995,41031.174857671685,468757955.9337613,0.0,0.0,0.0,164065284.57681644,0.0,164065284.57681644,0.0,0.0,0.0,93751.59118675228,0.0,93751.59118675228,0.0,0.0,14062.738678012838,0.0,14062.738678012838,0.0,0.0,51563375.15271375,0.0,0.0,0.0,0.0,0.0,0.0,3552000.0,164065284.57681644,93751.59118675228,14062.738678012838,468757955.9337613,51563375.15271375,48789413.41509751,0.0,0.0,0.0,6998.4264,6998.4264,6067.9395648,0.0,930.4868352,7.105427357601003e-14,6067.9395648,6067.9395648,0.7006629305915255,1.0,100.0,69900.07050831063,1000000.0
ha/tech_liquid_to_air,2030-12-01,61501.38058325319,58956.68053045319,7000.119,1.9895196601282805e-13,1082.2855241176333,933.7875583221628,0.0,13827.386217884456,0.0,0.0,0.0,0.0,0.0,0.0,0.0,0.0,0.0,1087.276896,41038.02833845319,449283570.2300996,0.0,0.0,0.0,157249249.58053488,0.0,157249249.58053488,0.0,0.0,0.0,89856.71404601993,0.0,89856.71404601993,0.0,0.0,13478.50710690299,0.0,13478.50710690299,0.0,0.0,49421192.72531096,0.0,0.0,0.0,0.0,0.0,0.0,3670400.0,157249249.58053488,89856.71404601993,13478.50710690299,449283570.2300996,49421192.72531096,46646945.84178939,0.0,0.0,0.0,7000.119,7000.119,6068.9530992,0.0,931.1659008,2.486899575160351e-13,6068.9530992,6068.9530992,0.696070877281763,1.0,100.0,71362.48503699302,1000000.0
ha/tech_liquid_to_water,2029-01-01,64132.02814277066,63059.97569991209,7665.152906326445,1.4210854715202006e-13,1730.409759690045,1024.229423008182,0.0,14707.860137906242,0.0,0.0,0.0,0.0,0.0,0.0,0.0,0.0,0.0,90.816048,45012.76089179364,416755712.7688117,0.0,0.0,0.0,145864499.46908405,0.0,145864499.46908405,0.0,0.0,0.0,83351.14255376233,0.0,83351.14255376233,0.0,0.0,12502.67138306435,0.0,12502.67138306435,0.0,0.0,45843128.40456928,0.0,0.0,0.0,0.0,0.0,0.0,3683631.528682296,145864499.46908405,83351.14255376233,12502.67138306435,416755712.7688117,45843128.40456928,45787706.49410807,0.0,0.0,0.0,7665.152906326445,7665.152906326445,6656.760711425941,0.0,1008.392194900504,1.9984014443252818e-13,6656.760711425941,6656.760711425941,0.7138087256170064,1.0,100.0,65243.64268316853,1000000.0
ha/tech_liquid_to_water,2029-02-01,59120.658198544246,59144.306464483176,7012.838522634197,8.526512829121202e-14,1595.1498673986127,945.290760843886,0.0,13468.678502186289,0.0,0.0,0.0,0.0,0.0,0.0,0.0,0.0,0.0,2709.38736,41543.570254130085,383174623.8817908,0.0,0.0,0.0,134111118.35862675,0.0,134111118.35862675,0.0,0.0,0.0,76634.92477635815,0.0,76634.92477635815,0.0,0.0,11495.238716453723,0.0,11495.238716453723,0.0,0.0,42149208.62699699,0.0,0.0,0.0,0.0,0.0,0.0,3327365.606739172,134111118.35862675,76634.92477635815,11495.238716453723,383174623.8817908,42149208.62699699,41997513.86836971,0.0,0.0,0.0,7012.838522634197,7012.838522634197,6143.715710859097,0.0,869.1228117750995,1.199040866595169e-13,6143.715710859097,6143.715710859097,0.7024103035019519,1.0,100.0,63624.844549831,1000000.0
ha/tech_liquid_to_water,2029-03-01,65745.07843175756,66627.55486697315,8027.006369991756,1.4210854715202006e-13,1838.101788064527,1082.6712971736351,0.0,15399.213061186094,0.0,0.0,0.0,0.0,0.0,0.0,0.0,0.0,0.0,671.351136,47581.16016717436,447265431.5785455,0.0,0.0,0.0,156542901.0524909,0.0,156542901.0524909,0.0,0.0,0.0,89453.0863157091,0.0,89453.0863157091,0.0,0.0,13417.962947356364,0.0,13417.962947356364,0.0,0.0,49199197.47364,0.0,0.0,0.0,0.0,0.0,0.0,3684604.6247616704,156542901.0524909,89453.0863157091,13417.962947356364,447265431.5785455,49199197.47364,48904497.79389553,0.0,0.0,0.0,8027.006369991756,8027.006369991756,7036.59120946425,0.0,990.4151605275068,1.607602939657227e-13,7036.59120946425,7036.59120946425,0.7141363698874088,1.0,100.0,60904.26632655089,1000000.0
ha/tech_liquid_to_water,2029-04-01,65240.06672334191,66210.13702908129,8014.72903724982,2.557953848736361e-13,1855.479668910007,1081.4185113460228,0.0,15352.94779850742,0.0,0.0,0.0,0.0,0.0,0.0,0.0,0.0,0.0,43.437408,47526.10282587937,461484663.955319,0.0,0.0,0.0,161519632.38436162,0.0,161519632.38436162,0.0,0.0,0.0,92296.9327910638,0.0,92296.9327910638,0.0,0.0,13844.53991865957,0.0,13844.53991865957,0.0,0.0,50763313.03508509,0.0,0.0,0.0,0.0,0.0,0.0,3566663.208340648,161519632.38436162,92296.9327910638,13844.53991865957,461484663.955319,50763313.03508509,50335288.05929282,0.0,0.0,0.0,8014.72903724982,8014.72903724982,7028.4489951422,0.0,986.2800421076196,3.206324095117452e-13,7028.448995142201,7028.448995142201,0.7178070452414954,1.0,100.0,58078.71635190151,1000000.0
ha/tech_liquid_to_water,2029-05-01,73620.0667119759,74459.05020684164,9028.147328689396,3.1263880373444413e-13,2090.8008168423708,1226.851611914783,0.0,16952.195135640904,0.0,0.0,0.0,0.0,0.0,0.0,0.0,0.0,0.0,1329.872304,53917.58625195302,512667570.7769677,0.0,0.0,0.0,179433649.77193868,0.0,179433649.77193868,0.0,0.0,0.0,102533.51415539354,0.0,102533.51415539354,0.0,0.0,15380.027123309032,0.0,15380.027123309032,0.0,0.0,56393432.78546645,0.0,0.0,0.0,0.0,0.0,0.0,3686689.0868327576,179433649.77193868,102533.51415539354,15380.027123309032,512667570.7769677,56393432.78546645,55779978.26777996,0.0,0.0,0.0,9028.147328689396,9028.147328689396,7973.660417758447,0.0,1054.4869109309498,3.037570195374429e-13,7973.660417758447,7973.660417758447,0.724124013161248,1.0,100.0,55148.93204019341,1000000.0
ha/tech_liquid_to_water,2029-06-01,76905.4229045731,76935.82648500666,9023.926191398905,1.7053025658242404e-13,2102.056593092778,1227.5606882543314,0.0,16894.146783567492,0.0,0.0,0.0,0.0,0.0,0.0,0.0,0.0,0.0,7377.483168000001,53948.74868783812,520539562.961555,0.0,0.0,0.0,182188847.03654423,0.0,182188847.03654423,0.0,0.0,0.0,104107.912592311,0.0,104107.912592311,0.0,0.0,15616.18688884665,0.0,15616.18688884665,0.0,0.0,57259351.92577105,0.0,0.0,0.0,0.0,0.0,0.0,3568543.195126452,182188847.03654423,104107.912592311,15616.18688884665,520539562.961555,57259351.92577105,56496905.775523886,0.0,0.0,0.0,9023.926191398905,9023.926191398905,7978.268908212318,0.0,1045.657283186587,1.7319479184152445e-13,7978.268908212318,7978.268908212318,0.701217510132964,1.0,100.0,53016.47186666708,1000000.0
ha/tech_liquid_to_water,2029-07-01,81557.24516876067,80463.1830677207,9515.550217064056,5.684341886080803e-14,2221.1115849429743,1295.0838952840993,0.0,17783.648264671174,0.0,0.0,0.0,0.0,0.0,0.0,0.0,0.0,0.0,6388.317792,56916.25372567546,551753106.6707536,0.0,0.0,0.0,193113587.3347637,0.0,193113587.3347637,0.0,0.0,0.0,110350.62133415072,0.0,110350.62133415072,0.0,0.0,16552.593200122607,0.0,16552.593200122607,0.0,0.0,60692841.733782895,0.0,0.0,0.0,0.0,0.0,0.0,3687936.686437148,193113587.3347637,110350.62133415072,16552.593200122607,551753106.6707536,60692841.733782895,59737666.1049476,0.0,0.0,0.0,9515.550217064056,9515.550217064056,8417.121592550451,0.0,1098.4286245136036,4.440892098500626e-14,8417.121592550451,8417.121592550451,0.7073577200863741,1.0,100.0,51889.42238276408,1000000.0
ha/tech_liquid_to_water,2029-08-01,83866.42998895572,81316.82326030308,9444.48371723546,5.684341886080803e-14,2201.783282078907,1285.0482869247223,0.0,17662.43680077973,0.0,0.0,0.0,0.0,0.0,0.0,0.0,0.0,0.0,9669.267648,56475.209532512585,545882086.5990212,0.0,0.0,0.0,191058730.3096574,0.0,191058730.3096574,0.0,0.0,0.0,109176.41731980424,0.0,109176.41731980424,0.0,0.0,16376.462597970634,0.0,16376.462597970634,0.0,0.0,60047029.525892325,0.0,0.0,0.0,0.0,0.0,0.0,3687749.2395015033,191058730.3096574,109176.41731980424,16376.462597970634,545882086.5990212,60047029.525892325,58954347.212675326,0.0,0.0,0.0,9444.48371723546,9444.48371723546,8351.897296175766,0.0,1092.5864210596935,4.440892098500626e-14,8351.897296175766,8351.897296175766,0.694508310435713,1.0,100.0,52237.245829337815,1000000.0
ha/tech_liquid_to_water,2029-09-01,76425.13838553593,73405.26486236796,8805.594399524165,2.842170943040401e-13,2039.988417755383,1196.510735416805,0.0,16522.740991399296,0.0,0.0,0.0,0.0,0.0,0.0,0.0,0.0,0.0,3194.158896,52584.16759752717,500662095.31966704,0.0,0.0,0.0,175231733.36188346,0.0,175231733.36188346,0.0,0.0,0.0,100132.4190639334,0.0,100132.4190639334,0.0,0.0,15019.862859590012,0.0,15019.862859590012,0.0,0.0,55072830.485163376,0.0,0.0,0.0,0.0,0.0,0.0,3567908.0320148594,175231733.36188346,100132.4190639334,15019.862859590012,500662095.31966704,55072830.485163376,53937566.89101942,0.0,0.0,0.0,8805.594399524165,8805.594399524165,7776.466361344042,0.0,1029.1280381801218,2.6201263381153694e-13,7776.466361344042,7776.466361344042,0.7163541701827582,1.0,100.0,53217.130934750414,1000000.0
ha/tech_liquid_to_water,2029-10-01,74777.11059532371,70361.17692596103,8405.365356522261,1.7053025658242404e-13,1951.563518840604,1134.2481561171824,0.0,16093.12839242412,0.0,0.0,0.0,0.0,0.0,0.0,0.0,0.0,0.0,2229.563328,49847.85624817253,488138518.9511829,0.0,0.0,0.0,170848481.63291398,0.0,170848481.63291398,0.0,0.0,0.0,97627.70379023656,0.0,97627.70379023656,0.0,0.0,14644.155568535483,0.0,14644.155568535483,0.0,0.0,53695237.08463011,0.0,0.0,0.0,0.0,0.0,0.0,3685912.014911141,170848481.63291398,97627.70379023656,14644.155568535483,488138518.9511829,53695237.08463011,52458954.591296025,0.0,0.0,0.0,8405.365356522261,8405.36535652226,7371.804005075784,0.0,1033.5613514464756,2.0161650127192845e-13,7371.804005075784,7371.804005075784,0.7084568284101606,1.0,100.0,55681.50108527249,1000000.0
ha/tech_liquid_to_water,2029-11-01,70527.36212994334,66865.40275082317,7787.050112137028,5.684341886080803e-14,1788.6100620553757,1049.8540702613936,0.0,14933.329052382309,0.0,0.0,0.0,0.0,0.0,0.0,0.0,0.0,0.0,5892.896544,46138.91104315104,438413218.1216605,0.0,0.0,0.0,153444626.34258118,0.0,153444626.34258118,0.0,0.0,0.0,87682.64362433211,0.0,87682.64362433211,0.0,0.0,13152.396543649817,0.0,13152.396543649817,0.0,0.0,48225453.993382655,0.0,0.0,0.0,0.0,0.0,0.0,3565925.633528551,153444626.34258118,87682.64362433211,13152.396543649817,438413218.1216605,48225453.993382655,46998923.13138148,0.0,0.0,0.0,7787.050112137028,7787.050112137028,6823.302641629761,0.0,963.7474705072668,7.993605777301127e-14,6823.302641629761,6823.302641629761,0.690026667678795,1.0,100.0,57554.850402337295,1000000.0
ha/tech_liquid_to_water,2029-12-01,68040.25235346737,65781.16709329352,7876.961332072464,8.526512829121202e-14,1790.7161746100846,1061.7531503216778,0.0,15124.885054429336,0.0,0.0,0.0,0.0,0.0,0.0,0.0,0.0,0.0,1557.457488,46661.85095637164,429655713.8178011,0.0,0.0,0.0,150379499.83623037,0.0,150379499.83623037,0.0,0.0,0.0,85931.14276356023,0.0,85931.14276356023,0.0,0.0,12889.671414534034,0.0,12889.671414534034,0.0,0.0,47262128.51995812,0.0,0.0,0.0,0.0,0.0,0.0,3684041.050758518,150379499.83623037,85931.14276356023,12889.671414534034,429655713.8178011,47262128.51995812,45946423.155965336,0.0,0.0,0.0,7876.961332072464,7876.961332072463,6900.638174927341,0.0,976.3231571451216,1.199040866595169e-13,6900.638174927342,6900.638174927342,0.7093496971586701,1.0,100.0,58023.21948790104,1000000.0
ha/tech_liquid_to_water,2030-01-01,66488.25059666455,65183.12113694466,7735.047610071774,5.684341886080803e-14,1755.315279741335,1042.518534485693,0.0,14859.575444550446,0.0,0.0,0.0,0.0,0.0,0.0,0.0,0.0,0.0,2854.45824,45816.52944536894,419636646.836442,0.0,0.0,0.0,146872826.3927547,0.0,146872826.3927547,0.0,0.0,0.0,83927.3293672884,0.0,83927.3293672884,0.0,0.0,12589.09940509326,0.0,12589.09940509326,0.0,0.0,46160031.15200862,0.0,0.0,0.0,0.0,0.0,0.0,3683721.831812868,146872826.3927547,83927.3293672884,12589.09940509326,419636646.836442,46160031.15200862,44761995.73203167,0.0,0.0,0.0,7735.047610071774,7735.047610071774,6775.626891205089,0.0,959.4207188666846,7.993605777301127e-14,6775.626891205089,6775.626891205089,0.7028894696391107,1.0,100.0,57573.0336678796,1000000.0
ha/tech_liquid_to_water,2030-02-01,57496.00173675813,57678.00696950751,6969.7583767298765,8.526512829121202e-14,1586.5959634207893,939.5604209099592,0.0,13386.74038986718,0.0,0.0,0.0,0.0,0.0,0.0,0.0,0.0,0.0,121.67505599999998,41291.73368755599,381695338.9900024,0.0,0.0,0.0,133593368.64650084,0.0,133593368.64650084,0.0,0.0,0.0,76339.06779800048,0.0,76339.06779800048,0.0,0.0,11450.860169700072,0.0,11450.860169700072,0.0,0.0,41986487.28890026,0.0,0.0,0.0,0.0,0.0,0.0,3327319.0349888634,133593368.64650084,76339.06779800048,11450.860169700072,381695338.9900024,41986487.28890026,40617624.51873732,0.0,0.0,0.0,6969.7583767298765,6969.7583767298765,6106.472588489847,0.0,863.2857882400292,1.1812772982011668e-13,6106.472588489847,6106.472588489847,0.7159008408419103,1.0,100.0,55804.43247170944,1000000.0
ha/tech_liquid_to_water,2030-03-01,65251.32123694331,66163.63789529786,7992.59075393538,2.557953848736361e-13,1829.8399512874048,1077.9112220360023,0.0,15334.450798731576,0.0,0.0,0.0,0.0,0.0,0.0,0.0,0.0,0.0,256.18008000000003,47371.96472796511,445163418.1917489,0.0,0.0,0.0,155807196.3671121,0.0,155807196.3671121,0.0,0.0,0.0,89032.68363834979,0.0,89032.68363834979,0.0,0.0,13354.902545752468,0.0,13354.902545752468,0.0,0.0,48967976.00109238,0.0,0.0,0.0,0.0,0.0,0.0,3684537.7783779865,155807196.3671121,89032.68363834979,13354.902545752468,445163418.1917489,48967976.00109238,47258154.334568486,0.0,0.0,0.0,7992.590753935381,7992.59075393538,7005.654116223396,0.0,986.9366377119844,3.206324095117452e-13,7005.654116223396,7005.654116223396,0.7159818630730364,1.0,100.0,53062.27586206749,1000000.0
ha/tech_liquid_to_water,2030-04-01,65563.64730492898,66828.09526117655,8086.64123601568,4.547473508864641e-13,1871.4677927980488,1091.1480539429574,0.0,15488.786889414032,0.0,0.0,0.0,0.0,0.0,0.0,0.0,0.0,0.0,110.18678400000002,47953.69606296492,465102509.2357279,0.0,0.0,0.0,162785878.23250476,0.0,162785878.23250476,0.0,0.0,0.0,93020.50184714558,0.0,93020.50184714558,0.0,0.0,13953.07527707184,0.0,13953.07527707184,0.0,0.0,51161276.01593007,0.0,0.0,0.0,0.0,0.0,0.0,3566777.947809382,162785878.23250476,93020.50184714558,13953.07527707184,465102509.2357279,51161276.01593007,49253243.09061989,0.0,0.0,0.0,8086.64123601568,8086.64123601568,7091.684082364354,0.0,994.9571536513256,4.840572387365684e-13,7091.684082364354,7091.684082364354,0.7175679012779431,1.0,100.0,49926.360113021896,1000000.0
ha/tech_liquid_to_water,2030-05-01,73982.36310858716,74980.13275875954,9033.121342797776,3.410605131648481e-13,2091.818500832429,1227.5938435783569,0.0,16960.912835355895,0.0,0.0,0.0,0.0,0.0,0.0,0.0,0.0,0.0,2443.312272,53950.20579562971,512790393.9204828,0.0,0.0,0.0,179476637.87216896,0.0,179476637.87216896,0.0,0.0,0.0,102558.07878409656,0.0,102558.07878409656,0.0,0.0,15383.711817614483,0.0,15383.711817614483,0.0,0.0,56406943.33125311,0.0,0.0,0.0,0.0,0.0,0.0,3686692.9205698976,179476637.87216896,102558.07878409656,15383.711817614483,512790393.9204828,56406943.33125311,54169314.15148381,0.0,0.0,0.0,9033.121342797776,9033.121342797776,7978.484394170237,0.0,1054.636948627538,3.481659405224491e-13,7978.484394170237,7978.484394170237,0.7195266774094499,1.0,100.0,46836.77196201708,1000000.0
ha/tech_liquid_to_water,2030-06-01,77910.193993896,77614.95532678584,9111.853798987371,1.1368683772161605e-13,2118.560312770535,1239.8765071019204,0.0,17047.65876211884,0.0,0.0,0.0,0.0,0.0,0.0,0.0,0.0,0.0,7333.374912,54490.00340725926,522290662.46992713,0.0,0.0,0.0,182801731.86447448,0.0,182801731.86447448,0.0,0.0,0.0,104458.13249398542,0.0,104458.13249398542,0.0,0.0,15668.719874097813,0.0,15668.719874097813,0.0,0.0,57451972.87169198,0.0,0.0,0.0,0.0,0.0,0.0,3568597.488661055,182801731.86447448,104458.13249398542,15668.719874097813,522290662.46992713,57451972.87169198,55037039.07470755,0.0,0.0,0.0,9111.853798987371,9111.853798987371,8058.312946385799,0.0,1053.5408526015715,8.881784197001252e-14,8058.3129463858,8058.3129463858,0.7020554631235368,1.0,100.0,45013.45031635669,1000000.0
ha/tech_liquid_to_water,2030-07-01,84533.23059212277,83030.78976971054,9578.893483233913,1.1368683772161605e-13,2235.492341068129,1303.9270224030638,0.0,17892.942846678157,0.0,0.0,0.0,0.0,0.0,0.0,0.0,0.0,0.0,11187.732096,57304.89083919696,554923224.8448024,0.0,0.0,0.0,194223128.69568083,0.0,194223128.69568083,0.0,0.0,0.0,110984.64496896048,0.0,110984.64496896048,0.0,0.0,16647.69674534407,0.0,16647.69674534407,0.0,0.0,61041554.73292826,0.0,0.0,0.0,0.0,0.0,0.0,3688037.300872975,194223128.69568083,110984.64496896048,16647.69674534407,554923224.8448024,61041554.73292826,58332319.93988399,0.0,0.0,0.0,9578.893483233913,9578.893483233913,8474.595611407258,0.0,1104.297871826653,8.881784197001252e-14,8474.595611407258,8474.595611407258,0.6901643474442979,1.0,100.0,44280.39879770077,1000000.0
ha/tech_liquid_to_water,2030-08-01,80860.94662495039,78415.99388971942,9410.278223395531,1.1368683772161605e-13,2193.2559266211606,1280.0991727828214,0.0,17603.509843804546,0.0,0.0,0.0,0.0,0.0,0.0,0.0,0.0,0.0,3577.883952,56257.70622076307,543746352.8857371,0.0,0.0,0.0,190311223.510008,0.0,190311223.510008,0.0,0.0,0.0,108749.27057714744,0.0,108749.27057714744,0.0,0.0,16312.390586572114,0.0,16312.390586572114,0.0,0.0,59812098.817431085,0.0,0.0,0.0,0.0,0.0,0.0,3687681.262670967,190311223.510008,108749.27057714744,16312.390586572114,543746352.8857371,59812098.817431085,57014476.57875462,0.0,0.0,0.0,9410.278223395531,9410.278223395531,8319.731584240439,0.0,1090.546639155091,8.881784197001252e-14,8319.731584240439,8319.731584240439,0.7174264257860619,1.0,100.0,44532.09560631059,1000000.0
ha/tech_liquid_to_water,2030-09-01,75226.33387384813,72275.19014816244,8818.832161889219,2.557953848736361e-13,2044.3580417233995,1198.627844131262,0.0,16545.3462080569,0.0,0.0,0.0,0.0,0.0,0.0,0.0,0.0,0.0,309.84792,52677.21013878312,502120686.2647374,0.0,0.0,0.0,175742240.1926581,0.0,175742240.1926581,0.0,0.0,0.0,100424.13725294748,0.0,100424.13725294748,0.0,0.0,15063.620587942123,0.0,15063.620587942123,0.0,0.0,55233275.48912112,0.0,0.0,0.0,0.0,0.0,0.0,3567954.690333677,175742240.1926581,100424.13725294748,15063.620587942123,502120686.2647374,55233275.48912112,52520364.540983565,0.0,0.0,0.0,8818.83216188922,8818.832161889219,7790.226057946807,0.0,1028.6061039424128,2.602362769721367e-13,7790.226057946807,7790.226057946807,0.7288422213873956,1.0,99.99999999999996,45438.88129027286,1000000.0
ha/tech_liquid_to_water,2030-10-01,73679.57423569335,69698.01931612409,8378.489191897857,3.694822225952521e-13,1945.7866713783155,1130.3346279940486,0.0,16041.678838944836,0.0,0.0,0.0,0.0,0.0,0.0,0.0,0.0,0.0,1228.154976,49675.86479616703,487178630.1400018,0.0,0.0,0.0,170512520.54900062,0.0,170512520.54900062,0.0,0.0,0.0,97435.72602800035,0.0,97435.72602800035,0.0,0.0,14615.358904200051,0.0,14615.358904200051,0.0,0.0,53589649.3154002,0.0,0.0,0.0,0.0,0.0,0.0,3685881.7925375775,170512520.54900062,97435.72602800035,14615.358904200051,487178630.1400018,53589649.3154002,50832086.29777896,0.0,0.0,0.0,8378.489191897857,8378.489191897857,7346.368863624152,0.0,1032.1203282737054,4.831690603168681e-13,7346.368863624152,7346.368863624152,0.712729935277729,1.0,100.0,47474.64953846379,1000000.0
ha/tech_liquid_to_water,2030-11-01,67393.11235309202,63884.17506336999,7719.543457752952,2.557953848736361e-13,1773.8411797597182,1040.7868827162326,0.0,14805.764034946704,0.0,0.0,0.0,0.0,0.0,0.0,0.0,0.0,0.0,254.41910399999995,45740.42693816149,435140295.35027707,0.0,0.0,0.0,152299103.37259695,0.0,152299103.37259695,0.0,0.0,0.0,87028.05907005542,0.0,87028.05907005542,0.0,0.0,13054.208860508312,0.0,13054.208860508312,0.0,0.0,47865432.48853047,0.0,0.0,0.0,0.0,0.0,0.0,3565821.891209783,152299103.37259695,87028.05907005542,13054.208860508312,435140295.35027707,47865432.48853047,45290260.098300174,0.0,0.0,0.0,7719.543457752952,7719.543457752952,6764.372389815196,0.0,955.1710679377564,3.597122599785507e-13,6764.372389815197,6764.372389815197,0.7159899441886697,1.0,100.0,49209.745648426106,1000000.0
ha/tech_liquid_to_water,2030-12-01,66565.54479958779,64146.59061167098,7703.02173647044,1.7053025658242404e-13,1756.5716134126044,1038.2551432259638,0.0,14793.066767560704,0.0,0.0,0.0,0.0,0.0,0.0,0.0,0.0,0.0,1087.276896,45629.16223344223,424295279.0449842,0.0,0.0,0.0,148503347.66574445,0.0,148503347.66574445,0.0,0.0,0.0,84859.05580899684,0.0,84859.05580899684,0.0,0.0,12728.858371349526,0.0,12728.858371349526,0.0,0.0,46672480.69494826,0.0,0.0,0.0,0.0,0.0,0.0,3683872.771237484,148503347.66574445,84859.05580899684,12728.858371349526,424295279.0449842,46672480.69494826,44052453.75517818,0.0,0.0,0.0,7703.02173647044,7703.021736470439,6747.917888907686,0.0,955.1038475627538,2.398081733190338e-13,6747.917888907687,6747.917888907687,0.71132638224954,1.0,100.0,49872.128222930325,1000000.0
ha/policy_a,2029-01-01,66876.65803764043,65872.69618378342,8045.770283936032,1.9895196601282805e-13,2095.6062117718093,1080.8625016366886,0.0,15230.839900825174,0.0,0.0,0.0,0.0,0.0,0.0,0.0,0.0,0.0,90.816048,47501.66735123125,579744540.178644,0.0,0.0,0.0,202910589.0625254,0.0,202910589.0625254,0.0,0.0,0.0,115948.9080357288,0.0,115948.9080357288,0.0,0.0,17392.33620535932,0.0,17392.33620535932,0.0,0.0,63771899.41965084,0.0,0.0,0.0,0.0,0.0,0.0,3690926.948932464,202910589.0625254,115948.9080357288,17392.33620535932,579744540.178644,63771899.41965084,63694776.68359844,0.0,0.0,0.0,8045.770283936032,8045.770283936031,7024.835328608979,0.0,1020.9349553270528,2.220446049250313e-13,7024.835328608979,7024.835328608979,0.7211131485904662,1.0,100.0,64810.3556420852,1000000.0
ha/policy_a,2029-02-01,61630.99433071843,61716.97510350065,7361.268983324939,1.7053025658242404e-13,1929.39556730242,997.0760730176556,0.0,13947.369050695032,0.0,0.0,0.0,0.0,0.0,0.0,0.0,0.0,0.0,2709.38736,43819.42742267206,532215637.8428541,0.0,0.0,0.0,186275473.2449989,0.0,186275473.2449989,0.0,0.0,0.0,106443.12756857082,0.0,106443.12756857082,0.0,0.0,15966.469135285624,0.0,15966.469135285624,0.0,0.0,58543720.162713945,0.0,0.0,0.0,0.0,0.0,0.0,3334044.089615237,186275473.2449989,106443.12756857082,15966.469135285624,532215637.8428541,58543720.162713945,58333015.8951575,0.0,0.0,0.0,7361.268983324939,7361.268983324938,6480.283303786491,0.0,880.9856795384468,2.486899575160351e-13,6480.283303786491,6480.283303786491,0.7100060777312234,1.0,100.0,62794.97930200055,1000000.0
ha/policy_a,2029-03-01,68647.35121315984,69601.89372607543,8429.846203087527,3.694822225952521e-13,2224.5397743545323,1142.541402652839,0.0,15952.651905904631,0.0,0.0,0.0,0.0,0.0,0.0,0.0,0.0,0.0,671.351136,50212.32724943493,619147659.9091982,0.0,0.0,0.0,216701680.9682193,0.0,216701680.9682193,0.0,0.0,0.0,123829.53198183964,0.0,123829.53198183964,0.0,0.0,18574.429797275945,0.0,18574.429797275945,0.0,0.0,68106242.59001179,0.0,0.0,0.0,0.0,0.0,0.0,3692325.990229528,216701680.9682193,123829.53198183964,18574.429797275945,619147659.9091982,68106242.59001179,67698411.23010477,0.0,0.0,0.0,8429.846203087527,8429.846203087527,7425.7041923469,0.0,1004.1420107406263,4.085620730620576e-13,7425.7041923469,7425.7041923469,0.7214218545123225,1.0,100.0,59615.89701473044,1000000.0
ha/policy_a,2029-04-01,68210.56960659182,69254.39255085129,8426.996522036261,1.9895196601282805e-13,2250.9709959177617,1142.6979875513564,0.0,15919.347670903862,0.0,0.0,0.0,0.0,0.0,0.0,0.0,0.0,0.0,43.437408,50219.20883127383,636997873.7545378,0.0,0.0,0.0,222949255.81408823,0.0,222949255.81408823,0.0,0.0,0.0,127399.57475090756,0.0,127399.57475090756,0.0,0.0,19109.93621263613,0.0,19109.93621263613,0.0,0.0,70069766.11299916,0.0,0.0,0.0,0.0,0.0,0.0,3574565.2767535145,222949255.81408823,127399.57475090756,19109.93621263613,636997873.7545378,70069766.11299916,69478974.34293939,0.0,0.0,0.0,8426.996522036261,8426.996522036261,7426.721882502094,0.0,1000.2746395341668,2.7355895326763857e-13,7426.721882502094,7426.721882502094,0.7251411351908035,1.0,100.0,56321.10307455321,1000000.0
ha/policy_a,2029-05-01,76883.67761374102,77803.69573558588,9481.12016485694,1.1368683772161605e-13,2525.3353564890185,1294.1765829143574,0.0,17574.513305442684,0.0,0.0,0.0,0.0,0.0,0.0,0.0,0.0,0.0,1329.872304,56876.37922701733,704957268.0698273,0.0,0.0,0.0,246735043.8244396,0.0,246735043.8244396,0.0,0.0,0.0,140991.45361396548,0.0,140991.45361396548,0.0,0.0,21148.71804209482,0.0,21148.71804209482,0.0,0.0,77545299.487681,0.0,0.0,0.0,0.0,0.0,0.0,3695371.368294805,246735043.8244396,140991.45361396548,21148.71804209482,704957268.0698273,77545299.487681,76701797.77094023,0.0,0.0,0.0,9481.12016485694,9481.12016485694,8411.224709293427,0.0,1069.895455563513,1.8829382497642652e-13,8411.224709293427,8411.224709293427,0.7310241330991581,1.0,100.0,52875.74959621936,1000000.0
ha/policy_a,2029-06-01,80194.05412061104,80306.11960389682,9480.405416648424,2.842170943040401e-13,2539.947280374026,1295.400328240336,0.0,17521.275200018812,0.0,0.0,0.0,0.0,0.0,0.0,0.0,0.0,0.0,7377.483168000001,56930.16029843875,713920349.188022,0.0,0.0,0.0,249872122.2158077,0.0,249872122.2158077,0.0,0.0,0.0,142784.06983760442,0.0,142784.06983760442,0.0,0.0,21417.61047564066,0.0,21417.61047564066,0.0,0.0,78531238.41068242,0.0,0.0,0.0,0.0,0.0,0.0,3577292.6847177614,249872122.2158077,142784.06983760442,21417.61047564066,713920349.188022,78531238.41068242,77485617.77951613,0.0,0.0,0.0,9480.405416648424,9480.405416648424,8419.178181068179,0.0,1061.227235580246,4.440892098500626e-13,8419.178181068179,8419.178181068179,0.7089143464936667,1.0,100.0,50223.73683255954,1000000.0
ha/policy_a,2029-07-01,85026.2227414709,84018.29325793893,9997.020145335342,2.842170943040401e-13,2682.984750420916,1366.6456680654562,0.0,18445.11866539475,0.0,0.0,0.0,0.0,0.0,0.0,0.0,0.0,0.0,6388.317792,60061.245360205336,755448296.6418822,0.0,0.0,0.0,264406903.82465875,0.0,264406903.82465875,0.0,0.0,0.0,151089.65932837644,0.0,151089.65932837644,0.0,0.0,22663.448899256466,0.0,22663.448899256466,0.0,0.0,83099312.63060704,0.0,0.0,0.0,0.0,0.0,0.0,3697165.1811701455,264406903.82465875,151089.65932837644,22663.448899256466,755448296.6418822,83099312.63060704,81791520.50233291,0.0,0.0,0.0,9997.020145335342,9997.020145335342,8882.222073741297,0.0,1114.7980715940444,4.405364961712621e-13,8882.222073741297,8882.222073741297,0.7148591459221307,1.0,100.0,48548.681565670624,1000000.0
ha/policy_a,2029-08-01,87304.32118424434,84840.08221163493,9921.67817118328,1.1368683772161605e-13,2659.546274717861,1355.967065615216,0.0,18318.02517244723,0.0,0.0,0.0,0.0,0.0,0.0,0.0,0.0,0.0,9669.267648,59591.94290906168,747866900.7146046,0.0,0.0,0.0,261753415.2501116,0.0,261753415.2501116,0.0,0.0,0.0,149573.38014292094,0.0,149573.38014292094,0.0,0.0,22436.00702143814,0.0,22436.00702143814,0.0,0.0,82265359.07860652,0.0,0.0,0.0,0.0,0.0,0.0,3696895.7847918496,261753415.2501116,149573.38014292094,22436.00702143814,747866900.7146046,82265359.07860652,80768333.74614681,0.0,0.0,0.0,9921.67817118328,9921.67817118328,8812.818774395611,0.0,1108.859396787669,3.730349362740526e-13,8812.818774395611,8812.818774395611,0.7024031725995814,1.0,100.0,48353.37426356215,1000000.0
ha/policy_a,2029-09-01,79605.8340206808,76664.94845999237,9247.126652108996,2.273736754432321e-13,2463.5329807532107,1262.1222886556243,0.0,17129.327392756637,0.0,0.0,0.0,0.0,0.0,0.0,0.0,0.0,0.0,3194.158896,55467.65941228496,688000946.5027725,0.0,0.0,0.0,240800331.27597037,0.0,240800331.27597037,0.0,0.0,0.0,137600.1893005545,0.0,137600.1893005545,0.0,0.0,20640.028395083176,0.0,20640.028395083176,0.0,0.0,75680104.11530498,0.0,0.0,0.0,0.0,0.0,0.0,3576371.027994811,240800331.27597037,137600.1893005545,20640.028395083176,688000946.5027725,75680104.11530498,74120026.7343598,0.0,0.0,0.0,9247.126652108996,9247.126652108996,8202.894659540196,0.0,1044.2319925687982,3.552713678800501e-13,8202.894659540196,8202.894659540196,0.7235074245335308,1.0,100.0,48830.72684349738,1000000.0
ha/policy_a,2029-10-01,77905.57181097231,73567.31979043157,8839.595488711517,2.842170943040401e-13,2368.114844874346,1198.7844529013453,0.0,16689.69363272299,0.0,0.0,0.0,0.0,0.0,0.0,0.0,0.0,0.0,2229.563328,52684.09276972787,672791780.3983153,0.0,0.0,0.0,235477123.13941032,0.0,235477123.13941032,0.0,0.0,0.0,134558.35607966306,0.0,134558.35607966306,0.0,0.0,20183.75341194946,0.0,20183.75341194946,0.0,0.0,74007095.84381469,0.0,0.0,0.0,0.0,0.0,0.0,3694235.048713492,235477123.13941032,134558.35607966306,20183.75341194946,672791780.3983153,74007095.84381469,72303131.69935998,0.0,0.0,0.0,8839.595488711517,8839.595488711517,7791.24390325015,0.0,1048.3515854613672,3.659295089164516e-13,7791.24390325015,7791.24390325015,0.7161344591566886,1.0,100.0,50800.86401916379,1000000.0
ha/policy_a,2029-11-01,73371.3727138363,69780.0371657889,8181.827977534011,3.410605131648481e-13,2167.3087730401585,1108.5212122273224,0.0,15475.686827981524,0.0,0.0,0.0,0.0,0.0,0.0,0.0,0.0,0.0,5892.896544,48717.210371597655,606839183.7007164,0.0,0.0,0.0,212393714.2952507,0.0,212393714.2952507,0.0,0.0,0.0,121367.83674014328,0.0,121367.83674014328,0.0,0.0,18205.17551102149,0.0,18205.17551102149,0.0,0.0,66752310.2070788,0.0,0.0,0.0,0.0,0.0,0.0,3573492.472572063,212393714.2952507,121367.83674014328,18205.17551102149,606839183.7007164,66752310.2070788,65054518.01624753,0.0,0.0,0.0,8181.827977534011,8181.82797753401,7204.597219697474,0.0,977.2307578365356,4.227729277772596e-13,7204.597219697474,7204.597219697474,0.6981539756972538,1.0,100.0,52224.89079417104,1000000.0
ha/policy_a,2029-12-01,70842.03679005343,68652.52462547216,8265.865725247982,1.7053025658242404e-13,2163.783324304331,1119.5497654189192,0.0,15659.17618527841,0.0,0.0,0.0,0.0,0.0,0.0,0.0,0.0,0.0,1557.457488,49201.89243271026,595816110.393791,0.0,0.0,0.0,208535638.63782683,0.0,208535638.63782683,0.0,0.0,0.0,119163.2220787582,0.0,119163.2220787582,0.0,0.0,17874.483311813732,0.0,17874.483311813732,0.0,0.0,65539772.14331701,0.0,0.0,0.0,0.0,0.0,0.0,3691495.3110005776,208535638.63782683,119163.2220787582,17874.483311813732,595816110.393791,65539772.14331701,63715192.24929488,0.0,0.0,0.0,8265.865725247982,8265.865725247982,7276.274949257394,0.0,989.590775990589,2.2026824808563106e-13,7276.274949257394,7276.274949257394,0.7166800157915078,1.0,100.0,52250.61963444801,1000000.0
ha/policy_a,2030-01-01,69239.57830367156,68002.76702800232,8116.937213873183,1.4210854715202006e-13,2121.65577506146,1099.274788383986,0.0,15384.231710532466,0.0,0.0,0.0,0.0,0.0,0.0,0.0,0.0,0.0,2854.45824,48310.84920268896,583027092.8378745,0.0,0.0,0.0,204059482.4932561,0.0,204059482.4932561,0.0,0.0,0.0,116605.4185675749,0.0,116605.4185675749,0.0,0.0,17490.812785136237,0.0,17490.812785136237,0.0,0.0,64132980.2121662,0.0,0.0,0.0,0.0,0.0,0.0,3691041.637246868,204059482.4932561,116605.4185675749,17490.812785136237,583027092.8378745,64132980.2121662,62190637.95308629,0.0,0.0,0.0,8116.937213873183,8116.937213873183,7144.502059786195,0.0,972.4351540869884,1.9539925233402758e-13,7144.502059786195,7144.502059786195,0.7104247564337407,1.0,100.0,51365.77513505577,1000000.0
ha/policy_a,2030-02-01,60001.66313501613,60245.88440750556,7317.537801733281,2.557953848736361e-13,1920.217620023666,991.2493946273254,0.0,13864.536970350036,0.0,0.0,0.0,0.0,0.0,0.0,0.0,0.0,0.0,121.67505599999998,43563.35698055664,530531877.35108685,0.0,0.0,0.0,185686157.0728804,0.0,185686157.0728804,0.0,0.0,0.0,106106.3754702174,0.0,106106.3754702174,0.0,0.0,15915.956320532609,0.0,15915.956320532609,0.0,0.0,58358506.50861956,0.0,0.0,0.0,0.0,0.0,0.0,3333985.039246725,185686157.0728804,106106.3754702174,15915.956320532609,530531877.35108685,58358506.50861956,56455873.59956993,0.0,0.0,0.0,7317.537801733281,7317.53780173328,6442.414050164633,0.0,875.1237515686472,2.966515921798419e-13,6442.414050164634,6442.414050164634,0.7230926628264325,1.0,100.0,49201.33624254268,1000000.0
ha/policy_a,2030-03-01,68143.95012246296,69128.09374434224,8394.093970449068,1.9895196601282805e-13,2214.995302657152,1137.582300264496,0.0,15886.05293119734,0.0,0.0,0.0,0.0,0.0,0.0,0.0,0.0,0.0,256.18008000000003,49994.38497495039,616536542.5732121,0.0,0.0,0.0,215787789.90062425,0.0,215787789.90062425,0.0,0.0,0.0,123307.30851464244,0.0,123307.30851464244,0.0,0.0,18496.096277196364,0.0,18496.096277196364,0.0,0.0,67819019.68305333,0.0,0.0,0.0,0.0,0.0,0.0,3692233.524469922,215787789.90062425,123307.30851464244,18496.096277196364,616536542.5732121,67819019.68305333,65451041.58695152,0.0,0.0,0.0,8394.093970449068,8394.093970449068,7393.47356393388,0.0,1000.6204065151876,2.4513724383723456e-13,7393.47356393388,7393.47356393388,0.7232137075824133,1.0,100.0,46002.19731800626,1000000.0
ha/policy_a,2030-04-01,68548.77912347006,69887.34308076896,8500.939869244121,2.273736754432321e-13,2268.9074283953087,1152.729278440292,0.0,16057.97711045127,0.0,0.0,0.0,0.0,0.0,0.0,0.0,0.0,0.0,110.18678400000002,50660.06328055679,641348516.4785749,0.0,0.0,0.0,224471980.7675012,0.0,224471980.7675012,0.0,0.0,0.0,128269.70329571498,0.0,128269.70329571498,0.0,0.0,19240.455494357244,0.0,19240.455494357244,0.0,0.0,70548336.81264323,0.0,0.0,0.0,0.0,0.0,0.0,3574718.947922026,224471980.7675012,128269.70329571498,19240.455494357244,641348516.4785749,70548336.81264323,67917324.54553874,0.0,0.0,0.0,8500.939869244121,8500.939869244121,7491.918118398371,0.0,1009.0217508457496,3.872457909892546e-13,7491.918118398371,7491.918118398371,0.7248818033046247,1.0,100.0,42394.72593231208,1000000.0
ha/policy_a,2030-05-01,77246.4316562467,78325.2470732184,9486.156449085487,2.842170943040401e-13,2526.413054365949,1294.9283100012767,0.0,17583.31681523666,0.0,0.0,0.0,0.0,0.0,0.0,0.0,0.0,0.0,2443.312272,56909.41607487511,705101576.3624156,0.0,0.0,0.0,246785551.72684544,0.0,246785551.72684544,0.0,0.0,0.0,141020.31527248313,0.0,141020.31527248313,0.0,0.0,21153.04729087247,0.0,21153.04729087247,0.0,0.0,77561173.39986572,0.0,0.0,0.0,0.0,0.0,0.0,3695376.395584112,246785551.72684544,141020.31527248313,21153.04729087247,705101576.3624156,77561173.39986572,74484413.53751399,0.0,0.0,0.0,9486.156449085487,9486.156449085487,8416.110399184294,0.0,1070.0460499011945,4.689582056016661e-13,8416.110399184294,8416.110399184294,0.7265781877671732,1.0,100.0,38789.49746097439,1000000.0
ha/policy_a,2030-06-01,81200.83175546897,80987.3044759162,9568.609637187146,1.7053025658242404e-13,2556.7167738983635,1307.7576225979756,0.0,17675.16759681838,0.0,0.0,0.0,0.0,0.0,0.0,0.0,0.0,0.0,7333.374912,57473.2377805875,715651217.1050543,0.0,0.0,0.0,250477925.986769,0.0,250477925.986769,0.0,0.0,0.0,143130.24342101088,0.0,143130.24342101088,0.0,0.0,21469.53651315163,0.0,21469.53651315163,0.0,0.0,78721633.88155597,0.0,0.0,0.0,0.0,0.0,0.0,3577352.28018506,250477925.986769,143130.24342101088,21469.53651315163,715651217.1050543,78721633.88155597,75412727.96682647,0.0,0.0,0.0,9568.609637187146,9568.609637187146,8499.49178047432,0.0,1069.1178567128277,3.0553337637684313e-13,8499.49178047432,8499.49178047432,0.7096573734921471,1.0,100.0,36446.30796662876,1000000.0
ha/policy_a,2030-07-01,88015.95302785917,86599.98613661184,10062.271309658889,0.0,2699.195703398524,1375.7723298383594,0.0,18557.034381843303,0.0,0.0,0.0,0.0,0.0,0.0,0.0,0.0,0.0,11187.732096,60462.34323427088,759328979.8701922,0.0,0.0,0.0,265765142.9545672,0.0,265765142.9545672,0.0,0.0,0.0,151865.79597403842,0.0,151865.79597403842,0.0,0.0,22779.869396105765,0.0,22779.869396105765,0.0,0.0,83526187.78572114,0.0,0.0,0.0,0.0,0.0,0.0,3697302.364926357,265765142.9545672,151865.79597403842,22779.869396105765,759328979.8701922,83526187.78572114,79818995.81309417,0.0,0.0,0.0,10062.271309658889,10062.271309658889,8941.538865615816,0.0,1120.7324440430712,2.0250467969162853e-13,8941.538865615816,8941.538865615816,0.6981795948430208,1.0,100.0,35163.07915447757,1000000.0
ha/policy_a,2030-08-01,84288.24843989151,81928.40599488489,9886.033477503175,1.1368683772161605e-13,2649.631489159712,1350.79816620316,0.0,18257.11460336396,0.0,0.0,0.0,0.0,0.0,0.0,0.0,0.0,0.0,3577.883952,59364.78049009381,745170561.4257505,0.0,0.0,0.0,260809696.49901268,0.0,260809696.49901268,0.0,0.0,0.0,149034.1122851501,0.0,149034.1122851501,0.0,0.0,22355.11684277252,0.0,22355.11684277252,0.0,0.0,81968761.75683255,0.0,0.0,0.0,0.0,0.0,0.0,3696800.222337861,260809696.49901268,149034.1122851501,22355.11684277252,745170561.4257505,81968761.75683255,78134769.981235,0.0,0.0,0.0,9886.033477503175,9886.033477503175,8779.224614967514,0.0,1106.8088625356618,2.2026824808563106e-13,8779.224614967514,8779.224614967514,0.7245933784406863,1.0,100.0,34873.29011032447,1000000.0
ha/policy_a,2030-09-01,78415.54980694661,75543.59534435575,9261.48965826206,1.1368683772161605e-13,2468.9948295346658,1264.4176714857997,0.0,17153.49046861478,0.0,0.0,0.0,0.0,0.0,0.0,0.0,0.0,0.0,309.84792,55568.53673153473,689918008.2167315,0.0,0.0,0.0,241471302.875856,0.0,241471302.875856,0.0,0.0,0.0,137983.6016433463,0.0,137983.6016433463,0.0,0.0,20697.540246501947,0.0,20697.540246501947,0.0,0.0,75890980.90384047,0.0,0.0,0.0,0.0,0.0,0.0,3576439.254236694,241471302.875856,137983.6016433463,20697.540246501947,689918008.2167315,75890980.90384047,72163373.23399587,0.0,0.0,0.0,9261.48965826206,9261.48965826206,8217.813010739983,0.0,1043.676647522074,3.694822225952521e-13,8217.813010739983,8217.813010739983,0.7355823677471626,1.0,100.0,35276.24974338065,1000000.0
ha/policy_a,2030-10-01,76804.67634958132,72900.72531380178,8812.28462785287,2.557953848736361e-13,2361.913964616078,1194.8002500305329,0.0,16637.64030410347,0.0,0.0,0.0,0.0,0.0,0.0,0.0,0.0,0.0,1228.154976,52508.99530900315,671692637.1911753,0.0,0.0,0.0,235092423.01691133,0.0,235092423.01691133,0.0,0.0,0.0,134338.52743823506,0.0,134338.52743823506,0.0,0.0,20150.77911573526,0.0,20150.77911573526,0.0,0.0,73886190.09102929,0.0,0.0,0.0,0.0,0.0,0.0,3694196.494372193,235092423.01691133,134338.52743823506,20150.77911573526,671692637.1911753,73886190.09102929,70084148.06465027,0.0,0.0,0.0,8812.284627852872,8812.28462785287,7765.349426347818,0.0,1046.9352015050536,3.765876499528531e-13,7765.349426347818,7765.349426347818,0.7202808351079875,1.0,100.0,36818.28681454409,1000000.0
ha/policy_a,2030-11-01,70223.66644339079,66785.02210206779,8112.4717328111665,1.4210854715202006e-13,2150.7615512401794,1099.1756386290665,0.0,15345.57697483067,0.0,0.0,0.0,0.0,0.0,0.0,0.0,0.0,0.0,254.41910399999995,48306.491776403,602896657.7843705,0.0,0.0,0.0,211013830.22452965,0.0,211013830.22452965,0.0,0.0,0.0,120579.33155687412,0.0,120579.33155687412,0.0,0.0,18086.899733531118,0.0,18086.899733531118,0.0,0.0,66318632.35628076,0.0,0.0,0.0,0.0,0.0,0.0,3573353.278538251,211013830.22452965,120579.33155687412,18086.899733531118,602896657.7843705,66318632.35628076,62750631.24243247,0.0,0.0,0.0,8112.4717328111665,8112.4717328111665,7143.85765709841,0.0,968.6140757127572,1.9895196601282805e-13,7143.85765709841,7143.85765709841,0.7233132558161921,1.0,100.0,38106.16960462689,1000000.0
ha/policy_a,2030-12-01,69353.11187413243,67003.37409830387,8089.932316080325,3.694822225952521e-13,2127.730682504104,1095.759366437588,0.0,15324.622963657846,0.0,0.0,0.0,0.0,0.0,0.0,0.0,0.0,0.0,1087.276896,48156.35369225712,589909097.6081802,0.0,0.0,0.0,206468184.16286305,0.0,206468184.16286305,0.0,0.0,0.0,117981.81952163603,0.0,117981.81952163603,0.0,0.0,17697.272928245406,0.0,17697.272928245406,0.0,0.0,64890000.736899815,0.0,0.0,0.0,0.0,0.0,0.0,3691288.815389797,206468184.16286305,117981.81952163603,17697.272928245406,589909097.6081802,64890000.736899815,61247285.97567228,0.0,0.0,0.0,8089.932316080325,8089.932316080325,7121.6543245315925,0.0,968.277991548732,4.014566457044566e-13,7121.654324531593,7121.654324531593,0.7187153533731692,1.0,100.0,38328.17669795135,1000000.0
ha/policy_b,2029-01-01,66876.65803764043,65872.69618378342,8045.770283936031,2.557953848736361e-13,2095.6062117718093,1080.8625016366886,0.0,15230.839900825174,0.0,0.0,0.0,0.0,0.0,0.0,0.0,0.0,0.0,90.816048,47501.66735123125,579744540.178644,0.0,0.0,0.0,202910589.0625254,0.0,202910589.0625254,0.0,0.0,0.0,115948.9080357288,0.0,115948.9080357288,0.0,0.0,17392.33620535932,0.0,17392.33620535932,0.0,0.0,63771899.41965084,0.0,0.0,0.0,0.0,0.0,0.0,3690926.948932464,202910589.0625254,115948.9080357288,17392.33620535932,579744540.178644,63771899.41965084,63694776.68359844,0.0,0.0,0.0,8045.770283936031,8045.770283936031,7024.835328608978,0.0,1020.9349553270528,3.3395508580724714e-13,7024.835328608979,7024.835328608979,0.7211131485904662,1.0,100.0,64810.3556420852,1000000.0
ha/policy_b,2029-02-01,61630.99433071843,61716.97510350064,7361.268983324939,1.4210854715202006e-13,1929.39556730242,997.0760730176556,0.0,13947.369050695032,0.0,0.0,0.0,0.0,0.0,0.0,0.0,0.0,0.0,2709.38736,43819.42742267206,532215637.8428541,0.0,0.0,0.0,186275473.2449989,0.0,186275473.2449989,0.0,0.0,0.0,106443.12756857082,0.0,106443.12756857082,0.0,0.0,15966.469135285624,0.0,15966.469135285624,0.0,0.0,58543720.162713945,0.0,0.0,0.0,0.0,0.0,0.0,3334044.089615237,186275473.2449989,106443.12756857082,15966.469135285624,532215637.8428541,58543720.162713945,58333015.8951575,0.0,0.0,0.0,7361.268983324939,7361.268983324938,6480.283303786491,0.0,880.9856795384468,2.042810365310288e-13,6480.283303786491,6480.283303786491,0.7100060777312235,1.0,100.0,62794.97930200055,1000000.0
ha/policy_b,2029-03-01,68647.35121315984,69601.89372607543,8429.846203087527,2.842170943040401e-13,2224.5397743545323,1142.5414026528388,0.0,15952.651905904631,0.0,0.0,0.0,0.0,0.0,0.0,0.0,0.0,0.0,671.351136,50212.32724943493,619147659.9091982,0.0,0.0,0.0,216701680.9682193,0.0,216701680.9682193,0.0,0.0,0.0,123829.53198183964,0.0,123829.53198183964,0.0,0.0,18574.429797275945,0.0,18574.429797275945,0.0,0.0,68106242.59001179,0.0,0.0,0.0,0.0,0.0,0.0,3692325.990229528,216701680.9682193,123829.53198183964,18574.429797275945,619147659.9091982,68106242.59001179,67698411.23010477,0.0,0.0,0.0,8429.846203087527,8429.846203087527,7425.7041923469,0.0,1004.1420107406263,4.085620730620576e-13,7425.7041923469,7425.7041923469,0.7214218545123225,1.0,100.0,59615.89701473044,1000000.0
ha/policy_b,2029-04-01,68210.56960659182,69254.39255085129,8426.996522036261,2.273736754432321e-13,2250.9709959177617,1142.6979875513564,0.0,15919.347670903862,0.0,0.0,0.0,0.0,0.0,0.0,0.0,0.0,0.0,43.437408,50219.20883127383,636997873.7545378,0.0,0.0,0.0,222949255.81408823,0.0,222949255.81408823,0.0,0.0,0.0,127399.57475090756,0.0,127399.57475090756,0.0,0.0,19109.93621263613,0.0,19109.93621263613,0.0,0.0,70069766.11299916,0.0,0.0,0.0,0.0,0.0,0.0,3574565.2767535145,222949255.81408823,127399.57475090756,19109.93621263613,636997873.7545378,70069766.11299916,69478974.34293939,0.0,0.0,0.0,8426.996522036261,8426.99652203626,7426.721882502094,0.0,1000.2746395341668,3.2684965844964614e-13,7426.721882502094,7426.721882502094,0.7251411351908035,1.0,99.99999999999996,56321.10307455321,1000000.0
ha/policy_b,2029-05-01,76883.67761374102,77803.69573558586,9481.12016485694,1.1368683772161605e-13,2525.3353564890185,1294.1765829143571,0.0,17574.51330544268,0.0,0.0,0.0,0.0,0.0,0.0,0.0,0.0,0.0,1329.872304,56876.37922701733,704957268.0698273,0.0,0.0,0.0,246735043.8244396,0.0,246735043.8244396,0.0,0.0,0.0,140991.45361396548,0.0,140991.45361396548,0.0,0.0,21148.71804209482,0.0,21148.71804209482,0.0,0.0,77545299.487681,0.0,0.0,0.0,0.0,0.0,0.0,3695371.368294805,246735043.8244396,140991.45361396548,21148.71804209482,704957268.0698273,77545299.487681,76701797.77094023,0.0,0.0,0.0,9481.12016485694,9481.12016485694,8411.224709293427,0.0,1069.895455563513,1.0658141036401505e-13,8411.224709293427,8411.224709293427,0.7310241330991583,1.0,100.0,52875.74959621936,1000000.0
ha/policy_b,2029-06-01,80194.05412061104,80306.11960389682,9480.405416648424,2.842170943040401e-13,2539.947280374026,1295.4003282403355,0.0,17521.275200018812,0.0,0.0,0.0,0.0,0.0,0.0,0.0,0.0,0.0,7377.483168000001,56930.16029843875,713920349.188022,0.0,0.0,0.0,249872122.2158077,0.0,249872122.2158077,0.0,0.0,0.0,142784.06983760442,0.0,142784.06983760442,0.0,0.0,21417.61047564066,0.0,21417.61047564066,0.0,0.0,78531238.41068242,0.0,0.0,0.0,0.0,0.0,0.0,3577292.6847177614,249872122.2158077,142784.06983760442,21417.61047564066,713920349.188022,78531238.41068242,77485617.77951613,0.0,0.0,0.0,9480.405416648424,9480.405416648424,8419.178181068179,0.0,1061.2272355802456,2.664535259100376e-13,8419.178181068179,8419.178181068179,0.7089143464936667,1.0,100.0,50223.73683255954,1000000.0
ha/policy_b,2029-07-01,85026.2227414709,84018.29325793892,9997.020145335342,2.842170943040401e-13,2682.984750420916,1366.6456680654562,0.0,18445.11866539475,0.0,0.0,0.0,0.0,0.0,0.0,0.0,0.0,0.0,6388.317792,60061.245360205336,755448296.6418822,0.0,0.0,0.0,264406903.82465875,0.0,264406903.82465875,0.0,0.0,0.0,151089.65932837644,0.0,151089.65932837644,0.0,0.0,22663.448899256466,0.0,22663.448899256466,0.0,0.0,83099312.63060704,0.0,0.0,0.0,0.0,0.0,0.0,3697165.1811701455,264406903.82465875,151089.65932837644,22663.448899256466,755448296.6418822,83099312.63060704,81791520.50233291,0.0,0.0,0.0,9997.020145335342,9997.020145335342,8882.222073741297,0.0,1114.7980715940444,2.664535259100376e-13,8882.222073741297,8882.222073741297,0.7148591459221308,1.0,100.0,48548.681565670624,1000000.0
ha/policy_b,2029-08-01,87304.32118424434,84840.08221163493,9921.67817118328,1.1368683772161605e-13,2659.546274717861,1355.967065615216,0.0,18318.02517244723,0.0,0.0,0.0,0.0,0.0,0.0,0.0,0.0,0.0,9669.267648,59591.94290906168,747866900.7146046,0.0,0.0,0.0,261753415.2501116,0.0,261753415.2501116,0.0,0.0,0.0,149573.38014292094,0.0,149573.38014292094,0.0,0.0,22436.00702143814,0.0,22436.00702143814,0.0,0.0,82265359.07860652,0.0,0.0,0.0,0.0,0.0,0.0,3696895.7847918496,261753415.2501116,149573.38014292094,22436.00702143814,747866900.7146046,82265359.07860652,80768333.74614681,0.0,0.0,0.0,9921.67817118328,9921.67817118328,8812.818774395611,0.0,1108.859396787669,1.0658141036401505e-13,8812.818774395611,8812.818774395611,0.7024031725995814,1.0,100.0,48353.37426356215,1000000.0
ha/policy_b,2029-09-01,79605.8340206808,76664.94845999237,9247.126652108993,2.273736754432321e-13,2463.5329807532107,1262.1222886556243,0.0,17129.327392756637,0.0,0.0,0.0,0.0,0.0,0.0,0.0,0.0,0.0,3194.158896,55467.65941228496,688000946.5027725,0.0,0.0,0.0,240800331.27597037,0.0,240800331.27597037,0.0,0.0,0.0,137600.1893005545,0.0,137600.1893005545,0.0,0.0,20640.028395083176,0.0,20640.028395083176,0.0,0.0,75680104.11530498,0.0,0.0,0.0,0.0,0.0,0.0,3576371.027994811,240800331.27597037,137600.1893005545,20640.028395083176,688000946.5027725,75680104.11530498,74120026.7343598,0.0,0.0,0.0,9247.126652108996,9247.126652108993,8202.894659540196,0.0,1044.2319925687982,2.131628207280301e-13,8202.894659540196,8202.894659540196,0.7235074245335308,1.0,100.0,48830.72684349738,1000000.0
ha/policy_b,2029-10-01,77905.57181097231,73567.31979043156,8839.595488711517,2.557953848736361e-13,2368.114844874346,1198.7844529013453,0.0,16689.69363272299,0.0,0.0,0.0,0.0,0.0,0.0,0.0,0.0,0.0,2229.563328,52684.09276972787,672791780.3983153,0.0,0.0,0.0,235477123.13941032,0.0,235477123.13941032,0.0,0.0,0.0,134558.35607966306,0.0,134558.35607966306,0.0,0.0,20183.75341194946,0.0,20183.75341194946,0.0,0.0,74007095.84381469,0.0,0.0,0.0,0.0,0.0,0.0,3694235.048713492,235477123.13941032,134558.35607966306,20183.75341194946,672791780.3983153,74007095.84381469,72303131.69935998,0.0,0.0,0.0,8839.595488711517,8839.595488711517,7791.24390325015,0.0,1048.3515854613672,3.6770586575585195e-13,7791.24390325015,7791.24390325015,0.7161344591566887,1.0,100.0,50800.86401916379,1000000.0
ha/policy_b,2029-11-01,73371.3727138363,69780.03716578889,8181.82797753401,3.1263880373444413e-13,2167.3087730401585,1108.5212122273222,0.0,15475.68682798152,0.0,0.0,0.0,0.0,0.0,0.0,0.0,0.0,0.0,5892.896544,48717.210371597655,606839183.7007164,0.0,0.0,0.0,212393714.2952507,0.0,212393714.2952507,0.0,0.0,0.0,121367.83674014328,0.0,121367.83674014328,0.0,0.0,18205.17551102149,0.0,18205.17551102149,0.0,0.0,66752310.2070788,0.0,0.0,0.0,0.0,0.0,0.0,3573492.472572063,212393714.2952507,121367.83674014328,18205.17551102149,606839183.7007164,66752310.2070788,65054518.01624753,0.0,0.0,0.0,8181.827977534011,8181.82797753401,7204.597219697474,0.0,977.2307578365356,4.494182803682634e-13,7204.597219697474,7204.597219697474,0.698153975697254,1.0,100.0,52224.89079417104,1000000.0
ha/policy_b,2029-12-01,70842.03679005343,68652.52462547216,8265.865725247982,1.7053025658242404e-13,2163.783324304331,1119.5497654189192,0.0,15659.17618527841,0.0,0.0,0.0,0.0,0.0,0.0,0.0,0.0,0.0,1557.457488,49201.89243271026,595816110.393791,0.0,0.0,0.0,208535638.63782683,0.0,208535638.63782683,0.0,0.0,0.0,119163.2220787582,0.0,119163.2220787582,0.0,0.0,17874.483311813732,0.0,17874.483311813732,0.0,0.0,65539772.14331701,0.0,0.0,0.0,0.0,0.0,0.0,3691495.3110005776,208535638.63782683,119163.2220787582,17874.483311813732,595816110.393791,65539772.14331701,63715192.24929488,0.0,0.0,0.0,8265.865725247982,8265.865725247982,7276.274949257394,0.0,989.590775990589,2.4513724383723456e-13,7276.274949257394,7276.274949257394,0.7166800157915078,1.0,100.0,52250.61963444801,1000000.0
ha/policy_b,2030-01-01,69239.57830367154,68002.76702800232,8116.937213873183,1.7053025658242404e-13,2121.65577506146,1099.2747883839857,0.0,15384.231710532464,0.0,0.0,0.0,0.0,0.0,0.0,0.0,0.0,0.0,2854.45824,48310.84920268896,583027092.8378745,0.0,0.0,0.0,204059482.4932561,0.0,204059482.4932561,0.0,0.0,0.0,116605.4185675749,0.0,116605.4185675749,0.0,0.0,17490.812785136237,0.0,17490.812785136237,0.0,0.0,64132980.2121662,0.0,0.0,0.0,0.0,0.0,0.0,3691041.637246868,204059482.4932561,116605.4185675749,17490.812785136237,583027092.8378745,64132980.2121662,62190637.95308629,0.0,0.0,0.0,8116.937213873183,8116.937213873183,7144.502059786195,0.0,972.4351540869884,2.113864638886298e-13,7144.502059786195,7144.502059786195,0.7104247564337407,1.0,100.0,51365.775135055774,1000000.0
ha/policy_b,2030-02-01,60001.663135016126,60245.88440750556,7317.53780173328,2.842170943040401e-13,1920.217620023666,991.2493946273254,0.0,13864.536970350036,0.0,0.0,0.0,0.0,0.0,0.0,0.0,0.0,0.0,121.67505599999998,43563.35698055664,530531877.35108685,0.0,0.0,0.0,185686157.0728804,0.0,185686157.0728804,0.0,0.0,0.0,106106.37547021738,0.0,106106.37547021738,0.0,0.0,15915.956320532609,0.0,15915.956320532609,0.0,0.0,58358506.50861956,0.0,0.0,0.0,0.0,0.0,0.0,3333985.039246725,185686157.0728804,106106.37547021738,15915.956320532609,530531877.35108685,58358506.50861956,56455873.59956993,0.0,0.0,0.0,7317.53780173328,7317.53780173328,6442.414050164633,0.0,875.1237515686472,3.730349362740526e-13,6442.414050164633,6442.414050164633,0.7230926628264325,1.0,100.0,49201.33624254268,1000000.0
ha/policy_b,2030-03-01,68143.95012246296,69128.09374434224,8394.093970449068,1.9895196601282805e-13,2214.995302657152,1137.582300264496,0.0,15886.05293119734,0.0,0.0,0.0,0.0,0.0,0.0,0.0,0.0,0.0,256.18008000000003,49994.38497495039,616536542.5732121,0.0,0.0,0.0,215787789.90062425,0.0,215787789.90062425,0.0,0.0,0.0,123307.30851464244,0.0,123307.30851464244,0.0,0.0,18496.096277196364,0.0,18496.096277196364,0.0,0.0,67819019.68305333,0.0,0.0,0.0,0.0,0.0,0.0,3692233.524469922,215787789.90062425,123307.30851464244,18496.096277196364,616536542.5732121,67819019.68305333,65451041.58695152,0.0,0.0,0.0,8394.093970449068,8394.093970449068,7393.47356393388,0.0,1000.6204065151876,2.859934511434403e-13,7393.47356393388,7393.47356393388,0.7232137075824133,1.0,100.0,46002.19731800628,1000000.0
ha/policy_b,2030-04-01,68548.77912347006,69887.34308076896,8500.939869244121,2.273736754432321e-13,2268.9074283953087,1152.7292784402916,0.0,16057.97711045127,0.0,0.0,0.0,0.0,0.0,0.0,0.0,0.0,0.0,110.18678400000002,50660.06328055678,641348516.4785749,0.0,0.0,0.0,224471980.7675012,0.0,224471980.7675012,0.0,0.0,0.0,128269.70329571498,0.0,128269.70329571498,0.0,0.0,19240.455494357244,0.0,19240.455494357244,0.0,0.0,70548336.81264323,0.0,0.0,0.0,0.0,0.0,0.0,3574718.947922026,224471980.7675012,128269.70329571498,19240.455494357244,641348516.4785749,70548336.81264323,67917324.54553874,0.0,0.0,0.0,8500.939869244121,8500.939869244121,7491.918118398371,0.0,1009.0217508457494,2.9309887850104133e-13,7491.918118398371,7491.918118398371,0.7248818033046246,1.0,100.0,42394.72593231209,1000000.0
ha/policy_b,2030-05-01,77246.4316562467,78325.2470732184,9486.156449085487,2.842170943040401e-13,2526.413054365949,1294.9283100012767,0.0,17583.31681523666,0.0,0.0,0.0,0.0,0.0,0.0,0.0,0.0,0.0,2443.312272,56909.41607487511,705101576.3624156,0.0,0.0,0.0,246785551.72684544,0.0,246785551.72684544,0.0,0.0,0.0,141020.31527248313,0.0,141020.31527248313,0.0,0.0,21153.04729087247,0.0,21153.04729087247,0.0,0.0,77561173.39986572,0.0,0.0,0.0,0.0,0.0,0.0,3695376.395584112,246785551.72684544,141020.31527248313,21153.04729087247,705101576.3624156,77561173.39986572,74484413.53751399,0.0,0.0,0.0,9486.156449085487,9486.156449085487,8416.110399184294,0.0,1070.0460499011945,2.5934809855243657e-13,8416.110399184294,8416.110399184294,0.7265781877671732,1.0,100.0,38789.4974609744,1000000.0
ha/policy_b,2030-06-01,81200.83175546897,80987.3044759162,9568.609637187146,1.1368683772161605e-13,2556.7167738983635,1307.7576225979756,0.0,17675.16759681838,0.0,0.0,0.0,0.0,0.0,0.0,0.0,0.0,0.0,7333.374912,57473.23778058749,715651217.1050543,0.0,0.0,0.0,250477925.986769,0.0,250477925.986769,0.0,0.0,0.0,143130.24342101088,0.0,143130.24342101088,0.0,0.0,21469.53651315163,0.0,21469.53651315163,0.0,0.0,78721633.88155597,0.0,0.0,0.0,0.0,0.0,0.0,3577352.28018506,250477925.986769,143130.24342101088,21469.53651315163,715651217.1050543,78721633.88155597,75412727.96682647,0.0,0.0,0.0,9568.609637187146,9568.609637187146,8499.491780474318,0.0,1069.1178567128277,1.0658141036401505e-13,8499.491780474318,8499.491780474318,0.709657373492147,1.0,100.0,36446.30796662877,1000000.0
ha/policy_b,2030-07-01,88015.95302785917,86599.98613661184,10062.271309658889,0.0,2699.195703398524,1375.7723298383594,0.0,18557.0343818433,0.0,0.0,0.0,0.0,0.0,0.0,0.0,0.0,0.0,11187.732096,60462.34323427088,759328979.8701922,0.0,0.0,0.0,265765142.9545672,0.0,265765142.9545672,0.0,0.0,0.0,151865.79597403842,0.0,151865.79597403842,0.0,0.0,22779.869396105765,0.0,22779.869396105765,0.0,0.0,83526187.78572114,0.0,0.0,0.0,0.0,0.0,0.0,3697302.364926357,265765142.9545672,151865.79597403842,22779.869396105765,759328979.8701922,83526187.78572114,79818995.81309417,0.0,0.0,0.0,10062.271309658889,10062.271309658889,8941.538865615816,0.0,1120.7324440430712,0.0,8941.538865615816,8941.538865615816,0.6981795948430208,1.0,100.0,35163.079154477586,1000000.0
ha/policy_b,2030-08-01,84288.24843989151,81928.40599488489,9886.033477503175,1.1368683772161605e-13,2649.631489159712,1350.79816620316,0.0,18257.11460336396,0.0,0.0,0.0,0.0,0.0,0.0,0.0,0.0,0.0,3577.883952,59364.78049009381,745170561.4257505,0.0,0.0,0.0,260809696.49901268,0.0,260809696.49901268,0.0,0.0,0.0,149034.1122851501,0.0,149034.1122851501,0.0,0.0,22355.11684277252,0.0,22355.11684277252,0.0,0.0,81968761.75683255,0.0,0.0,0.0,0.0,0.0,0.0,3696800.222337861,260809696.49901268,149034.1122851501,22355.11684277252,745170561.4257505,81968761.75683255,78134769.981235,0.0,0.0,0.0,9886.033477503175,9886.033477503175,8779.224614967512,0.0,1106.8088625356615,1.0658141036401505e-13,8779.224614967512,8779.224614967512,0.7245933784406863,1.0,100.0,34873.29011032449,1000000.0
ha/policy_b,2030-09-01,78415.5498069466,75543.59534435575,9261.489658262057,1.1368683772161605e-13,2468.9948295346658,1264.4176714857997,0.0,17153.49046861478,0.0,0.0,0.0,0.0,0.0,0.0,0.0,0.0,0.0,309.84792,55568.536731534725,689918008.2167315,0.0,0.0,0.0,241471302.875856,0.0,241471302.875856,0.0,0.0,0.0,137983.6016433463,0.0,137983.6016433463,0.0,0.0,20697.540246501947,0.0,20697.540246501947,0.0,0.0,75890980.90384047,0.0,0.0,0.0,0.0,0.0,0.0,3576439.254236694,241471302.875856,137983.6016433463,20697.540246501947,689918008.2167315,75890980.90384047,72163373.23399587,0.0,0.0,0.0,9261.489658262057,9261.489658262057,8217.813010739983,0.0,1043.676647522074,1.0658141036401505e-13,8217.813010739983,8217.813010739983,0.7355823677471625,1.0,100.0,35276.249743380664,1000000.0
ha/policy_b,2030-10-01,76804.6763495813,72900.72531380178,8812.28462785287,1.9895196601282805e-13,2361.913964616078,1194.8002500305329,0.0,16637.64030410347,0.0,0.0,0.0,0.0,0.0,0.0,0.0,0.0,0.0,1228.154976,52508.99530900315,671692637.1911753,0.0,0.0,0.0,235092423.01691133,0.0,235092423.01691133,0.0,0.0,0.0,134338.52743823506,0.0,134338.52743823506,0.0,0.0,20150.77911573526,0.0,20150.77911573526,0.0,0.0,73886190.09102929,0.0,0.0,0.0,0.0,0.0,0.0,3694196.494372193,235092423.01691133,134338.52743823506,20150.77911573526,671692637.1911753,73886190.09102929,70084148.06465027,0.0,0.0,0.0,8812.28462785287,8812.28462785287,7765.349426347817,0.0,1046.9352015050536,2.859934511434403e-13,7765.349426347818,7765.349426347818,0.7202808351079875,1.0,100.0,36818.2868145441,1000000.0
ha/policy_b,2030-11-01,70223.66644339077,66785.02210206779,8112.4717328111665,1.7053025658242404e-13,2150.7615512401794,1099.1756386290665,0.0,15345.57697483067,0.0,0.0,0.0,0.0,0.0,0.0,0.0,0.0,0.0,254.41910399999995,48306.491776403,602896657.7843705,0.0,0.0,0.0,211013830.22452965,0.0,211013830.22452965,0.0,0.0,0.0,120579.33155687412,0.0,120579.33155687412,0.0,0.0,18086.899733531118,0.0,18086.899733531118,0.0,0.0,66318632.35628076,0.0,0.0,0.0,0.0,0.0,0.0,3573353.2785382504,211013830.22452965,120579.33155687412,18086.899733531118,602896657.7843705,66318632.35628076,62750631.24243247,0.0,0.0,0.0,8112.4717328111665,8112.4717328111665,7143.857657098409,0.0,968.6140757127572,2.113864638886298e-13,7143.85765709841,7143.85765709841,0.7233132558161921,1.0,100.0,38106.16960462691,1000000.0
ha/policy_b,2030-12-01,69353.11187413242,67003.37409830386,8089.932316080325,3.410605131648481e-13,2127.730682504104,1095.759366437588,0.0,15324.622963657846,0.0,0.0,0.0,0.0,0.0,0.0,0.0,0.0,0.0,1087.276896,48156.35369225712,589909097.6081802,0.0,0.0,0.0,206468184.16286305,0.0,206468184.16286305,0.0,0.0,0.0,117981.81952163603,0.0,117981.81952163603,0.0,0.0,17697.272928245406,0.0,17697.272928245406,0.0,0.0,64890000.736899815,0.0,0.0,0.0,0.0,0.0,0.0,3691288.815389797,206468184.16286305,117981.81952163603,17697.272928245406,589909097.6081802,64890000.736899815,61247285.97567228,0.0,0.0,0.0,8089.932316080325,8089.932316080324,7121.6543245315925,0.0,968.277991548732,4.902744876744691e-13,7121.6543245315925,7121.6543245315925,0.7187153533731693,1.0,100.0,38328.17669795136,1000000.0
ha/policy_c,2029-01-01,66876.65803764043,65872.69618378342,8045.770283936031,2.557953848736361e-13,2095.6062117718093,1080.8625016366886,0.0,15230.839900825174,0.0,0.0,0.0,0.0,0.0,0.0,0.0,0.0,0.0,90.816048,47501.66735123125,579744540.178644,0.0,0.0,0.0,202910589.0625254,0.0,202910589.0625254,0.0,0.0,0.0,115948.9080357288,0.0,115948.9080357288,0.0,0.0,17392.33620535932,0.0,17392.33620535932,0.0,0.0,63771899.41965084,0.0,0.0,0.0,0.0,0.0,0.0,3690926.948932464,202910589.0625254,115948.9080357288,17392.33620535932,579744540.178644,63771899.41965084,63694776.68359844,0.0,0.0,0.0,8045.770283936031,8045.770283936031,7024.835328608978,0.0,1020.9349553270528,3.2684965844964614e-13,7024.835328608978,7024.835328608978,0.7211131485904662,1.0,100.0,64810.3556420852,1000000.0
ha/policy_c,2029-02-01,61630.99433071843,61716.97510350064,7361.268983324939,1.4210854715202006e-13,1929.39556730242,997.0760730176556,0.0,13947.369050695032,0.0,0.0,0.0,0.0,0.0,0.0,0.0,0.0,0.0,2709.38736,43819.42742267206,532215637.8428541,0.0,0.0,0.0,186275473.2449989,0.0,186275473.2449989,0.0,0.0,0.0,106443.12756857082,0.0,106443.12756857082,0.0,0.0,15966.469135285624,0.0,15966.469135285624,0.0,0.0,58543720.162713945,0.0,0.0,0.0,0.0,0.0,0.0,3334044.089615237,186275473.2449989,106443.12756857082,15966.469135285624,532215637.8428541,58543720.162713945,58333015.8951575,0.0,0.0,0.0,7361.268983324939,7361.268983324938,6480.283303786491,0.0,880.9856795384468,2.3092638912203256e-13,6480.283303786491,6480.283303786491,0.7100060777312235,1.0,100.0,62794.97930200055,1000000.0
ha/policy_c,2029-03-01,68647.35121315984,69601.89372607543,8429.846203087527,3.410605131648481e-13,2224.5397743545323,1142.5414026528388,0.0,15952.651905904631,0.0,0.0,0.0,0.0,0.0,0.0,0.0,0.0,0.0,671.351136,50212.32724943493,619147659.9091982,0.0,0.0,0.0,216701680.9682193,0.0,216701680.9682193,0.0,0.0,0.0,123829.53198183964,0.0,123829.53198183964,0.0,0.0,18574.429797275945,0.0,18574.429797275945,0.0,0.0,68106242.59001179,0.0,0.0,0.0,0.0,0.0,0.0,3692325.990229528,216701680.9682193,123829.53198183964,18574.429797275945,619147659.9091982,68106242.59001179,67698411.23010477,0.0,0.0,0.0,8429.846203087527,8429.846203087527,7425.7041923469,0.0,1004.1420107406263,4.511946372076636e-13,7425.7041923469,7425.7041923469,0.7214218545123225,1.0,100.0,59615.89701473044,1000000.0
ha/policy_c,2029-04-01,68210.56960659182,69254.39255085129,8426.996522036261,2.273736754432321e-13,2250.9709959177617,1142.6979875513564,0.0,15919.347670903862,0.0,0.0,0.0,0.0,0.0,0.0,0.0,0.0,0.0,43.437408,50219.20883127383,636997873.7545378,0.0,0.0,0.0,222949255.81408823,0.0,222949255.81408823,0.0,0.0,0.0,127399.57475090756,0.0,127399.57475090756,0.0,0.0,19109.93621263613,0.0,19109.93621263613,0.0,0.0,70069766.11299916,0.0,0.0,0.0,0.0,0.0,0.0,3574565.2767535145,222949255.81408823,127399.57475090756,19109.93621263613,636997873.7545378,70069766.11299916,69478974.34293939,0.0,0.0,0.0,8426.996522036261,8426.99652203626,7426.721882502094,0.0,1000.2746395341668,3.410605131648481e-13,7426.721882502094,7426.721882502094,0.7251411351908035,1.0,99.99999999999996,56321.10307455321,1000000.0
ha/policy_c,2029-05-01,76883.67761374102,77803.69573558586,9481.12016485694,1.1368683772161605e-13,2525.3353564890185,1294.1765829143571,0.0,17574.513305442684,0.0,0.0,0.0,0.0,0.0,0.0,0.0,0.0,0.0,1329.872304,56876.37922701733,704957268.0698273,0.0,0.0,0.0,246735043.8244396,0.0,246735043.8244396,0.0,0.0,0.0,140991.45361396548,0.0,140991.45361396548,0.0,0.0,21148.71804209482,0.0,21148.71804209482,0.0,0.0,77545299.487681,0.0,0.0,0.0,0.0,0.0,0.0,3695371.368294805,246735043.8244396,140991.45361396548,21148.71804209482,704957268.0698273,77545299.487681,76701797.77094023,0.0,0.0,0.0,9481.12016485694,9481.12016485694,8411.224709293427,0.0,1069.895455563513,3.446132268436486e-13,8411.224709293427,8411.224709293427,0.7310241330991583,1.0,100.0,52875.74959621936,1000000.0
ha/policy_c,2029-06-01,80194.05412061104,80306.11960389682,9480.405416648424,2.842170943040401e-13,2539.947280374026,1295.4003282403355,0.0,17521.275200018812,0.0,0.0,0.0,0.0,0.0,0.0,0.0,0.0,0.0,7377.483168000001,56930.16029843875,713920349.188022,0.0,0.0,0.0,249872122.2158077,0.0,249872122.2158077,0.0,0.0,0.0,142784.06983760442,0.0,142784.06983760442,0.0,0.0,21417.61047564066,0.0,21417.61047564066,0.0,0.0,78531238.41068242,0.0,0.0,0.0,0.0,0.0,0.0,3577292.6847177614,249872122.2158077,142784.06983760442,21417.61047564066,713920349.188022,78531238.41068242,77485617.77951613,0.0,0.0,0.0,9480.405416648424,9480.405416648424,8419.178181068179,0.0,1061.2272355802456,5.151434834260726e-13,8419.178181068179,8419.178181068179,0.7089143464936667,1.0,100.0,50223.73683255954,1000000.0
ha/policy_c,2029-07-01,85026.2227414709,84018.29325793892,9997.020145335342,2.842170943040401e-13,2682.984750420916,1366.6456680654562,0.0,18445.11866539475,0.0,0.0,0.0,0.0,0.0,0.0,0.0,0.0,0.0,6388.317792,60061.245360205336,755448296.6418822,0.0,0.0,0.0,264406903.82465875,0.0,264406903.82465875,0.0,0.0,0.0,151089.65932837644,0.0,151089.65932837644,0.0,0.0,22663.448899256466,0.0,22663.448899256466,0.0,0.0,83099312.63060704,0.0,0.0,0.0,0.0,0.0,0.0,3697165.1811701455,264406903.82465875,151089.65932837644,22663.448899256466,755448296.6418822,83099312.63060704,81791520.50233291,0.0,0.0,0.0,9997.020145335342,9997.020145335342,8882.222073741297,0.0,1114.7980715940444,5.186961971048731e-13,8882.222073741297,8882.222073741297,0.7148591459221308,1.0,100.0,48548.681565670624,1000000.0
ha/policy_c,2029-08-01,87304.32118424434,84840.08221163493,9921.67817118328,1.1368683772161605e-13,2659.546274717861,1355.967065615216,0.0,18318.02517244723,0.0,0.0,0.0,0.0,0.0,0.0,0.0,0.0,0.0,9669.267648,59591.94290906168,747866900.7146046,0.0,0.0,0.0,261753415.2501116,0.0,261753415.2501116,0.0,0.0,0.0,149573.38014292094,0.0,149573.38014292094,0.0,0.0,22436.00702143814,0.0,22436.00702143814,0.0,0.0,82265359.07860652,0.0,0.0,0.0,0.0,0.0,0.0,3696895.7847918496,261753415.2501116,149573.38014292094,22436.00702143814,747866900.7146046,82265359.07860652,80768333.74614681,0.0,0.0,0.0,9921.67817118328,9921.67817118328,8812.818774395611,0.0,1108.859396787669,3.588240815588506e-13,8812.818774395611,8812.818774395611,0.7024031725995814,1.0,100.0,48353.37426356215,1000000.0
ha/policy_c,2029-09-01,79605.8340206808,76664.94845999237,9247.126652108993,2.273736754432321e-13,2463.5329807532107,1262.1222886556243,0.0,17129.327392756637,0.0,0.0,0.0,0.0,0.0,0.0,0.0,0.0,0.0,3194.158896,55467.65941228496,688000946.5027725,0.0,0.0,0.0,240800331.27597037,0.0,240800331.27597037,0.0,0.0,0.0,137600.1893005545,0.0,137600.1893005545,0.0,0.0,20640.028395083176,0.0,20640.028395083176,0.0,0.0,75680104.11530498,0.0,0.0,0.0,0.0,0.0,0.0,3576371.027994811,240800331.27597037,137600.1893005545,20640.028395083176,688000946.5027725,75680104.11530498,74120026.7343598,0.0,0.0,0.0,9247.126652108996,9247.126652108993,8202.894659540196,0.0,1044.2319925687982,4.440892098500626e-13,8202.894659540196,8202.894659540196,0.7235074245335308,1.0,100.0,48830.72684349738,1000000.0
ha/policy_c,2029-10-01,77905.57181097231,73567.31979043157,8839.595488711517,2.557953848736361e-13,2368.114844874346,1198.7844529013453,0.0,16689.69363272299,0.0,0.0,0.0,0.0,0.0,0.0,0.0,0.0,0.0,2229.563328,52684.09276972787,672791780.3983153,0.0,0.0,0.0,235477123.13941032,0.0,235477123.13941032,0.0,0.0,0.0,134558.35607966306,0.0,134558.35607966306,0.0,0.0,20183.75341194946,0.0,20183.75341194946,0.0,0.0,74007095.84381469,0.0,0.0,0.0,0.0,0.0,0.0,3694235.048713492,235477123.13941032,134558.35607966306,20183.75341194946,672791780.3983153,74007095.84381469,72303131.69935998,0.0,0.0,0.0,8839.595488711517,8839.595488711517,7791.24390325015,0.0,1048.3515854613672,3.659295089164516e-13,7791.24390325015,7791.24390325015,0.7161344591566886,1.0,100.0,50800.86401916379,1000000.0
ha/policy_c,2029-11-01,73371.3727138363,69780.03716578889,8181.82797753401,3.694822225952521e-13,2167.3087730401585,1108.5212122273222,0.0,15475.68682798152,0.0,0.0,0.0,0.0,0.0,0.0,0.0,0.0,0.0,5892.896544,48717.210371597655,606839183.7007164,0.0,0.0,0.0,212393714.2952507,0.0,212393714.2952507,0.0,0.0,0.0,121367.83674014328,0.0,121367.83674014328,0.0,0.0,18205.17551102149,0.0,18205.17551102149,0.0,0.0,66752310.2070788,0.0,0.0,0.0,0.0,0.0,0.0,3573492.472572063,212393714.2952507,121367.83674014328,18205.17551102149,606839183.7007164,66752310.2070788,65054518.01624753,0.0,0.0,0.0,8181.827977534011,8181.82797753401,7204.597219697474,0.0,977.2307578365356,5.186961971048731e-13,7204.597219697474,7204.597219697474,0.698153975697254,1.0,100.0,52224.89079417104,1000000.0
ha/policy_c,2029-12-01,70842.03679005343,68652.52462547216,8265.865725247982,1.7053025658242404e-13,2163.783324304331,1119.5497654189192,0.0,15659.17618527841,0.0,0.0,0.0,0.0,0.0,0.0,0.0,0.0,0.0,1557.457488,49201.89243271026,595816110.393791,0.0,0.0,0.0,208535638.63782683,0.0,208535638.63782683,0.0,0.0,0.0,119163.2220787582,0.0,119163.2220787582,0.0,0.0,17874.483311813732,0.0,17874.483311813732,0.0,0.0,65539772.14331701,0.0,0.0,0.0,0.0,0.0,0.0,3691495.3110005776,208535638.63782683,119163.2220787582,17874.483311813732,595816110.393791,65539772.14331701,63715192.24929488,0.0,0.0,0.0,8265.865725247982,8265.865725247982,7276.274949257394,0.0,989.590775990589,2.238209617644316e-13,7276.274949257394,7276.274949257394,0.7166800157915078,1.0,100.0,52250.61963444801,1000000.0
ha/policy_c,2030-01-01,69239.57830367154,68002.76702800232,8116.937213873183,1.9895196601282805e-13,2121.65577506146,1099.2747883839857,0.0,15384.231710532464,0.0,0.0,0.0,0.0,0.0,0.0,0.0,0.0,0.0,2854.45824,48310.84920268896,583027092.8378745,0.0,0.0,0.0,204059482.4932561,0.0,204059482.4932561,0.0,0.0,0.0,116605.4185675749,0.0,116605.4185675749,0.0,0.0,17490.812785136237,0.0,17490.812785136237,0.0,0.0,64132980.2121662,0.0,0.0,0.0,0.0,0.0,0.0,3691041.637246868,204059482.4932561,116605.4185675749,17490.812785136237,583027092.8378745,64132980.2121662,62190637.95308629,0.0,0.0,0.0,8116.937213873183,8116.937213873183,7144.502059786195,0.0,972.4351540869884,3.0908609005564363e-13,7144.502059786195,7144.502059786195,0.7104247564337407,1.0,100.0,51365.775135055774,1000000.0
ha/policy_c,2030-02-01,60001.663135016126,60245.88440750556,7317.53780173328,2.842170943040401e-13,1920.2176200236656,991.2493946273254,0.0,13864.536970350036,0.0,0.0,0.0,0.0,0.0,0.0,0.0,0.0,0.0,121.67505599999998,43563.35698055664,530531877.35108685,0.0,0.0,0.0,185686157.0728804,0.0,185686157.0728804,0.0,0.0,0.0,106106.37547021738,0.0,106106.37547021738,0.0,0.0,15915.956320532609,0.0,15915.956320532609,0.0,0.0,58358506.50861956,0.0,0.0,0.0,0.0,0.0,0.0,3333985.039246725,185686157.0728804,106106.37547021738,15915.956320532609,530531877.35108685,58358506.50861956,56455873.59956993,0.0,0.0,0.0,7317.53780173328,7317.53780173328,6442.414050164633,0.0,875.1237515686472,3.943512183468556e-13,6442.414050164633,6442.414050164633,0.7230926628264325,1.0,100.0,49201.33624254268,1000000.0
ha/policy_c,2030-03-01,68143.95012246296,69128.09374434224,8394.093970449068,1.9895196601282805e-13,2214.995302657152,1137.582300264496,0.0,15886.05293119734,0.0,0.0,0.0,0.0,0.0,0.0,0.0,0.0,0.0,256.18008000000003,49994.38497495039,616536542.5732121,0.0,0.0,0.0,215787789.90062425,0.0,215787789.90062425,0.0,0.0,0.0,123307.30851464244,0.0,123307.30851464244,0.0,0.0,18496.096277196364,0.0,18496.096277196364,0.0,0.0,67819019.68305333,0.0,0.0,0.0,0.0,0.0,0.0,3692233.524469922,215787789.90062425,123307.30851464244,18496.096277196364,616536542.5732121,67819019.68305333,65451041.58695152,0.0,0.0,0.0,8394.093970449068,8394.093970449068,7393.47356393388,0.0,1000.6204065151876,2.522426711948356e-13,7393.47356393388,7393.47356393388,0.7232137075824133,1.0,100.0,46002.19731800628,1000000.0
ha/policy_c,2030-04-01,68548.77912347006,69887.34308076896,8500.939869244121,2.273736754432321e-13,2268.9074283953087,1152.7292784402916,0.0,16057.97711045127,0.0,0.0,0.0,0.0,0.0,0.0,0.0,0.0,0.0,110.18678400000002,50660.06328055678,641348516.4785749,0.0,0.0,0.0,224471980.7675012,0.0,224471980.7675012,0.0,0.0,0.0,128269.70329571498,0.0,128269.70329571498,0.0,0.0,19240.455494357244,0.0,19240.455494357244,0.0,0.0,70548336.81264323,0.0,0.0,0.0,0.0,0.0,0.0,3574718.947922026,224471980.7675012,128269.70329571498,19240.455494357244,641348516.4785749,70548336.81264323,67917324.54553874,0.0,0.0,0.0,8500.939869244121,8500.939869244121,7491.918118398371,0.0,1009.0217508457494,3.588240815588506e-13,7491.918118398371,7491.918118398371,0.7248818033046246,1.0,100.0,42394.72593231209,1000000.0
ha/policy_c,2030-05-01,77246.4316562467,78325.2470732184,9486.156449085487,2.273736754432321e-13,2526.413054365949,1294.9283100012765,0.0,17583.31681523666,0.0,0.0,0.0,0.0,0.0,0.0,0.0,0.0,0.0,2443.312272,56909.41607487511,705101576.3624156,0.0,0.0,0.0,246785551.72684544,0.0,246785551.72684544,0.0,0.0,0.0,141020.31527248313,0.0,141020.31527248313,0.0,0.0,21153.04729087247,0.0,21153.04729087247,0.0,0.0,77561173.39986572,0.0,0.0,0.0,0.0,0.0,0.0,3695376.395584112,246785551.72684544,141020.31527248313,21153.04729087247,705101576.3624156,77561173.39986572,74484413.53751399,0.0,0.0,0.0,9486.156449085487,9486.156449085487,8416.110399184294,0.0,1070.0460499011945,5.826450433232823e-13,8416.110399184294,8416.110399184294,0.7265781877671732,1.0,99.99999999999996,38789.4974609744,1000000.0
ha/policy_c,2030-06-01,81200.83175546897,80987.3044759162,9568.609637187146,1.1368683772161605e-13,2556.7167738983635,1307.7576225979756,0.0,17675.16759681838,0.0,0.0,0.0,0.0,0.0,0.0,0.0,0.0,0.0,7333.374912,57473.23778058749,715651217.1050543,0.0,0.0,0.0,250477925.986769,0.0,250477925.986769,0.0,0.0,0.0,143130.24342101088,0.0,143130.24342101088,0.0,0.0,21469.53651315163,0.0,21469.53651315163,0.0,0.0,78721633.88155597,0.0,0.0,0.0,0.0,0.0,0.0,3577352.28018506,250477925.986769,143130.24342101088,21469.53651315163,715651217.1050543,78721633.88155597,75412727.96682647,0.0,0.0,0.0,9568.609637187146,9568.609637187146,8499.491780474318,0.0,1069.1178567128277,3.1263880373444413e-13,8499.491780474318,8499.491780474318,0.709657373492147,1.0,100.0,36446.30796662877,1000000.0
ha/policy_c,2030-07-01,88015.95302785917,86599.98613661184,10062.271309658889,0.0,2699.195703398524,1375.7723298383594,0.0,18557.0343818433,0.0,0.0,0.0,0.0,0.0,0.0,0.0,0.0,0.0,11187.732096,60462.34323427088,759328979.8701922,0.0,0.0,0.0,265765142.9545672,0.0,265765142.9545672,0.0,0.0,0.0,151865.79597403842,0.0,151865.79597403842,0.0,0.0,22779.869396105765,0.0,22779.869396105765,0.0,0.0,83526187.78572114,0.0,0.0,0.0,0.0,0.0,0.0,3697302.364926357,265765142.9545672,151865.79597403842,22779.869396105765,759328979.8701922,83526187.78572114,79818995.81309417,0.0,0.0,0.0,10062.271309658889,10062.271309658889,8941.538865615816,0.0,1120.7324440430712,3.3040237212844664e-13,8941.538865615816,8941.538865615816,0.6981795948430208,1.0,100.0,35163.079154477586,1000000.0
ha/policy_c,2030-08-01,84288.24843989151,81928.40599488489,9886.033477503175,1.1368683772161605e-13,2649.631489159712,1350.79816620316,0.0,18257.11460336396,0.0,0.0,0.0,0.0,0.0,0.0,0.0,0.0,0.0,3577.883952,59364.78049009381,745170561.4257505,0.0,0.0,0.0,260809696.49901268,0.0,260809696.49901268,0.0,0.0,0.0,149034.1122851501,0.0,149034.1122851501,0.0,0.0,22355.11684277252,0.0,22355.11684277252,0.0,0.0,81968761.75683255,0.0,0.0,0.0,0.0,0.0,0.0,3696800.222337861,260809696.49901268,149034.1122851501,22355.11684277252,745170561.4257505,81968761.75683255,78134769.981235,0.0,0.0,0.0,9886.033477503175,9886.033477503175,8779.224614967512,0.0,1106.8088625356615,4.725109192804666e-13,8779.224614967512,8779.224614967512,0.7245933784406863,1.0,100.0,34873.29011032449,1000000.0
ha/policy_c,2030-09-01,78415.5498069466,75543.59534435575,9261.489658262057,1.1368683772161605e-13,2468.9948295346658,1264.4176714857997,0.0,17153.49046861478,0.0,0.0,0.0,0.0,0.0,0.0,0.0,0.0,0.0,309.84792,55568.536731534725,689918008.2167315,0.0,0.0,0.0,241471302.875856,0.0,241471302.875856,0.0,0.0,0.0,137983.6016433463,0.0,137983.6016433463,0.0,0.0,20697.540246501947,0.0,20697.540246501947,0.0,0.0,75890980.90384047,0.0,0.0,0.0,0.0,0.0,0.0,3576439.254236694,241471302.875856,137983.6016433463,20697.540246501947,689918008.2167315,75890980.90384047,72163373.23399587,0.0,0.0,0.0,9261.489658262057,9261.489658262057,8217.813010739983,0.0,1043.676647522074,4.014566457044566e-13,8217.813010739983,8217.813010739983,0.7355823677471625,1.0,100.0,35276.249743380664,1000000.0
ha/policy_c,2030-10-01,76804.67634958132,72900.72531380178,8812.28462785287,1.9895196601282805e-13,2361.913964616078,1194.8002500305329,0.0,16637.64030410347,0.0,0.0,0.0,0.0,0.0,0.0,0.0,0.0,0.0,1228.154976,52508.99530900315,671692637.1911753,0.0,0.0,0.0,235092423.01691133,0.0,235092423.01691133,0.0,0.0,0.0,134338.52743823506,0.0,134338.52743823506,0.0,0.0,20150.77911573526,0.0,20150.77911573526,0.0,0.0,73886190.09102929,0.0,0.0,0.0,0.0,0.0,0.0,3694196.494372193,235092423.01691133,134338.52743823506,20150.77911573526,671692637.1911753,73886190.09102929,70084148.06465027,0.0,0.0,0.0,8812.28462785287,8812.28462785287,7765.349426347818,0.0,1046.9352015050536,3.3395508580724714e-13,7765.349426347818,7765.349426347818,0.7202808351079875,1.0,100.0,36818.286814544095,1000000.0
ha/policy_c,2030-11-01,70223.66644339077,66785.02210206779,8112.4717328111665,1.7053025658242404e-13,2150.7615512401794,1099.1756386290665,0.0,15345.57697483067,0.0,0.0,0.0,0.0,0.0,0.0,0.0,0.0,0.0,254.41910399999995,48306.491776403,602896657.7843705,0.0,0.0,0.0,211013830.22452965,0.0,211013830.22452965,0.0,0.0,0.0,120579.33155687412,0.0,120579.33155687412,0.0,0.0,18086.899733531118,0.0,18086.899733531118,0.0,0.0,66318632.35628076,0.0,0.0,0.0,0.0,0.0,0.0,3573353.278538251,211013830.22452965,120579.33155687412,18086.899733531118,602896657.7843705,66318632.35628076,62750631.24243247,0.0,0.0,0.0,8112.4717328111665,8112.4717328111665,7143.857657098409,0.0,968.6140757127572,3.0553337637684313e-13,7143.85765709841,7143.85765709841,0.7233132558161921,1.0,100.0,38106.169604626906,1000000.0
ha/policy_c,2030-12-01,69353.11187413242,67003.37409830386,8089.932316080325,3.979039320256561e-13,2127.730682504104,1095.759366437588,0.0,15324.622963657846,0.0,0.0,0.0,0.0,0.0,0.0,0.0,0.0,0.0,1087.276896,48156.35369225712,589909097.6081802,0.0,0.0,0.0,206468184.16286305,0.0,206468184.16286305,0.0,0.0,0.0,117981.81952163603,0.0,117981.81952163603,0.0,0.0,17697.272928245406,0.0,17697.272928245406,0.0,0.0,64890000.736899815,0.0,0.0,0.0,0.0,0.0,0.0,3691288.815389797,206468184.16286305,117981.81952163603,17697.272928245406,589909097.6081802,64890000.736899815,61247285.97567228,0.0,0.0,0.0,8089.932316080325,8089.932316080324,7121.6543245315925,0.0,968.277991548732,4.760636329592671e-13,7121.6543245315925,7121.6543245315925,0.7187153533731693,1.0,100.0,38328.17669795136,1000000.0
ha/press_g1,2029-01-01,66876.65803764043,65872.69618378342,8045.770283936031,2.557953848736361e-13,2095.6062117718093,1080.8625016366886,0.0,15230.839900825174,0.0,0.0,0.0,0.0,0.0,0.0,0.0,0.0,0.0,90.816048,47501.66735123125,579744540.178644,0.0,0.0,0.0,202910589.0625254,0.0,202910589.0625254,0.0,0.0,0.0,115948.9080357288,0.0,115948.9080357288,0.0,0.0,17392.33620535932,0.0,17392.33620535932,0.0,0.0,63771899.41965084,0.0,0.0,0.0,0.0,0.0,0.0,3690926.948932464,202910589.0625254,115948.9080357288,17392.33620535932,579744540.178644,63771899.41965084,63694776.68359844,0.0,0.0,0.0,8045.770283936031,8045.770283936031,7024.835328608978,0.0,1020.9349553270528,3.3395508580724714e-13,7024.835328608979,7024.835328608979,0.7211131485904662,1.0,100.0,64810.3556420852,1000000.0
ha/press_g1,2029-02-01,61630.99433071843,61716.97510350064,7361.268983324939,1.4210854715202006e-13,1929.39556730242,997.0760730176556,0.0,13947.369050695032,0.0,0.0,0.0,0.0,0.0,0.0,0.0,0.0,0.0,2709.38736,43819.42742267206,532215637.8428541,0.0,0.0,0.0,186275473.2449989,0.0,186275473.2449989,0.0,0.0,0.0,106443.12756857082,0.0,106443.12756857082,0.0,0.0,15966.469135285624,0.0,15966.469135285624,0.0,0.0,58543720.162713945,0.0,0.0,0.0,0.0,0.0,0.0,3334044.089615237,186275473.2449989,106443.12756857082,15966.469135285624,532215637.8428541,58543720.162713945,58333015.8951575,0.0,0.0,0.0,7361.268983324939,7361.268983324938,6480.283303786491,0.0,880.9856795384468,2.042810365310288e-13,6480.283303786491,6480.283303786491,0.7100060777312235,1.0,100.0,62794.97930200055,1000000.0
ha/press_g1,2029-03-01,68647.35121315984,69601.89372607543,8429.846203087527,2.842170943040401e-13,2224.5397743545323,1142.5414026528388,0.0,15952.651905904631,0.0,0.0,0.0,0.0,0.0,0.0,0.0,0.0,0.0,671.351136,50212.32724943493,619147659.9091982,0.0,0.0,0.0,216701680.9682193,0.0,216701680.9682193,0.0,0.0,0.0,123829.53198183964,0.0,123829.53198183964,0.0,0.0,18574.429797275945,0.0,18574.429797275945,0.0,0.0,68106242.59001179,0.0,0.0,0.0,0.0,0.0,0.0,3692325.990229528,216701680.9682193,123829.53198183964,18574.429797275945,619147659.9091982,68106242.59001179,67698411.23010477,0.0,0.0,0.0,8429.846203087527,8429.846203087527,7425.7041923469,0.0,1004.1420107406263,4.085620730620576e-13,7425.7041923469,7425.7041923469,0.7214218545123225,1.0,100.0,59615.89701473044,1000000.0
ha/press_g1,2029-04-01,68210.56960659182,69254.39255085129,8426.996522036261,2.273736754432321e-13,2250.9709959177617,1142.6979875513564,0.0,15919.347670903862,0.0,0.0,0.0,0.0,0.0,0.0,0.0,0.0,0.0,43.437408,50219.20883127383,636997873.7545378,0.0,0.0,0.0,222949255.81408823,0.0,222949255.81408823,0.0,0.0,0.0,127399.57475090756,0.0,127399.57475090756,0.0,0.0,19109.93621263613,0.0,19109.93621263613,0.0,0.0,70069766.11299916,0.0,0.0,0.0,0.0,0.0,0.0,3574565.2767535145,222949255.81408823,127399.57475090756,19109.93621263613,636997873.7545378,70069766.11299916,69478974.34293939,0.0,0.0,0.0,8426.996522036261,8426.99652203626,7426.721882502094,0.0,1000.2746395341668,3.2684965844964614e-13,7426.721882502094,7426.721882502094,0.7251411351908035,1.0,99.99999999999996,56321.10307455321,1000000.0
ha/press_g1,2029-05-01,76883.67761374102,77803.69573558586,9481.12016485694,1.1368683772161605e-13,2525.3353564890185,1294.1765829143571,0.0,17574.51330544268,0.0,0.0,0.0,0.0,0.0,0.0,0.0,0.0,0.0,1329.872304,56876.37922701733,704957268.0698273,0.0,0.0,0.0,246735043.8244396,0.0,246735043.8244396,0.0,0.0,0.0,140991.45361396548,0.0,140991.45361396548,0.0,0.0,21148.71804209482,0.0,21148.71804209482,0.0,0.0,77545299.487681,0.0,0.0,0.0,0.0,0.0,0.0,3695371.368294805,246735043.8244396,140991.45361396548,21148.71804209482,704957268.0698273,77545299.487681,76701797.77094023,0.0,0.0,0.0,9481.12016485694,9481.12016485694,8411.224709293427,0.0,1069.895455563513,1.0658141036401505e-13,8411.224709293427,8411.224709293427,0.7310241330991583,1.0,100.0,52875.74959621936,1000000.0
ha/press_g1,2029-06-01,81467.7830478007,81750.11836206143,9679.447645293738,1.7053025658242404e-13,2582.5168044608045,1323.2727487039306,0.0,17866.161383146864,0.0,0.0,0.0,0.0,0.0,0.0,0.0,0.0,0.0,7075.601567999999,58155.09542490534,721052254.1056643,0.0,0.0,0.0,252368288.93698248,0.0,252368288.93698248,0.0,0.0,0.0,144210.45082113286,0.0,144210.45082113286,0.0,0.0,21631.56762316993,0.0,21631.56762316993,0.0,0.0,79315747.95162308,0.0,0.0,0.0,0.0,0.0,0.0,3577542.6694650785,252368288.93698248,144210.45082113286,21631.56762316993,721052254.1056643,79315747.95162308,78259685.63256761,0.0,0.0,0.0,9679.447645293738,9679.447645293738,8600.329033901002,0.0,1079.118611392736,1.5987211554602254e-13,8600.329033901002,8600.329033901002,0.7113762840971486,1.0,100.0,50010.89747749783,1000000.0
ha/press_g1,2029-07-01,86387.94779994735,85556.00086971319,10202.904282641826,5.684341886080803e-14,2727.058587468679,1395.380114466435,0.0,18801.67975988246,0.0,0.0,0.0,0.0,0.0,0.0,0.0,0.0,0.0,6187.063391999999,61324.06474046346,762928777.4680463,0.0,0.0,0.0,267025072.1138162,0.0,267025072.1138162,0.0,0.0,0.0,152585.75549360926,0.0,152585.75549360926,0.0,0.0,22887.86332404139,0.0,22887.86332404139,0.0,0.0,83922165.52148509,0.0,0.0,0.0,0.0,0.0,0.0,3697427.469594912,267025072.1138162,152585.75549360926,22887.86332404139,762928777.4680463,83922165.52148509,82601424.25425568,0.0,0.0,0.0,10202.904282641824,10202.904282641824,9068.975480321657,0.0,1133.9288023201707,5.329070518200752e-14,9068.975480321657,9068.975480321657,0.7167710519084368,1.0,100.0,48115.78582026333,1000000.0
ha/press_g1,2029-08-01,88627.65249002578,86339.37899229584,10127.466842392272,2.273736754432321e-13,2703.5282920793134,1384.687116293712,0.0,18674.454886817457,0.0,0.0,0.0,0.0,0.0,0.0,0.0,0.0,0.0,9380.55144,60854.12962714527,755296198.718495,0.0,0.0,0.0,264353669.55147323,0.0,264353669.55147323,0.0,0.0,0.0,151059.239743699,0.0,151059.239743699,0.0,0.0,22658.88596155485,0.0,22658.88596155485,0.0,0.0,83082581.85903445,0.0,0.0,0.0,0.0,0.0,0.0,3697156.243386077,264353669.55147323,151059.239743699,22658.88596155485,755296198.718495,83082581.85903445,81570683.37764448,0.0,0.0,0.0,10127.466842392272,10127.466842392272,8999.47861904767,0.0,1127.988223344602,2.131628207280301e-13,8999.47861904767,8999.47861904767,0.7048247316276777,1.0,100.0,47700.531025913966,1000000.0
ha/press_g1,2029-09-01,79602.27822039503,76661.3926597066,9247.126652108996,2.273736754432321e-13,2463.4229294822057,1262.0273372723234,0.0,17129.224613161008,0.0,0.0,0.0,0.0,0.0,0.0,0.0,0.0,0.0,3194.158896,55463.4864957324,688000729.7889186,0.0,0.0,0.0,240800255.4261215,0.0,240800255.4261215,0.0,0.0,0.0,137600.14595778374,0.0,137600.14595778374,0.0,0.0,20640.02189366756,0.0,20640.02189366756,0.0,0.0,75680080.27678105,0.0,0.0,0.0,0.0,0.0,0.0,3576371.027994811,240800255.4261215,137600.14595778374,20640.02189366756,688000729.7889186,75680080.27678105,74120003.36005065,0.0,0.0,0.0,9247.126652108996,9247.126652108993,8202.277543273414,0.0,1044.8491088355795,2.131628207280301e-13,8202.277543273414,8202.277543273414,0.7234865500282535,1.0,100.0,48177.9936571202,1000000.0
ha/press_g1,2029-10-01,77905.57181097231,73567.31979043156,8839.595488711517,2.557953848736361e-13,2368.114844874346,1198.7844529013453,0.0,16689.69363272299,0.0,0.0,0.0,0.0,0.0,0.0,0.0,0.0,0.0,2229.563328,52684.09276972787,672791780.3983153,0.0,0.0,0.0,235477123.13941032,0.0,235477123.13941032,0.0,0.0,0.0,134558.35607966306,0.0,134558.35607966306,0.0,0.0,20183.75341194946,0.0,20183.75341194946,0.0,0.0,74007095.84381469,0.0,0.0,0.0,0.0,0.0,0.0,3694235.048713492,235477123.13941032,134558.35607966306,20183.75341194946,672791780.3983153,74007095.84381469,72303131.69935998,0.0,0.0,0.0,8839.595488711517,8839.595488711517,7791.24390325015,0.0,1048.3515854613672,3.6770586575585195e-13,7791.24390325015,7791.24390325015,0.7161344591566887,1.0,100.0,50148.130832786606,1000000.0
ha/press_g1,2029-11-01,73371.3727138363,69780.03716578889,8181.82797753401,3.1263880373444413e-13,2167.3087730401585,1108.5212122273222,0.0,15475.68682798152,0.0,0.0,0.0,0.0,0.0,0.0,0.0,0.0,0.0,5892.896544,48717.210371597655,606839183.7007164,0.0,0.0,0.0,212393714.2952507,0.0,212393714.2952507,0.0,0.0,0.0,121367.83674014328,0.0,121367.83674014328,0.0,0.0,18205.17551102149,0.0,18205.17551102149,0.0,0.0,66752310.2070788,0.0,0.0,0.0,0.0,0.0,0.0,3573492.472572063,212393714.2952507,121367.83674014328,18205.17551102149,606839183.7007164,66752310.2070788,65054518.01624753,0.0,0.0,0.0,8181.827977534011,8181.82797753401,7204.597219697474,0.0,977.2307578365356,4.494182803682634e-13,7204.597219697474,7204.597219697474,0.698153975697254,1.0,100.0,51572.15760779385,1000000.0
ha/press_g1,2029-12-01,70842.03679005343,68652.52462547216,8265.865725247982,1.7053025658242404e-13,2163.783324304331,1119.5497654189192,0.0,15659.17618527841,0.0,0.0,0.0,0.0,0.0,0.0,0.0,0.0,0.0,1557.457488,49201.89243271026,595816110.393791,0.0,0.0,0.0,208535638.63782683,0.0,208535638.63782683,0.0,0.0,0.0,119163.2220787582,0.0,119163.2220787582,0.0,0.0,17874.483311813732,0.0,17874.483311813732,0.0,0.0,65539772.14331701,0.0,0.0,0.0,0.0,0.0,0.0,3691495.3110005776,208535638.63782683,119163.2220787582,17874.483311813732,595816110.393791,65539772.14331701,63715192.24929488,0.0,0.0,0.0,8265.865725247982,8265.865725247982,7276.274949257394,0.0,989.590775990589,2.4513724383723456e-13,7276.274949257394,7276.274949257394,0.7166800157915078,1.0,100.0,51597.88644807083,1000000.0
ha/press_g1,2030-01-01,69239.57830367154,68002.76702800232,8116.937213873183,1.7053025658242404e-13,2121.65577506146,1099.2747883839857,0.0,15384.231710532464,0.0,0.0,0.0,0.0,0.0,0.0,0.0,0.0,0.0,2854.45824,48310.84920268896,583027092.8378745,0.0,0.0,0.0,204059482.4932561,0.0,204059482.4932561,0.0,0.0,0.0,116605.4185675749,0.0,116605.4185675749,0.0,0.0,17490.812785136237,0.0,17490.812785136237,0.0,0.0,64132980.2121662,0.0,0.0,0.0,0.0,0.0,0.0,3691041.637246868,204059482.4932561,116605.4185675749,17490.812785136237,583027092.8378745,64132980.2121662,62190637.95308629,0.0,0.0,0.0,8116.937213873183,8116.937213873183,7144.502059786195,0.0,972.4351540869884,2.113864638886298e-13,7144.502059786195,7144.502059786195,0.7104247564337407,1.0,100.0,50713.04194867859,1000000.0
ha/press_g1,2030-02-01,60001.663135016126,60245.88440750556,7317.53780173328,2.842170943040401e-13,1920.217620023666,991.2493946273254,0.0,13864.536970350036,0.0,0.0,0.0,0.0,0.0,0.0,0.0,0.0,0.0,121.67505599999998,43563.35698055664,530531877.35108685,0.0,0.0,0.0,185686157.0728804,0.0,185686157.0728804,0.0,0.0,0.0,106106.37547021738,0.0,106106.37547021738,0.0,0.0,15915.956320532609,0.0,15915.956320532609,0.0,0.0,58358506.50861956,0.0,0.0,0.0,0.0,0.0,0.0,3333985.039246725,185686157.0728804,106106.37547021738,15915.956320532609,530531877.35108685,58358506.50861956,56455873.59956993,0.0,0.0,0.0,7317.53780173328,7317.53780173328,6442.414050164633,0.0,875.1237515686472,3.730349362740526e-13,6442.414050164633,6442.414050164633,0.7230926628264325,1.0,100.0,48548.6030561655,1000000.0
ha/press_g1,2030-03-01,68143.95012246296,69128.09374434224,8394.093970449068,1.9895196601282805e-13,2214.995302657152,1137.582300264496,0.0,15886.05293119734,0.0,0.0,0.0,0.0,0.0,0.0,0.0,0.0,0.0,256.18008000000003,49994.38497495039,616536542.5732121,0.0,0.0,0.0,215787789.90062425,0.0,215787789.90062425,0.0,0.0,0.0,123307.30851464244,0.0,123307.30851464244,0.0,0.0,18496.096277196364,0.0,18496.096277196364,0.0,0.0,67819019.68305333,0.0,0.0,0.0,0.0,0.0,0.0,3692233.524469922,215787789.90062425,123307.30851464244,18496.096277196364,616536542.5732121,67819019.68305333,65451041.58695152,0.0,0.0,0.0,8394.093970449068,8394.093970449068,7393.47356393388,0.0,1000.6204065151876,2.859934511434403e-13,7393.47356393388,7393.47356393388,0.7232137075824133,1.0,100.0,45349.46413162909,1000000.0
ha/press_g1,2030-04-01,68548.77912347006,69887.34308076896,8500.939869244121,2.273736754432321e-13,2268.9074283953087,1152.7292784402916,0.0,16057.97711045127,0.0,0.0,0.0,0.0,0.0,0.0,0.0,0.0,0.0,110.18678400000002,50660.06328055678,641348516.4785749,0.0,0.0,0.0,224471980.7675012,0.0,224471980.7675012,0.0,0.0,0.0,128269.70329571498,0.0,128269.70329571498,0.0,0.0,19240.455494357244,0.0,19240.455494357244,0.0,0.0,70548336.81264323,0.0,0.0,0.0,0.0,0.0,0.0,3574718.947922026,224471980.7675012,128269.70329571498,19240.455494357244,641348516.4785749,70548336.81264323,67917324.54553874,0.0,0.0,0.0,8500.939869244121,8500.939869244121,7491.918118398371,0.0,1009.0217508457494,2.9309887850104133e-13,7491.918118398371,7491.918118398371,0.7248818033046246,1.0,100.0,41741.992745934906,1000000.0
ha/press_g1,2030-05-01,77246.4316562467,78325.2470732184,9486.156449085487,2.842170943040401e-13,2526.413054365949,1294.9283100012767,0.0,17583.31681523666,0.0,0.0,0.0,0.0,0.0,0.0,0.0,0.0,0.0,2443.312272,56909.41607487511,705101576.3624156,0.0,0.0,0.0,246785551.72684544,0.0,246785551.72684544,0.0,0.0,0.0,141020.31527248313,0.0,141020.31527248313,0.0,0.0,21153.04729087247,0.0,21153.04729087247,0.0,0.0,77561173.39986572,0.0,0.0,0.0,0.0,0.0,0.0,3695376.395584112,246785551.72684544,141020.31527248313,21153.04729087247,705101576.3624156,77561173.39986572,74484413.53751399,0.0,0.0,0.0,9486.156449085487,9486.156449085487,8416.110399184294,0.0,1070.0460499011945,2.5934809855243657e-13,8416.110399184294,8416.110399184294,0.7265781877671732,1.0,100.0,38136.76427459722,1000000.0
ha/press_g1,2030-06-01,82459.89810228186,82416.63556385429,9767.62341424622,3.410605131648481e-13,2599.2590048212605,1335.6258145835648,0.0,18020.014691922803,0.0,0.0,0.0,0.0,0.0,0.0,0.0,0.0,0.0,6997.950911999999,58697.98707420733,722767868.24106,0.0,0.0,0.0,252968753.884371,0.0,252968753.884371,0.0,0.0,0.0,144553.573648212,0.0,144553.573648212,0.0,0.0,21683.036047231803,0.0,21683.036047231803,0.0,0.0,79504465.5065166,0.0,0.0,0.0,0.0,0.0,0.0,3577601.719591332,252968753.884371,144553.573648212,21683.036047231803,722767868.24106,79504465.5065166,76162658.69988132,0.0,0.0,0.0,9767.623414246222,9767.62341424622,8680.615151216094,0.0,1087.0082630301272,3.1974423109204513e-13,8680.615151216094,8680.615151216094,0.7122104253907531,1.0,100.0,35580.76780820351,1000000.0
ha/press_g1,2030-07-01,89320.05421665854,88080.07500704534,10268.184113686477,1.7053025658242404e-13,2743.297039985698,1404.511036690713,0.0,18913.634859916256,0.0,0.0,0.0,0.0,0.0,0.0,0.0,0.0,0.0,10852.308096,61725.34985253905,766824829.8184966,0.0,0.0,0.0,268388690.43647385,0.0,268388690.43647385,0.0,0.0,0.0,153364.96596369933,0.0,153364.96596369933,0.0,0.0,23004.7448945549,0.0,23004.7448945549,0.0,0.0,84350731.28003463,0.0,0.0,0.0,0.0,0.0,0.0,3697565.202815729,268388690.43647385,153364.96596369933,23004.7448945549,766824829.8184966,84350731.28003463,80606942.52240632,0.0,0.0,0.0,10268.184113686477,10268.184113686477,9128.319962091313,0.0,1139.864151595165,1.6342482922482304e-13,9128.319962091313,9128.319962091313,0.7007867539577115,1.0,100.0,34077.44997783098,1000000.0
ha/press_g1,2030-08-01,85620.1546121803,83436.27260993325,10091.794019828229,1.7053025658242404e-13,2693.5863536241422,1379.5138902960512,0.0,18613.50551494286,0.0,0.0,0.0,0.0,0.0,0.0,0.0,0.0,0.0,3309.544752,60626.77706370494,752584778.3253802,0.0,0.0,0.0,263404672.41388303,0.0,263404672.41388303,0.0,0.0,0.0,150516.95566507606,0.0,150516.95566507606,0.0,0.0,22577.543349761407,0.0,22577.543349761407,0.0,0.0,82784325.61579183,0.0,0.0,0.0,0.0,0.0,0.0,3697060.141776387,263404672.41388303,150516.95566507606,22577.543349761407,752584778.3253802,82784325.61579183,78912185.51428095,0.0,0.0,0.0,10091.794019828229,10091.794019828229,8965.856339899105,0.0,1125.937679929124,1.5987211554602254e-13,8965.856339899105,8965.856339899105,0.7266237472895836,1.0,100.0,33567.745626453885,1000000.0
ha/press_g1,2030-09-01,78411.99947669593,75540.04501410508,9261.489658262057,1.1368683772161605e-13,2468.884947560097,1264.3228661701507,0.0,17153.387847129266,0.0,0.0,0.0,0.0,0.0,0.0,0.0,0.0,0.0,309.84792,55564.37023435284,689917791.8362576,0.0,0.0,0.0,241471227.14269012,0.0,241471227.14269012,0.0,0.0,0.0,137983.5583672515,0.0,137983.5583672515,0.0,0.0,20697.533755087727,0.0,20697.533755087727,0.0,0.0,75890957.10198833,0.0,0.0,0.0,0.0,0.0,0.0,3576439.254236694,241471227.14269012,137983.5583672515,20697.533755087727,689917791.8362576,75890957.10198833,72163350.57494377,0.0,0.0,0.0,9261.489658262057,9261.489658262057,8217.196843808757,0.0,1044.2928144533005,1.0658141036401505e-13,8217.196843808757,8217.196843808757,0.7355617834749459,1.0,100.0,33970.81514148465,1000000.0
ha/press_g1,2030-10-01,76804.6763495813,72900.72531380178,8812.28462785287,1.9895196601282805e-13,2361.913964616078,1194.8002500305329,0.0,16637.64030410347,0.0,0.0,0.0,0.0,0.0,0.0,0.0,0.0,0.0,1228.154976,52508.99530900315,671692637.1911753,0.0,0.0,0.0,235092423.01691133,0.0,235092423.01691133,0.0,0.0,0.0,134338.52743823506,0.0,134338.52743823506,0.0,0.0,20150.77911573526,0.0,20150.77911573526,0.0,0.0,73886190.09102929,0.0,0.0,0.0,0.0,0.0,0.0,3694196.494372193,235092423.01691133,134338.52743823506,20150.77911573526,671692637.1911753,73886190.09102929,70084148.06465027,0.0,0.0,0.0,8812.28462785287,8812.28462785287,7765.349426347817,0.0,1046.9352015050536,2.859934511434403e-13,7765.349426347818,7765.349426347818,0.7202808351079875,1.0,100.0,35512.85221264808,1000000.0
ha/press_g1,2030-11-01,70223.66644339077,66785.02210206779,8112.4717328111665,1.7053025658242404e-13,2150.7615512401794,1099.1756386290665,0.0,15345.57697483067,0.0,0.0,0.0,0.0,0.0,0.0,0.0,0.0,0.0,254.41910399999995,48306.491776403,602896657.7843705,0.0,0.0,0.0,211013830.22452965,0.0,211013830.22452965,0.0,0.0,0.0,120579.33155687412,0.0,120579.33155687412,0.0,0.0,18086.899733531118,0.0,18086.899733531118,0.0,0.0,66318632.35628076,0.0,0.0,0.0,0.0,0.0,0.0,3573353.2785382504,211013830.22452965,120579.33155687412,18086.899733531118,602896657.7843705,66318632.35628076,62750631.24243247,0.0,0.0,0.0,8112.4717328111665,8112.4717328111665,7143.857657098409,0.0,968.6140757127572,2.113864638886298e-13,7143.85765709841,7143.85765709841,0.7233132558161921,1.0,100.0,36800.73500273089,1000000.0
ha/press_g1,2030-12-01,69353.11187413242,67003.37409830386,8089.932316080325,3.410605131648481e-13,2127.730682504104,1095.759366437588,0.0,15324.622963657846,0.0,0.0,0.0,0.0,0.0,0.0,0.0,0.0,0.0,1087.276896,48156.35369225712,589909097.6081802,0.0,0.0,0.0,206468184.16286305,0.0,206468184.16286305,0.0,0.0,0.0,117981.81952163603,0.0,117981.81952163603,0.0,0.0,17697.272928245406,0.0,17697.272928245406,0.0,0.0,64890000.736899815,0.0,0.0,0.0,0.0,0.0,0.0,3691288.815389797,206468184.16286305,117981.81952163603,17697.272928245406,589909097.6081802,64890000.736899815,61247285.97567228,0.0,0.0,0.0,8089.932316080325,8089.932316080324,7121.6543245315925,0.0,968.277991548732,4.902744876744691e-13,7121.6543245315925,7121.6543245315925,0.7187153533731693,1.0,100.0,37022.74209605534,1000000.0
ha/press_g2,2029-01-01,66876.65803764043,65872.69618378342,8045.770283936031,2.557953848736361e-13,2095.6062117718093,1080.8625016366886,0.0,15230.839900825174,0.0,0.0,0.0,0.0,0.0,0.0,0.0,0.0,0.0,90.816048,47501.66735123125,579744540.178644,0.0,0.0,0.0,202910589.0625254,0.0,202910589.0625254,0.0,0.0,0.0,115948.9080357288,0.0,115948.9080357288,0.0,0.0,17392.33620535932,0.0,17392.33620535932,0.0,0.0,63771899.41965084,0.0,0.0,0.0,0.0,0.0,0.0,3690926.948932464,202910589.0625254,115948.9080357288,17392.33620535932,579744540.178644,63771899.41965084,63694776.68359844,0.0,0.0,0.0,8045.770283936031,8045.770283936031,7024.835328608978,0.0,1020.9349553270528,3.3395508580724714e-13,7024.835328608979,7024.835328608979,0.7211131485904662,1.0,100.0,64810.3556420852,1000000.0
ha/press_g2,2029-02-01,61630.99433071843,61716.97510350064,7361.268983324939,1.4210854715202006e-13,1929.39556730242,997.0760730176556,0.0,13947.369050695032,0.0,0.0,0.0,0.0,0.0,0.0,0.0,0.0,0.0,2709.38736,43819.42742267206,532215637.8428541,0.0,0.0,0.0,186275473.2449989,0.0,186275473.2449989,0.0,0.0,0.0,106443.12756857082,0.0,106443.12756857082,0.0,0.0,15966.469135285624,0.0,15966.469135285624,0.0,0.0,58543720.162713945,0.0,0.0,0.0,0.0,0.0,0.0,3334044.089615237,186275473.2449989,106443.12756857082,15966.469135285624,532215637.8428541,58543720.162713945,58333015.8951575,0.0,0.0,0.0,7361.268983324939,7361.268983324938,6480.283303786491,0.0,880.9856795384468,2.042810365310288e-13,6480.283303786491,6480.283303786491,0.7100060777312235,1.0,100.0,62794.97930200055,1000000.0
ha/press_g2,2029-03-01,68647.35121315984,69601.89372607543,8429.846203087527,2.842170943040401e-13,2224.5397743545323,1142.5414026528388,0.0,15952.651905904631,0.0,0.0,0.0,0.0,0.0,0.0,0.0,0.0,0.0,671.351136,50212.32724943493,619147659.9091982,0.0,0.0,0.0,216701680.9682193,0.0,216701680.9682193,0.0,0.0,0.0,123829.53198183964,0.0,123829.53198183964,0.0,0.0,18574.429797275945,0.0,18574.429797275945,0.0,0.0,68106242.59001179,0.0,0.0,0.0,0.0,0.0,0.0,3692325.990229528,216701680.9682193,123829.53198183964,18574.429797275945,619147659.9091982,68106242.59001179,67698411.23010477,0.0,0.0,0.0,8429.846203087527,8429.846203087527,7425.7041923469,0.0,1004.1420107406263,4.085620730620576e-13,7425.7041923469,7425.7041923469,0.7214218545123225,1.0,100.0,59615.89701473044,1000000.0
ha/press_g2,2029-04-01,68210.56960659182,69254.39255085129,8426.996522036261,2.273736754432321e-13,2250.9709959177617,1142.6979875513564,0.0,15919.347670903862,0.0,0.0,0.0,0.0,0.0,0.0,0.0,0.0,0.0,43.437408,50219.20883127383,636997873.7545378,0.0,0.0,0.0,222949255.81408823,0.0,222949255.81408823,0.0,0.0,0.0,127399.57475090756,0.0,127399.57475090756,0.0,0.0,19109.93621263613,0.0,19109.93621263613,0.0,0.0,70069766.11299916,0.0,0.0,0.0,0.0,0.0,0.0,3574565.2767535145,222949255.81408823,127399.57475090756,19109.93621263613,636997873.7545378,70069766.11299916,69478974.34293939,0.0,0.0,0.0,8426.996522036261,8426.99652203626,7426.721882502094,0.0,1000.2746395341668,3.2684965844964614e-13,7426.721882502094,7426.721882502094,0.7251411351908035,1.0,99.99999999999996,56321.10307455321,1000000.0
ha/press_g2,2029-05-01,76736.51075383597,77656.52887568081,9481.12016485694,1.1368683772161605e-13,2524.036307906879,1293.619826385156,0.0,17537.398702795766,0.0,0.0,0.0,0.0,0.0,0.0,0.0,0.0,0.0,1329.872304,56729.21236711228,704944649.1049274,0.0,0.0,0.0,246730627.18672457,0.0,246730627.18672457,0.0,0.0,0.0,140988.92982098548,0.0,140988.92982098548,0.0,0.0,21148.339473147826,0.0,21148.339473147826,0.0,0.0,77543911.40154201,0.0,0.0,0.0,0.0,0.0,0.0,3695371.368294805,246730627.18672457,140988.92982098548,21148.339473147826,704944649.1049274,77543911.40154201,76700425.2512132,0.0,0.0,0.0,9481.12016485694,9481.12016485694,8411.224709293427,0.0,1069.895455563513,1.0658141036401505e-13,8411.224709293427,8411.224709293427,0.7305143970306635,1.0,100.0,52877.048644801485,1000000.0
ha/press_g2,2029-06-01,76800.56574689076,79498.86218792028,9530.165973809751,2.842170943040401e-13,2540.277402661135,1297.9487238394145,0.0,17312.869284912547,0.0,0.0,0.0,0.0,0.0,0.0,0.0,0.0,0.0,7302.012768,56068.13697453771,715603152.0807306,0.0,0.0,0.0,250461103.2282557,0.0,250461103.2282557,0.0,0.0,0.0,143120.63041614613,0.0,143120.63041614613,0.0,0.0,21468.09456242192,0.0,21468.09456242192,0.0,0.0,78716346.72888036,0.0,0.0,0.0,0.0,0.0,0.0,3577355.1809045905,250461103.2282557,143120.63041614613,21468.09456242192,715603152.0807306,78716346.72888036,77668265.93336044,0.0,0.0,0.0,9530.165973809751,9530.165973809751,8464.465894276384,0.0,1065.7000795333684,2.664535259100376e-13,8464.465894276384,8464.465894276384,0.7052696784766961,1.0,100.0,47638.47480111084,1000000.0
ha/press_g2,2029-07-01,80252.70966312161,82355.27479084504,10036.106212112045,12.38496754991712,2674.69005482414,1364.5928981595189,0.0,18021.98450775756,0.0,0.0,0.0,0.0,0.0,0.0,0.0,0.0,0.0,6338.004192,58355.46288783246,757142075.8593527,0.0,0.0,0.0,264999726.55077344,0.0,264999726.55077344,0.0,0.0,0.0,151428.41517187055,0.0,151428.41517187055,0.0,0.0,22714.262275780584,0.0,22714.262275780584,0.0,0.0,83285628.34452881,0.0,0.0,0.0,0.0,0.0,0.0,3692208.3282000287,264999726.55077344,151428.41517187055,22714.262275780584,757142075.8593527,83285628.34452881,81974905.54312286,0.0,0.0,0.0,10048.491179661964,10036.106212112045,8916.52545783647,0.0,1119.580754275576,12.384967549917118,8916.52545783647,8916.52545783647,0.708581970444952,1.0,99.87674798804636,42861.21961856325,1000000.0
ha/press_g2,2029-08-01,81021.69087211858,81805.81236674014,9559.986993672705,433.6396174491682,2606.008056324684,1307.4678826955603,0.0,17613.50390805703,0.0,0.0,0.0,0.0,0.0,0.0,0.0,0.0,0.0,9593.797248,57460.50431223044,749397794.0861652,0.0,0.0,0.0,262289227.93015775,0.0,262289227.93015775,0.0,0.0,0.0,149879.55881723305,0.0,149879.55881723305,0.0,0.0,22481.93382258496,0.0,22481.93382258496,0.0,0.0,82433757.34947817,0.0,0.0,0.0,0.0,0.0,0.0,3521126.77352915,262289227.93015775,149879.55881723305,22481.93382258496,749397794.0861652,82433757.34947817,80933663.14508839,0.0,0.0,0.0,9993.626611121874,9559.986993672705,8497.60867776744,0.0,1062.3783159052634,433.6396174491683,8497.60867776744,8497.60867776744,0.7024012432592407,1.0,95.66083830902214,39471.090067617,1000000.0
ha/press_g2,2029-09-01,75749.00507116714,76321.14573041827,9204.7013005952,45.09368189283828,2457.1520188156805,1256.6168441729862,0.0,17047.419477167554,0.0,0.0,0.0,0.0,0.0,0.0,0.0,0.0,0.0,3194.158896,55225.7065348015,687967717.7550733,0.0,0.0,0.0,240788701.21427563,0.0,240788701.21427563,0.0,0.0,0.0,137593.54355101465,0.0,137593.54355101465,0.0,0.0,20639.0315326522,0.0,20639.0315326522,0.0,0.0,75676448.95305806,0.0,0.0,0.0,0.0,0.0,0.0,3557566.107877949,240788701.21427563,137593.54355101465,20639.0315326522,687967717.7550733,75676448.95305806,74116445.06728484,0.0,0.0,0.0,9249.79498248804,9204.7013005952,8167.113197196216,0.0,1037.5881033989858,45.0936818928383,8167.113197196216,8167.113197196216,0.7235964031497886,1.0,99.51248993109348,36441.79738955015,1000000.0
ha/press_g2,2029-10-01,77905.57181097231,73567.31979043156,8839.595488711517,2.557953848736361e-13,2368.114844874346,1198.7844529013453,0.0,16689.69363272299,0.0,0.0,0.0,0.0,0.0,0.0,0.0,0.0,0.0,2229.563328,52684.09276972787,672791780.3983153,0.0,0.0,0.0,235477123.13941032,0.0,235477123.13941032,0.0,0.0,0.0,134558.35607966306,0.0,134558.35607966306,0.0,0.0,20183.75341194946,0.0,20183.75341194946,0.0,0.0,74007095.84381469,0.0,0.0,0.0,0.0,0.0,0.0,3694235.048713492,235477123.13941032,134558.35607966306,20183.75341194946,672791780.3983153,74007095.84381469,72303131.69935998,0.0,0.0,0.0,8839.595488711517,8839.595488711517,7791.24390325015,0.0,1048.3515854613672,3.6770586575585195e-13,7791.24390325015,7791.24390325015,0.7161344591566887,1.0,100.0,38411.93456521656,1000000.0
ha/press_g2,2029-11-01,73371.3727138363,69780.03716578889,8181.82797753401,3.1263880373444413e-13,2167.3087730401585,1108.5212122273222,0.0,15475.68682798152,0.0,0.0,0.0,0.0,0.0,0.0,0.0,0.0,0.0,5892.896544,48717.210371597655,606839183.7007164,0.0,0.0,0.0,212393714.2952507,0.0,212393714.2952507,0.0,0.0,0.0,121367.83674014328,0.0,121367.83674014328,0.0,0.0,18205.17551102149,0.0,18205.17551102149,0.0,0.0,66752310.2070788,0.0,0.0,0.0,0.0,0.0,0.0,3573492.472572063,212393714.2952507,121367.83674014328,18205.17551102149,606839183.7007164,66752310.2070788,65054518.01624753,0.0,0.0,0.0,8181.827977534011,8181.82797753401,7204.597219697474,0.0,977.2307578365356,4.494182803682634e-13,7204.597219697474,7204.597219697474,0.698153975697254,1.0,100.0,39835.9613402238,1000000.0
ha/press_g2,2029-12-01,70842.03679005343,68652.52462547216,8265.865725247982,1.7053025658242404e-13,2163.783324304331,1119.5497654189192,0.0,15659.17618527841,0.0,0.0,0.0,0.0,0.0,0.0,0.0,0.0,0.0,1557.457488,49201.89243271026,595816110.393791,0.0,0.0,0.0,208535638.63782683,0.0,208535638.63782683,0.0,0.0,0.0,119163.2220787582,0.0,119163.2220787582,0.0,0.0,17874.483311813732,0.0,17874.483311813732,0.0,0.0,65539772.14331701,0.0,0.0,0.0,0.0,0.0,0.0,3691495.3110005776,208535638.63782683,119163.2220787582,17874.483311813732,595816110.393791,65539772.14331701,63715192.24929488,0.0,0.0,0.0,8265.865725247982,8265.865725247982,7276.274949257394,0.0,989.590775990589,2.4513724383723456e-13,7276.274949257394,7276.274949257394,0.7166800157915078,1.0,100.0,39861.69018050078,1000000.0
ha/press_g2,2030-01-01,69239.57830367154,68002.76702800232,8116.937213873183,1.7053025658242404e-13,2121.65577506146,1099.2747883839857,0.0,15384.231710532464,0.0,0.0,0.0,0.0,0.0,0.0,0.0,0.0,0.0,2854.45824,48310.84920268896,583027092.8378745,0.0,0.0,0.0,204059482.4932561,0.0,204059482.4932561,0.0,0.0,0.0,116605.4185675749,0.0,116605.4185675749,0.0,0.0,17490.812785136237,0.0,17490.812785136237,0.0,0.0,64132980.2121662,0.0,0.0,0.0,0.0,0.0,0.0,3691041.637246868,204059482.4932561,116605.4185675749,17490.812785136237,583027092.8378745,64132980.2121662,62190637.95308629,0.0,0.0,0.0,8116.937213873183,8116.937213873183,7144.502059786195,0.0,972.4351540869884,2.113864638886298e-13,7144.502059786195,7144.502059786195,0.7104247564337407,1.0,100.0,38976.84568110854,1000000.0
ha/press_g2,2030-02-01,60001.663135016126,60245.88440750556,7317.53780173328,2.842170943040401e-13,1920.217620023666,991.2493946273254,0.0,13864.536970350036,0.0,0.0,0.0,0.0,0.0,0.0,0.0,0.0,0.0,121.67505599999998,43563.35698055664,530531877.35108685,0.0,0.0,0.0,185686157.0728804,0.0,185686157.0728804,0.0,0.0,0.0,106106.37547021738,0.0,106106.37547021738,0.0,0.0,15915.956320532609,0.0,15915.956320532609,0.0,0.0,58358506.50861956,0.0,0.0,0.0,0.0,0.0,0.0,3333985.039246725,185686157.0728804,106106.37547021738,15915.956320532609,530531877.35108685,58358506.50861956,56455873.59956993,0.0,0.0,0.0,7317.53780173328,7317.53780173328,6442.414050164633,0.0,875.1237515686472,3.730349362740526e-13,6442.414050164633,6442.414050164633,0.7230926628264325,1.0,100.0,36812.40678859545,1000000.0
ha/press_g2,2030-03-01,68143.95012246296,69128.09374434224,8394.093970449068,1.9895196601282805e-13,2214.995302657152,1137.582300264496,0.0,15886.05293119734,0.0,0.0,0.0,0.0,0.0,0.0,0.0,0.0,0.0,256.18008000000003,49994.38497495039,616536542.5732121,0.0,0.0,0.0,215787789.90062425,0.0,215787789.90062425,0.0,0.0,0.0,123307.30851464244,0.0,123307.30851464244,0.0,0.0,18496.096277196364,0.0,18496.096277196364,0.0,0.0,67819019.68305333,0.0,0.0,0.0,0.0,0.0,0.0,3692233.524469922,215787789.90062425,123307.30851464244,18496.096277196364,616536542.5732121,67819019.68305333,65451041.58695152,0.0,0.0,0.0,8394.093970449068,8394.093970449068,7393.47356393388,0.0,1000.6204065151876,2.859934511434403e-13,7393.47356393388,7393.47356393388,0.7232137075824133,1.0,100.0,33613.267864059046,1000000.0
ha/press_g2,2030-04-01,68548.77912347006,69887.34308076896,8500.939869244121,2.273736754432321e-13,2268.9074283953087,1152.7292784402916,0.0,16057.97711045127,0.0,0.0,0.0,0.0,0.0,0.0,0.0,0.0,0.0,110.18678400000002,50660.06328055678,641348516.4785749,0.0,0.0,0.0,224471980.7675012,0.0,224471980.7675012,0.0,0.0,0.0,128269.70329571498,0.0,128269.70329571498,0.0,0.0,19240.455494357244,0.0,19240.455494357244,0.0,0.0,70548336.81264323,0.0,0.0,0.0,0.0,0.0,0.0,3574718.947922026,224471980.7675012,128269.70329571498,19240.455494357244,641348516.4785749,70548336.81264323,67917324.54553874,0.0,0.0,0.0,8500.939869244121,8500.939869244121,7491.918118398371,0.0,1009.0217508457494,2.9309887850104133e-13,7491.918118398371,7491.918118398371,0.7248818033046246,1.0,100.0,30005.796478364828,1000000.0
ha/press_g2,2030-05-01,76985.9646199959,78033.88740151937,9450.865688070317,36.99042215499884,2520.9039242736653,1290.175075274658,0.0,17515.392656991207,0.0,0.0,0.0,0.0,0.0,0.0,0.0,0.0,0.0,2443.312272,56700.52125755629,705073658.563145,0.0,0.0,0.0,246775780.49710077,0.0,246775780.49710077,0.0,0.0,0.0,141014.731712629,0.0,141014.731712629,0.0,0.0,21152.20975689435,0.0,21152.20975689435,0.0,0.0,77558102.44194596,0.0,0.0,0.0,0.0,0.0,0.0,3680003.097158447,246775780.49710077,141014.731712629,21152.20975689435,705073658.563145,77558102.44194596,74481465.79339449,0.0,0.0,0.0,9487.856110225315,9450.865688070317,8385.217763736067,0.0,1065.6479243342503,36.990422154998754,8385.217763736067,8385.217763736067,0.7266140794166341,1.0,99.61012876117364,26436.969772567696,1000000.0
ha/press_g2,2030-06-01,76089.0686067176,78278.82767675557,9247.829856233868,387.9686124310462,2509.097816211513,1264.463126389236,0.0,17050.155672535242,0.0,0.0,0.0,0.0,0.0,0.0,0.0,0.0,0.0,7249.518912,55570.53438035614,717137145.7760346,0.0,0.0,0.0,250998001.0216121,0.0,250998001.0216121,0.0,0.0,0.0,143427.42915520695,0.0,143427.42915520695,0.0,0.0,21514.11437328104,0.0,21514.11437328104,0.0,0.0,78885086.03536381,0.0,0.0,0.0,0.0,0.0,0.0,3420849.9104542253,250998001.0216121,143427.42915520695,21514.11437328104,717137145.7760346,78885086.03536381,75569319.23675895,0.0,0.0,0.0,9635.798468664914,9247.829856233868,8218.108435191321,0.0,1029.721421042546,387.9686124310461,8218.108435191321,8218.108435191321,0.7099050411157024,1.0,95.97367448382508,21738.112886318228,1000000.0
ha/press_g2,2030-07-01,80979.93463531039,82356.5301024612,9554.476857754766,586.8731551617909,2622.72706180168,1307.4678826955603,0.0,17573.072136024915,0.0,0.0,0.0,0.0,0.0,0.0,0.0,0.0,0.0,11103.876096,57460.50431223044,760761192.2693514,0.0,0.0,0.0,266266417.294273,0.0,266266417.294273,0.0,0.0,0.0,152152.2384538703,0.0,152152.2384538703,0.0,0.0,22822.835768080546,0.0,22822.835768080546,0.0,0.0,83683731.14962865,0.0,0.0,0.0,0.0,0.0,0.0,3462437.1990910782,266266417.294273,152152.2384538703,22822.835768080546,760761192.2693514,83683731.14962865,79969545.36158976,0.0,0.0,0.0,10141.350012916557,9554.476857754766,8497.60867776744,0.0,1056.868179987324,586.8731551617909,8497.60867776744,8497.60867776744,0.6977042893956656,1.0,94.21306675724315,17738.790357365742,1000000.0
ha/press_g2,2030-08-01,78331.71736453875,79204.25583864584,9560.124128075646,396.9952529438847,2602.0786331226363,1307.4678826955603,0.0,17621.138065066247,0.0,0.0,0.0,0.0,0.0,0.0,0.0,0.0,0.0,3510.799152,57460.50431223044,746726582.3325478,0.0,0.0,0.0,261354303.8163917,0.0,261354303.8163917,0.0,0.0,0.0,149345.31646650957,0.0,149345.31646650957,0.0,0.0,22401.797469976435,0.0,22401.797469976435,0.0,0.0,82139924.05658026,0.0,0.0,0.0,0.0,0.0,0.0,3536184.223884343,261354303.8163917,149345.31646650957,22401.797469976435,746726582.3325478,82139924.05658026,78297922.80411367,0.0,0.0,0.0,9957.119381019533,9560.124128075646,8497.60867776744,0.0,1062.5154503082044,396.9952529438848,8497.60867776744,8497.60867776744,0.7254724345783696,1.0,96.01295075661496,14264.173250136022,1000000.0
ha/press_g2,2030-09-01,74360.57197987767,74956.63646560765,9190.49069660026,74.51075963203789,2457.888734733696,1254.8354190065877,0.0,17016.796158913225,0.0,0.0,0.0,0.0,0.0,0.0,0.0,0.0,0.0,309.84792,55147.41658993132,689861791.3368453,0.0,0.0,0.0,241451626.96789584,0.0,241451626.96789584,0.0,0.0,0.0,137972.35826736907,0.0,137972.35826736907,0.0,0.0,20695.85374010536,0.0,20695.85374010536,0.0,0.0,75884797.04705298,0.0,0.0,0.0,0.0,0.0,0.0,3545477.80067914,241451626.96789584,137972.35826736907,20695.85374010536,689861791.3368453,75884797.04705298,72157489.96025756,0.0,0.0,0.0,9265.001456232298,9190.49069660026,8155.535204227413,0.0,1034.955492372846,74.51075963203778,8155.535204227413,8155.535204227413,0.7357242692611294,1.0,99.19578253728264,11210.220029672337,1000000.0
ha/press_g2,2030-10-01,76806.5107631096,72902.55972733008,8812.36946670347,1.9895196601282805e-13,2361.9681135843894,1194.846969340529,0.0,16637.775714010775,0.0,0.0,0.0,0.0,0.0,0.0,0.0,0.0,0.0,1228.154976,52511.04852587297,671692765.0314747,0.0,0.0,0.0,235092467.76101613,0.0,235092467.76101613,0.0,0.0,0.0,134338.55300629494,0.0,134338.55300629494,0.0,0.0,20150.78295094424,0.0,20150.78295094424,0.0,0.0,73886204.15346222,0.0,0.0,0.0,0.0,0.0,0.0,3694196.494372193,235092467.76101613,134338.55300629494,20150.78295094424,671692765.0314747,73886204.15346222,70084161.41944009,0.0,0.0,0.0,8812.36946670347,8812.36946670347,7765.653068539948,0.0,1046.7163981635213,2.859934511434403e-13,7765.653068539948,7765.653068539948,0.7202908748646772,1.0,100.0,12752.202951867466,1000000.0
ha/press_g2,2030-11-01,70223.66644339077,66785.02210206779,8112.4717328111665,1.7053025658242404e-13,2150.7615512401794,1099.1756386290665,0.0,15345.57697483067,0.0,0.0,0.0,0.0,0.0,0.0,0.0,0.0,0.0,254.41910399999995,48306.491776403,602896657.7843705,0.0,0.0,0.0,211013830.22452965,0.0,211013830.22452965,0.0,0.0,0.0,120579.33155687412,0.0,120579.33155687412,0.0,0.0,18086.899733531118,0.0,18086.899733531118,0.0,0.0,66318632.35628076,0.0,0.0,0.0,0.0,0.0,0.0,3573353.2785382504,211013830.22452965,120579.33155687412,18086.899733531118,602896657.7843705,66318632.35628076,62750631.24243247,0.0,0.0,0.0,8112.4717328111665,8112.4717328111665,7143.857657098409,0.0,968.6140757127572,2.113864638886298e-13,7143.85765709841,7143.85765709841,0.7233132558161921,1.0,100.0,14040.085741950288,1000000.0
ha/press_g2,2030-12-01,69353.11187413242,67003.37409830386,8089.932316080325,3.410605131648481e-13,2127.730682504104,1095.759366437588,0.0,15324.622963657846,0.0,0.0,0.0,0.0,0.0,0.0,0.0,0.0,0.0,1087.276896,48156.35369225712,589909097.6081802,0.0,0.0,0.0,206468184.16286305,0.0,206468184.16286305,0.0,0.0,0.0,117981.81952163603,0.0,117981.81952163603,0.0,0.0,17697.272928245406,0.0,17697.272928245406,0.0,0.0,64890000.736899815,0.0,0.0,0.0,0.0,0.0,0.0,3691288.815389797,206468184.16286305,117981.81952163603,17697.272928245406,589909097.6081802,64890000.736899815,61247285.97567228,0.0,0.0,0.0,8089.932316080325,8089.932316080324,7121.6543245315925,0.0,968.277991548732,4.902744876744691e-13,7121.6543245315925,7121.6543245315925,0.7187153533731693,1.0,100.0,14262.092835274736,1000000.0
ha/press_g3,2029-01-01,73155.05419729106,72875.52193816686,8881.310639936031,2.842170943040401e-13,2225.442726977164,1192.884440222175,0.0,16882.080037793996,0.0,0.0,0.0,0.0,0.0,0.0,0.0,0.0,0.0,90.816048,52424.79943756988,580417433.0618976,0.0,0.0,0.0,203146101.57166412,0.0,203146101.57166412,0.0,0.0,0.0,116083.48661237954,0.0,116083.48661237954,0.0,0.0,17412.52299185693,0.0,17412.52299185693,0.0,0.0,63845917.63680874,0.0,0.0,0.0,0.0,0.0,0.0,3690926.948932464,203146101.57166412,116083.48661237954,17412.52299185693,580417433.0618976,63845917.63680874,63768705.88070447,0.0,0.0,0.0,8881.310639936031,8881.310639936031,7752.898029056978,0.0,1128.4126108790529,3.428368700042484e-13,7752.898029056978,7752.898029056978,0.7193745999109422,1.0,100.0,63956.089532147016,1000000.0
ha/press_g3,2029-02-01,67362.13943048095,68111.78531562796,8126.644979324938,1.9895196601282805e-13,2047.7496067202997,1099.1910205271768,0.0,15458.971825191951,0.0,0.0,0.0,0.0,0.0,0.0,0.0,0.0,0.0,2709.38736,48307.16777895298,532830753.48126674,0.0,0.0,0.0,186490763.71844336,0.0,186490763.71844336,0.0,0.0,0.0,106566.15069625336,0.0,106566.15069625336,0.0,0.0,15984.922604438005,0.0,15984.922604438005,0.0,0.0,58611382.88293935,0.0,0.0,0.0,0.0,0.0,0.0,3334044.089615237,186490763.71844336,106566.15069625336,15984.922604438005,532830753.48126674,58611382.88293935,58400435.44176483,0.0,0.0,0.0,8126.644979324938,8126.644979324938,7143.957628464891,0.0,982.6873508600468,2.859934511434403e-13,7143.957628464892,7143.957628464892,0.7092336158140478,1.0,100.0,61158.694040279726,1000000.0
ha/press_g3,2029-03-01,75175.41525697509,76888.25336238349,9304.156759087527,1.9895196601282805e-13,2359.646944296171,1259.178290771489,0.0,17673.94153416219,0.0,0.0,0.0,0.0,0.0,0.0,0.0,0.0,0.0,671.351136,55323.60013983578,619848616.3006161,0.0,0.0,0.0,216947015.70521563,0.0,216947015.70521563,0.0,0.0,0.0,123969.72326012324,0.0,123969.72326012324,0.0,0.0,18595.458489018485,0.0,18595.458489018485,0.0,0.0,68183347.79306778,0.0,0.0,0.0,0.0,0.0,0.0,3692325.990229528,216947015.70521563,123969.72326012324,18595.458489018485,619848616.3006161,68183347.79306778,67775054.97909617,0.0,0.0,0.0,9304.156759087527,9304.156759087527,8184.193604692501,0.0,1119.9631543950263,1.8474111129762605e-13,8184.193604692501,8184.193604692501,0.7195325387232958,1.0,100.0,57086.20899057514,1000000.0
ha/press_g3,2029-04-01,74605.74923003606,76404.24781764272,9296.96276603626,3.410605131648481e-13,2384.545656974485,1258.3868361003963,0.0,17606.517185996534,0.0,0.0,0.0,0.0,0.0,0.0,0.0,0.0,0.0,43.437408,55207.41808083647,637686693.5937536,0.0,0.0,0.0,223190342.7578137,0.0,223190342.7578137,0.0,0.0,0.0,127537.33871875072,0.0,127537.33871875072,0.0,0.0,19130.600807812607,0.0,19130.600807812607,0.0,0.0,70145536.29531288,0.0,0.0,0.0,0.0,0.0,0.0,3574565.2767535145,223190342.7578137,127537.33871875072,19130.600807812607,637686693.5937536,70145536.29531288,69554106.5496009,0.0,0.0,0.0,9296.96276603626,9296.96276603626,8181.450270860493,0.0,1115.5124951757668,2.9309887850104133e-13,8181.450270860493,8181.450270860493,0.7225700096230562,1.0,100.0,52903.16474599397,1000000.0
ha/press_g3,2029-05-01,80209.53408530622,81895.88967476452,10356.010107171463,109.8249973021293,2633.495560061375,1399.4557703241926,0.0,18476.887551291024,0.0,0.0,0.0,0.0,0.0,0.0,0.0,0.0,0.0,1329.872304,58901.647885079015,705381966.0590339,0.0,0.0,0.0,246883688.12066185,0.0,246883688.12066185,0.0,0.0,0.0,141076.39321180678,0.0,141076.39321180678,0.0,0.0,21161.45898177101,0.0,21161.45898177101,0.0,0.0,77592016.26649372,0.0,0.0,0.0,0.0,0.0,0.0,3653809.174989218,246883688.12066185,141076.39321180678,21161.45898177101,705381966.0590339,77592016.26649372,76748015.25460869,0.0,0.0,0.0,10465.835104473595,10356.010107171463,9172.186520377412,0.0,1183.823586794054,109.82499730212923,9172.186520377412,9172.186520377412,0.719225935745943,1.0,98.95063321554544,48583.31359647429,1000000.0
ha/press_g3,2029-06-01,75762.3761971123,78214.28155297875,9251.856683739918,1493.0243516744756,2515.3149379856627,1265.2914993828003,0.0,17045.905122872136,0.0,0.0,0.0,0.0,0.0,0.0,0.0,0.0,0.0,7075.601567999999,55606.9396569972,720714050.7601892,0.0,0.0,0.0,252249917.7660662,0.0,252249917.7660662,0.0,0.0,0.0,144142.81015203786,0.0,144142.81015203786,0.0,0.0,21621.42152280568,0.0,21621.42152280568,0.0,0.0,79278545.58362082,0.0,0.0,0.0,0.0,0.0,0.0,3036771.6569213145,252249917.7660662,144142.81015203786,21621.42152280568,720714050.7601892,79278545.58362082,78222987.58708586,0.0,0.0,0.0,10744.881035414392,9251.856683739918,8223.492268807202,0.0,1028.3644149327167,1493.0243516744758,8223.492268807202,8223.492268807202,0.7109563439425269,1.0,86.10478471791758,43616.09330262219,1000000.0
ha/press_g3,2029-07-01,78512.64435324502,80186.9877520034,9551.717314920505,1784.9294980249867,2625.1658871531467,1307.4678826955603,0.0,17553.349403666674,0.0,0.0,0.0,0.0,0.0,0.0,0.0,0.0,0.0,6187.063391999999,57460.50431223044,762414737.8107857,0.0,0.0,0.0,266845158.23377496,0.0,266845158.23377496,0.0,0.0,0.0,152482.94756215715,0.0,152482.94756215715,0.0,0.0,22872.44213432357,0.0,22872.44213432357,0.0,0.0,83865621.15918642,0.0,0.0,0.0,0.0,0.0,0.0,3062509.936618446,266845158.23377496,152482.94756215715,22872.44213432357,762414737.8107857,83865621.15918642,82545771.27583992,0.0,0.0,0.0,11336.64681294549,9551.717314920505,8497.60867776744,0.0,1054.108637153062,1784.9294980249867,8497.60867776744,8497.60867776744,0.7165814045782614,1.0,84.2552253106558,39316.58401671065,1000000.0
ha/press_g3,2029-08-01,80840.93346645428,81616.37422056826,9554.251281116352,1695.1047227281397,2614.029071446193,1307.4678826955603,0.0,17574.684135676474,0.0,0.0,0.0,0.0,0.0,0.0,0.0,0.0,0.0,9380.55144,57460.50431223044,754843761.3400788,0.0,0.0,0.0,264195316.4690276,0.0,264195316.4690276,0.0,0.0,0.0,150968.7522680158,0.0,150968.7522680158,0.0,0.0,22645.312840202365,0.0,22645.312840202365,0.0,0.0,83032813.74740867,0.0,0.0,0.0,0.0,0.0,0.0,3089337.427205572,264195316.4690276,150968.7522680158,22645.312840202365,754843761.3400788,83032813.74740867,81521816.94870628,0.0,0.0,0.0,11249.356003844494,9554.251281116354,8497.608677767443,0.0,1056.6426033489115,1695.1047227281397,8497.60867776744,8497.60867776744,0.7040315728427659,1.0,84.93153988416019,35927.114191150475,1000000.0
ha/press_g3,2029-09-01,76220.86090511346,76846.97966601962,9267.321114329245,980.3562641893258,2467.206183359448,1265.2914993828003,0.0,17168.147458042473,0.0,0.0,0.0,0.0,0.0,0.0,0.0,0.0,0.0,3194.158896,55606.9396569972,688017786.9512109,0.0,0.0,0.0,240806225.43292376,0.0,240806225.43292376,0.0,0.0,0.0,137603.55739024215,0.0,137603.55739024215,0.0,0.0,20640.533608536323,0.0,20640.533608536323,0.0,0.0,75681956.56463319,0.0,0.0,0.0,0.0,0.0,0.0,3204002.7639006604,240806225.43292376,137603.55739024215,20640.533608536323,688017786.9512109,75681956.56463319,74121837.61490048,0.0,0.0,0.0,10247.677378518569,9267.321114329245,8223.492268807202,0.0,1043.8288455220404,980.3562641893255,8223.492268807202,8223.492268807202,0.723606053206872,1.0,90.43338087277834,32833.78924688484,1000000.0
ha/press_g3,2029-10-01,83793.11726668944,80135.71255678622,9625.042428299736,132.5642326124962,2490.001729146042,1303.9475115575683,0.0,18238.527321565594,0.0,0.0,0.0,0.0,0.0,0.0,0.0,0.0,0.0,2229.563328,57305.79129508298,673423028.8472632,0.0,0.0,0.0,235698060.0965421,0.0,235698060.0965421,0.0,0.0,0.0,134684.60576945267,0.0,134684.60576945267,0.0,0.0,20202.6908654179,0.0,20202.6908654179,0.0,0.0,74076533.17319895,0.0,0.0,0.0,0.0,0.0,0.0,3640189.125630445,235698060.0965421,134684.60576945267,20202.6908654179,673423028.8472632,74076533.17319895,72370966.61164778,0.0,0.0,0.0,9757.606660912234,9625.042428299736,8474.72877629752,0.0,1150.3136520022176,132.56423261249614,8474.72877629752,8474.72877629752,0.7151092748376652,1.0,98.64142676355738,34001.192227642015,1000000.0
ha/press_g3,2029-11-01,79716.46767817589,76859.97589508207,9029.28203525632,3.410605131648481e-13,2298.4446605578146,1221.6642391687162,0.0,17148.22884363493,0.0,0.0,0.0,0.0,0.0,0.0,0.0,0.0,0.0,5892.896544,53689.61196823295,607520066.1422135,0.0,0.0,0.0,212632023.1497747,0.0,212632023.1497747,0.0,0.0,0.0,121504.0132284427,0.0,121504.0132284427,0.0,0.0,18225.601984266403,0.0,18225.601984266403,0.0,0.0,66827207.27564348,0.0,0.0,0.0,0.0,0.0,0.0,3573492.472572063,212632023.1497747,121504.0132284427,18225.601984266403,607520066.1422135,66827207.27564348,65127509.95242473,0.0,0.0,0.0,9029.28203525632,9029.282035256318,7939.9461948355,0.0,1089.3358404208184,2.8776980798284063e-13,7939.9461948355,7939.9461948355,0.6985379756236473,1.0,100.0,34559.23935017801,1000000.0
ha/press_g3,2029-12-01,77279.03490785872,75835.17253520704,9125.699217247984,2.273736754432321e-13,2296.7452840767683,1234.2683133426362,0.0,17356.834255515394,0.0,0.0,0.0,0.0,0.0,0.0,0.0,0.0,0.0,1557.457488,54243.534911968345,596506992.9720453,0.0,0.0,0.0,208777447.54021585,0.0,208777447.54021585,0.0,0.0,0.0,119301.39859440904,0.0,119301.39859440904,0.0,0.0,17895.20978916136,0.0,17895.20978916136,0.0,0.0,65615769.22692498,0.0,0.0,0.0,0.0,0.0,0.0,3691495.3110005776,208777447.54021585,119301.39859440904,17895.20978916136,596506992.9720453,65615769.22692498,63789073.50544063,0.0,0.0,0.0,9125.699217247984,9125.699217247984,8021.863687030194,0.0,1103.835530217789,2.255973186038318e-13,8021.863687030194,8021.863687030194,0.7152820135905327,1.0,100.0,33706.356438752926,1000000.0
ha/press_g3,2030-01-01,75565.59132660145,75061.30006413542,8961.739577873182,2.557953848736361e-13,2252.2861387419125,1211.9816532783998,0.0,17052.797684726833,0.0,0.0,0.0,0.0,0.0,0.0,0.0,0.0,0.0,2854.45824,53264.08238110686,583706061.2063402,0.0,0.0,0.0,204297121.42221904,0.0,204297121.42221904,0.0,0.0,0.0,116741.21224126803,0.0,116741.21224126803,0.0,0.0,17511.181836190204,0.0,17511.181836190204,0.0,0.0,64207666.73269742,0.0,0.0,0.0,0.0,0.0,0.0,3691041.637246868,204297121.42221904,116741.21224126803,17511.181836190204,583706061.2063402,64207666.73269742,62263062.29730958,0.0,0.0,0.0,8961.739577873184,8961.739577873182,7877.016292714195,0.0,1084.7232851589886,3.002043058586424e-13,7877.016292714195,7877.016292714195,0.709607778383746,1.0,100.0,31958.36156247703,1000000.0
ha/press_g3,2030-02-01,65697.10323463024,66600.72861586207,8078.035749733282,2.273736754432321e-13,2037.82467332838,1092.7198483104305,0.0,15366.707540736745,0.0,0.0,0.0,0.0,0.0,0.0,0.0,0.0,0.0,121.67505599999998,48022.77316858675,531143145.54819006,0.0,0.0,0.0,185900100.9418665,0.0,185900100.9418665,0.0,0.0,0.0,106228.62910963802,0.0,106228.62910963802,0.0,0.0,15934.294366445702,0.0,15934.294366445702,0.0,0.0,58425746.010300905,0.0,0.0,0.0,0.0,0.0,0.0,3333985.039246725,185900100.9418665,106228.62910963802,15934.294366445702,531143145.54819006,58425746.010300905,56520921.33162632,0.0,0.0,0.0,8078.035749733282,8078.035749733282,7101.899624660634,0.0,976.1361250726474,2.9309887850104133e-13,7101.899624660634,7101.899624660634,0.7210547717213611,1.0,100.0,29016.91150791681,1000000.0
ha/press_g3,2030-03-01,74661.75965703452,76400.95696613299,9264.693154449067,2.842170943040401e-13,2349.66809649924,1253.776942557946,0.0,17604.58571299758,0.0,0.0,0.0,0.0,0.0,0.0,0.0,0.0,0.0,256.18008000000003,55100.89874322433,617236038.9315989,0.0,0.0,0.0,216032613.6260596,0.0,216032613.6260596,0.0,0.0,0.0,123447.2077863198,0.0,123447.2077863198,0.0,0.0,18517.081167947967,0.0,18517.081167947967,0.0,0.0,67895964.28247589,0.0,0.0,0.0,0.0,0.0,0.0,3692233.524469922,216032613.6260596,123447.2077863198,18517.081167947967,617236038.9315989,67895964.28247589,65525299.8513391,0.0,0.0,0.0,9264.693154449067,9264.693154449067,8148.65586227628,0.0,1116.0372921727876,2.398081733190338e-13,8148.65586227628,8148.65586227628,0.7212069184899013,1.0,100.0,24928.04610231912,1000000.0
ha/press_g3,2030-04-01,74422.57312858941,76442.20665663094,9285.97759635608,97.0273521657947,2390.3509843152915,1257.5098368321608,0.0,17606.41154349143,0.0,0.0,0.0,0.0,0.0,0.0,0.0,0.0,0.0,110.18678400000002,55264.95171185128,641978916.8162104,0.0,0.0,0.0,224692620.8856736,0.0,224692620.8856736,0.0,0.0,0.0,128395.78336324208,0.0,128395.78336324208,0.0,0.0,19259.367504486312,0.0,19259.367504486312,0.0,0.0,70617680.84978314,0.0,0.0,0.0,0.0,0.0,0.0,3535346.6694019088,224692620.8856736,128395.78336324208,19259.367504486312,641978916.8162104,70617680.84978314,67984085.63187757,0.0,0.0,0.0,9383.004948521871,9285.97759635608,8172.917012548176,0.0,1113.060583807902,97.02735216579464,8172.917012548176,8172.917012548176,0.7229638458776405,1.0,98.9659245337915,20518.0615899623,1000000.0
ha/press_g3,2030-05-01,77950.5789298407,79115.97535454915,9583.915497069998,922.1958253368114,2540.9467648279187,1307.4678826955603,0.0,17773.30392793848,0.0,0.0,0.0,0.0,0.0,0.0,0.0,0.0,0.0,2443.312272,57460.50431223044,705178232.4269598,0.0,0.0,0.0,246812381.34943587,0.0,246812381.34943587,0.0,0.0,0.0,141035.64648539195,0.0,141035.64648539195,0.0,0.0,21155.34697280879,0.0,21155.34697280879,0.0,0.0,77569605.56696557,0.0,0.0,0.0,0.0,0.0,0.0,3343439.39061727,246812381.34943587,141035.64648539195,21155.34697280879,705178232.4269598,77569605.56696557,74492518.26113407,0.0,0.0,0.0,10506.11132240681,9583.915497069998,8497.60867776744,0.0,1086.306819302557,922.1958253368114,8497.60867776744,8497.60867776744,0.7262819431186659,1.0,91.22229151170322,16811.718400425954,1000000.0
ha/press_g3,2030-06-01,75942.30222705017,78130.21950255026,9249.258853660453,1598.1616937362796,2517.7395944242207,1265.2914993828003,0.0,17026.17666291135,0.0,0.0,0.0,0.0,0.0,0.0,0.0,0.0,0.0,6997.950911999999,55606.9396569972,722357946.2737049,0.0,0.0,0.0,252825281.1957967,0.0,252825281.1957967,0.0,0.0,0.0,144471.589254741,0.0,144471.589254741,0.0,0.0,21670.73838821115,0.0,21670.73838821115,0.0,0.0,79459374.09010755,0.0,0.0,0.0,0.0,0.0,0.0,3004133.6725864853,252825281.1957967,144471.589254741,21670.73838821115,722357946.2737049,79459374.09010755,76119471.5636297,0.0,0.0,0.0,10847.420547396732,9249.258853660453,8223.492268807202,0.0,1025.7665848532515,1598.1616937362796,8223.492268807202,8223.492268807202,0.7117212777724518,1.0,85.2668965238946,12106.061530501647,1000000.0
ha/press_g3,2030-07-01,80786.76302388328,82155.4945990115,9549.415064064548,1864.092911797819,2630.8213490775997,1307.4678826955603,0.0,17536.414558706438,0.0,0.0,0.0,0.0,0.0,0.0,0.0,0.0,0.0,10852.308096,57460.50431223044,766257627.2858404,0.0,0.0,0.0,268190169.5500441,0.0,268190169.5500441,0.0,0.0,0.0,153251.52545716809,0.0,153251.52545716809,0.0,0.0,22987.72881857521,0.0,22987.72881857521,0.0,0.0,84288339.00144245,0.0,0.0,0.0,0.0,0.0,0.0,3038966.46429288,268190169.5500441,153251.52545716809,22987.72881857521,766257627.2858404,84288339.00144245,80547318.13262933,0.0,0.0,0.0,11413.507975862369,9549.415064064548,8497.60867776744,0.0,1051.8063862971064,1864.092911797819,8497.60867776744,8497.60867776744,0.6994115803536507,1.0,83.66766014673087,8106.50860629583,1000000.0
ha/press_g3,2030-08-01,78156.7351258261,79021.06396899592,9554.889485192907,1654.3889179886626,2610.083044545378,1307.4678826955603,0.0,17583.023977786244,0.0,0.0,0.0,0.0,0.0,0.0,0.0,0.0,0.0,3309.544752,57460.50431223044,752161439.4385079,0.0,0.0,0.0,263256503.80347776,0.0,263256503.80347776,0.0,0.0,0.0,150432.2878877016,0.0,150432.2878877016,0.0,0.0,22564.84318315524,0.0,22564.84318315524,0.0,0.0,82737758.33823587,0.0,0.0,0.0,0.0,0.0,0.0,3102513.406999979,263256503.80347776,150432.2878877016,22564.84318315524,752161439.4385079,82737758.33823587,78867793.20347385,0.0,0.0,0.0,11209.278403181572,9554.889485192907,8497.60867776744,0.0,1057.2808074254674,1654.3889179886626,8497.60867776744,8497.60867776744,0.7271542728755865,1.0,85.24089724170744,4632.096718580635,1000000.0
ha/press_g3,2030-09-01,74934.67385456157,75598.03027407727,9267.796183414106,995.1131098253531,2470.007620158256,1265.2914993828003,0.0,17166.16706713386,0.0,0.0,0.0,0.0,0.0,0.0,0.0,0.0,0.0,309.84792,55606.9396569972,689923206.5044839,0.0,0.0,0.0,241473122.27656937,0.0,241473122.27656937,0.0,0.0,0.0,137984.6413008968,0.0,137984.6413008968,0.0,0.0,20697.69619513452,0.0,20697.69619513452,0.0,0.0,75891552.71549323,0.0,0.0,0.0,0.0,0.0,0.0,3199511.985508428,241473122.27656937,137984.6413008968,20697.69619513452,689923206.5044839,75891552.71549323,72163910.48284575,0.0,0.0,0.0,10262.90929323946,9267.796183414106,8223.492268807202,0.0,1044.3039146069043,995.1131098253531,8223.492268807202,8223.492268807202,0.7355606945762572,1.0,90.30379124094112,1498.7326789066733,1000000.0
ha/press_g3,2030-10-01,82698.45433497595,79474.14711062574,9597.139968981472,130.8832343693046,2484.0575213354946,1300.1847636844475,0.0,18185.1810650228,0.0,0.0,0.0,0.0,0.0,0.0,0.0,0.0,0.0,1228.154976,57140.42632264209,672323960.8693129,0.0,0.0,0.0,235313386.3042595,0.0,235313386.3042595,0.0,0.0,0.0,134464.7921738626,0.0,134464.7921738626,0.0,0.0,20169.71882607939,0.0,20169.71882607939,0.0,0.0,73955635.69562443,0.0,0.0,0.0,0.0,0.0,0.0,3641448.590079616,235313386.3042595,134464.7921738626,20169.71882607939,672323960.8693129,73955635.69562443,70150012.16235335,0.0,0.0,0.0,9728.023203350776,9597.139968981472,8450.273598926,0.0,1146.866370055472,130.8832343693047,8450.273598926,8450.273598926,0.7189813090174375,1.0,98.65457522424263,2238.98238192139,1000000.0
ha/press_g3,2030-11-01,76509.43269581538,73799.12336157079,8952.282900811168,2.557953848736361e-13,2280.614124720822,1211.2114321699578,0.0,17003.386668858748,0.0,0.0,0.0,0.0,0.0,0.0,0.0,0.0,0.0,254.41910399999995,53230.2327593236,603571335.1170619,0.0,0.0,0.0,211249967.29097164,0.0,211249967.29097164,0.0,0.0,0.0,120714.26702341238,0.0,120714.26702341238,0.0,0.0,18107.140053511856,0.0,18107.140053511856,0.0,0.0,66392846.8628768,0.0,0.0,0.0,0.0,0.0,0.0,3573353.2785382504,211249967.29097164,120714.26702341238,18107.140053511856,603571335.1170619,66392846.8628768,62820852.57466484,0.0,0.0,0.0,8952.282900811168,8952.282900811166,7872.01040487441,0.0,1080.2724959367572,2.327027459614328e-13,7872.01040487441,7872.01040487441,0.7212854344966655,1.0,100.0,2668.6775914451628,1000000.0
ha/press_g3,2030-12-01,75643.33877164281,74021.93858947825,8929.946596080325,2.842170943040401e-13,2257.60494539822,1207.8138734362476,0.0,16983.90930980398,0.0,0.0,0.0,0.0,0.0,0.0,0.0,0.0,0.0,1087.276896,53080.9170928715,590584244.4149921,0.0,0.0,0.0,206704485.54524723,0.0,206704485.54524723,0.0,0.0,0.0,118116.84888299844,0.0,118116.84888299844,0.0,0.0,17717.527332449765,0.0,17717.527332449765,0.0,0.0,64964266.88564913,0.0,0.0,0.0,0.0,0.0,0.0,3691288.815389797,206704485.54524723,118116.84888299844,17717.527332449765,590584244.4149921,64964266.88564913,61317382.72349045,0.0,0.0,0.0,8929.946596080325,8929.946596080325,7849.928696435592,0.0,1080.017899644732,3.748112931134529e-13,7849.928696435593,7849.928696435593,0.7170970945148499,1.0,100.0,2032.472828211502,1000000.0
ha/cap_0000,2029-01-01,59072.99539723687,57877.44868667687,6962.8363,5.684341886080803e-14,1065.921124829477,919.668481503544,0.0,13745.345137877182,0.0,0.0,0.0,0.0,0.0,0.0,0.0,0.0,0.0,90.816048,40417.52416763687,5575835.228337878,0.0,0.0,0.0,1951542.3299182572,0.0,1951542.3299182572,0.0,0.0,0.0,1115.1670456675758,0.0,1115.1670456675758,0.0,0.0,167.27505685013637,0.0,167.27505685013637,0.0,0.0,613341.8751171667,0.0,0.0,0.0,0.0,0.0,0.0,3670400.0,1951542.3299182572,1115.1670456675758,167.27505685013637,5575835.228337878,613341.8751171667,612597.8606875078,0.0,0.0,0.0,6962.8363,6962.8363,5977.1891704,0.0,985.6471296,7.105427357601003e-14,5977.1891704,5977.1891704,0.6983294026390074,1.0,100.0,66031.62558573054,1000000.0
ha/cap_0000,2029-02-01,54547.79513802094,54457.897741060944,6378.1333,1.1368683772161605e-13,986.283661815662,850.957895912676,0.0,12596.689787474306,0.0,0.0,0.0,0.0,0.0,0.0,0.0,0.0,0.0,2709.38736,37397.83630234094,5125963.653439155,0.0,0.0,0.0,1794087.278703704,0.0,1794087.278703704,0.0,0.0,0.0,1025.192730687831,0.0,1025.192730687831,0.0,0.0,153.77890960317464,0.0,153.77890960317464,0.0,0.0,563856.0018783071,0.0,0.0,0.0,0.0,0.0,0.0,3315200.0,1794087.278703704,1025.192730687831,153.77890960317464,5125963.653439155,563856.0018783071,561829.5550611126,0.0,0.0,0.0,6378.1333,6378.1333,5530.61937232,0.0,847.51392768,1.4210854715202006e-13,5530.61937232,5530.61937232,0.6867293423657664,1.0,100.0,65135.23932087486,1000000.0
ha/cap_0000,2029-03-01,60405.828029611,61155.727967051,7285.9213,5.684341886080803e-14,1127.1879704237942,972.5290408279984,0.0,14381.075955690756,0.0,0.0,0.0,0.0,0.0,0.0,0.0,0.0,0.0,671.351136,42740.636220491,5853881.806688603,0.0,0.0,0.0,2048858.632341011,0.0,2048858.632341011,0.0,0.0,0.0,1170.7763613377206,0.0,1170.7763613377206,0.0,0.0,175.61645420065807,0.0,175.61645420065807,0.0,0.0,643926.9987357463,0.0,0.0,0.0,0.0,0.0,0.0,3670400.0,2048858.632341011,1170.7763613377206,175.61645420065807,5853881.806688603,643926.9987357463,640072.1095412066,0.0,0.0,0.0,7285.9213,7285.9213,6320.74510288,0.0,965.17619712,7.105427357601003e-14,6320.74510288,6320.74510288,0.6988819795182303,1.0,100.0,63258.15141301108,1000000.0
ha/cap_0000,2029-04-01,59727.929427285664,60561.14312184566,7249.7187,1.1368683772161605e-13,1121.598728272428,967.7066860379804,0.0,14301.926192626504,0.0,0.0,0.0,0.0,0.0,0.0,0.0,0.0,0.0,43.437408,42528.70371960566,5822506.606194539,0.0,0.0,0.0,2037877.3121680885,0.0,2037877.3121680885,0.0,0.0,0.0,1164.5013212389076,0.0,1164.5013212389076,0.0,0.0,174.67519818583617,0.0,174.67519818583617,0.0,0.0,640475.7266813993,0.0,0.0,0.0,0.0,0.0,0.0,3552000.0,2037877.3121680885,1164.5013212389076,174.67519818583617,5822506.606194539,640475.7266813993,635080.3632889059,0.0,0.0,0.0,7249.7187,7249.718699999999,6289.40323632,0.0,960.31546368,1.4210854715202006e-13,6289.40323632,6289.40323632,0.7022440714839261,1.0,100.0,61303.33899017866,1000000.0
ha/cap_0000,2029-05-01,67497.06523626667,68184.01725402666,8178.3115,2.842170943040401e-13,1275.556267824196,1100.5400573985933,0.0,15784.644215086752,0.0,0.0,0.0,0.0,0.0,0.0,0.0,0.0,0.0,1329.872304,48366.45515418667,6480931.383495024,0.0,0.0,0.0,2268325.984223258,0.0,2268325.984223258,0.0,0.0,0.0,1296.1862766990048,0.0,1296.1862766990048,0.0,0.0,194.4279415048507,0.0,194.4279415048507,0.0,0.0,712902.4521844526,0.0,0.0,0.0,0.0,0.0,0.0,3670400.0,2268325.984223258,1296.1862766990048,194.4279415048507,6480931.383495024,712902.4521844526,705151.7492686019,0.0,0.0,0.0,8178.3115,8178.3115,7152.72540592,0.0,1025.58609408,3.730349362740526e-13,7152.72540592,7152.72540592,0.7093517968293419,1.0,100.0,59340.83070459444,1000000.0
ha/cap_0000,2029-06-01,70687.35277344685,70563.35319936684,8160.833,2.842170943040401e-13,1274.108217822367,1099.290691084987,0.0,15708.395169484143,0.0,0.0,0.0,0.0,0.0,0.0,0.0,0.0,0.0,7377.483168000001,48311.54809344685,6456484.793908245,0.0,0.0,0.0,2259769.6778678857,0.0,2259769.6778678857,0.0,0.0,0.0,1291.2969587816492,0.0,1291.2969587816492,0.0,0.0,193.69454381724736,0.0,193.69454381724736,0.0,0.0,710213.327329907,0.0,0.0,0.0,0.0,0.0,0.0,3552000.0,2259769.6778678857,1291.2969587816492,193.69454381724736,6456484.793908245,710213.327329907,700757.2925767247,0.0,0.0,0.0,8160.833,8160.833,7144.605415999999,0.0,1016.227584,3.801403636316536e-13,7144.605416,7144.605416,0.6846549363513006,1.0,100.0,58190.72206085208,1000000.0
ha/cap_0000,2029-07-01,74965.22576784351,73707.48792672351,8600.6245,3.410605131648481e-13,1343.4249757678988,1159.0966523682052,0.0,16526.67184293662,0.0,0.0,0.0,0.0,0.0,0.0,0.0,0.0,0.0,6388.317792,50939.89617120352,6797056.35303176,0.0,0.0,0.0,2378969.723561116,0.0,2378969.723561116,0.0,0.0,0.0,1359.411270606352,0.0,1359.411270606352,0.0,0.0,203.9116905909528,0.0,203.9116905909528,0.0,0.0,747676.1988334936,0.0,0.0,0.0,0.0,0.0,0.0,3670400.0,2378969.723561116,1359.411270606352,203.9116905909528,6797056.35303176,747676.1988334936,735909.184323949,0.0,0.0,0.0,8600.6245,8600.6245,7533.30150736,0.0,1067.32299264,4.298783551348606e-13,7533.30150736,7533.30150736,0.6911088358057399,1.0,100.0,58105.03492620421,1000000.0
ha/cap_0000,2029-08-01,77345.42448374181,74633.89151974181,8539.3375,3.694822225952521e-13,1333.4952392356458,1150.5293526819285,0.0,16418.911985142488,0.0,0.0,0.0,0.0,0.0,0.0,0.0,0.0,0.0,9669.267648,50563.38110182181,6751021.115862919,0.0,0.0,0.0,2362857.3905520216,0.0,2362857.3905520216,0.0,0.0,0.0,1350.204223172584,0.0,1350.204223172584,0.0,0.0,202.5306334758876,0.0,202.5306334758876,0.0,0.0,742612.3227449211,0.0,0.0,0.0,0.0,0.0,0.0,3670400.0,2362857.3905520216,1350.204223172584,202.5306334758876,6751021.115862919,742612.3227449211,729098.1329475027,0.0,0.0,0.0,8539.3375,8539.3375,7477.620170079999,0.0,1061.71732992,4.316547119742609e-13,7477.62017008,7477.62017008,0.6774855239653021,1.0,100.0,59483.07265096854,1000000.0
ha/cap_0000,2029-09-01,70446.4116273322,67278.0631386922,7975.639,3.1263880373444413e-13,1243.8472136610249,1073.181731334062,0.0,15382.532887524414,0.0,0.0,0.0,0.0,0.0,0.0,0.0,0.0,0.0,3194.158896,47164.11341133221,6316874.044325573,0.0,0.0,0.0,2210905.915513951,0.0,2210905.915513951,0.0,0.0,0.0,1263.3748088651148,0.0,1263.3748088651148,0.0,0.0,189.5062213297672,0.0,189.5062213297672,0.0,0.0,694856.144875813,0.0,0.0,0.0,0.0,0.0,0.0,3552000.0,2210905.915513951,1263.3748088651148,189.5062213297672,6316874.044325573,694856.144875813,680528.1977824034,0.0,0.0,0.0,7975.639,7975.638999999999,6974.9158,0.0,1000.7232,3.463895836830489e-13,6974.9158,6974.9158,0.7010325685818936,1.0,100.0,61407.57392594752,1000000.0
ha/cap_0000,2029-10-01,68946.45430757766,64385.74183237766,7596.071,5.684341886080803e-14,1175.2179078213703,1013.96889839739,0.0,14981.282702544757,0.0,0.0,0.0,0.0,0.0,0.0,0.0,0.0,0.0,2229.563328,44561.83209541766,6099560.384454454,0.0,0.0,0.0,2134846.1345590586,0.0,2134846.1345590586,0.0,0.0,0.0,1219.9120768908908,0.0,1219.9120768908908,0.0,0.0,182.9868115336336,0.0,182.9868115336336,0.0,0.0,670951.6422899899,0.0,0.0,0.0,0.0,0.0,0.0,3670400.0,2134846.1345590586,1219.9120768908908,182.9868115336336,6099560.384454454,670951.6422899899,655496.4591939026,0.0,0.0,0.0,7596.071,7596.071,6590.07461984,0.0,1005.99638016,7.105427357601003e-14,6590.07461984,6590.07461984,0.6921071471294108,1.0,100.0,64793.068493326144,1000000.0
ha/cap_0000,2029-11-01,65293.49395178126,61501.56199306126,7060.5206,5.684341886080803e-14,1091.6751418939923,941.8888477338578,0.0,13935.203925454252,0.0,0.0,0.0,0.0,0.0,0.0,0.0,0.0,0.0,5892.896544,41394.06322186126,5671407.975041646,0.0,0.0,0.0,1984992.791264576,0.0,1984992.791264576,0.0,0.0,0.0,1134.2815950083293,0.0,1134.2815950083293,0.0,0.0,170.14223925124938,0.0,170.14223925124938,0.0,0.0,623854.8772545811,0.0,0.0,0.0,0.0,0.0,0.0,3552000.0,1984992.791264576,1134.2815950083293,170.14223925124938,5671407.975041646,623854.8772545811,607985.7574169759,0.0,0.0,0.0,7060.5206,7060.5206,6121.60570208,0.0,938.91489792,7.105427357601003e-14,6121.60570208,6121.60570208,0.673057104249343,1.0,100.0,67493.32531015215,1000000.0
ha/cap_0000,2029-12-01,62913.10349371068,60526.70175979068,7165.2791,8.526512829121202e-14,1108.016331436978,955.9878993643088,0.0,14147.150585308207,0.0,0.0,0.0,0.0,0.0,0.0,0.0,0.0,0.0,1557.457488,42013.68732715068,5757354.8187853,0.0,0.0,0.0,2015074.186574855,0.0,2015074.186574855,0.0,0.0,0.0,1151.4709637570602,0.0,1151.4709637570602,0.0,0.0,172.720644563559,0.0,172.720644563559,0.0,0.0,633309.030066383,0.0,0.0,0.0,0.0,0.0,0.0,3670400.0,2015074.186574855,1151.4709637570602,172.720644563559,5757354.8187853,633309.030066383,615677.1345479325,0.0,0.0,0.0,7165.2791,7165.2791,6213.23948144,0.0,952.03961856,1.0658141036401505e-13,6213.23948144,6213.23948144,0.6941347554982975,1.0,100.0,68771.7107126351,1000000.0
ha/cap_0000,2030-01-01,61480.91695108247,60051.45039444247,7040.0197,1.1368683772161605e-13,1088.5863640037726,939.2238741201164,0.0,13904.716451619735,0.0,0.0,0.0,0.0,0.0,0.0,0.0,0.0,0.0,2854.45824,41276.94315348247,5658069.737213982,0.0,0.0,0.0,1980324.4080248936,0.0,1980324.4080248936,0.0,0.0,0.0,1131.6139474427966,0.0,1131.6139474427966,0.0,0.0,169.74209211641949,0.0,169.74209211641949,0.0,0.0,622387.671093538,0.0,0.0,0.0,0.0,0.0,0.0,3670400.0,1980324.4080248936,1131.6139474427966,169.74209211641949,5658069.737213982,622387.671093538,603536.2018607042,0.0,0.0,0.0,7040.0197,7040.0197,6104.2852744,0.0,935.7344256,1.4210854715202006e-13,6104.2852744,6104.2852744,0.687359637150454,1.0,100.0,69112.59090527137,1000000.0
ha/cap_0000,2030-02-01,52940.5857741175,53009.4800136375,6337.4829,5.684341886080803e-14,980.0587775392808,845.5871140258731,0.0,12518.088086555888,0.0,0.0,0.0,0.0,0.0,0.0,0.0,0.0,0.0,121.67505599999998,37161.8015669175,5093901.642526456,0.0,0.0,0.0,1782865.5748842596,0.0,1782865.5748842596,0.0,0.0,0.0,1018.7803285052912,0.0,1018.7803285052912,0.0,0.0,152.8170492757937,0.0,152.8170492757937,0.0,0.0,560329.1806779102,0.0,0.0,0.0,0.0,0.0,0.0,3315200.0,1782865.5748842596,1018.7803285052912,152.8170492757937,5093901.642526456,560329.1806779102,542064.4338032575,0.0,0.0,0.0,6337.4829,6337.4829,5495.7131208,0.0,841.7697792,7.105427357601003e-14,5495.7131208,5495.7131208,0.7010406734296782,1.0,100.0,68063.63788821205,1000000.0
ha/cap_0000,2030-03-01,59937.24937476286,60717.61343492286,7254.9932,1.7053025658242404e-13,1122.2732820174008,968.2886857787502,0.0,14321.106515002026,0.0,0.0,0.0,0.0,0.0,0.0,0.0,0.0,0.0,256.18008000000003,42554.28140228286,5829136.319890216,0.0,0.0,0.0,2040197.711961576,0.0,2040197.711961576,0.0,0.0,0.0,1165.8272639780434,0.0,1165.8272639780434,0.0,0.0,174.87408959670648,0.0,174.87408959670648,0.0,0.0,641204.9951879238,0.0,0.0,0.0,0.0,0.0,0.0,3670400.0,2040197.711961576,1165.8272639780434,174.87408959670648,5829136.319890216,641204.9951879238,618818.8698964503,0.0,0.0,0.0,7254.9932,7254.9932,6293.185819519999,0.0,961.80738048,2.131628207280301e-13,6293.18581952,6293.18581952,0.7008556330675372,1.0,100.0,66161.00054603469,1000000.0
ha/cap_0000,2030-04-01,60008.39906874913,61134.919512109125,7315.6447,1.1368683772161605e-13,1131.8449055242936,976.5470083235032,0.0,14429.54167021145,0.0,0.0,0.0,0.0,0.0,0.0,0.0,0.0,0.0,110.18678400000002,42917.21756650913,5874801.057390293,0.0,0.0,0.0,2056180.3700866024,0.0,2056180.3700866024,0.0,0.0,0.0,1174.960211478059,0.0,1174.960211478059,0.0,0.0,176.2440317217088,0.0,176.2440317217088,0.0,0.0,646228.1163129322,0.0,0.0,0.0,0.0,0.0,0.0,3552000.0,2056180.3700866024,1174.960211478059,176.2440317217088,5874801.057390293,646228.1163129322,622130.7983735265,0.0,0.0,0.0,7315.6447,7315.6447,6346.85902576,0.0,968.78567424,1.4210854715202006e-13,6346.85902576,6346.85902576,0.7020082451896975,1.0,100.0,63902.6351971504,1000000.0
ha/cap_0000,2030-05-01,67857.8872021584,68703.58959367839,8183.0855,1.1368683772161605e-13,1276.38104697106,1101.2516704512886,0.0,15793.08616066935,0.0,0.0,0.0,0.0,0.0,0.0,0.0,0.0,0.0,2443.312272,48397.7290733584,6484618.344468306,0.0,0.0,0.0,2269616.420563907,0.0,2269616.420563907,0.0,0.0,0.0,1296.9236688936612,0.0,1296.9236688936612,0.0,0.0,194.5385503340492,0.0,194.5385503340492,0.0,0.0,713308.0178915136,0.0,0.0,0.0,0.0,0.0,0.0,3670400.0,2269616.420563907,1296.9236688936612,194.5385503340492,6484618.344468306,713308.0178915136,685016.5346165883,0.0,0.0,0.0,8183.0855,8183.0855,7157.3503832,0.0,1025.7351168,1.4921397450962106e-13,7157.3503832,7157.3503832,0.7044425096212382,1.0,100.0,61780.55175865933,1000000.0
ha/cap_0000,2030-06-01,71671.66555832152,71221.51699704152,8245.928,3.410605131648481e-13,1287.893092245631,1111.1841738514424,0.0,15858.014123614374,0.0,0.0,0.0,0.0,0.0,0.0,0.0,0.0,0.0,7333.374912,48834.24201720152,6520398.8062226325,0.0,0.0,0.0,2282139.582177921,0.0,2282139.582177921,0.0,0.0,0.0,1304.0797612445267,0.0,1304.0797612445267,0.0,0.0,195.611964186679,0.0,195.611964186679,0.0,0.0,717243.8686844896,0.0,0.0,0.0,0.0,0.0,0.0,3552000.0,2282139.582177921,1304.0797612445267,195.611964186679,6520398.8062226325,717243.8686844896,687095.4011336741,0.0,0.0,0.0,8245.928,8245.928,7221.904570879999,0.0,1024.02342912,3.925748615074554e-13,7221.904570879999,7221.904570879999,0.6856669736370549,1.0,100.0,60942.80722769369,1000000.0
ha/cap_0000,2030-07-01,77903.3950957993,76236.3394652393,8658.7185,1.9895196601282805e-13,1352.7702672377595,1167.159697386353,0.0,16628.754825075783,0.0,0.0,0.0,0.0,0.0,0.0,0.0,0.0,0.0,11187.732096,51294.2502927593,6840561.031852166,0.0,0.0,0.0,2394196.361148258,0.0,2394196.361148258,0.0,0.0,0.0,1368.1122063704331,0.0,1368.1122063704331,0.0,0.0,205.21683095556497,0.0,205.21683095556497,0.0,0.0,752461.7135037383,0.0,0.0,0.0,0.0,0.0,0.0,3670400.0,2394196.361148258,1368.1122063704331,205.21683095556497,6840561.031852166,752461.7135037383,719064.8644401525,0.0,0.0,0.0,8658.718499999999,8658.718499999999,7585.70554896,0.0,1073.01295104,2.7355895326763857e-13,7585.70554896,7585.70554896,0.6728320201699534,1.0,100.0,61257.09259101591,1000000.0
ha/cap_0000,2030-08-01,74365.96202737279,71759.71750721279,8508.6785,3.410605131648481e-13,1328.384528927424,1146.1198714557083,0.0,16364.870942766149,0.0,0.0,0.0,0.0,0.0,0.0,0.0,0.0,0.0,3577.883952,50369.59353857279,6727709.606548491,0.0,0.0,0.0,2354698.362291972,0.0,2354698.362291972,0.0,0.0,0.0,1345.5419213096982,0.0,1345.5419213096982,0.0,0.0,201.83128819645472,0.0,201.83128819645472,0.0,0.0,740048.056720334,0.0,0.0,0.0,0.0,0.0,0.0,3670400.0,2354698.362291972,1345.5419213096982,201.83128819645472,6727709.606548491,740048.056720334,705431.5771352017,0.0,0.0,0.0,8508.6785,8508.6785,7448.9616872,0.0,1059.7168128,3.872457909892546e-13,7448.9616872,7448.9616872,0.7019201759470415,1.0,100.0,62534.95258224847,1000000.0
ha/cap_0000,2030-09-01,69229.21211422395,66129.15794542395,7986.4425,1.7053025658242404e-13,1245.8551550168077,1074.914167566542,0.0,15401.76902946824,0.0,0.0,0.0,0.0,0.0,0.0,0.0,0.0,0.0,309.84792,47240.25039406395,6325496.186499347,0.0,0.0,0.0,2213923.6652747714,0.0,2213923.6652747714,0.0,0.0,0.0,1265.0992372998694,0.0,1265.0992372998694,0.0,0.0,189.76488559498043,0.0,189.76488559498043,0.0,0.0,695804.5805149282,0.0,0.0,0.0,0.0,0.0,0.0,3552000.0,2213923.6652747714,1265.0992372998694,189.76488559498043,6325496.186499347,695804.5805149282,661624.8190184707,0.0,0.0,0.0,7986.4425,7986.4425,6986.17539984,0.0,1000.26710016,2.255973186038318e-13,6986.17539984,6986.17539984,0.7143634043102602,1.0,100.0,64389.15159603165,1000000.0
ha/cap_0000,2030-10-01,67860.79283380795,63734.74118388796,7570.7716,8.526512829121202e-14,1170.969566315677,1010.3034622873076,0.0,14932.01426365732,0.0,0.0,0.0,0.0,0.0,0.0,0.0,0.0,0.0,1228.154976,44400.74377332796,6078869.243567562,0.0,0.0,0.0,2127604.2352486462,0.0,2127604.2352486462,0.0,0.0,0.0,1215.7738487135125,0.0,1215.7738487135125,0.0,0.0,182.36607730702684,0.0,182.36607730702684,0.0,0.0,668675.6167924318,0.0,0.0,0.0,0.0,0.0,0.0,3670400.0,2127604.2352486462,1215.7738487135125,182.36607730702684,6078869.243567562,668675.6167924318,634263.1582946102,0.0,0.0,0.0,7570.7716,7570.7716,6566.25189952,0.0,1004.51970048,1.0658141036401505e-13,6566.25189952,6566.25189952,0.6966490009777022,1.0,100.0,67344.23367963597,1000000.0
ha/cap_0000,2030-11-01,62198.44633287168,58560.50472519168,6998.4264,5.684341886080803e-14,1082.104779005357,933.6316128407624,0.0,13815.080783567304,0.0,0.0,0.0,0.0,0.0,0.0,0.0,0.0,0.0,254.41910399999995,41031.174857671685,5622311.105761247,0.0,0.0,0.0,1967808.8870164363,0.0,1967808.8870164363,0.0,0.0,0.0,1124.4622211522494,0.0,1124.4622211522494,0.0,0.0,168.6693331728374,0.0,168.6693331728374,0.0,0.0,618454.2216337371,0.0,0.0,0.0,0.0,0.0,0.0,3552000.0,1967808.8870164363,1124.4622211522494,168.6693331728374,5622311.105761247,618454.2216337371,585177.7686030742,0.0,0.0,0.0,6998.4264,6998.4264,6067.9395648,0.0,930.4868352,7.105427357601003e-14,6067.9395648,6067.9395648,0.7006629305915255,1.0,100.0,69900.07050831063,1000000.0
ha/cap_0000,2030-12-01,61501.38058325319,58956.68053045319,7000.119,1.9895196601282805e-13,1082.2855241176333,933.7875583221628,0.0,13827.386217884456,0.0,0.0,0.0,0.0,0.0,0.0,0.0,0.0,0.0,1087.276896,41038.02833845319,5626223.390099624,0.0,0.0,0.0,1969178.1865348688,0.0,1969178.1865348688,0.0,0.0,0.0,1125.244678019925,0.0,1125.244678019925,0.0,0.0,168.78670170298875,0.0,168.78670170298875,0.0,0.0,618884.5729109587,0.0,0.0,0.0,0.0,0.0,0.0,3670400.0,1969178.1865348688,1125.244678019925,168.78670170298875,5626223.390099624,618884.5729109587,584139.5651514375,0.0,0.0,0.0,7000.119,7000.119,6068.9530992,0.0,931.1659008,2.486899575160351e-13,6068.9530992,6068.9530992,0.696070877281763,1.0,100.0,71362.48503699302,1000000.0
ha/cap_0250,2029-01-01,61084.76871252293,59937.11821613868,7242.569795984008,5.684341886080803e-14,1324.9473800865744,961.3517538743808,0.0,14127.21776230048,0.0,0.0,0.0,0.0,0.0,0.0,0.0,0.0,0.0,90.816048,42249.41761872063,149123422.01245865,0.0,0.0,0.0,52193197.70436052,0.0,52193197.70436052,0.0,0.0,0.0,29824.684402491734,0.0,29824.684402491734,0.0,0.0,4473.70266037376,0.0,4473.70266037376,0.0,0.0,16403576.421370452,0.0,0.0,0.0,0.0,0.0,0.0,3675531.737233116,52193197.70436052,29824.684402491734,4473.70266037376,149123422.01245865,16403576.421370452,16383737.726535108,0.0,0.0,0.0,7242.569795984008,7242.569795984008,6248.100709952245,0.0,994.4690860317633,7.549516567451064e-14,6248.100709952245,6248.100709952245,0.7048957119754307,1.0,100.0,65724.70311629768,1000000.0
ha/cap_0250,2029-02-01,56318.59493619532,56272.66708167087,6623.917220831235,1.7053025658242404e-13,1222.0616381873515,887.4874401889209,0.0,12934.359603279489,0.0,0.0,0.0,0.0,0.0,0.0,0.0,0.0,0.0,2709.38736,39003.23408242372,136898382.20079288,0.0,0.0,0.0,47914433.77027751,0.0,47914433.77027751,0.0,0.0,0.0,27379.67644015858,0.0,27379.67644015858,0.0,0.0,4106.951466023786,0.0,4106.951466023786,0.0,0.0,15058822.042087218,0.0,0.0,0.0,0.0,0.0,0.0,3319911.022403809,47914433.77027751,27379.67644015858,4106.951466023786,136898382.20079288,15058822.042087218,15004626.14008521,0.0,0.0,0.0,6623.917220831235,6623.917220831234,5768.035355186623,0.0,855.8818656446117,2.3714363805993344e-13,5768.035355186623,5768.035355186623,0.6931115247446278,1.0,100.0,64548.56933263478,1000000.0
ha/cap_0250,2029-03-01,62466.20882549821,63267.26940680711,7571.902525771881,1.1368683772161605e-13,1401.5259214064788,1015.0321312842084,0.0,14773.969943244225,0.0,0.0,0.0,0.0,0.0,0.0,0.0,0.0,0.0,671.351136,44608.558977726985,159177326.33231598,0.0,0.0,0.0,55712064.21631059,0.0,55712064.21631059,0.0,0.0,0.0,31835.4652664632,0.0,31835.4652664632,0.0,0.0,4775.31978996948,0.0,4775.31978996948,0.0,0.0,17509505.89655476,0.0,0.0,0.0,0.0,0.0,0.0,3675881.497557382,55712064.21631059,31835.4652664632,4775.31978996948,159177326.33231598,17509505.89655476,17404656.8896821,0.0,0.0,0.0,7571.902525771882,7571.902525771881,6596.984875246725,0.0,974.9176505251564,1.5809575870662232e-13,6596.984875246725,6596.984875246725,0.7050811485302924,1.0,100.0,62345.982829919405,1000000.0
ha/cap_0250,2029-04-01,61848.5894721122,62734.455479097065,7544.038155509065,5.684341886080803e-14,1403.941795183761,1011.4545114163244,0.0,14706.281562195843,0.0,0.0,0.0,0.0,0.0,0.0,0.0,0.0,0.0,43.437408,44451.3299975227,163616348.39328036,0.0,0.0,0.0,57265721.937648125,0.0,57265721.937648125,0.0,0.0,0.0,32723.269678656077,0.0,32723.269678656077,0.0,0.0,4908.490451798411,0.0,4908.490451798411,0.0,0.0,17997798.32326084,0.0,0.0,0.0,0.0,0.0,0.0,3557641.3191883788,57265721.937648125,32723.269678656077,4908.490451798411,163616348.39328036,17997798.32326084,17846053.85820153,0.0,0.0,0.0,7544.038155509065,7544.038155509065,6573.732897865523,0.0,970.3052576435416,7.904787935331116e-14,6573.732897865523,6573.732897865523,0.7085632553602661,1.0,100.0,60056.17502775077,1000000.0
ha/cap_0250,2029-05-01,69843.71833063527,70588.93687441647,8504.013666214234,1.9895196601282805e-13,1588.0010399904015,1148.9491887775343,0.0,16232.111487675736,0.0,0.0,0.0,0.0,0.0,0.0,0.0,0.0,0.0,1329.872304,50493.93617239434,181100015.5550781,0.0,0.0,0.0,63385005.44427733,0.0,63385005.44427733,0.0,0.0,0.0,36220.00311101562,0.0,36220.00311101562,0.0,0.0,5433.000466652343,0.0,5433.000466652343,0.0,0.0,19921001.71105859,0.0,0.0,0.0,0.0,0.0,0.0,3676642.842073701,63385005.44427733,36220.00311101562,5433.000466652343,181100015.5550781,19921001.71105859,19704313.25468651,0.0,0.0,0.0,8504.013666214236,8504.013666214234,7467.3502317633565,0.0,1036.6634344508782,2.891020756123908e-13,7467.3502317633565,7467.3502317633565,0.7153236528016735,1.0,99.99999999999996,57722.955443979154,1000000.0
ha/cap_0250,2029-06-01,73064.0281102379,72999.04480049934,8490.726104162106,2.557953848736361e-13,1590.5679834602815,1148.318100373824,0.0,16161.61517711781,0.0,0.0,0.0,0.0,0.0,0.0,0.0,0.0,0.0,7377.483168000001,50466.20114469482,183322450.89243668,0.0,0.0,0.0,64162857.81235284,0.0,64162857.81235284,0.0,0.0,0.0,36664.490178487344,0.0,36664.490178487344,0.0,0.0,5499.673526773101,0.0,5499.673526773101,0.0,0.0,20165469.59816804,0.0,0.0,0.0,0.0,0.0,0.0,3558323.1711794403,64162857.81235284,36664.490178487344,5499.673526773101,183322450.89243668,20165469.59816804,19896972.414311577,0.0,0.0,0.0,8490.726104162106,8490.726104162106,7463.248607267044,0.0,1027.4774968950614,2.970956813896919e-13,7463.248607267044,7463.248607267044,0.6913268698599412,1.0,100.0,56197.37077025743,1000000.0
ha/cap_0250,2029-07-01,77480.47501125035,76285.18925952737,8949.723411333835,3.694822225952521e-13,1678.3149194311532,1210.983906292518,0.0,17006.283548551153,0.0,0.0,0.0,0.0,0.0,0.0,0.0,0.0,0.0,6388.317792,53220.23346845397,193959866.4252444,0.0,0.0,0.0,67885953.24883552,0.0,67885953.24883552,0.0,0.0,0.0,38791.97328504887,0.0,38791.97328504887,0.0,0.0,5818.795992757331,0.0,5818.795992757331,0.0,0.0,21335585.30677688,0.0,0.0,0.0,0.0,0.0,0.0,3677091.295292536,67885953.24883552,38791.97328504887,5818.795992757331,193959866.4252444,21335585.30677688,20999812.013826188,0.0,0.0,0.0,8949.723411333836,8949.723411333835,7870.531648955324,0.0,1079.1917623785112,4.2676973066591017e-13,7870.531648955324,7870.531648955324,0.6976483113569416,1.0,100.0,55714.34160254926,1000000.0
ha/cap_0250,2029-08-01,79835.14865886745,77185.43919271509,8884.92266779582,1.1368683772161605e-13,1665.0079981061997,1201.8887809152504,0.0,16893.690281968673,0.0,0.0,0.0,0.0,0.0,0.0,0.0,0.0,0.0,9669.267648,52820.52155363178,192029991.01554835,0.0,0.0,0.0,67210496.85544191,0.0,67210496.85544191,0.0,0.0,0.0,38405.99820310967,0.0,38405.99820310967,0.0,0.0,5760.899730466451,0.0,5760.899730466451,0.0,0.0,21123299.01171032,0.0,0.0,0.0,0.0,0.0,0.0,3677023.9461979615,67210496.85544191,38405.99820310967,5760.899730466451,192029991.01554835,21123299.01171032,20738907.03624733,0.0,0.0,0.0,8884.92266779582,8884.92266779582,7811.419821158903,0.0,1073.5028466369174,1.6875389974302382e-13,7811.419821158903,7811.419821158903,0.6843327200840373,1.0,100.0,56699.04307059543,1000000.0
ha/cap_0250,2029-09-01,72736.26722566935,69624.78446901725,8293.510913027249,1.7053025658242404e-13,1548.7686554340714,1120.4168706644523,0.0,15819.23151383247,0.0,0.0,0.0,0.0,0.0,0.0,0.0,0.0,0.0,3194.158896,49239.99991157039,176737892.1589373,0.0,0.0,0.0,61858262.25562805,0.0,61858262.25562805,0.0,0.0,0.0,35347.578431787464,0.0,35347.578431787464,0.0,0.0,5302.136764768119,0.0,5302.136764768119,0.0,0.0,19441168.137483105,0.0,0.0,0.0,0.0,0.0,0.0,3558092.756998703,61858262.25562805,35347.578431787464,5302.136764768119,176737892.1589373,19441168.137483105,19040402.831926752,0.0,0.0,0.0,8293.510913027249,8293.510913027249,7281.910514885048,0.0,1011.6003981421997,2.495781359357352e-13,7281.910514885048,7281.910514885048,0.7072194231851733,1.0,100.0,58261.75717181346,1000000.0
ha/cap_0250,2029-10-01,71186.23368342633,66681.13632189113,7906.95212217788,1.7053025658242404e-13,1473.4421420846145,1060.1727870233788,0.0,15408.385435089314,0.0,0.0,0.0,0.0,0.0,0.0,0.0,0.0,0.0,2229.563328,46592.39726399521,172772615.38791966,0.0,0.0,0.0,60470415.38577188,0.0,60470415.38577188,0.0,0.0,0.0,34554.52307758393,0.0,34554.52307758393,0.0,0.0,5183.17846163759,0.0,5183.17846163759,0.0,0.0,19004987.69267116,0.0,0.0,0.0,0.0,0.0,0.0,3676358.762178373,60470415.38577188,34554.52307758393,5183.17846163759,172772615.38791966,19004987.69267116,18567405.26923542,0.0,0.0,0.0,7906.95212217788,7906.952122177879,6890.366940692537,0.0,1016.5851814853418,2.3714363805993344e-13,6890.366940692537,6890.366940692537,0.6987343022932129,1.0,100.0,61293.41239126404,1000000.0
ha/cap_0250,2029-11-01,67312.96364229503,63571.18078624317,7340.847444383502,1.1368683772161605e-13,1360.583549680534,983.546938857224,0.0,14320.32465108607,0.0,0.0,0.0,0.0,0.0,0.0,0.0,0.0,0.0,5892.896544,43224.85000929536,155963351.90646031,0.0,0.0,0.0,54587173.16726111,0.0,54587173.16726111,0.0,0.0,0.0,31192.670381292064,0.0,31192.670381292064,0.0,0.0,4678.90055719381,0.0,4678.90055719381,0.0,0.0,17155968.709710635,0.0,0.0,0.0,0.0,0.0,0.0,3557373.1181430155,54587173.16726111,31192.670381292064,4678.90055719381,155963351.90646031,17155968.709710635,16719618.822124615,0.0,0.0,0.0,7340.847444383502,7340.847444383502,6392.353581484369,0.0,948.493862899134,1.5809575870662232e-13,6392.353581484369,6392.353581484369,0.6799441110687886,1.0,100.0,63674.61169763535,1000000.0
ha/cap_0250,2029-12-01,64895.33681779637,62558.157476211054,7440.425756311995,1.7053025658242404e-13,1371.9580796538162,996.8783658779612,0.0,14525.15698530076,0.0,0.0,0.0,0.0,0.0,0.0,0.0,0.0,0.0,1557.457488,43810.73860354057,153272043.71253672,0.0,0.0,0.0,53645215.29938785,0.0,53645215.29938785,0.0,0.0,0.0,30654.40874250735,0.0,30654.40874250735,0.0,0.0,4598.161311376102,0.0,4598.161311376102,0.0,0.0,16859924.80837904,0.0,0.0,0.0,0.0,0.0,0.0,3675673.827750144,53645215.29938785,30654.40874250735,4598.161311376102,153272043.71253672,16859924.80837904,16390555.913234668,0.0,0.0,0.0,7440.425756311995,7440.425756311995,6478.998348394348,0.0,961.4274079176472,2.3714363805993344e-13,6478.998348394348,6478.998348394348,0.7003201560116352,1.0,100.0,64639.83295956686,1000000.0
ha/cap_0250,2030-01-01,63420.582289229744,62039.27955283244,7309.249078468296,0.0,1346.8537167681943,979.2366026860836,0.0,14274.595266347918,0.0,0.0,0.0,0.0,0.0,0.0,0.0,0.0,0.0,2854.45824,43035.419665784095,150000325.5123791,0.0,0.0,0.0,52500113.92933269,0.0,52500113.92933269,0.0,0.0,0.0,30000.065102475823,0.0,30000.065102475823,0.0,0.0,4500.009765371374,0.0,4500.009765371374,0.0,0.0,16500035.806361703,0.0,0.0,0.0,0.0,0.0,0.0,3675560.409311717,52500113.92933269,30000.065102475823,4500.009765371374,150000325.5123791,16500035.806361703,16000311.6396671,0.0,0.0,0.0,7309.249078468296,7309.249078468296,6364.339470746549,0.0,944.9096077217472,0.0,6364.339470746549,6364.339470746549,0.6936801970618515,1.0,100.0,64674.28197919594,1000000.0
ha/cap_0250,2030-02-01,54705.85511434216,54818.58111210452,6582.49662543332,1.7053025658242404e-13,1215.0984881603772,882.0026841762361,0.0,12854.700307504423,0.0,0.0,0.0,0.0,0.0,0.0,0.0,0.0,0.0,121.67505599999998,38762.190420327286,136453395.56966656,0.0,0.0,0.0,47758688.449383296,0.0,47758688.449383296,0.0,0.0,0.0,27290.679113933315,0.0,27290.679113933315,0.0,0.0,4093.601867089997,0.0,4093.601867089997,0.0,0.0,15009873.512663322,0.0,0.0,0.0,0.0,0.0,0.0,3319896.259811681,47758688.449383296,27290.679113933315,4093.601867089997,136453395.56966656,15009873.512663322,14520516.725244926,0.0,0.0,0.0,6582.49662543332,6582.49662543332,5732.388353141158,0.0,850.1082722921618,2.3359092438113294e-13,5732.388353141158,5732.388353141158,0.7070994840427963,1.0,100.0,63346.457493273214,1000000.0
ha/cap_0250,2030-03-01,61988.92456168788,62820.2335122777,7539.768392612267,5.684341886080803e-14,1395.4537871773389,1010.6120894001866,0.0,14712.343119050856,0.0,0.0,0.0,0.0,0.0,0.0,0.0,0.0,0.0,256.18008000000003,44414.30729544974,158505987.88322067,0.0,0.0,0.0,55477095.75912724,0.0,55477095.75912724,0.0,0.0,0.0,31701.19757664414,0.0,31701.19757664414,0.0,0.0,4755.17963649662,0.0,4755.17963649662,0.0,0.0,17435658.667154275,0.0,0.0,0.0,0.0,0.0,0.0,3675858.38111748,55477095.75912724,31701.19757664414,4755.17963649662,158505987.88322067,17435658.667154275,16826874.54916022,0.0,0.0,0.0,7539.768392612267,7539.768392612266,6568.25775562347,0.0,971.5106369887968,7.904787935331116e-14,6568.25775562347,6568.25775562347,0.7070064024319382,1.0,100.0,61119.69475550607,1000000.0
ha/cap_0250,2030-04-01,62143.49408242936,63323.025404274085,7611.96849231103,1.7053025658242404e-13,1416.1105362420474,1020.5925758527004,0.0,14836.650530271403,0.0,0.0,0.0,0.0,0.0,0.0,0.0,0.0,0.0,110.18678400000002,44852.92899502104,164743229.91268644,0.0,0.0,0.0,57660130.46944024,0.0,57660130.46944024,0.0,0.0,0.0,32948.64598253729,0.0,32948.64598253729,0.0,0.0,4942.296897380593,0.0,4942.296897380593,0.0,0.0,18121755.290395506,0.0,0.0,0.0,0.0,0.0,0.0,3557679.736980506,57660130.46944024,32948.64598253729,4942.296897380593,164743229.91268644,18121755.290395506,17445929.23516483,0.0,0.0,0.0,7611.96849231103,7611.96849231103,6633.123798919592,0.0,978.8446933914372,2.3714363805993344e-13,6633.123798919592,6633.123798919592,0.7083194258117936,1.0,100.0,58524.05289741932,1000000.0
ha/cap_0250,2030-05-01,70205.02331568048,71109.0039635634,8508.853237271373,3.1263880373444413e-13,1588.8890488197824,1149.6708303387857,0.0,16240.643824311175,0.0,0.0,0.0,0.0,0.0,0.0,0.0,0.0,0.0,2443.312272,50525.650823737575,181138857.84895512,0.0,0.0,0.0,63398600.24713429,0.0,63398600.24713429,0.0,0.0,0.0,36227.771569791024,0.0,36227.771569791024,0.0,0.0,5434.165735468654,0.0,5434.165735468654,0.0,0.0,19925274.363385063,0.0,0.0,0.0,0.0,0.0,0.0,3676644.098896028,63398600.24713429,36227.771569791024,5434.165735468654,181138857.84895512,19925274.363385063,19134865.78534094,0.0,0.0,0.0,8508.853237271373,8508.85323727137,7472.040387196073,0.0,1036.812850075299,4.152234112098086e-13,7472.040387196073,7472.040387196073,0.7105380192025634,1.0,99.99999999999996,56031.183200716594,1000000.0
ha/cap_0250,2030-06-01,74053.95710760838,73662.96386676018,8576.598409296786,2.557953848736361e-13,1605.099012658814,1160.3275360380758,0.0,16312.302491915376,0.0,0.0,0.0,0.0,0.0,0.0,0.0,0.0,0.0,7333.374912,50993.990958048016,183803103.3809305,0.0,0.0,0.0,64331086.183325686,0.0,64331086.183325686,0.0,0.0,0.0,36760.62067618611,0.0,36760.62067618611,0.0,0.0,5514.093101427917,0.0,5514.093101427917,0.0,0.0,20218341.37190236,0.0,0.0,0.0,0.0,0.0,0.0,3558338.0700462647,64331086.183325686,36760.62067618611,5514.093101427917,183803103.3809305,20218341.37190236,19368503.542556874,0.0,0.0,0.0,8576.598409296786,8576.598409296786,7541.301373278579,0.0,1035.2970360182069,3.4150460237469815e-13,7541.301373278579,7541.301373278579,0.6922609175797587,1.0,100.0,54817.07742890596,1000000.0
ha/cap_0250,2030-07-01,80431.53457881426,78827.25113308243,9009.60670241472,2.273736754432321e-13,1689.3766262779504,1219.3128554993546,0.0,17110.824714267663,0.0,0.0,0.0,0.0,0.0,0.0,0.0,0.0,0.0,11187.732096,53586.27352813719,194962665.7414372,0.0,0.0,0.0,68236933.009503,0.0,68236933.009503,0.0,0.0,0.0,38992.53314828743,0.0,38992.53314828743,0.0,0.0,5848.879972243115,0.0,5848.879972243115,0.0,0.0,21445893.23155809,0.0,0.0,0.0,0.0,0.0,0.0,3677125.591231589,68236933.009503,38992.53314828743,5848.879972243115,194962665.7414372,21445893.23155809,20494047.601603657,0.0,0.0,0.0,9009.60670241472,9009.60670241472,7924.6638781239535,0.0,1084.9428242907677,3.0198066269804263e-13,7924.6638781239535,7924.6638781239535,0.6797937611406566,1.0,100.0,54731.98424835983,1000000.0
ha/cap_0250,2030-08-01,76846.53363050247,74301.88962913082,8853.017244375793,1.1368683772161605e-13,1658.696268985496,1197.2894451425714,0.0,16837.931857915602,0.0,0.0,0.0,0.0,0.0,0.0,0.0,0.0,0.0,3577.883952,52618.39027645304,191338422.561349,0.0,0.0,0.0,66968447.89647215,0.0,66968447.89647215,0.0,0.0,0.0,38267.6845122698,0.0,38267.6845122698,0.0,0.0,5740.15267684047,0.0,5740.15267684047,0.0,0.0,21047226.48174839,0.0,0.0,0.0,0.0,0.0,0.0,3677000.055584465,66968447.89647215,38267.6845122698,5740.15267684047,191338422.561349,21047226.48174839,20062766.17816015,0.0,0.0,0.0,8853.017244375793,8853.017244375793,7781.527419141877,0.0,1071.489825233915,1.6520118606422332e-13,7781.527419141878,7781.527419141878,0.7081702839469033,1.0,100.0,55617.931980746,1000000.0
ha/cap_0250,2030-09-01,71525.79653740462,68482.7672951569,8305.204289565514,1.1368683772161605e-13,1551.6400736462722,1122.2900435463566,0.0,15839.699389254874,0.0,0.0,0.0,0.0,0.0,0.0,0.0,0.0,0.0,309.84792,49322.321978431646,177223624.19405738,0.0,0.0,0.0,62028268.46792008,0.0,62028268.46792008,0.0,0.0,0.0,35444.72483881148,0.0,35444.72483881148,0.0,0.0,5316.708725821722,0.0,5316.708725821722,0.0,0.0,19494598.661346316,0.0,0.0,0.0,0.0,0.0,0.0,3558109.8135591736,62028268.46792008,35444.72483881148,5316.708725821722,177223624.19405738,19494598.661346316,18537061.922762822,0.0,0.0,0.0,8305.204289565514,8305.204289565514,7294.084802564996,0.0,1011.1194870005186,1.6520118606422332e-13,7294.084802564996,7294.084802564996,0.7202150836845596,1.0,100.0,57109.32114934743,1000000.0
ha/cap_0250,2030-10-01,70096.7637127513,66026.23721636641,7881.149856963218,2.557953848736361e-13,1468.7056658907773,1056.4276592231138,0.0,15358.420773768858,0.0,0.0,0.0,0.0,0.0,0.0,0.0,0.0,0.0,1228.154976,46427.80665724676,172482311.2304695,0.0,0.0,0.0,60368808.93066432,0.0,60368808.93066432,0.0,0.0,0.0,34496.4622460939,0.0,34496.4622460939,0.0,0.0,5174.469336914085,0.0,5174.469336914085,0.0,0.0,18973054.235351644,0.0,0.0,0.0,0.0,0.0,0.0,3676349.123593048,60368808.93066432,34496.4622460939,5174.469336914085,172482311.2304695,18973054.235351644,17996734.384883523,0.0,0.0,0.0,7881.149856963218,7881.149856963218,6866.026281226954,0.0,1015.1235757362632,3.557154570899002e-13,6866.026281226954,6866.026281226954,0.7031720815030537,1.0,100.0,59711.141979841545,1000000.0
ha/cap_0250,2030-11-01,64204.75136050146,60616.63406941071,7276.937733202792,2.8421709430404014e-14,1349.2689720640624,975.0176192878384,0.0,14197.704831383146,0.0,0.0,0.0,0.0,0.0,0.0,0.0,0.0,0.0,254.41910399999995,42850.00408735452,154940897.77541357,0.0,0.0,0.0,54229314.22139475,0.0,54229314.22139475,0.0,0.0,0.0,30988.17955508272,0.0,30988.17955508272,0.0,0.0,4648.226933262407,0.0,4648.226933262407,0.0,0.0,17043498.755295493,0.0,0.0,0.0,0.0,0.0,0.0,3557338.319634563,54229314.22139475,30988.17955508272,4648.226933262407,154940897.77541357,17043498.755295493,16126541.137060422,0.0,0.0,0.0,7276.937733202792,7276.937733202792,6336.919087874602,0.0,940.0186453281892,3.952393967665557e-14,6336.919087874602,6336.919087874602,0.7069017398473159,1.0,100.0,61949.99029886823,1000000.0
ha/cap_0250,2030-12-01,63464.31340597299,60968.35392241586,7272.572329020081,1.7053025658242404e-13,1343.6468137142508,974.2805103510192,0.0,14201.695404327804,0.0,0.0,0.0,0.0,0.0,0.0,0.0,0.0,0.0,1087.276896,42817.60967690417,151696941.94461977,0.0,0.0,0.0,53093929.68061692,0.0,53093929.68061692,0.0,0.0,0.0,30339.38838892395,0.0,30339.38838892395,0.0,0.0,4550.9082583385925,0.0,4550.9082583385925,0.0,0.0,16686663.613908174,0.0,0.0,0.0,0.0,0.0,0.0,3675622.203847449,53093929.68061692,30339.38838892395,4550.9082583385925,151696941.94461977,16686663.613908174,15749926.167781647,0.0,0.0,0.0,7272.572329020081,7272.572329020081,6332.128405532898,0.0,940.443923487183,2.3714363805993344e-13,6332.128405532898,6332.128405532898,0.7022923684538198,1.0,100.0,63102.30296871109,1000000.0
ha/cap_0500,2029-01-01,63015.398487562095,61915.6442053536,7510.303291968015,1.4210854715202006e-13,1581.833657314986,1001.1886697951502,0.0,14495.091808475378,0.0,0.0,0.0,0.0,0.0,0.0,0.0,0.0,0.0,90.816048,44000.167529557504,292663794.73452044,0.0,0.0,0.0,102432328.15708214,0.0,102432328.15708214,0.0,0.0,0.0,58532.75894690409,0.0,58532.75894690409,0.0,0.0,8779.913842035614,0.0,8779.913842035614,0.0,0.0,32193017.420797247,0.0,0.0,0.0,0.0,0.0,0.0,3680663.474466232,102432328.15708214,58532.75894690409,8779.913842035614,292663794.73452044,32193017.420797247,32154084.045556217,0.0,0.0,0.0,7510.303291968015,7510.303291968015,6507.012249504489,0.0,1003.2910424635264,1.9895196601282805e-13,6507.012249504489,6507.012249504489,0.7106470116603097,1.0,100.0,65419.9206248935,1000000.0
ha/cap_0500,2029-02-01,58089.394734369685,58087.43642228079,6869.701141662469,1.1368683772161605e-13,1457.8396145590411,924.016984465166,0.0,13272.029419084667,0.0,0.0,0.0,0.0,0.0,0.0,0.0,0.0,0.0,2709.38736,40608.6318625065,268670800.7481466,0.0,0.0,0.0,94034780.26185133,0.0,94034780.26185133,0.0,0.0,0.0,53734.16014962932,0.0,53734.16014962932,0.0,0.0,8060.124022444399,0.0,8060.124022444399,0.0,0.0,29553788.08229613,0.0,0.0,0.0,0.0,0.0,0.0,3324622.044807619,94034780.26185133,53734.16014962932,8060.124022444399,268670800.7481466,29553788.08229613,29447422.725109305,0.0,0.0,0.0,6869.701141662469,6869.701141662469,6005.451338053245,0.0,864.2498036092234,1.5987211554602254e-13,6005.451338053246,6005.451338053246,0.6990949224767322,1.0,100.0,63964.03932242336,1000000.0
ha/cap_0500,2029-03-01,64526.58962138542,65378.81084656322,7857.8837515437635,2.557953848736361e-13,1675.8638723891634,1057.5352217404186,0.0,15166.863930797694,0.0,0.0,0.0,0.0,0.0,0.0,0.0,0.0,0.0,671.351136,46476.48173496297,312500770.85794336,0.0,0.0,0.0,109375269.80028015,0.0,109375269.80028015,0.0,0.0,0.0,62500.15417158868,0.0,62500.15417158868,0.0,0.0,9375.023125738302,0.0,9375.023125738302,0.0,0.0,34375084.79437377,0.0,0.0,0.0,0.0,0.0,0.0,3681362.995114764,109375269.80028015,62500.15417158868,9375.023125738302,312500770.85794336,34375084.79437377,34169241.66982299,0.0,0.0,0.0,7857.8837515437635,7857.883751543763,6873.22464761345,0.0,984.6591039303132,3.597122599785507e-13,6873.2246476134505,6873.2246476134505,0.7108798880425967,1.0,100.0,61435.95422485639,1000000.0
ha/cap_0500,2029-04-01,63969.24951693874,64907.76783634848,7838.35761101813,2.557953848736361e-13,1686.2848620950947,1055.2023367946683,0.0,15110.636931765182,0.0,0.0,0.0,0.0,0.0,0.0,0.0,0.0,0.0,43.437408,46373.95627543974,321410190.18036616,0.0,0.0,0.0,112493566.56312816,0.0,112493566.56312816,0.0,0.0,0.0,64282.03803607324,0.0,64282.03803607324,0.0,0.0,9642.305705410989,0.0,9642.305705410989,0.0,0.0,35355120.91984028,0.0,0.0,0.0,0.0,0.0,0.0,3563282.638376757,112493566.56312816,64282.03803607324,9642.305705410989,321410190.18036616,35355120.91984028,35057027.35311415,0.0,0.0,0.0,7838.35761101813,7838.35761101813,6858.062559411046,0.0,980.2950516070832,3.597122599785507e-13,6858.062559411047,6858.062559411047,0.714459267685219,1.0,100.0,58811.15104335156,1000000.0
ha/cap_0500,2029-05-01,72190.37142500385,72993.85649480627,8829.71583242847,3.1263880373444413e-13,1900.4458121566072,1197.3583201564752,0.0,16679.578760264718,0.0,0.0,0.0,0.0,0.0,0.0,0.0,0.0,0.0,1329.872304,52621.417190602,355719099.7266612,0.0,0.0,0.0,124501684.9043314,0.0,124501684.9043314,0.0,0.0,0.0,71143.81994533224,0.0,71143.81994533224,0.0,0.0,10671.572991799836,0.0,10671.572991799836,0.0,0.0,39129100.96993273,0.0,0.0,0.0,0.0,0.0,0.0,3682885.684147402,124501684.9043314,71143.81994533224,10671.572991799836,355719099.7266612,39129100.96993273,38703474.76010442,0.0,0.0,0.0,8829.71583242847,8829.71583242847,7781.975057606713,0.0,1047.7407748217563,4.2010839251815923e-13,7781.975057606714,7781.975057606714,0.7209020007642173,1.0,100.0,56107.2201613925,1000000.0
ha/cap_0500,2029-06-01,75440.70344702895,75434.73640163183,8820.619208324211,3.1263880373444413e-13,1907.027749098196,1197.3455096626617,0.0,16614.83518475148,0.0,0.0,0.0,0.0,0.0,0.0,0.0,0.0,0.0,7377.483168000001,52620.8541959428,360188416.9909651,0.0,0.0,0.0,126065945.9468378,0.0,126065945.9468378,0.0,0.0,0.0,72037.68339819304,0.0,72037.68339819304,0.0,0.0,10805.652509728954,0.0,10805.652509728954,0.0,0.0,39620725.86900616,0.0,0.0,0.0,0.0,0.0,0.0,3564646.3423588807,126065945.9468378,72037.68339819304,10805.652509728954,360188416.9909651,39620725.86900616,39093187.53604643,0.0,0.0,0.0,8820.619208324211,8820.619208324211,7781.891798534089,0.0,1038.727409790123,3.028688411177427e-13,7781.891798534089,7781.891798534089,0.6975679468909032,1.0,100.0,54206.15945769141,1000000.0
ha/cap_0500,2029-07-01,79995.72425465721,78862.89059233121,9298.822322667673,1.7053025658242404e-13,2013.2048630944075,1262.8711602168307,0.0,17485.895254165687,0.0,0.0,0.0,0.0,0.0,0.0,0.0,0.0,0.0,6388.317792,55500.570765704426,381122676.49745697,0.0,0.0,0.0,133392936.77410991,0.0,133392936.77410991,0.0,0.0,0.0,76224.5352994914,0.0,76224.5352994914,0.0,0.0,11433.68029492371,0.0,11433.68029492371,0.0,0.0,41923494.41472027,0.0,0.0,0.0,0.0,0.0,0.0,3683782.590585073,133392936.77410991,76224.5352994914,11433.68029492371,381122676.49745697,41923494.41472027,41263714.84332842,0.0,0.0,0.0,9298.822322667673,9298.822322667673,8207.761790550649,0.0,1091.060532117022,1.3322676295501878e-13,8207.761790550649,8207.761790550649,0.7037602901547894,1.0,100.0,53325.78825692299,1000000.0
ha/cap_0500,2029-08-01,82324.87283399307,79736.98686568838,9230.50783559164,1.1368683772161605e-13,1996.520756976753,1253.2482091485722,0.0,17368.46857879486,0.0,0.0,0.0,0.0,0.0,0.0,0.0,0.0,0.0,9669.267648,55077.66200544174,377308960.9152338,0.0,0.0,0.0,132058136.3203318,0.0,132058136.3203318,0.0,0.0,0.0,75461.79218304677,0.0,75461.79218304677,0.0,0.0,11319.268827457014,0.0,11319.268827457014,0.0,0.0,41503985.70067572,0.0,0.0,0.0,0.0,0.0,0.0,3683647.892395925,132058136.3203318,75461.79218304677,11319.268827457014,377308960.9152338,41503985.70067572,40748715.93954716,0.0,0.0,0.0,9230.50783559164,9230.50783559164,8145.219472237806,0.0,1085.2883633538345,8.881784197001252e-14,8145.219472237806,8145.219472237806,0.6907417018179579,1.0,100.0,53917.15346825094,1000000.0
ha/cap_0500,2029-09-01,75026.1228240065,71971.50579934228,8611.382826054498,8.526512829121202e-14,1853.6900972071176,1167.6520099948432,0.0,16255.930140140526,0.0,0.0,0.0,0.0,0.0,0.0,0.0,0.0,0.0,3194.158896,51315.88641180858,347158910.273549,0.0,0.0,0.0,121505618.59574217,0.0,121505618.59574217,0.0,0.0,0.0,69431.78205470981,0.0,69431.78205470981,0.0,0.0,10414.76730820647,0.0,10414.76730820647,0.0,0.0,38187480.13009039,0.0,0.0,0.0,0.0,0.0,0.0,3564185.5139974053,121505618.59574217,69431.78205470981,10414.76730820647,347158910.273549,38187480.13009039,37400277.46607111,0.0,0.0,0.0,8611.382826054498,8611.382826054496,7588.905229770098,0.0,1022.477596284399,1.2523315717771768e-13,7588.905229770098,7588.905229770098,0.7130028174605391,1.0,99.99999999999996,55118.08039570804,1000000.0
ha/cap_0500,2029-10-01,73426.01305927498,68976.5308114046,8217.83324435576,3.1263880373444413e-13,1771.6663763478584,1106.3766756493676,0.0,15835.488167633872,0.0,0.0,0.0,0.0,0.0,0.0,0.0,0.0,0.0,2229.563328,48622.96243257277,339445670.39138484,0.0,0.0,0.0,118805984.63698468,0.0,118805984.63698468,0.0,0.0,0.0,67889.13407827697,0.0,67889.13407827697,0.0,0.0,10183.370111741546,0.0,10183.370111741546,0.0,0.0,37339023.74305233,0.0,0.0,0.0,0.0,0.0,0.0,3682317.524356746,118805984.63698468,67889.13407827697,10183.370111741546,339445670.39138484,37339023.74305233,36479314.07927694,0.0,0.0,0.0,8217.83324435576,8217.833244355757,7190.6592615450745,0.0,1027.1739828106836,4.39648317751562e-13,7190.6592615450745,7190.6592615450745,0.7049203817674957,1.0,100.0,57795.89626723056,1000000.0
ha/cap_0500,2029-11-01,69332.43333280878,65640.79957942507,7621.174288767005,1.4210854715202006e-13,1629.4919574670755,1025.20502998059,0.0,14705.445376717887,0.0,0.0,0.0,0.0,0.0,0.0,0.0,0.0,0.0,5892.896544,45055.63679672946,306255295.837879,0.0,0.0,0.0,107189353.54325764,0.0,107189353.54325764,0.0,0.0,0.0,61251.0591675758,0.0,61251.0591675758,0.0,0.0,9187.65887513637,0.0,9187.65887513637,0.0,0.0,33688082.54216669,0.0,0.0,0.0,0.0,0.0,0.0,3562746.2362860315,107189353.54325764,61251.0591675758,9187.65887513637,306255295.837879,33688082.54216669,32831251.886832256,0.0,0.0,0.0,7621.174288767005,7621.174288767004,6663.101460888737,0.0,958.0728278782678,1.9984014443252818e-13,6663.101460888737,6663.101460888737,0.6863968307121601,1.0,100.0,59858.03806314717,1000000.0
ha/cap_0500,2029-12-01,66877.57014188205,64589.61319263142,7715.572412623991,2.8421709430404014e-14,1635.8998278706545,1037.768832391614,0.0,14903.163385293308,0.0,0.0,0.0,0.0,0.0,0.0,0.0,0.0,0.0,1557.457488,45607.78987993047,300786732.60628814,0.0,0.0,0.0,105275356.41220084,0.0,105275356.41220084,0.0,0.0,0.0,60157.346521257634,0.0,60157.346521257634,0.0,0.0,9023.601978188644,0.0,9023.601978188644,0.0,0.0,33086540.586691696,0.0,0.0,0.0,0.0,0.0,0.0,3680947.6555002886,105275356.41220084,60157.346521257634,9023.601978188644,300786732.60628814,33086540.586691696,32165434.691921405,0.0,0.0,0.0,7715.572412623991,7715.572412623991,6744.757215348697,0.0,970.8151972752944,3.996802888650564e-14,6744.757215348697,6744.757215348697,0.7061164733083359,1.0,100.0,60510.09518452717,1000000.0
ha/cap_0500,2030-01-01,65360.247627377015,64027.1087112224,7578.478456936592,1.1368683772161605e-13,1605.1210695326165,1019.2493312520512,0.0,14644.4740810761,0.0,0.0,0.0,0.0,0.0,0.0,0.0,0.0,0.0,2854.45824,44793.89617808571,294342581.28754425,0.0,0.0,0.0,103019903.45064048,0.0,103019903.45064048,0.0,0.0,0.0,58868.51625750885,0.0,58868.51625750885,0.0,0.0,8830.277438626328,0.0,8830.277438626328,0.0,0.0,32377683.941629868,0.0,0.0,0.0,0.0,0.0,0.0,3680720.818623434,103019903.45064048,58868.51625750885,8830.277438626328,294342581.28754425,32377683.941629868,31397087.0774735,0.0,0.0,0.0,7578.478456936592,7578.478456936591,6624.393667093097,0.0,954.0847898434944,1.5987211554602254e-13,6624.393667093097,6624.393667093097,0.6996082921706948,1.0,100.0,60238.11303114913,1000000.0
ha/cap_0500,2030-02-01,56471.124454566816,56627.68221057153,6827.510350866641,8.526512829121202e-14,1450.1381987814734,918.4182543265993,0.0,13191.31252845296,0.0,0.0,0.0,0.0,0.0,0.0,0.0,0.0,0.0,121.67505599999998,40362.57927373707,267812889.49680668,0.0,0.0,0.0,93734511.32388233,0.0,93734511.32388233,0.0,0.0,0.0,53562.577899361335,0.0,53562.577899361335,0.0,0.0,8034.386684904201,0.0,8034.386684904201,0.0,0.0,29459417.844648734,0.0,0.0,0.0,0.0,0.0,0.0,3324592.5196233625,93734511.32388233,53562.577899361335,8034.386684904201,267812889.49680668,29459417.844648734,28498969.016686592,0.0,0.0,0.0,6827.510350866641,6827.510350866641,5969.063585482317,0.0,858.4467653843236,1.163513729807164e-13,5969.063585482317,5969.063585482317,0.7127711694723396,1.0,100.0,58631.417076362944,1000000.0
ha/cap_0500,2030-03-01,64040.59974861291,64922.85358963255,7824.543585224534,8.526512829121202e-14,1668.6342923372763,1052.9354930216232,0.0,15103.579723099683,0.0,0.0,0.0,0.0,0.0,0.0,0.0,0.0,0.0,256.18008000000003,46274.33318861662,311182839.44655114,0.0,0.0,0.0,108913993.80629288,0.0,108913993.80629288,0.0,0.0,0.0,62236.56788931023,0.0,62236.56788931023,0.0,0.0,9335.485183396537,0.0,9335.485183396537,0.0,0.0,34230112.33912063,0.0,0.0,0.0,0.0,0.0,0.0,3681316.7622349607,108913993.80629288,62236.56788931023,9335.485183396537,311182839.44655114,34230112.33912063,33034930.228423987,0.0,0.0,0.0,7824.543585224534,7824.543585224534,6843.32969172694,0.0,981.2138934975936,1.199040866595169e-13,6843.32969172694,6843.32969172694,0.7127587687551385,1.0,100.0,56080.52894300602,1000000.0
ha/cap_0500,2030-04-01,64278.5890961096,65511.131296439045,7908.29228462206,1.4210854715202006e-13,1700.3761669598011,1064.6381433818974,0.0,15243.75939033136,0.0,0.0,0.0,0.0,0.0,0.0,0.0,0.0,0.0,110.18678400000002,46788.64042353296,323611658.76798254,0.0,0.0,0.0,113264080.5687939,0.0,113264080.5687939,0.0,0.0,0.0,64722.33175359652,0.0,64722.33175359652,0.0,0.0,9708.349763039478,0.0,9708.349763039478,0.0,0.0,35597282.46447808,0.0,0.0,0.0,0.0,0.0,0.0,3563359.473961013,113264080.5687939,64722.33175359652,9708.349763039478,323611658.76798254,35597282.46447808,34269727.67195613,0.0,0.0,0.0,7908.292284622061,7908.29228462206,6919.388572079185,0.0,988.9037125428748,1.9984014443252818e-13,6919.388572079186,6919.388572079186,0.7142090129967916,1.0,100.0,53147.61057571678,1000000.0
ha/cap_0500,2030-05-01,72552.15942920254,73514.4183334484,8834.620974542744,2.557953848736361e-13,1901.3970506685043,1198.089990226283,0.0,16688.201487953003,0.0,0.0,0.0,0.0,0.0,0.0,0.0,0.0,0.0,2443.312272,52653.57257411675,355793097.35344195,0.0,0.0,0.0,124527584.07370467,0.0,124527584.07370467,0.0,0.0,0.0,71158.6194706884,0.0,71158.6194706884,0.0,0.0,10673.79292060326,0.0,10673.79292060326,0.0,0.0,39137240.70887861,0.0,0.0,0.0,0.0,0.0,0.0,3682888.197792056,124527584.07370467,71158.6194706884,10673.79292060326,355793097.35344195,39137240.70887861,37584715.03606529,0.0,0.0,0.0,8834.620974542744,8834.620974542744,7786.730391192146,0.0,1047.8905833505971,3.3661962106634746e-13,7786.730391192147,7786.730391192147,0.7162346348887569,1.0,100.0,50283.9546208024,1000000.0
ha/cap_0500,2030-06-01,76436.24865689524,76104.41073647885,8907.268818593573,2.557953848736361e-13,1922.304933071997,1209.4708982247091,0.0,16766.590860216376,0.0,0.0,0.0,0.0,0.0,0.0,0.0,0.0,0.0,7333.374912,53153.739898894506,361085807.95563847,0.0,0.0,0.0,126380032.78447343,0.0,126380032.78447343,0.0,0.0,0.0,72217.16159112769,0.0,72217.16159112769,0.0,0.0,10832.574238669156,0.0,10832.574238669156,0.0,0.0,39719438.87512023,0.0,0.0,0.0,0.0,0.0,0.0,3564676.14009253,126380032.78447343,72217.16159112769,10832.574238669156,361085807.95563847,39719438.87512023,38049911.68398008,0.0,0.0,0.0,8907.268818593573,8907.268818593573,7860.698175677159,0.0,1046.5706429164138,2.1938006966593093e-13,7860.698175677159,7860.698175677159,0.6984317910685368,1.0,100.0,48693.48760814678,1000000.0
ha/cap_0500,2030-07-01,82959.67406182924,81418.16280092557,9360.494904829444,1.1368683772161605e-13,2025.9829853181411,1271.4660136123562,0.0,17592.894603459543,0.0,0.0,0.0,0.0,0.0,0.0,0.0,0.0,0.0,11187.732096,55878.296763515085,383084770.45102215,0.0,0.0,0.0,134079669.65785776,0.0,134079669.65785776,0.0,0.0,0.0,76616.95409020444,0.0,76616.95409020444,0.0,0.0,11492.543113530664,0.0,11492.543113530664,0.0,0.0,42139324.74961244,0.0,0.0,0.0,0.0,0.0,0.0,3683851.1824631775,134079669.65785776,76616.95409020444,11492.543113530664,383084770.45102215,42139324.74961244,40269030.33876716,0.0,0.0,0.0,9360.494904829444,9360.494904829444,8263.622207287908,0.0,1096.8726975415357,8.881784197001252e-14,8263.622207287908,8263.622207287908,0.6863124251543522,1.0,100.0,48209.01588373227,1000000.0
ha/cap_0500,2030-08-01,79327.10523363214,76844.06175104884,9197.355988751588,3.694822225952521e-13,1989.008009043568,1248.4590188294342,0.0,17310.992773065052,0.0,0.0,0.0,0.0,0.0,0.0,0.0,0.0,0.0,3577.883952,54867.1870143333,375949135.5161495,0.0,0.0,0.0,131582197.43065232,0.0,131582197.43065232,0.0,0.0,0.0,75189.82710322991,0.0,75189.82710322991,0.0,0.0,11278.474065484485,0.0,11278.474065484485,0.0,0.0,41354404.90677644,0.0,0.0,0.0,0.0,0.0,0.0,3683600.1111689294,131582197.43065232,75189.82710322991,11278.474065484485,375949135.5161495,41354404.90677644,39420100.77918509,0.0,0.0,0.0,9197.355988751588,9197.355988751588,8114.093151083756,0.0,1083.2628376678308,3.0819791163594346e-13,8114.093151083756,8114.093151083756,0.7140068570566472,1.0,100.0,48703.05135727202,1000000.0
ha/cap_0500,2030-09-01,73822.38096058529,70836.37664488985,8623.966079131029,1.1368683772161605e-13,1857.4249922757365,1169.665919526171,0.0,16277.629749041507,0.0,0.0,0.0,0.0,0.0,0.0,0.0,0.0,0.0,309.84792,51404.39356279933,348121752.20161545,0.0,0.0,0.0,121842613.2705654,0.0,121842613.2705654,0.0,0.0,0.0,69624.35044032309,0.0,69624.35044032309,0.0,0.0,10443.652566048462,0.0,10443.652566048462,0.0,0.0,38293392.742177695,0.0,0.0,0.0,0.0,0.0,0.0,3564219.627118347,121842613.2705654,69624.35044032309,10443.652566048462,348121752.20161545,38293392.742177695,36412499.02650717,0.0,0.0,0.0,8623.966079131029,8623.966079131029,7601.994205289991,0.0,1021.9718738410372,1.2789769243681806e-13,7601.994205289991,7601.994205289991,0.7256779072777102,1.0,100.0,49831.63068069169,1000000.0
ha/cap_0500,2030-10-01,72332.73459169464,68317.73324884487,8191.528113926435,3.1263880373444413e-13,1766.441765465877,1102.55185615892,0.0,15784.827283880391,0.0,0.0,0.0,0.0,0.0,0.0,0.0,0.0,0.0,1228.154976,48454.86954116555,338885753.2173714,0.0,0.0,0.0,118610013.62608,0.0,118610013.62608,0.0,0.0,0.0,67777.15064347429,0.0,67777.15064347429,0.0,0.0,10166.572596521144,0.0,10166.572596521144,0.0,0.0,37277432.853910856,0.0,0.0,0.0,0.0,0.0,0.0,3682298.247186096,118610013.62608,67777.15064347429,10166.572596521144,338885753.2173714,37277432.853910856,35359205.611472435,0.0,0.0,0.0,8191.528113926435,8191.528113926435,7165.800662933909,0.0,1025.7274509925269,4.0056846728475653e-13,7165.800662933909,7165.800662933909,0.7092575710126453,1.0,100.0,52080.19025807557,1000000.0
ha/cap_0500,2030-11-01,66211.05638813123,62672.763413629735,7555.449066405583,8.526512829121202e-14,1616.433165122768,1016.4036257349144,0.0,14580.328879198987,0.0,0.0,0.0,0.0,0.0,0.0,0.0,0.0,0.0,254.41910399999995,44668.833317037344,304259484.44506586,0.0,0.0,0.0,106490819.55577303,0.0,106490819.55577303,0.0,0.0,0.0,60851.89688901318,0.0,60851.89688901318,0.0,0.0,9127.784533351976,0.0,9127.784533351976,0.0,0.0,33468543.28895725,0.0,0.0,0.0,0.0,0.0,0.0,3562676.639269125,106490819.55577303,60851.89688901318,9127.784533351976,304259484.44506586,33468543.28895725,31667904.505517773,0.0,0.0,0.0,7555.449066405583,7555.449066405583,6605.898610949204,0.0,949.5504554563784,1.199040866595169e-13,6605.898610949204,6605.898610949204,0.712731191095413,1.0,100.0,54002.05006745431,1000000.0
ha/cap_0500,2030-12-01,65427.246228692806,62980.02731437852,7545.025658040162,1.9895196601282805e-13,1605.0081033108684,1014.7734623798756,0.0,14576.004590771152,0.0,0.0,0.0,0.0,0.0,0.0,0.0,0.0,0.0,1087.276896,44597.19101535515,297767660.4991399,0.0,0.0,0.0,104218681.17469896,0.0,104218681.17469896,0.0,0.0,0.0,59553.53209982798,0.0,59553.53209982798,0.0,0.0,8933.029814974198,0.0,8933.029814974198,0.0,0.0,32754442.654905383,0.0,0.0,0.0,0.0,0.0,0.0,3680844.4076948985,104218681.17469896,59553.53209982798,8933.029814974198,297767660.4991399,32754442.654905383,30915712.770411856,0.0,0.0,0.0,7545.025658040163,7545.025658040162,6595.303711865796,0.0,949.721946174366,2.7977620220553945e-13,6595.303711865796,6595.303711865796,0.7081164127277773,1.0,100.0,54844.26087845769,1000000.0
ha/cap_0750,2029-01-01,64946.02826260126,63894.17019456851,7778.036787952024,1.4210854715202006e-13,1838.7199345433976,1041.0255857159195,0.0,14862.965854650276,0.0,0.0,0.0,0.0,0.0,0.0,0.0,0.0,0.0,90.816048,45750.917440394376,436204167.4565822,0.0,0.0,0.0,152671458.60980377,0.0,152671458.60980377,0.0,0.0,0.0,87240.83349131644,0.0,87240.83349131644,0.0,0.0,13086.125023697468,0.0,13086.125023697468,0.0,0.0,47982458.42022404,0.0,0.0,0.0,0.0,0.0,0.0,3685795.211699348,152671458.60980377,87240.83349131644,13086.125023697468,436204167.4565822,47982458.42022404,47924430.36457733,0.0,0.0,0.0,7778.036787952024,7778.036787952024,6765.923789056734,0.0,1012.1129988952896,1.9984014443252818e-13,6765.923789056734,6765.923789056734,0.7160421256129491,1.0,100.0,65115.13813348934,1000000.0
ha/cap_0750,2029-02-01,59860.19453254405,59902.20576289072,7115.485062493704,1.7053025658242404e-13,1693.6175909307306,960.5465287414108,0.0,13609.699234889851,0.0,0.0,0.0,0.0,0.0,0.0,0.0,0.0,0.0,2709.38736,42214.02964258928,400443219.29550034,0.0,0.0,0.0,140155126.7534251,0.0,140155126.7534251,0.0,0.0,0.0,80088.64385910008,0.0,80088.64385910008,0.0,0.0,12013.29657886501,0.0,12013.29657886501,0.0,0.0,44048754.12250504,0.0,0.0,0.0,0.0,0.0,0.0,3329333.067211428,140155126.7534251,80088.64385910008,12013.29657886501,400443219.29550034,44048754.12250504,43890219.310133405,0.0,0.0,0.0,7115.485062493704,7115.485062493704,6242.867320919869,0.0,872.6177415738351,2.40696351738734e-13,6242.867320919869,6242.867320919869,0.7047157797441371,1.0,100.0,63379.509312211965,1000000.0
ha/cap_0750,2029-03-01,66586.97041727262,67490.35228631932,8143.864977315646,1.7053025658242404e-13,1950.201823371848,1100.0383121966288,0.0,15559.757918351164,0.0,0.0,0.0,0.0,0.0,0.0,0.0,0.0,0.0,671.351136,48344.40449219895,465824215.38357073,0.0,0.0,0.0,163038475.38424975,0.0,163038475.38424975,0.0,0.0,0.0,93164.84307671415,0.0,93164.84307671415,0.0,0.0,13974.726461507124,0.0,13974.726461507124,0.0,0.0,51240663.69219279,0.0,0.0,0.0,0.0,0.0,0.0,3686844.492672146,163038475.38424975,93164.84307671415,13974.726461507124,465824215.38357073,51240663.69219279,50933826.44996389,0.0,0.0,0.0,8143.864977315645,8143.864977315645,7149.464419980175,0.0,994.4005573354698,2.4424906541753444e-13,7149.464419980175,7149.464419980175,0.7163157822484597,1.0,100.0,60525.92561979342,1000000.0
ha/cap_0750,2029-04-01,66089.90956176528,67081.08019359988,8132.677066527195,3.694822225952521e-13,1968.627929006428,1098.9501621730124,0.0,15514.992301334523,0.0,0.0,0.0,0.0,0.0,0.0,0.0,0.0,0.0,43.437408,48296.582553356784,479204031.967452,0.0,0.0,0.0,167721411.1886082,0.0,167721411.1886082,0.0,0.0,0.0,95840.8063934904,0.0,95840.8063934904,0.0,0.0,14376.12095902356,0.0,14376.12095902356,0.0,0.0,52712443.51641972,0.0,0.0,0.0,0.0,0.0,0.0,3568923.957565136,167721411.1886082,95840.8063934904,14376.12095902356,479204031.967452,52712443.51641972,52268000.848026775,0.0,0.0,0.0,8132.677066527195,8132.677066527195,7142.39222095657,0.0,990.2848455706252,4.636291350834654e-13,7142.39222095657,7142.39222095657,0.7199732385639893,1.0,100.0,57566.12705895239,1000000.0
ha/cap_0750,2029-05-01,74537.02451937244,75398.77611519607,9155.417998642704,8.526512829121202e-14,2212.8905843228126,1245.7674515354165,0.0,17127.0460328537,0.0,0.0,0.0,0.0,0.0,0.0,0.0,0.0,0.0,1329.872304,54748.89820880966,530338183.89824426,0.0,0.0,0.0,185618364.3643855,0.0,185618364.3643855,0.0,0.0,0.0,106067.63677964883,0.0,106067.63677964883,0.0,0.0,15910.145516947328,0.0,15910.145516947328,0.0,0.0,58337200.22880687,0.0,0.0,0.0,0.0,0.0,0.0,3689128.526221104,185618364.3643855,106067.63677964883,15910.145516947328,530338183.89824426,58337200.22880687,57702636.26552232,0.0,0.0,0.0,9155.417998642704,9155.417998642704,8096.59988345007,0.0,1058.8181151926349,8.704148513061227e-14,8096.599883450071,8096.599883450071,0.7261244947154443,1.0,100.0,54491.48487880592,1000000.0
ha/cap_0750,2029-06-01,77817.37878382,77870.42800276433,9150.512312486318,0.0,2223.487514736111,1246.3729189514986,0.0,17068.055192385145,0.0,0.0,0.0,0.0,0.0,0.0,0.0,0.0,0.0,7377.483168000001,54775.50724719077,537054383.0894936,0.0,0.0,0.0,187969034.0813228,0.0,187969034.0813228,0.0,0.0,0.0,107410.87661789871,0.0,107410.87661789871,0.0,0.0,16111.631492684808,0.0,16111.631492684808,0.0,0.0,59075982.1398443,0.0,0.0,0.0,0.0,0.0,0.0,3570969.513538321,187969034.0813228,107410.87661789871,16111.631492684808,537054383.0894936,59075982.1398443,58289402.65778128,0.0,0.0,0.0,9150.512312486318,9150.512312486318,8100.534989801134,0.0,1049.9773226851844,0.0,8100.534989801134,8100.534989801134,0.7034185974327288,1.0,100.0,52214.94814512548,1000000.0
ha/cap_0750,2029-07-01,82510.97349806405,81440.59192513507,9647.921234001507,1.1368683772161605e-13,2348.094806757661,1314.7584141411437,0.0,17965.50695978022,0.0,0.0,0.0,0.0,0.0,0.0,0.0,0.0,0.0,6388.317792,57780.90806295488,568285486.5696696,0.0,0.0,0.0,198899920.2993844,0.0,198899920.2993844,0.0,0.0,0.0,113657.09731393392,0.0,113657.09731393392,0.0,0.0,17048.564597090088,0.0,17048.564597090088,0.0,0.0,62511403.52266366,0.0,0.0,0.0,0.0,0.0,0.0,3690473.885877609,198899920.2993844,113657.09731393392,17048.564597090088,568285486.5696696,62511403.52266366,61527617.67283067,0.0,0.0,0.0,9647.921234001507,9647.921234001507,8544.991932145973,0.0,1102.9293018555334,9.592326932761353e-14,8544.991932145973,8544.991932145973,0.7094853646946777,1.0,100.0,50937.2349112968,1000000.0
ha/cap_0750,2029-08-01,84814.5970091187,82288.53453866165,9576.09300338746,2.842170943040401e-13,2328.033515847307,1304.6076373818942,0.0,17843.246875621047,0.0,0.0,0.0,0.0,0.0,0.0,0.0,0.0,0.0,9669.267648,57334.80245725172,562587930.8149192,0.0,0.0,0.0,196905775.78522173,0.0,196905775.78522173,0.0,0.0,0.0,112517.58616298383,0.0,112517.58616298383,0.0,0.0,16877.63792444758,0.0,16877.63792444758,0.0,0.0,61884672.38964111,0.0,0.0,0.0,0.0,0.0,0.0,3690271.838593887,196905775.78522173,112517.58616298383,16877.63792444758,562587930.8149192,61884672.38964111,60758524.84284699,0.0,0.0,0.0,9576.09300338746,9576.09300338746,8479.019123316708,0.0,1097.0738800707518,2.504663143554353e-13,8479.019123316708,8479.019123316708,0.6967532327400251,1.0,100.0,51135.26386590655,1000000.0
ha/cap_0750,2029-09-01,77315.97842234364,74318.22712966733,8929.254739081745,1.7053025658242404e-13,2158.6115389801644,1214.8871493252338,0.0,16692.628766448583,0.0,0.0,0.0,0.0,0.0,0.0,0.0,0.0,0.0,3194.158896,53391.77291204677,517579928.3881608,0.0,0.0,0.0,181152974.93585625,0.0,181152974.93585625,0.0,0.0,0.0,103515.98567763215,0.0,103515.98567763215,0.0,0.0,15527.397851644822,0.0,15527.397851644822,0.0,0.0,56933792.12269768,0.0,0.0,0.0,0.0,0.0,0.0,3570278.270996108,181152974.93585625,103515.98567763215,15527.397851644822,517579928.3881608,56933792.12269768,55760152.10021545,0.0,0.0,0.0,8929.254739081745,8929.254739081745,7895.899944655147,0.0,1033.3547944265986,1.3322676295501878e-13,7895.899944655147,7895.899944655147,0.718420971195815,1.0,100.0,51974.40361960271,1000000.0
ha/cap_0750,2029-10-01,75665.79243512364,71271.92530091808,8528.714366533637,1.7053025658242404e-13,2069.890610611102,1152.5805642753564,0.0,16262.590900178431,0.0,0.0,0.0,0.0,0.0,0.0,0.0,0.0,0.0,2229.563328,50653.52760115032,506118725.3948501,0.0,0.0,0.0,177141553.8881975,0.0,177141553.8881975,0.0,0.0,0.0,101223.74507897002,0.0,101223.74507897002,0.0,0.0,15183.561761845503,0.0,15183.561761845503,0.0,0.0,55673059.79343351,0.0,0.0,0.0,0.0,0.0,0.0,3688276.286535119,177141553.8881975,101223.74507897002,15183.561761845503,506118725.3948501,55673059.79343351,54391222.88931847,0.0,0.0,0.0,8528.714366533639,8528.714366533637,7490.951582397613,0.0,1037.7627841360254,2.4513724383723456e-13,7490.951582397613,7490.951582397613,0.7107080016049157,1.0,100.0,54298.380143197166,1000000.0
ha/cap_0750,2029-11-01,71351.90302332253,67710.41837260699,7901.5011331505075,2.842170943040401e-13,1898.4003652536169,1066.863121103956,0.0,15090.566102349703,0.0,0.0,0.0,0.0,0.0,0.0,0.0,0.0,0.0,5892.896544,46886.42358416356,456547239.76929766,0.0,0.0,0.0,159791533.91925418,0.0,159791533.91925418,0.0,0.0,0.0,91309.44795385952,0.0,91309.44795385952,0.0,0.0,13696.41719307893,0.0,13696.41719307893,0.0,0.0,50220196.37462274,0.0,0.0,0.0,0.0,0.0,0.0,3568119.354429047,159791533.91925418,91309.44795385952,13696.41719307893,456547239.76929766,50220196.37462274,48942884.9515399,0.0,0.0,0.0,7901.5011331505075,7901.5011331505075,6933.849340293105,0.0,967.6517928574016,4.085620730620576e-13,6933.849340293105,6933.849340293105,0.692455086101373,1.0,100.0,56041.4644286591,1000000.0
ha/cap_0750,2029-12-01,68859.80346596775,66621.06890905178,7990.719068935987,1.9895196601282805e-13,1899.8415760874927,1078.6592989052665,0.0,15281.169785285858,0.0,0.0,0.0,0.0,0.0,0.0,0.0,0.0,0.0,1557.457488,47404.84115632036,448301421.5000396,0.0,0.0,0.0,156905497.52501383,0.0,156905497.52501383,0.0,0.0,0.0,89660.28430000792,0.0,89660.28430000792,0.0,0.0,13449.042645001187,0.0,13449.042645001187,0.0,0.0,49313156.36500435,0.0,0.0,0.0,0.0,0.0,0.0,3686221.483250433,156905497.52501383,89660.28430000792,13449.042645001187,448301421.5000396,49313156.36500435,47940313.47060815,0.0,0.0,0.0,7990.719068935987,7990.719068935987,7010.516082303046,0.0,980.2029866329416,2.4424906541753444e-13,7010.516082303046,7010.516082303046,0.7115592999721366,1.0,100.0,56380.35740948761,1000000.0
ha/cap_0750,2030-01-01,67299.91296552429,66014.93786961236,7847.707835404887,2.557953848736361e-13,1863.388422297038,1059.2620598180183,0.0,15014.352895804284,0.0,0.0,0.0,0.0,0.0,0.0,0.0,0.0,0.0,2854.45824,46552.37269038734,438684837.0627094,0.0,0.0,0.0,153539692.97194827,0.0,153539692.97194827,0.0,0.0,0.0,87736.96741254188,0.0,87736.96741254188,0.0,0.0,13160.545111881282,0.0,13160.545111881282,0.0,0.0,48255332.07689803,0.0,0.0,0.0,0.0,0.0,0.0,3685881.227935151,153539692.97194827,87736.96741254188,13160.545111881282,438684837.0627094,48255332.07689803,46793862.5152799,0.0,0.0,0.0,7847.707835404887,7847.707835404887,6884.4478634396455,0.0,963.2599719652412,2.824407374646398e-13,6884.4478634396455,6884.4478634396455,0.7051793759517583,1.0,100.0,55801.94408310248,1000000.0
ha/cap_0750,2030-02-01,58236.39379479147,58436.78330903855,7072.52407629996,1.7053025658242404e-13,1685.1779094025696,954.8338244769624,0.0,13527.9247494015,0.0,0.0,0.0,0.0,0.0,0.0,0.0,0.0,0.0,121.67505599999998,41962.96812714686,399172383.4239468,0.0,0.0,0.0,139710334.19838136,0.0,139710334.19838136,0.0,0.0,0.0,79834.47668478936,0.0,79834.47668478936,0.0,0.0,11975.171502718404,0.0,11975.171502718404,0.0,0.0,43908962.17663415,0.0,0.0,0.0,0.0,0.0,0.0,3329288.779435044,139710334.19838136,79834.47668478936,11975.171502718404,399172383.4239468,43908962.17663415,42477421.30812826,0.0,0.0,0.0,7072.524076299961,7072.52407629996,6205.738817823475,0.0,866.7852584764854,2.40696351738734e-13,6205.738817823475,6205.738817823475,0.7180916838839134,1.0,100.0,53916.37665945284,1000000.0
ha/cap_0750,2030-03-01,66092.27493553793,67025.4736669874,8109.318777836801,2.557953848736361e-13,1941.8147974972144,1095.2588966430596,0.0,15494.81632714851,0.0,0.0,0.0,0.0,0.0,0.0,0.0,0.0,0.0,256.18008000000003,48134.35908178351,463859691.0098816,0.0,0.0,0.0,162350891.85345855,0.0,162350891.85345855,0.0,0.0,0.0,92771.93820197631,0.0,92771.93820197631,0.0,0.0,13915.790730296449,0.0,13915.790730296449,0.0,0.0,51024566.01108698,0.0,0.0,0.0,0.0,0.0,0.0,3686775.1433524415,162350891.85345855,92771.93820197631,13915.790730296449,463859691.0098816,51024566.01108698,49242985.90768775,0.0,0.0,0.0,8109.318777836801,8109.318777836801,7118.40162783041,0.0,990.9171500063908,3.659295089164516e-13,7118.40162783041,7118.40162783041,0.7181502262995795,1.0,100.0,51041.36313050616,1000000.0
ha/cap_0750,2030-04-01,66413.68410978983,67699.237188604,8204.61607693309,1.9895196601282805e-13,1984.641797677555,1108.6837109110943,0.0,15650.868250391317,0.0,0.0,0.0,0.0,0.0,0.0,0.0,0.0,0.0,110.18678400000002,48724.35185204487,482480087.6232787,0.0,0.0,0.0,168868030.66814753,0.0,168868030.66814753,0.0,0.0,0.0,96496.01752465576,0.0,96496.01752465576,0.0,0.0,14474.40262869836,0.0,14474.40262869836,0.0,0.0,53072809.63856066,0.0,0.0,0.0,0.0,0.0,0.0,3569039.210941519,168868030.66814753,96496.01752465576,14474.40262869836,482480087.6232787,53072809.63856066,51093526.10874744,0.0,0.0,0.0,8204.61607693309,8204.616076933089,7205.653345238778,0.0,998.962731694312,2.859934511434403e-13,7205.6533452387785,7205.6533452387785,0.719717885687592,1.0,100.0,47771.16825401445,1000000.0
ha/cap_0750,2030-05-01,74899.29554272462,75919.8327033334,9160.388711814116,2.273736754432321e-13,2213.9050525172265,1246.5091501137797,0.0,17135.759151594833,0.0,0.0,0.0,0.0,0.0,0.0,0.0,0.0,0.0,2443.312272,54781.49432449593,530447336.8579288,0.0,0.0,0.0,185656567.90027505,0.0,185656567.90027505,0.0,0.0,0.0,106089.46737158576,0.0,106089.46737158576,0.0,0.0,15913.420105737863,0.0,15913.420105737863,0.0,0.0,58349207.05437216,0.0,0.0,0.0,0.0,0.0,0.0,3689132.296688084,185656567.90027505,106089.46737158576,15913.420105737863,530447336.8579288,58349207.05437216,56034564.28678964,0.0,0.0,0.0,9160.388711814116,9160.388711814116,8101.42039518822,0.0,1058.9683166258958,1.9184653865522705e-13,8101.42039518822,8101.42039518822,0.7215702718756207,1.0,100.0,44536.726040888425,1000000.0
ha/cap_0750,2030-06-01,78818.54020618211,78545.85760619753,9237.93922789036,1.1368683772161605e-13,2239.51085348518,1258.6142604113422,0.0,17220.879228517377,0.0,0.0,0.0,0.0,0.0,0.0,0.0,0.0,0.0,7333.374912,55313.488839741,538368512.5303464,0.0,0.0,0.0,188428979.38562125,0.0,188428979.38562125,0.0,0.0,0.0,107673.70250606928,0.0,107673.70250606928,0.0,0.0,16151.055375910391,0.0,16151.055375910391,0.0,0.0,59220536.378338106,0.0,0.0,0.0,0.0,0.0,0.0,3571014.2101387945,188428979.38562125,107673.70250606928,16151.055375910391,538368512.5303464,59220536.378338106,56731319.82540328,0.0,0.0,0.0,9237.93922789036,9237.93922789036,8180.094978075739,0.0,1057.8442498146208,9.592326932761353e-14,8180.094978075739,8180.094978075739,0.7042190450967408,1.0,100.0,42569.8977873878,1000000.0
ha/cap_0750,2030-07-01,85487.8135448442,84009.0744687687,9711.383107244164,1.7053025658242404e-13,2362.5893443583327,1323.6191717253578,0.0,18074.964492651423,0.0,0.0,0.0,0.0,0.0,0.0,0.0,0.0,0.0,11187.732096,58170.319998892985,571206875.1606072,0.0,0.0,0.0,199922406.30621248,0.0,199922406.30621248,0.0,0.0,0.0,114241.37503212145,0.0,114241.37503212145,0.0,0.0,17136.206254818215,0.0,17136.206254818215,0.0,0.0,62832756.26766679,0.0,0.0,0.0,0.0,0.0,0.0,3690576.773694768,199922406.30621248,114241.37503212145,17136.206254818215,571206875.1606072,62832756.26766679,60044013.07593066,0.0,0.0,0.0,9711.383107244164,9711.383107244164,8602.580536451862,0.0,1108.8025707923034,1.3322676295501878e-13,8602.580536451862,8602.580536451862,0.6924290068273332,1.0,100.0,41686.04751910495,1000000.0
ha/cap_0750,2030-08-01,81807.67683676184,79386.23387296686,9541.69473312738,2.842170943040401e-13,2319.31974910164,1299.6285925162972,0.0,17784.053688214502,0.0,0.0,0.0,0.0,0.0,0.0,0.0,0.0,0.0,3577.883952,57115.98375221356,560559848.47095,0.0,0.0,0.0,196195946.9648325,0.0,196195946.9648325,0.0,0.0,0.0,112111.96969419002,0.0,112111.96969419002,0.0,0.0,16816.795454128503,0.0,16816.795454128503,0.0,0.0,61661583.33180451,0.0,0.0,0.0,0.0,0.0,0.0,3690200.166753396,196195946.9648325,112111.96969419002,16816.795454128503,560559848.47095,61661583.33180451,58777435.38021004,0.0,0.0,0.0,9541.69473312738,9541.69473312738,8446.658883025635,0.0,1095.0358501017463,2.433608869978343e-13,8446.658883025635,8446.658883025635,0.7194696229526399,1.0,100.0,41788.17073379827,1000000.0
ha/cap_0750,2030-09-01,76118.96538376594,73189.9859946228,8942.727868696544,2.557953848736361e-13,2163.209910905201,1217.0417955059854,0.0,16715.560108828144,0.0,0.0,0.0,0.0,0.0,0.0,0.0,0.0,0.0,309.84792,53486.46514716703,519019880.20917344,0.0,0.0,0.0,181656958.07321072,0.0,181656958.07321072,0.0,0.0,0.0,103803.9760418347,0.0,103803.9760418347,0.0,0.0,15570.596406275205,0.0,15570.596406275205,0.0,0.0,57092186.82300908,0.0,0.0,0.0,0.0,0.0,0.0,3570329.4406775204,181656958.07321072,103803.9760418347,15570.596406275205,519019880.20917344,57092186.82300908,54287936.13025152,0.0,0.0,0.0,8942.727868696544,8942.727868696542,7909.903608014987,0.0,1032.8242606815556,2.486899575160351e-13,7909.903608014987,7909.903608014987,0.7307893890169159,1.0,100.0,42553.94021203619,1000000.0
ha/cap_0750,2030-10-01,74568.70547063797,70609.22928132334,8501.906370889654,2.557953848736361e-13,2064.1778650409774,1148.6760530947265,0.0,16211.23379399193,0.0,0.0,0.0,0.0,0.0,0.0,0.0,0.0,0.0,1228.154976,50481.93242508436,505289195.2042734,0.0,0.0,0.0,176851218.32149568,0.0,176851218.32149568,0.0,0.0,0.0,101057.83904085468,0.0,101057.83904085468,0.0,0.0,15158.675856128202,0.0,15158.675856128202,0.0,0.0,55581811.47247008,0.0,0.0,0.0,0.0,0.0,0.0,3688247.370779145,176851218.32149568,101057.83904085468,15158.675856128202,505289195.2042734,55581811.47247008,52721676.83806135,0.0,0.0,0.0,8501.906370889654,8501.906370889654,7465.575044640863,0.0,1036.33132624879,3.6770586575585195e-13,7465.575044640863,7465.575044640863,0.7149480732037561,1.0,100.0,44449.23853630987,1000000.0
ha/cap_0750,2030-11-01,68217.361415761,64728.89275784876,7833.960399608374,2.842170943040401e-13,1883.5973581814735,1057.7896321819903,0.0,14962.952927014829,0.0,0.0,0.0,0.0,0.0,0.0,0.0,0.0,0.0,254.41910399999995,46487.66254672017,453578071.1147182,0.0,0.0,0.0,158752324.89015135,0.0,158752324.89015135,0.0,0.0,0.0,90715.61422294364,0.0,90715.61422294364,0.0,0.0,13607.342133441549,0.0,13607.342133441549,0.0,0.0,49893587.822619,0.0,0.0,0.0,0.0,0.0,0.0,3568014.958903688,158752324.89015135,90715.61422294364,13607.342133441549,453578071.1147182,49893587.822619,47209267.87397512,0.0,0.0,0.0,7833.960399608375,7833.960399608374,6874.878134023807,0.0,959.0822655845676,4.067857162226574e-13,6874.878134023807,6874.878134023807,0.718190294411969,1.0,100.0,46054.10983604064,1000000.0
ha/cap_0750,2030-12-01,67390.17905141262,64991.7007063412,7817.4789870602435,1.1368683772161605e-13,1866.369392907486,1055.266414408732,0.0,14950.3137772145,0.0,0.0,0.0,0.0,0.0,0.0,0.0,0.0,0.0,1087.276896,46376.77235380613,443838379.05366,0.0,0.0,0.0,155343432.66878098,0.0,155343432.66878098,0.0,0.0,0.0,88767.675810732,0.0,88767.675810732,0.0,0.0,13315.151371609802,0.0,13315.151371609802,0.0,0.0,48822221.6959026,0.0,0.0,0.0,0.0,0.0,0.0,3686066.611542348,155343432.66878098,88767.675810732,13315.151371609802,443838379.05366,48822221.6959026,46081499.37304206,0.0,0.0,0.0,7817.4789870602435,7817.4789870602435,6858.479018198695,0.0,958.9999688615492,1.6253665080512294e-13,6858.479018198695,6858.479018198695,0.7135799163550921,1.0,100.0,46586.21878820458,1000000.0
ha/cap_1000,2029-01-01,66876.65803764043,65872.69618378342,8045.770283936031,2.557953848736361e-13,2095.6062117718093,1080.8625016366886,0.0,15230.839900825174,0.0,0.0,0.0,0.0,0.0,0.0,0.0,0.0,0.0,90.816048,47501.66735123125,579744540.178644,0.0,0.0,0.0,202910589.0625254,0.0,202910589.0625254,0.0,0.0,0.0,115948.9080357288,0.0,115948.9080357288,0.0,0.0,17392.33620535932,0.0,17392.33620535932,0.0,0.0,63771899.41965084,0.0,0.0,0.0,0.0,0.0,0.0,3690926.948932464,202910589.0625254,115948.9080357288,17392.33620535932,579744540.178644,63771899.41965084,63694776.68359844,0.0,0.0,0.0,8045.770283936031,8045.770283936031,7024.835328608978,0.0,1020.9349553270528,3.3395508580724714e-13,7024.835328608979,7024.835328608979,0.7211131485904662,1.0,100.0,64810.3556420852,1000000.0
ha/cap_1000,2029-02-01,61630.99433071843,61716.97510350064,7361.268983324939,1.4210854715202006e-13,1929.39556730242,997.0760730176556,0.0,13947.369050695032,0.0,0.0,0.0,0.0,0.0,0.0,0.0,0.0,0.0,2709.38736,43819.42742267206,532215637.8428541,0.0,0.0,0.0,186275473.2449989,0.0,186275473.2449989,0.0,0.0,0.0,106443.12756857082,0.0,106443.12756857082,0.0,0.0,15966.469135285624,0.0,15966.469135285624,0.0,0.0,58543720.162713945,0.0,0.0,0.0,0.0,0.0,0.0,3334044.089615237,186275473.2449989,106443.12756857082,15966.469135285624,532215637.8428541,58543720.162713945,58333015.8951575,0.0,0.0,0.0,7361.268983324939,7361.268983324938,6480.283303786491,0.0,880.9856795384468,2.042810365310288e-13,6480.283303786491,6480.283303786491,0.7100060777312235,1.0,100.0,62794.97930200055,1000000.0
ha/cap_1000,2029-03-01,68647.35121315984,69601.89372607543,8429.846203087527,2.842170943040401e-13,2224.5397743545323,1142.5414026528388,0.0,15952.651905904631,0.0,0.0,0.0,0.0,0.0,0.0,0.0,0.0,0.0,671.351136,50212.32724943493,619147659.9091982,0.0,0.0,0.0,216701680.9682193,0.0,216701680.9682193,0.0,0.0,0.0,123829.53198183964,0.0,123829.53198183964,0.0,0.0,18574.429797275945,0.0,18574.429797275945,0.0,0.0,68106242.59001179,0.0,0.0,0.0,0.0,0.0,0.0,3692325.990229528,216701680.9682193,123829.53198183964,18574.429797275945,619147659.9091982,68106242.59001179,67698411.23010477,0.0,0.0,0.0,8429.846203087527,8429.846203087527,7425.7041923469,0.0,1004.1420107406263,4.085620730620576e-13,7425.7041923469,7425.7041923469,0.7214218545123225,1.0,100.0,59615.89701473044,1000000.0
ha/cap_1000,2029-04-01,68210.56960659182,69254.39255085129,8426.996522036261,2.273736754432321e-13,2250.9709959177617,1142.6979875513564,0.0,15919.347670903862,0.0,0.0,0.0,0.0,0.0,0.0,0.0,0.0,0.0,43.437408,50219.20883127383,636997873.7545378,0.0,0.0,0.0,222949255.81408823,0.0,222949255.81408823,0.0,0.0,0.0,127399.57475090756,0.0,127399.57475090756,0.0,0.0,19109.93621263613,0.0,19109.93621263613,0.0,0.0,70069766.11299916,0.0,0.0,0.0,0.0,0.0,0.0,3574565.2767535145,222949255.81408823,127399.57475090756,19109.93621263613,636997873.7545378,70069766.11299916,69478974.34293939,0.0,0.0,0.0,8426.996522036261,8426.99652203626,7426.721882502094,0.0,1000.2746395341668,3.2684965844964614e-13,7426.721882502094,7426.721882502094,0.7251411351908035,1.0,99.99999999999996,56321.10307455321,1000000.0
ha/cap_1000,2029-05-01,76883.67761374102,77803.69573558586,9481.12016485694,1.1368683772161605e-13,2525.3353564890185,1294.1765829143571,0.0,17574.51330544268,0.0,0.0,0.0,0.0,0.0,0.0,0.0,0.0,0.0,1329.872304,56876.37922701733,704957268.0698273,0.0,0.0,0.0,246735043.8244396,0.0,246735043.8244396,0.0,0.0,0.0,140991.45361396548,0.0,140991.45361396548,0.0,0.0,21148.71804209482,0.0,21148.71804209482,0.0,0.0,77545299.487681,0.0,0.0,0.0,0.0,0.0,0.0,3695371.368294805,246735043.8244396,140991.45361396548,21148.71804209482,704957268.0698273,77545299.487681,76701797.77094023,0.0,0.0,0.0,9481.12016485694,9481.12016485694,8411.224709293427,0.0,1069.895455563513,1.0658141036401505e-13,8411.224709293427,8411.224709293427,0.7310241330991583,1.0,100.0,52875.74959621936,1000000.0
ha/cap_1000,2029-06-01,80194.05412061104,80306.11960389682,9480.405416648424,2.842170943040401e-13,2539.947280374026,1295.4003282403355,0.0,17521.275200018812,0.0,0.0,0.0,0.0,0.0,0.0,0.0,0.0,0.0,7377.483168000001,56930.16029843875,713920349.188022,0.0,0.0,0.0,249872122.2158077,0.0,249872122.2158077,0.0,0.0,0.0,142784.06983760442,0.0,142784.06983760442,0.0,0.0,21417.61047564066,0.0,21417.61047564066,0.0,0.0,78531238.41068242,0.0,0.0,0.0,0.0,0.0,0.0,3577292.6847177614,249872122.2158077,142784.06983760442,21417.61047564066,713920349.188022,78531238.41068242,77485617.77951613,0.0,0.0,0.0,9480.405416648424,9480.405416648424,8419.178181068179,0.0,1061.2272355802456,2.664535259100376e-13,8419.178181068179,8419.178181068179,0.7089143464936667,1.0,100.0,50223.73683255954,1000000.0
ha/cap_1000,2029-07-01,85026.2227414709,84018.29325793892,9997.020145335342,2.842170943040401e-13,2682.984750420916,1366.6456680654562,0.0,18445.11866539475,0.0,0.0,0.0,0.0,0.0,0.0,0.0,0.0,0.0,6388.317792,60061.245360205336,755448296.6418822,0.0,0.0,0.0,264406903.82465875,0.0,264406903.82465875,0.0,0.0,0.0,151089.65932837644,0.0,151089.65932837644,0.0,0.0,22663.448899256466,0.0,22663.448899256466,0.0,0.0,83099312.63060704,0.0,0.0,0.0,0.0,0.0,0.0,3697165.1811701455,264406903.82465875,151089.65932837644,22663.448899256466,755448296.6418822,83099312.63060704,81791520.50233291,0.0,0.0,0.0,9997.020145335342,9997.020145335342,8882.222073741297,0.0,1114.7980715940444,2.664535259100376e-13,8882.222073741297,8882.222073741297,0.7148591459221308,1.0,100.0,48548.681565670624,1000000.0
ha/cap_1000,2029-08-01,87304.32118424434,84840.08221163493,9921.67817118328,1.1368683772161605e-13,2659.546274717861,1355.967065615216,0.0,18318.02517244723,0.0,0.0,0.0,0.0,0.0,0.0,0.0,0.0,0.0,9669.267648,59591.94290906168,747866900.7146046,0.0,0.0,0.0,261753415.2501116,0.0,261753415.2501116,0.0,0.0,0.0,149573.38014292094,0.0,149573.38014292094,0.0,0.0,22436.00702143814,0.0,22436.00702143814,0.0,0.0,82265359.07860652,0.0,0.0,0.0,0.0,0.0,0.0,3696895.7847918496,261753415.2501116,149573.38014292094,22436.00702143814,747866900.7146046,82265359.07860652,80768333.74614681,0.0,0.0,0.0,9921.67817118328,9921.67817118328,8812.818774395611,0.0,1108.859396787669,1.0658141036401505e-13,8812.818774395611,8812.818774395611,0.7024031725995814,1.0,100.0,48353.37426356215,1000000.0
ha/cap_1000,2029-09-01,79605.8340206808,76664.94845999237,9247.126652108993,2.273736754432321e-13,2463.5329807532107,1262.1222886556243,0.0,17129.327392756637,0.0,0.0,0.0,0.0,0.0,0.0,0.0,0.0,0.0,3194.158896,55467.65941228496,688000946.5027725,0.0,0.0,0.0,240800331.27597037,0.0,240800331.27597037,0.0,0.0,0.0,137600.1893005545,0.0,137600.1893005545,0.0,0.0,20640.028395083176,0.0,20640.028395083176,0.0,0.0,75680104.11530498,0.0,0.0,0.0,0.0,0.0,0.0,3576371.027994811,240800331.27597037,137600.1893005545,20640.028395083176,688000946.5027725,75680104.11530498,74120026.7343598,0.0,0.0,0.0,9247.126652108996,9247.126652108993,8202.894659540196,0.0,1044.2319925687982,2.131628207280301e-13,8202.894659540196,8202.894659540196,0.7235074245335308,1.0,100.0,48830.72684349738,1000000.0
ha/cap_1000,2029-10-01,77905.57181097231,73567.31979043156,8839.595488711517,2.557953848736361e-13,2368.114844874346,1198.7844529013453,0.0,16689.69363272299,0.0,0.0,0.0,0.0,0.0,0.0,0.0,0.0,0.0,2229.563328,52684.09276972787,672791780.3983153,0.0,0.0,0.0,235477123.13941032,0.0,235477123.13941032,0.0,0.0,0.0,134558.35607966306,0.0,134558.35607966306,0.0,0.0,20183.75341194946,0.0,20183.75341194946,0.0,0.0,74007095.84381469,0.0,0.0,0.0,0.0,0.0,0.0,3694235.048713492,235477123.13941032,134558.35607966306,20183.75341194946,672791780.3983153,74007095.84381469,72303131.69935998,0.0,0.0,0.0,8839.595488711517,8839.595488711517,7791.24390325015,0.0,1048.3515854613672,3.6770586575585195e-13,7791.24390325015,7791.24390325015,0.7161344591566887,1.0,100.0,50800.86401916379,1000000.0
ha/cap_1000,2029-11-01,73371.3727138363,69780.03716578889,8181.82797753401,3.1263880373444413e-13,2167.3087730401585,1108.5212122273222,0.0,15475.68682798152,0.0,0.0,0.0,0.0,0.0,0.0,0.0,0.0,0.0,5892.896544,48717.210371597655,606839183.7007164,0.0,0.0,0.0,212393714.2952507,0.0,212393714.2952507,0.0,0.0,0.0,121367.83674014328,0.0,121367.83674014328,0.0,0.0,18205.17551102149,0.0,18205.17551102149,0.0,0.0,66752310.2070788,0.0,0.0,0.0,0.0,0.0,0.0,3573492.472572063,212393714.2952507,121367.83674014328,18205.17551102149,606839183.7007164,66752310.2070788,65054518.01624753,0.0,0.0,0.0,8181.827977534011,8181.82797753401,7204.597219697474,0.0,977.2307578365356,4.494182803682634e-13,7204.597219697474,7204.597219697474,0.698153975697254,1.0,100.0,52224.89079417104,1000000.0
ha/cap_1000,2029-12-01,70842.03679005343,68652.52462547216,8265.865725247982,1.7053025658242404e-13,2163.783324304331,1119.5497654189192,0.0,15659.17618527841,0.0,0.0,0.0,0.0,0.0,0.0,0.0,0.0,0.0,1557.457488,49201.89243271026,595816110.393791,0.0,0.0,0.0,208535638.63782683,0.0,208535638.63782683,0.0,0.0,0.0,119163.2220787582,0.0,119163.2220787582,0.0,0.0,17874.483311813732,0.0,17874.483311813732,0.0,0.0,65539772.14331701,0.0,0.0,0.0,0.0,0.0,0.0,3691495.3110005776,208535638.63782683,119163.2220787582,17874.483311813732,595816110.393791,65539772.14331701,63715192.24929488,0.0,0.0,0.0,8265.865725247982,8265.865725247982,7276.274949257394,0.0,989.590775990589,2.4513724383723456e-13,7276.274949257394,7276.274949257394,0.7166800157915078,1.0,100.0,52250.61963444801,1000000.0
ha/cap_1000,2030-01-01,69239.57830367154,68002.76702800232,8116.937213873183,1.7053025658242404e-13,2121.65577506146,1099.2747883839857,0.0,15384.231710532464,0.0,0.0,0.0,0.0,0.0,0.0,0.0,0.0,0.0,2854.45824,48310.84920268896,583027092.8378745,0.0,0.0,0.0,204059482.4932561,0.0,204059482.4932561,0.0,0.0,0.0,116605.4185675749,0.0,116605.4185675749,0.0,0.0,17490.812785136237,0.0,17490.812785136237,0.0,0.0,64132980.2121662,0.0,0.0,0.0,0.0,0.0,0.0,3691041.637246868,204059482.4932561,116605.4185675749,17490.812785136237,583027092.8378745,64132980.2121662,62190637.95308629,0.0,0.0,0.0,8116.937213873183,8116.937213873183,7144.502059786195,0.0,972.4351540869884,2.113864638886298e-13,7144.502059786195,7144.502059786195,0.7104247564337407,1.0,100.0,51365.775135055774,1000000.0
ha/cap_1000,2030-02-01,60001.663135016126,60245.88440750556,7317.53780173328,2.842170943040401e-13,1920.217620023666,991.2493946273254,0.0,13864.536970350036,0.0,0.0,0.0,0.0,0.0,0.0,0.0,0.0,0.0,121.67505599999998,43563.35698055664,530531877.35108685,0.0,0.0,0.0,185686157.0728804,0.0,185686157.0728804,0.0,0.0,0.0,106106.37547021738,0.0,106106.37547021738,0.0,0.0,15915.956320532609,0.0,15915.956320532609,0.0,0.0,58358506.50861956,0.0,0.0,0.0,0.0,0.0,0.0,3333985.039246725,185686157.0728804,106106.37547021738,15915.956320532609,530531877.35108685,58358506.50861956,56455873.59956993,0.0,0.0,0.0,7317.53780173328,7317.53780173328,6442.414050164633,0.0,875.1237515686472,3.730349362740526e-13,6442.414050164633,6442.414050164633,0.7230926628264325,1.0,100.0,49201.33624254268,1000000.0
ha/cap_1000,2030-03-01,68143.95012246296,69128.09374434224,8394.093970449068,1.9895196601282805e-13,2214.995302657152,1137.582300264496,0.0,15886.05293119734,0.0,0.0,0.0,0.0,0.0,0.0,0.0,0.0,0.0,256.18008000000003,49994.38497495039,616536542.5732121,0.0,0.0,0.0,215787789.90062425,0.0,215787789.90062425,0.0,0.0,0.0,123307.30851464244,0.0,123307.30851464244,0.0,0.0,18496.096277196364,0.0,18496.096277196364,0.0,0.0,67819019.68305333,0.0,0.0,0.0,0.0,0.0,0.0,3692233.524469922,215787789.90062425,123307.30851464244,18496.096277196364,616536542.5732121,67819019.68305333,65451041.58695152,0.0,0.0,0.0,8394.093970449068,8394.093970449068,7393.47356393388,0.0,1000.6204065151876,2.859934511434403e-13,7393.47356393388,7393.47356393388,0.7232137075824133,1.0,100.0,46002.19731800628,1000000.0
ha/cap_1000,2030-04-01,68548.77912347006,69887.34308076896,8500.939869244121,2.273736754432321e-13,2268.9074283953087,1152.7292784402916,0.0,16057.97711045127,0.0,0.0,0.0,0.0,0.0,0.0,0.0,0.0,0.0,110.18678400000002,50660.06328055678,641348516.4785749,0.0,0.0,0.0,224471980.7675012,0.0,224471980.7675012,0.0,0.0,0.0,128269.70329571498,0.0,128269.70329571498,0.0,0.0,19240.455494357244,0.0,19240.455494357244,0.0,0.0,70548336.81264323,0.0,0.0,0.0,0.0,0.0,0.0,3574718.947922026,224471980.7675012,128269.70329571498,19240.455494357244,641348516.4785749,70548336.81264323,67917324.54553874,0.0,0.0,0.0,8500.939869244121,8500.939869244121,7491.918118398371,0.0,1009.0217508457494,2.9309887850104133e-13,7491.918118398371,7491.918118398371,0.7248818033046246,1.0,100.0,42394.72593231209,1000000.0
ha/cap_1000,2030-05-01,77246.4316562467,78325.2470732184,9486.156449085487,2.842170943040401e-13,2526.413054365949,1294.9283100012767,0.0,17583.31681523666,0.0,0.0,0.0,0.0,0.0,0.0,0.0,0.0,0.0,2443.312272,56909.41607487511,705101576.3624156,0.0,0.0,0.0,246785551.72684544,0.0,246785551.72684544,0.0,0.0,0.0,141020.31527248313,0.0,141020.31527248313,0.0,0.0,21153.04729087247,0.0,21153.04729087247,0.0,0.0,77561173.39986572,0.0,0.0,0.0,0.0,0.0,0.0,3695376.395584112,246785551.72684544,141020.31527248313,21153.04729087247,705101576.3624156,77561173.39986572,74484413.53751399,0.0,0.0,0.0,9486.156449085487,9486.156449085487,8416.110399184294,0.0,1070.0460499011945,2.5934809855243657e-13,8416.110399184294,8416.110399184294,0.7265781877671732,1.0,100.0,38789.4974609744,1000000.0
ha/cap_1000,2030-06-01,81200.83175546897,80987.3044759162,9568.609637187146,1.1368683772161605e-13,2556.7167738983635,1307.7576225979756,0.0,17675.16759681838,0.0,0.0,0.0,0.0,0.0,0.0,0.0,0.0,0.0,7333.374912,57473.23778058749,715651217.1050543,0.0,0.0,0.0,250477925.986769,0.0,250477925.986769,0.0,0.0,0.0,143130.24342101088,0.0,143130.24342101088,0.0,0.0,21469.53651315163,0.0,21469.53651315163,0.0,0.0,78721633.88155597,0.0,0.0,0.0,0.0,0.0,0.0,3577352.28018506,250477925.986769,143130.24342101088,21469.53651315163,715651217.1050543,78721633.88155597,75412727.96682647,0.0,0.0,0.0,9568.609637187146,9568.609637187146,8499.491780474318,0.0,1069.1178567128277,1.0658141036401505e-13,8499.491780474318,8499.491780474318,0.709657373492147,1.0,100.0,36446.30796662877,1000000.0
ha/cap_1000,2030-07-01,88015.95302785917,86599.98613661184,10062.271309658889,0.0,2699.195703398524,1375.7723298383594,0.0,18557.0343818433,0.0,0.0,0.0,0.0,0.0,0.0,0.0,0.0,0.0,11187.732096,60462.34323427088,759328979.8701922,0.0,0.0,0.0,265765142.9545672,0.0,265765142.9545672,0.0,0.0,0.0,151865.79597403842,0.0,151865.79597403842,0.0,0.0,22779.869396105765,0.0,22779.869396105765,0.0,0.0,83526187.78572114,0.0,0.0,0.0,0.0,0.0,0.0,3697302.364926357,265765142.9545672,151865.79597403842,22779.869396105765,759328979.8701922,83526187.78572114,79818995.81309417,0.0,0.0,0.0,10062.271309658889,10062.271309658889,8941.538865615816,0.0,1120.7324440430712,0.0,8941.538865615816,8941.538865615816,0.6981795948430208,1.0,100.0,35163.079154477586,1000000.0
ha/cap_1000,2030-08-01,84288.24843989151,81928.40599488489,9886.033477503175,1.1368683772161605e-13,2649.631489159712,1350.79816620316,0.0,18257.11460336396,0.0,0.0,0.0,0.0,0.0,0.0,0.0,0.0,0.0,3577.883952,59364.78049009381,745170561.4257505,0.0,0.0,0.0,260809696.49901268,0.0,260809696.49901268,0.0,0.0,0.0,149034.1122851501,0.0,149034.1122851501,0.0,0.0,22355.11684277252,0.0,22355.11684277252,0.0,0.0,81968761.75683255,0.0,0.0,0.0,0.0,0.0,0.0,3696800.222337861,260809696.49901268,149034.1122851501,22355.11684277252,745170561.4257505,81968761.75683255,78134769.981235,0.0,0.0,0.0,9886.033477503175,9886.033477503175,8779.224614967512,0.0,1106.8088625356615,1.0658141036401505e-13,8779.224614967512,8779.224614967512,0.7245933784406863,1.0,100.0,34873.29011032449,1000000.0
ha/cap_1000,2030-09-01,78415.5498069466,75543.59534435575,9261.489658262057,1.1368683772161605e-13,2468.9948295346658,1264.4176714857997,0.0,17153.49046861478,0.0,0.0,0.0,0.0,0.0,0.0,0.0,0.0,0.0,309.84792,55568.536731534725,689918008.2167315,0.0,0.0,0.0,241471302.875856,0.0,241471302.875856,0.0,0.0,0.0,137983.6016433463,0.0,137983.6016433463,0.0,0.0,20697.540246501947,0.0,20697.540246501947,0.0,0.0,75890980.90384047,0.0,0.0,0.0,0.0,0.0,0.0,3576439.254236694,241471302.875856,137983.6016433463,20697.540246501947,689918008.2167315,75890980.90384047,72163373.23399587,0.0,0.0,0.0,9261.489658262057,9261.489658262057,8217.813010739983,0.0,1043.676647522074,1.0658141036401505e-13,8217.813010739983,8217.813010739983,0.7355823677471625,1.0,100.0,35276.249743380664,1000000.0
ha/cap_1000,2030-10-01,76804.6763495813,72900.72531380178,8812.28462785287,1.9895196601282805e-13,2361.913964616078,1194.8002500305329,0.0,16637.64030410347,0.0,0.0,0.0,0.0,0.0,0.0,0.0,0.0,0.0,1228.154976,52508.99530900315,671692637.1911753,0.0,0.0,0.0,235092423.01691133,0.0,235092423.01691133,0.0,0.0,0.0,134338.52743823506,0.0,134338.52743823506,0.0,0.0,20150.77911573526,0.0,20150.77911573526,0.0,0.0,73886190.09102929,0.0,0.0,0.0,0.0,0.0,0.0,3694196.494372193,235092423.01691133,134338.52743823506,20150.77911573526,671692637.1911753,73886190.09102929,70084148.06465027,0.0,0.0,0.0,8812.28462785287,8812.28462785287,7765.349426347817,0.0,1046.9352015050536,2.859934511434403e-13,7765.349426347818,7765.349426347818,0.7202808351079875,1.0,100.0,36818.2868145441,1000000.0
ha/cap_1000,2030-11-01,70223.66644339077,66785.02210206779,8112.4717328111665,1.7053025658242404e-13,2150.7615512401794,1099.1756386290665,0.0,15345.57697483067,0.0,0.0,0.0,0.0,0.0,0.0,0.0,0.0,0.0,254.41910399999995,48306.491776403,602896657.7843705,0.0,0.0,0.0,211013830.22452965,0.0,211013830.22452965,0.0,0.0,0.0,120579.33155687412,0.0,120579.33155687412,0.0,0.0,18086.899733531118,0.0,18086.899733531118,0.0,0.0,66318632.35628076,0.0,0.0,0.0,0.0,0.0,0.0,3573353.2785382504,211013830.22452965,120579.33155687412,18086.899733531118,602896657.7843705,66318632.35628076,62750631.24243247,0.0,0.0,0.0,8112.4717328111665,8112.4717328111665,7143.857657098409,0.0,968.6140757127572,2.113864638886298e-13,7143.85765709841,7143.85765709841,0.7233132558161921,1.0,100.0,38106.16960462691,1000000.0
ha/cap_1000,2030-12-01,69353.11187413242,67003.37409830386,8089.932316080325,3.410605131648481e-13,2127.730682504104,1095.759366437588,0.0,15324.622963657846,0.0,0.0,0.0,0.0,0.0,0.0,0.0,0.0,0.0,1087.276896,48156.35369225712,589909097.6081802,0.0,0.0,0.0,206468184.16286305,0.0,206468184.16286305,0.0,0.0,0.0,117981.81952163603,0.0,117981.81952163603,0.0,0.0,17697.272928245406,0.0,17697.272928245406,0.0,0.0,64890000.736899815,0.0,0.0,0.0,0.0,0.0,0.0,3691288.815389797,206468184.16286305,117981.81952163603,17697.272928245406,589909097.6081802,64890000.736899815,61247285.97567228,0.0,0.0,0.0,8089.932316080325,8089.932316080324,7121.6543245315925,0.0,968.277991548732,4.902744876744691e-13,7121.6543245315925,7121.6543245315925,0.7187153533731693,1.0,100.0,38328.17669795136,1000000.0
ha/cap_1250,2029-01-01,68807.2878126796,67851.22217299834,8313.503779920038,4.831690603168681e-13,2352.4924890002208,1120.699417557458,0.0,15598.713947000071,0.0,0.0,0.0,0.0,0.0,0.0,0.0,0.0,0.0,90.816048,49252.41726206812,723284912.9007057,0.0,0.0,0.0,253149719.515247,0.0,253149719.515247,0.0,0.0,0.0,144656.98258014116,0.0,144656.98258014116,0.0,0.0,21698.54738702117,0.0,21698.54738702117,0.0,0.0,79561340.41907763,0.0,0.0,0.0,0.0,0.0,0.0,3696058.68616558,253149719.515247,144656.98258014116,21698.54738702117,723284912.9007057,79561340.41907763,79465123.00401263,0.0,0.0,0.0,8313.503779920038,8313.503779920038,7283.746868161223,0.0,1029.756911758816,6.306066779870889e-13,7283.746868161223,7283.746868161223,0.7258884318471173,1.0,100.0,64505.57315068105,1000000.0
ha/cap_1250,2029-02-01,63401.7941288928,63531.74444411057,7607.052904156173,1.9895196601282805e-13,2165.173543674109,1033.6056172939009,0.0,14285.038866500216,0.0,0.0,0.0,0.0,0.0,0.0,0.0,0.0,0.0,2709.38736,45424.82520275485,663988056.3902078,0.0,0.0,0.0,232395819.7365727,0.0,232395819.7365727,0.0,0.0,0.0,132797.61127804156,0.0,132797.61127804156,0.0,0.0,19919.641691706234,0.0,19919.641691706234,0.0,0.0,73038686.20292287,0.0,0.0,0.0,0.0,0.0,0.0,3338755.112019047,232395819.7365727,132797.61127804156,19919.641691706234,663988056.3902078,73038686.20292287,72775812.4801816,0.0,0.0,0.0,7607.052904156173,7607.052904156172,6717.6992866531145,0.0,889.3536175030584,2.540190280342358e-13,6717.6992866531145,6717.6992866531145,0.7149941434823257,1.0,100.0,62210.44929178917,1000000.0
ha/cap_1250,2029-03-01,70707.73200904705,71713.43516583154,8715.827428859408,4.263256414560601e-13,2498.877725337217,1185.044493109049,0.0,16345.545893458102,0.0,0.0,0.0,0.0,0.0,0.0,0.0,0.0,0.0,671.351136,52080.25000667091,772471104.4348255,0.0,0.0,0.0,270364886.55218893,0.0,270364886.55218893,0.0,0.0,0.0,154494.2208869651,0.0,154494.2208869651,0.0,0.0,23174.13313304477,0.0,23174.13313304477,0.0,0.0,84971821.48783082,0.0,0.0,0.0,0.0,0.0,0.0,3697807.4877869114,270364886.55218893,154494.2208869651,23174.13313304477,772471104.4348255,84971821.48783082,84462996.01024568,0.0,0.0,0.0,8715.82742885941,8715.827428859408,7701.943964713625,0.0,1013.8834641457828,4.849454171562684e-13,7701.943964713625,7701.943964713625,0.7262272388184937,1.0,99.99999999999996,58705.86840966745,1000000.0
ha/cap_1250,2029-04-01,70331.22965141835,71427.70490810269,8721.315977545326,1.9895196601282805e-13,2533.314062829095,1186.4458129297004,0.0,16323.7030404732,0.0,0.0,0.0,0.0,0.0,0.0,0.0,0.0,0.0,43.437408,52141.83510919087,794791715.5416236,0.0,0.0,0.0,278177100.4395683,0.0,278177100.4395683,0.0,0.0,0.0,158958.34310832474,0.0,158958.34310832474,0.0,0.0,23843.75146624871,0.0,23843.75146624871,0.0,0.0,87427088.7095786,0.0,0.0,0.0,0.0,0.0,0.0,3580206.5959418933,278177100.4395683,158958.34310832474,23843.75146624871,794791715.5416236,87427088.7095786,86689947.83785203,0.0,0.0,0.0,8721.315977545326,8721.315977545326,7711.051544047616,0.0,1010.2644334977084,2.557953848736361e-13,7711.051544047616,7711.051544047616,0.7299945473017144,1.0,100.0,55076.07909015401,1000000.0
ha/cap_1250,2029-05-01,79230.33070810961,80208.61535597566,9806.822331071176,1.7053025658242404e-13,2837.780128655224,1342.5857142932982,0.0,18021.980578031664,0.0,0.0,0.0,0.0,0.0,0.0,0.0,0.0,0.0,1329.872304,59003.86024522499,879576352.2414105,0.0,0.0,0.0,307851723.2844936,0.0,307851723.2844936,0.0,0.0,0.0,175915.2704482821,0.0,175915.2704482821,0.0,0.0,26387.290567242315,0.0,26387.290567242315,0.0,0.0,96753398.74655516,0.0,0.0,0.0,0.0,0.0,0.0,3701614.2103685066,307851723.2844936,175915.2704482821,26387.290567242315,879576352.2414105,96753398.74655516,95700959.27635814,0.0,0.0,0.0,9806.822331071176,9806.822331071176,8725.849535136784,0.0,1080.9727959343911,1.5987211554602254e-13,8725.849535136784,8725.849535136784,0.7356299567491426,1.0,100.0,51260.01431363271,1000000.0
ha/cap_1250,2029-06-01,82570.72945740208,82741.8112050293,9810.29852081053,1.7053025658242404e-13,2856.407046011941,1344.427737529173,0.0,17974.49520765248,0.0,0.0,0.0,0.0,0.0,0.0,0.0,0.0,0.0,7377.483168000001,59084.81334968672,890786315.2865505,0.0,0.0,0.0,311775210.3502926,0.0,311775210.3502926,0.0,0.0,0.0,178157.2630573101,0.0,178157.2630573101,0.0,0.0,26723.589458596514,0.0,26723.589458596514,0.0,0.0,97986494.68152057,0.0,0.0,0.0,0.0,0.0,0.0,3583615.8558972017,311775210.3502926,178157.2630573101,26723.589458596514,890786315.2865505,97986494.68152057,96681832.901251,0.0,0.0,0.0,9810.29852081053,9810.29852081053,8737.821372335222,0.0,1072.477148475307,1.5987211554602254e-13,8737.821372335224,8737.821372335224,0.7140865360473928,1.0,100.0,48232.52551999357,1000000.0
ha/cap_1250,2029-07-01,87541.47198487773,86595.99459074278,10346.119056669177,1.1368683772161605e-13,3017.87469408417,1418.532921989769,0.0,18924.73037100929,0.0,0.0,0.0,0.0,0.0,0.0,0.0,0.0,0.0,6388.317792,62341.58265745579,942611106.7140948,0.0,0.0,0.0,329913887.34993315,0.0,329913887.34993315,0.0,0.0,0.0,188522.22134281896,0.0,188522.22134281896,0.0,0.0,28278.333201422844,0.0,28278.333201422844,0.0,0.0,103687221.73855042,0.0,0.0,0.0,0.0,0.0,0.0,3703856.476462682,329913887.34993315,188522.22134281896,28278.333201422844,942611106.7140948,103687221.73855042,102055423.33183517,0.0,0.0,0.0,10346.119056669177,10346.119056669177,9219.452215336622,0.0,1126.6668413325554,1.0658141036401505e-13,9219.452215336622,9219.452215336622,0.7199130046613055,1.0,100.0,46160.128220044375,1000000.0
ha/cap_1250,2029-08-01,89794.04535936998,87391.62988460822,10267.2633389791,2.842170943040401e-13,2991.059033588415,1407.326493848538,0.0,18792.80346927341,0.0,0.0,0.0,0.0,0.0,0.0,0.0,0.0,0.0,9669.267648,61849.08336087166,933145870.61429,0.0,0.0,0.0,326601054.7150015,0.0,326601054.7150015,0.0,0.0,0.0,186629.17412285804,0.0,186629.17412285804,0.0,0.0,27994.376118428703,0.0,27994.376118428703,0.0,0.0,102646045.76757193,0.0,0.0,0.0,0.0,0.0,0.0,3703519.730989812,326601054.7150015,186629.17412285804,27994.376118428703,933145870.61429,102646045.76757193,100778142.64944664,0.0,0.0,0.0,10267.2633389791,10267.2633389791,9146.618425474517,0.0,1120.6449135045864,2.664535259100376e-13,9146.618425474517,9146.618425474517,0.7077231931998189,1.0,100.0,45571.4846612177,1000000.0
ha/cap_1250,2029-09-01,81895.68961901794,79011.6697903174,9564.998565136242,2.842170943040401e-13,2768.454422526257,1309.3574279860152,0.0,17566.02601906469,0.0,0.0,0.0,0.0,0.0,0.0,0.0,0.0,0.0,3194.158896,57543.54591252314,858421964.6173842,0.0,0.0,0.0,300447687.61608446,0.0,300447687.61608446,0.0,0.0,0.0,171684.39292347684,0.0,171684.39292347684,0.0,0.0,25752.658938521527,0.0,25752.658938521527,0.0,0.0,94426416.10791229,0.0,0.0,0.0,0.0,0.0,0.0,3582463.784993514,300447687.61608446,171684.39292347684,25752.658938521527,858421964.6173842,94426416.10791229,92479901.36850417,0.0,0.0,0.0,9564.998565136242,9564.998565136242,8509.889374425245,0.0,1055.1091907109976,2.664535259100376e-13,8509.889374425245,8509.889374425245,0.7282917329203805,1.0,100.0,45687.05006739197,1000000.0
ha/cap_1250,2029-10-01,80145.35118682098,75862.71427994505,9150.476610889396,2.557953848736361e-13,2666.33907913759,1244.988341527334,0.0,17116.796365267546,0.0,0.0,0.0,0.0,0.0,0.0,0.0,0.0,0.0,2229.563328,54714.65793830543,839464835.4017805,0.0,0.0,0.0,293812692.39062315,0.0,293812692.39062315,0.0,0.0,0.0,167892.96708035612,0.0,167892.96708035612,0.0,0.0,25183.94506205341,0.0,25183.94506205341,0.0,0.0,92341131.89419584,0.0,0.0,0.0,0.0,0.0,0.0,3700193.810891865,293812692.39062315,167892.96708035612,25183.94506205341,839464835.4017805,92341131.89419584,90215040.50940152,0.0,0.0,0.0,9150.476610889396,9150.476610889396,8091.536224102688,0.0,1058.940386786709,2.398081733190338e-13,8091.536224102688,8091.536224102688,0.7212325377180673,1.0,100.0,47303.34789513032,1000000.0
ha/cap_1250,2029-11-01,75390.84240435006,71849.6559589708,8462.154821917513,3.979039320256561e-13,2436.2171808267,1150.1793033506883,0.0,15860.807553613338,0.0,0.0,0.0,0.0,0.0,0.0,0.0,0.0,0.0,5892.896544,50547.99715903175,757131127.632135,0.0,0.0,0.0,264995894.67124724,0.0,264995894.67124724,0.0,0.0,0.0,151426.225526427,0.0,151426.225526427,0.0,0.0,22713.93382896405,0.0,22713.93382896405,0.0,0.0,83284424.03953485,0.0,0.0,0.0,0.0,0.0,0.0,3578865.590715079,264995894.67124724,151426.225526427,22713.93382896405,757131127.632135,83284424.03953485,81166151.08095518,0.0,0.0,0.0,8462.154821917513,8462.154821917513,7475.345099101843,0.0,986.8097228156696,5.400124791776761e-13,7475.345099101843,7475.345099101843,0.7035245539365811,1.0,100.0,48408.31715968288,1000000.0
ha/cap_1250,2029-12-01,72824.27011413912,70683.98034189253,8541.012381559978,3.1263880373444413e-13,2427.7250725211693,1160.4402319325716,0.0,16037.18258527096,0.0,0.0,0.0,0.0,0.0,0.0,0.0,0.0,0.0,1557.457488,50998.94370910015,743330799.2875425,0.0,0.0,0.0,260165779.75063983,0.0,260165779.75063983,0.0,0.0,0.0,148666.1598575085,0.0,148666.1598575085,0.0,0.0,22299.923978626277,0.0,22299.923978626277,0.0,0.0,81766387.92162967,0.0,0.0,0.0,0.0,0.0,0.0,3696769.1387507217,260165779.75063983,148666.1598575085,22299.923978626277,743330799.2875425,81766387.92162967,79490071.02798161,0.0,0.0,0.0,8541.012381559978,8541.012381559978,7542.033816211742,0.0,998.9785653482362,3.8546943414985445e-13,7542.033816211742,7542.033816211742,0.7215063931377733,1.0,100.0,48120.88185940832,1000000.0
ha/cap_1250,2030-01-01,71179.24364181882,69990.59618639229,8386.166592341478,2.273736754432321e-13,2379.9231278258817,1139.2875169499532,0.0,15754.110525260649,0.0,0.0,0.0,0.0,0.0,0.0,0.0,0.0,0.0,2854.45824,50069.32571499058,727369348.6130396,0.0,0.0,0.0,254579272.01456383,0.0,254579272.01456383,0.0,0.0,0.0,145473.86972260792,0.0,145473.86972260792,0.0,0.0,21821.08045839119,0.0,21821.08045839119,0.0,0.0,80010628.34743436,0.0,0.0,0.0,0.0,0.0,0.0,3696202.046558585,254579272.01456383,145473.86972260792,21821.08045839119,727369348.6130396,80010628.34743436,77587413.39089268,0.0,0.0,0.0,8386.166592341478,8386.166592341478,7404.556256132743,0.0,981.6103362087356,3.2684965844964614e-13,7404.556256132743,7404.556256132743,0.715372184881105,1.0,100.0,46929.60618700897,1000000.0
ha/cap_1250,2030-02-01,61766.93247524079,62054.985505972574,7562.551527166601,2.557953848736361e-13,2155.257330644762,1027.6649647776885,0.0,14201.149191298571,0.0,0.0,0.0,0.0,0.0,0.0,0.0,0.0,0.0,121.67505599999998,45163.74583396643,661891371.278227,0.0,0.0,0.0,231661979.94737944,0.0,231661979.94737944,0.0,0.0,0.0,132378.2742556454,0.0,132378.2742556454,0.0,0.0,19856.74113834681,0.0,19856.74113834681,0.0,0.0,72808050.84060498,0.0,0.0,0.0,0.0,0.0,0.0,3338681.299058406,231661979.94737944,132378.2742556454,19856.74113834681,661891371.278227,72808050.84060498,70434325.8910116,0.0,0.0,0.0,7562.551527166601,7562.551527166601,6679.089282505792,0.0,883.462244660809,3.623767952376511e-13,6679.089282505792,6679.089282505792,0.7278020527394947,1.0,100.0,44486.29582563242,1000000.0
ha/cap_1250,2030-03-01,70195.625309388,71230.71382169708,8678.869163061334,2.842170943040401e-13,2488.175807817089,1179.9057038859326,0.0,16277.289535246166,0.0,0.0,0.0,0.0,0.0,0.0,0.0,0.0,0.0,256.18008000000003,51854.41086811727,769213394.1365426,0.0,0.0,0.0,269224687.94778985,0.0,269224687.94778985,0.0,0.0,0.0,153842.67882730853,0.0,153842.67882730853,0.0,0.0,23076.40182409628,0.0,23076.40182409628,0.0,0.0,84613473.35501967,0.0,0.0,0.0,0.0,0.0,0.0,3697691.905587402,269224687.94778985,153842.67882730853,23076.40182409628,769213394.1365426,84613473.35501967,81659097.26621528,0.0,0.0,0.0,8678.869163061334,8678.869163061334,7668.545500037349,0.0,1010.3236630239844,4.085620730620576e-13,7668.54550003735,7668.54550003735,0.7279782566536945,1.0,100.0,40963.03150550626,1000000.0
ha/cap_1250,2030-04-01,70683.87413715028,72075.44897293393,8797.263661555151,1.1368683772161605e-13,2553.173059113062,1196.774845969489,0.0,16465.085970511223,0.0,0.0,0.0,0.0,0.0,0.0,0.0,0.0,0.0,110.18678400000002,52595.7747090687,800216945.333871,0.0,0.0,0.0,280075930.86685485,0.0,280075930.86685485,0.0,0.0,0.0,160043.3890667742,0.0,160043.3890667742,0.0,0.0,24006.50836001613,0.0,24006.50836001613,0.0,0.0,88023863.9867258,0.0,0.0,0.0,0.0,0.0,0.0,3580398.684902532,280075930.86685485,160043.3890667742,24006.50836001613,800216945.333871,88023863.9867258,84741122.98233004,0.0,0.0,0.0,8797.263661555151,8797.263661555151,7778.182891557964,0.0,1019.0807699971868,1.3145040611561853e-13,7778.182891557964,7778.182891557964,0.7297321828521621,1.0,100.0,37018.28361060958,1000000.0
ha/cap_1250,2030-05-01,79593.56776976876,80730.66144310341,9811.92418635686,1.1368683772161605e-13,2838.921056214671,1343.3474698887735,0.0,18030.87447887849,0.0,0.0,0.0,0.0,0.0,0.0,0.0,0.0,0.0,2443.312272,59037.33782525429,879755815.8669024,0.0,0.0,0.0,307914535.55341583,0.0,307914535.55341583,0.0,0.0,0.0,175951.16317338048,0.0,175951.16317338048,0.0,0.0,26392.674476007072,0.0,26392.674476007072,0.0,0.0,96773139.74535926,0.0,0.0,0.0,0.0,0.0,0.0,3701620.49448014,307914535.55341583,175951.16317338048,26392.674476007072,879755815.8669024,96773139.74535926,92934262.78823832,0.0,0.0,0.0,9811.92418635686,9811.92418635686,8730.800403180367,0.0,1081.123783176493,1.0658141036401505e-13,8730.800403180367,8730.800403180367,0.731287676453166,1.0,100.0,33042.268881060256,1000000.0
ha/cap_1250,2030-06-01,83583.12330475583,83428.75134563485,9899.280046483933,3.979039320256561e-13,2873.9226943115464,1356.900984784609,0.0,18129.45596511938,0.0,0.0,0.0,0.0,0.0,0.0,0.0,0.0,0.0,7333.374912,59632.98672143399,892933921.6797622,0.0,0.0,0.0,312526872.58791673,0.0,312526872.58791673,0.0,0.0,0.0,178586.78433595246,0.0,178586.78433595246,0.0,0.0,26788.017650392867,0.0,26788.017650392867,0.0,0.0,98222731.38477384,0.0,0.0,0.0,0.0,0.0,0.0,3583690.3502313243,312526872.58791673,178586.78433595246,26788.017650392867,892933921.6797622,98222731.38477384,94094136.10824968,0.0,0.0,0.0,9899.280046483933,9899.280046483933,8818.888582872898,0.0,1080.3914636110344,3.730349362740526e-13,8818.888582872898,8818.888582872898,0.7147774089819708,1.0,100.0,30322.718145869687,1000000.0
ha/cap_1250,2030-07-01,90544.09251087416,89190.89780445497,10413.15951207361,2.273736754432321e-13,3035.8020624387145,1427.925487951361,0.0,19039.104271035183,0.0,0.0,0.0,0.0,0.0,0.0,0.0,0.0,0.0,11187.732096,62754.366469648776,947451084.5797772,0.0,0.0,0.0,331607879.602922,0.0,331607879.602922,0.0,0.0,0.0,189490.21691595545,0.0,189490.21691595545,0.0,0.0,28423.53253739332,0.0,28423.53253739332,0.0,0.0,104219619.30377547,0.0,0.0,0.0,0.0,0.0,0.0,3704027.956157946,331607879.602922,189490.21691595545,28423.53253739332,947451084.5797772,104219619.30377547,99593978.55025768,0.0,0.0,0.0,10413.15951207361,10413.15951207361,9280.49719477977,0.0,1132.662317293839,2.131628207280301e-13,9280.49719477977,9280.49719477977,0.7035960845156363,1.0,100.0,28640.110789850158,1000000.0
ha/cap_1250,2030-08-01,86768.82004302119,84470.5781168029,10230.372221878968,1.7053025658242404e-13,2979.9432292177835,1401.967739890023,0.0,18730.17551851341,0.0,0.0,0.0,0.0,0.0,0.0,0.0,0.0,0.0,3577.883952,61613.57722797407,929781274.380551,0.0,0.0,0.0,325423446.0331928,0.0,325423446.0331928,0.0,0.0,0.0,185956.2548761102,0.0,185956.2548761102,0.0,0.0,27893.43823141653,0.0,27893.43823141653,0.0,0.0,102275940.1818606,0.0,0.0,0.0,0.0,0.0,0.0,3703400.2779223262,325423446.0331928,185956.2548761102,27893.43823141653,929781274.380551,102275940.1818606,97492104.58225994,0.0,0.0,0.0,10230.372221878968,10230.372221878968,9111.79034690939,0.0,1118.581874969577,1.5987211554602254e-13,9111.79034690939,9111.79034690939,0.7294087314375546,1.0,100.0,27958.40948685065,1000000.0
ha/cap_1250,2030-09-01,80712.13423012727,77897.20469408871,9580.251447827572,1.1368683772161605e-13,2774.77974816413,1311.7935474656142,0.0,17591.420828401413,0.0,0.0,0.0,0.0,0.0,0.0,0.0,0.0,0.0,309.84792,57650.60831590242,860816136.2242895,0.0,0.0,0.0,301285647.6785013,0.0,301285647.6785013,0.0,0.0,0.0,172163.2272448579,0.0,172163.2272448579,0.0,0.0,25824.484086728688,0.0,25824.484086728688,0.0,0.0,94689774.98467185,0.0,0.0,0.0,0.0,0.0,0.0,3582549.067795868,301285647.6785013,172163.2272448579,25824.484086728688,860816136.2242895,94689774.98467185,90038810.33774023,0.0,0.0,0.0,9580.251447827572,9580.251447827572,8525.722413464979,0.0,1054.5290343625927,1.0658141036401505e-13,8525.722413464979,8525.722413464979,0.7400857135028529,1.0,100.0,27998.5592747251,1000000.0
ha/cap_1250,2030-10-01,79040.64722852466,75192.22134628025,9122.662884816087,1.4210854715202006e-13,2659.650064191178,1240.9244469663392,0.0,17064.046814215006,0.0,0.0,0.0,0.0,0.0,0.0,0.0,0.0,0.0,1228.154976,54536.05819292195,838096079.1780772,0.0,0.0,0.0,293333627.712327,0.0,293333627.712327,0.0,0.0,0.0,167619.21583561547,0.0,167619.21583561547,0.0,0.0,25142.88237534232,0.0,25142.88237534232,0.0,0.0,92190568.7095885,0.0,0.0,0.0,0.0,0.0,0.0,3700145.617965242,293333627.712327,167619.21583561547,25142.88237534232,838096079.1780772,92190568.7095885,87446619.29123917,0.0,0.0,0.0,9122.662884816087,9122.662884816087,8065.123808054772,0.0,1057.539076761317,1.403321903126198e-13,8065.123808054772,8065.123808054772,0.7252885633178576,1.0,100.0,29187.33509277835,1000000.0
ha/cap_1250,2030-11-01,72229.97147102054,68841.1514462868,8390.983066013958,1.7053025658242404e-13,2417.9257442988846,1140.5616450761422,0.0,15728.201022646512,0.0,0.0,0.0,0.0,0.0,0.0,0.0,0.0,0.0,254.41910399999995,50125.32100608583,752215244.4540228,0.0,0.0,0.0,263275335.558908,0.0,263275335.558908,0.0,0.0,0.0,150443.04889080458,0.0,150443.04889080458,0.0,0.0,22566.457333620685,0.0,22566.457333620685,0.0,0.0,82743676.88994251,0.0,0.0,0.0,0.0,0.0,0.0,3578691.598172813,263275335.558908,150443.04889080458,22566.457333620685,752215244.4540228,82743676.88994251,78291994.61088982,0.0,0.0,0.0,8390.983066013958,8390.983066013958,7412.837180173012,0.0,978.1458858409462,2.4513724383723456e-13,7412.837180173012,7412.837180173012,0.7281301947018713,1.0,100.0,30158.22937321319,1000000.0
ha/cap_1250,2030-12-01,71316.04469685223,69015.04749026653,8362.385645100407,3.979039320256561e-13,2389.091972100721,1136.2523184664444,0.0,15698.932150101193,0.0,0.0,0.0,0.0,0.0,0.0,0.0,0.0,0.0,1087.276896,49935.9350307081,735979816.1627003,0.0,0.0,0.0,257592935.65694508,0.0,257592935.65694508,0.0,0.0,0.0,147195.96323254006,0.0,147195.96323254006,0.0,0.0,22079.39448488101,0.0,22079.39448488101,0.0,0.0,80957779.77789703,0.0,0.0,0.0,0.0,0.0,0.0,3696511.0192372464,257592935.65694508,147195.96323254006,22079.39448488101,735979816.1627003,80957779.77789703,76413072.57830249,0.0,0.0,0.0,8362.385645100407,8362.385645100405,7384.82963086449,0.0,977.5560142359152,5.382361223382759e-13,7384.829630864491,7384.829630864491,0.7235514115635545,1.0,99.99999999999996,30070.13460769817,1000000.0
ha/cap_1500,2029-01-01,70737.91758771877,69829.74816221326,8581.237275904046,2.273736754432321e-13,2609.3787662286327,1160.536333478227,0.0,15966.58799317497,0.0,0.0,0.0,0.0,0.0,0.0,0.0,0.0,0.0,90.816048,51003.16717290499,866825285.6227676,0.0,0.0,0.0,303388849.96796864,0.0,303388849.96796864,0.0,0.0,0.0,173365.0571245535,0.0,173365.0571245535,0.0,0.0,26004.758568683028,0.0,26004.758568683028,0.0,0.0,95350781.41850445,0.0,0.0,0.0,0.0,0.0,0.0,3701190.423398696,303388849.96796864,173365.0571245535,26004.758568683028,866825285.6227676,95350781.41850445,95235469.32862952,0.0,0.0,0.0,8581.237275904046,8581.237275904046,7542.658407713467,0.0,1038.5788681905792,3.3750779948604764e-13,7542.658407713468,7542.658407713468,0.7303931134682821,1.0,100.0,64200.79065927688,1000000.0
ha/cap_1500,2029-02-01,65172.593927067166,65346.51378472049,7852.836824987407,2.842170943040401e-13,2400.951520045799,1070.1351615701456,0.0,14622.708682305398,0.0,0.0,0.0,0.0,0.0,0.0,0.0,0.0,0.0,2709.38736,47030.222982837615,795760474.9375615,0.0,0.0,0.0,278516166.2281465,0.0,278516166.2281465,0.0,0.0,0.0,159152.0949875123,0.0,159152.0949875123,0.0,0.0,23872.814248126844,0.0,23872.814248126844,0.0,0.0,87533652.24313177,0.0,0.0,0.0,0.0,0.0,0.0,3343466.1344228564,278516166.2281465,159152.0949875123,23872.814248126844,795760474.9375615,87533652.24313177,87218609.0652057,0.0,0.0,0.0,7852.836824987407,7852.836824987407,6955.115269519737,0.0,897.7215554676701,3.552713678800501e-13,6955.115269519737,6955.115269519737,0.7197051573061019,1.0,100.0,61625.91928157776,1000000.0
ha/cap_1500,2029-03-01,72768.11280493425,73824.97660558765,9001.80865463129,2.273736754432321e-13,2773.2156763199014,1227.5475835652592,0.0,16738.43988101157,0.0,0.0,0.0,0.0,0.0,0.0,0.0,0.0,0.0,671.351136,53948.17276390689,925794548.9604528,0.0,0.0,0.0,324028092.1361585,0.0,324028092.1361585,0.0,0.0,0.0,185158.9097920906,0.0,185158.9097920906,0.0,0.0,27773.836468813588,0.0,27773.836468813588,0.0,0.0,101837400.38564982,0.0,0.0,0.0,0.0,0.0,0.0,3703288.9853442926,324028092.1361585,185158.9097920906,27773.836468813588,925794548.9604528,101837400.38564982,101227580.79038656,0.0,0.0,0.0,9001.80865463129,9001.80865463129,7978.1837370803505,0.0,1023.6249175509396,3.0553337637684313e-13,7978.1837370803505,7978.1837370803505,0.7307577359912589,1.0,100.0,57795.83980460445,1000000.0
ha/cap_1500,2029-04-01,72451.88969624489,73601.01726535411,9015.63543305439,1.7053025658242404e-13,2815.6571297404284,1230.1936383080445,0.0,16728.05841004254,0.0,0.0,0.0,0.0,0.0,0.0,0.0,0.0,0.0,43.437408,54064.46138710791,952585557.3287096,0.0,0.0,0.0,333404945.0650483,0.0,333404945.0650483,0.0,0.0,0.0,190517.1114657419,0.0,190517.1114657419,0.0,0.0,28577.566719861283,0.0,28577.566719861283,0.0,0.0,104784411.30615804,0.0,0.0,0.0,0.0,0.0,0.0,3585847.915130272,333404945.0650483,190517.1114657419,28577.566719861283,952585557.3287096,104784411.30615804,103900921.33276464,0.0,0.0,0.0,9015.63543305439,9015.63543305439,7995.38120559314,0.0,1020.25422746125,1.5987211554602254e-13,7995.38120559314,7995.38120559314,0.7345613334689253,1.0,100.0,53831.05510575483,1000000.0
ha/cap_1500,2029-05-01,81576.9838024782,82613.53497636547,10132.524497285409,1.7053025658242404e-13,3150.22490082143,1390.994845672239,0.0,18469.447850620647,0.0,0.0,0.0,0.0,0.0,0.0,0.0,0.0,0.0,1329.872304,61131.34126343265,1054195436.4129936,0.0,0.0,0.0,368968402.7445477,0.0,368968402.7445477,0.0,0.0,0.0,210839.08728259872,0.0,210839.08728259872,0.0,0.0,31625.863092389805,0.0,31625.863092389805,0.0,0.0,115961498.00542928,0.0,0.0,0.0,0.0,0.0,0.0,3707857.052442208,368968402.7445477,210839.08728259872,31625.863092389805,1054195436.4129936,115961498.00542928,114700120.78177604,0.0,0.0,0.0,10132.52449728541,10132.524497285409,9040.47436098014,0.0,1092.0501363052697,1.7053025658242404e-13,9040.47436098014,9040.47436098014,0.7399676249287898,1.0,99.99999999999996,49644.279031046106,1000000.0
ha/cap_1500,2029-06-01,84947.40479419313,85177.50280616179,10140.191624972636,1.7053025658242404e-13,3172.866811649855,1393.4551468180102,0.0,18427.715215286145,0.0,0.0,0.0,0.0,0.0,0.0,0.0,0.0,0.0,7377.483168000001,61239.466400934696,1067652281.3850788,0.0,0.0,0.0,373678298.4847776,0.0,373678298.4847776,0.0,0.0,0.0,213530.4562770158,0.0,213530.4562770158,0.0,0.0,32029.56844155237,0.0,32029.56844155237,0.0,0.0,117441750.9523587,0.0,0.0,0.0,0.0,0.0,0.0,3589939.027076642,373678298.4847776,213530.4562770158,32029.56844155237,1067652281.3850788,117441750.9523587,115878048.02298585,0.0,0.0,0.0,10140.191624972636,10140.191624972636,9056.464563602269,0.0,1083.7270613703686,1.7053025658242404e-13,9056.464563602269,9056.464563602269,0.718962923112423,1.0,100.0,46241.31420742759,1000000.0
ha/cap_1500,2029-07-01,90048.86216126745,89168.49634927665,10695.217968003011,2.6594927471585947,3352.6984163780203,1470.4071443996206,0.0,19401.68258387666,0.0,0.0,0.0,0.0,0.0,0.0,0.0,0.0,0.0,6388.317792,64616.72038043627,1129773012.5587735,0.0,0.0,0.0,395420554.3955707,0.0,395420554.3955707,0.0,0.0,0.0,225954.6025117547,0.0,225954.6025117547,0.0,0.0,33893.1903767632,0.0,33893.1903767632,0.0,0.0,124275031.38146508,0.0,0.0,0.0,0.0,0.0,0.0,3710547.771755218,395420554.3955707,225954.6025117547,33893.1903767632,1129773012.5587735,124275031.38146508,122319228.28532264,0.0,0.0,0.0,10695.217968003011,10695.217968003011,9556.682356931946,0.0,1138.5356110710666,1.1368683772161605e-13,9556.682356931946,9556.682356931946,0.7246586297399245,1.0,100.0,43768.98160304037,1000000.0
ha/cap_1500,2029-08-01,92283.7695344956,89943.1775575815,10612.84850677492,2.842170943040401e-13,3322.5717924589685,1458.6859220818596,0.0,19267.5817660996,0.0,0.0,0.0,0.0,0.0,0.0,0.0,0.0,0.0,9669.267648,64106.22381268162,1118424840.5139756,0.0,0.0,0.0,391448694.1798914,0.0,391448694.1798914,0.0,0.0,0.0,223684.96810279516,0.0,223684.96810279516,0.0,0.0,33552.745215419265,0.0,33552.745215419265,0.0,0.0,123026732.45653732,0.0,0.0,0.0,0.0,0.0,0.0,3710143.6771877743,391448694.1798914,223684.96810279516,33552.745215419265,1118424840.5139756,123026732.45653732,120787951.55274647,0.0,0.0,0.0,10612.84850677492,10612.84850677492,9480.418076553418,0.0,1132.4304302215037,2.842170943040401e-13,9480.418076553418,9480.418076553418,0.7127413724252838,1.0,100.0,42787.00178749552,1000000.0
ha/cap_1500,2029-09-01,84185.54521735509,81358.39112064245,9882.870478163491,1.1368683772161605e-13,3073.375864299304,1356.592567316406,0.0,18002.72464537275,0.0,0.0,0.0,0.0,0.0,0.0,0.0,0.0,0.0,3194.158896,59619.432412761336,1028842982.731996,0.0,0.0,0.0,360095043.9561986,0.0,360095043.9561986,0.0,0.0,0.0,205768.5965463992,0.0,205768.5965463992,0.0,0.0,30865.28948195988,0.0,30865.28948195988,0.0,0.0,113172728.10051955,0.0,0.0,0.0,0.0,0.0,0.0,3588556.541992217,360095043.9561986,205768.5965463992,30865.28948195988,1028842982.731996,113172728.10051955,110839776.0026485,0.0,0.0,0.0,9882.870478163491,9882.870478163491,8816.884089310293,0.0,1065.9863888531972,1.1013412404281553e-13,8816.884089310293,8816.884089310293,0.7328000417849284,1.0,100.0,42540.78001990885,1000000.0
ha/cap_1500,2029-10-01,82385.13056266963,78158.10876945853,9461.357733067276,5.684341886080803e-14,2964.563313400834,1291.192230153323,0.0,17543.899097812104,0.0,0.0,0.0,0.0,0.0,0.0,0.0,0.0,0.0,2229.563328,56745.22310688297,1006137890.4052458,0.0,0.0,0.0,352148261.641836,0.0,352148261.641836,0.0,0.0,0.0,201227.5780810492,0.0,201227.5780810492,0.0,0.0,30184.13671215737,0.0,30184.13671215737,0.0,0.0,110675167.94457704,0.0,0.0,0.0,0.0,0.0,0.0,3706152.5730702383,352148261.641836,201227.5780810492,30184.13671215737,1006137890.4052458,110675167.94457704,108126949.31944305,0.0,0.0,0.0,9461.357733067276,9461.357733067276,8391.828544955226,0.0,1069.5291881120506,5.329070518200752e-14,8391.828544955226,8391.828544955226,0.7260311693859336,1.0,100.0,43803.23849971911,1000000.0
ha/cap_1500,2029-11-01,77410.31209486382,73919.2747521527,8742.481666301015,1.1368683772161605e-13,2705.125588613241,1191.8373944740545,0.0,16245.928279245156,0.0,0.0,0.0,0.0,0.0,0.0,0.0,0.0,0.0,5892.896544,52378.783946465854,907423071.5635536,0.0,0.0,0.0,317598075.0472438,0.0,317598075.0472438,0.0,0.0,0.0,181484.61431271076,0.0,181484.61431271076,0.0,0.0,27222.69214690661,0.0,27222.69214690661,0.0,0.0,99816537.8719909,0.0,0.0,0.0,0.0,0.0,0.0,3584238.708858094,317598075.0472438,181484.61431271076,27222.69214690661,907423071.5635536,99816537.8719909,97277784.1456628,0.0,0.0,0.0,8742.481666301015,8742.481666301015,7746.092978506212,0.0,996.3886877948034,1.3855583347321956e-13,7746.092978506212,7746.092978506212,0.7085943973623802,1.0,100.0,44589.15025381699,1000000.0
ha/cap_1500,2029-12-01,74806.50343822481,72715.43605831289,8816.159037871974,3.410605131648481e-13,2691.666820738008,1201.3306984462242,0.0,16415.18898526351,0.0,0.0,0.0,0.0,0.0,0.0,0.0,0.0,0.0,1557.457488,52795.99498549005,890845488.1812938,0.0,0.0,0.0,311795920.86345285,0.0,311795920.86345285,0.0,0.0,0.0,178169.09763625878,0.0,178169.09763625878,0.0,0.0,26725.364645438814,0.0,26725.364645438814,0.0,0.0,97993003.69994232,0.0,0.0,0.0,0.0,0.0,0.0,3702042.966500866,311795920.86345285,178169.09763625878,26725.364645438814,890845488.1812938,97993003.69994232,95264949.80666836,0.0,0.0,0.0,8816.159037871974,8816.159037871974,7807.792683166091,0.0,1008.3663547058834,4.050093593832571e-13,7807.792683166091,7807.792683166091,0.7260631008683109,1.0,100.0,43988.55081299093,1000000.0
ha/cap_1500,2030-01-01,73118.90897996609,71978.42534478224,8655.395970809774,4.263256414560601e-13,2638.190480590304,1179.3002455159206,0.0,16123.98933998883,0.0,0.0,0.0,0.0,0.0,0.0,0.0,0.0,0.0,2854.45824,51827.8022272922,871711604.3882047,0.0,0.0,0.0,305099061.5358716,0.0,305099061.5358716,0.0,0.0,0.0,174342.32087764094,0.0,174342.32087764094,0.0,0.0,26151.348131646144,0.0,26151.348131646144,0.0,0.0,95888276.48270252,0.0,0.0,0.0,0.0,0.0,0.0,3701362.455870302,305099061.5358716,174342.32087764094,26151.348131646144,871711604.3882047,95888276.48270252,92984188.82869908,0.0,0.0,0.0,8655.395970809775,8655.395970809774,7664.610452479292,0.0,990.7855183304828,6.021849685566849e-13,7664.610452479292,7664.610452479292,0.7200463469301115,1.0,100.0,42490.84396758447,1000000.0
ha/cap_1500,2030-02-01,63532.20181546544,63864.08660443959,7807.565252599921,2.273736754432321e-13,2390.2970412658583,1064.0805349280515,0.0,14537.76141224711,0.0,0.0,0.0,0.0,0.0,0.0,0.0,0.0,0.0,121.67505599999998,46764.134687376216,793250865.2053671,0.0,0.0,0.0,277637802.8218785,0.0,277637802.8218785,0.0,0.0,0.0,158650.17304107343,0.0,158650.17304107343,0.0,0.0,23797.52595616101,0.0,23797.52595616101,0.0,0.0,87257595.17259037,0.0,0.0,0.0,0.0,0.0,0.0,3343377.5588700874,277637802.8218785,158650.17304107343,23797.52595616101,793250865.2053671,87257595.17259037,84412778.18245326,0.0,0.0,0.0,7807.565252599921,7807.565252599921,6915.76451484695,0.0,891.8007377529709,3.392841563254479e-13,6915.764514846951,6915.764514846951,0.7322446334670565,1.0,100.0,39768.66213734449,1000000.0
ha/cap_1500,2030-03-01,72247.30049631302,73333.33389905193,8963.644355673601,2.273736754432321e-13,2761.3563129770278,1222.229107507369,0.0,16668.526139294994,0.0,0.0,0.0,0.0,0.0,0.0,0.0,0.0,0.0,256.18008000000003,53714.43676128415,921890245.6998732,0.0,0.0,0.0,322661585.99495554,0.0,322661585.99495554,0.0,0.0,0.0,184378.0491399746,0.0,184378.0491399746,0.0,0.0,27656.70737099619,0.0,27656.70737099619,0.0,0.0,101407927.02698603,0.0,0.0,0.0,0.0,0.0,0.0,3703150.286704883,322661585.99495554,184378.0491399746,27656.70737099619,921890245.6998732,101407927.02698603,97867152.94547908,0.0,0.0,0.0,8963.644355673601,8963.644355673601,7943.61743614082,0.0,1020.0269195327812,2.7355895326763857e-13,7943.61743614082,7943.61743614082,0.7324695865488066,1.0,100.0,35921.27242162855,1000000.0
ha/cap_1500,2030-04-01,72818.96915083053,74263.55486509888,9093.58745386618,1.7053025658242404e-13,2837.438689830816,1240.820413498686,0.0,16872.19483057118,0.0,0.0,0.0,0.0,0.0,0.0,0.0,0.0,0.0,110.18678400000002,54531.48613758061,959085374.1891671,0.0,0.0,0.0,335679880.96620846,0.0,335679880.96620846,0.0,0.0,0.0,191817.07483783344,0.0,191817.07483783344,0.0,0.0,28772.561225675014,0.0,28772.561225675014,0.0,0.0,105499391.16080838,0.0,0.0,0.0,0.0,0.0,0.0,3586078.4218830387,335679880.96620846,191817.07483783344,28772.561225675014,959085374.1891671,105499391.16080838,101564921.41912134,0.0,0.0,0.0,9093.58745386618,9093.58745386618,8064.447664717556,0.0,1029.139789148624,1.5631940186722204e-13,8064.447664717557,8064.447664717557,0.7342967386443872,1.0,100.0,31639.248017529382,1000000.0
ha/cap_1500,2030-05-01,81940.70388329084,83136.0758129884,10137.691923628232,2.842170943040401e-13,3151.4290580633933,1391.7666297762703,0.0,18478.43214252032,0.0,0.0,0.0,0.0,0.0,0.0,0.0,0.0,0.0,2443.312272,61165.25957563346,1054410055.3713892,0.0,0.0,0.0,369043519.3799862,0.0,369043519.3799862,0.0,0.0,0.0,210882.01107427783,0.0,210882.01107427783,0.0,0.0,31632.30166114168,0.0,31632.30166114168,0.0,0.0,115985106.0908528,0.0,0.0,0.0,0.0,0.0,0.0,3707864.593376168,369043519.3799862,210882.01107427783,31632.30166114168,1054410055.3713892,115985106.0908528,111384112.03896268,0.0,0.0,0.0,10137.691923628232,10137.691923628232,9045.49040717644,0.0,1092.2015164517916,2.842170943040401e-13,9045.49040717644,9045.49040717644,0.7357246415289375,1.0,100.0,27292.44702976843,1000000.0
ha/cap_1500,2030-06-01,85965.4148540427,85870.19821535354,10229.95045578072,1.1368683772161605e-13,3191.1286147247297,1406.0443469712422,0.0,18583.74433342038,0.0,0.0,0.0,0.0,0.0,0.0,0.0,0.0,0.0,7333.374912,61792.73566228048,1070216626.2544702,0.0,0.0,0.0,374575819.18906456,0.0,374575819.18906456,0.0,0.0,0.0,214043.3252508941,0.0,214043.3252508941,0.0,0.0,32106.498787634107,0.0,32106.498787634107,0.0,0.0,117723828.88799173,0.0,0.0,0.0,0.0,0.0,0.0,3590028.420277589,374575819.18906456,214043.3252508941,32106.498787634107,1070216626.2544702,117723828.88799173,112775544.24967287,0.0,0.0,0.0,10229.95045578072,10229.95045578072,9138.285385271478,0.0,1091.665070509241,1.1368683772161605e-13,9138.285385271478,9138.285385271478,0.7196063005154678,1.0,100.0,24196.53505373288,1000000.0
ha/cap_1500,2030-07-01,93063.1249127802,91775.78420943864,10764.04771448833,3.0818182494390958,3372.331684204494,1480.0635451549404,0.0,19518.092341977623,0.0,0.0,0.0,0.0,0.0,0.0,0.0,0.0,0.0,11187.732096,65040.36444216719,1135572141.4711573,0.0,0.0,0.0,397450249.514905,0.0,397450249.514905,0.0,0.0,0.0,227114.42829423147,0.0,227114.42829423147,0.0,0.0,34067.16424413472,0.0,34067.16424413472,0.0,0.0,124912935.5618273,0.0,0.0,0.0,0.0,0.0,0.0,3710753.5473895352,397450249.514905,227114.42829423147,34067.16424413472,1135572141.4711573,124912935.5618273,119368851.20563535,0.0,0.0,0.0,10764.04771448833,10764.04771448833,9619.455523943723,0.0,1144.5921905446066,1.1368683772161605e-13,9619.455523943723,9619.455523943723,0.7086876456837528,1.0,100.0,22111.544072869958,1000000.0
ha/cap_1500,2030-08-01,89234.93569238513,87003.18615114101,10574.71096625476,4.891866185827212,3310.1331618078284,1453.1133434325752,0.0,19198.34456747703,0.0,0.0,0.0,0.0,0.0,0.0,0.0,0.0,0.0,3577.883952,63852.80987827441,1114390324.1008484,0.0,0.0,0.0,390036613.4352969,0.0,390036613.4352969,0.0,0.0,0.0,222878.0648201697,0.0,222878.0648201697,0.0,0.0,33431.70972302545,0.0,33431.70972302545,0.0,0.0,122582935.65109332,0.0,0.0,0.0,0.0,0.0,0.0,3710000.333506792,390036613.4352969,222878.0648201697,33431.70972302545,1114390324.1008484,122582935.65109332,116849264.84253366,0.0,0.0,0.0,10574.71096625476,10574.71096625476,9444.35607885127,0.0,1130.3548874034925,2.273736754432321e-13,9444.35607885127,9444.35607885127,0.7339134657361857,1.0,100.0,21033.16045230624,1000000.0
ha/cap_1500,2030-09-01,83008.71865330794,80250.81404382165,9899.013237393086,1.7053025658242404e-13,3080.564666793595,1359.1694234454285,0.0,18029.351188188048,0.0,0.0,0.0,0.0,0.0,0.0,0.0,0.0,0.0,309.84792,59732.67990027012,1031714264.2318476,0.0,0.0,0.0,361099992.4811466,0.0,361099992.4811466,0.0,0.0,0.0,206342.85284636955,0.0,206342.85284636955,0.0,0.0,30951.427926955428,0.0,30951.427926955428,0.0,0.0,113488569.06550324,0.0,0.0,0.0,0.0,0.0,0.0,3588658.881355041,361099992.4811466,206342.85284636955,30951.427926955428,1031714264.2318476,113488569.06550324,107914247.44148456,0.0,0.0,0.0,9899.013237393086,9899.013237393086,8833.631816189974,0.0,1065.3814212031111,1.7053025658242404e-13,8833.631816189974,8833.631816189974,0.7443249094975232,1.0,100.0,20710.50039499893,1000000.0
ha/cap_1500,2030-10-01,81276.61810746799,77483.71737875871,9433.041141779306,5.115907697472721e-13,2957.386163766278,1287.0486439021456,0.0,17490.45332432654,0.0,0.0,0.0,0.0,0.0,0.0,0.0,0.0,0.0,1228.154976,56563.12107684075,1004499521.1649792,0.0,0.0,0.0,351574832.4077427,0.0,351574832.4077427,0.0,0.0,0.0,200899.90423299585,0.0,200899.90423299585,0.0,0.0,30134.98563494938,0.0,30134.98563494938,0.0,0.0,110494947.32814772,0.0,0.0,0.0,0.0,0.0,0.0,3706094.74155829,351574832.4077427,200899.90423299585,30134.98563494938,1004499521.1649792,110494947.32814772,104809090.51782808,0.0,0.0,0.0,9433.041141779308,9433.041141779306,8364.898189761727,0.0,1068.1429520175802,4.689582056016661e-13,8364.898189761727,8364.898189761727,0.7300000953793537,1.0,99.99999999999996,21546.01495994195,1000000.0
ha/cap_1500,2030-11-01,74236.27649865032,70897.28079050583,8669.49439921675,2.842170943040401e-13,2685.0899373575903,1181.9476515232182,0.0,16110.825070462352,0.0,0.0,0.0,0.0,0.0,0.0,0.0,0.0,0.0,254.41910399999995,51944.150235768655,901533831.1236752,0.0,0.0,0.0,315536840.8932863,0.0,315536840.8932863,0.0,0.0,0.0,180306.76622473504,0.0,180306.76622473504,0.0,0.0,27046.014933710256,0.0,27046.014933710256,0.0,0.0,99168721.42360426,0.0,0.0,0.0,0.0,0.0,0.0,3584029.917807376,315536840.8932863,180306.76622473504,27046.014933710256,901533831.1236752,99168721.42360426,93833357.97934715,0.0,0.0,0.0,8669.49439921675,8669.49439921675,7681.816703247614,0.0,987.6776959691356,3.3040237212844664e-13,7681.816703247614,7681.816703247614,0.7326677364292472,1.0,100.0,22199.92073072884,1000000.0
ha/cap_1500,2030-12-01,73278.97751957204,71026.7208822292,8634.838974120486,1.4210854715202006e-13,2650.4532616973383,1176.7452704953007,0.0,16073.241336544545,0.0,0.0,0.0,0.0,0.0,0.0,0.0,0.0,0.0,1087.276896,51715.51636915908,882050534.7172204,0.0,0.0,0.0,308717687.15102714,0.0,308717687.15102714,0.0,0.0,0.0,176410.1069434441,0.0,176410.1069434441,0.0,0.0,26461.516041516614,0.0,26461.516041516614,0.0,0.0,97025558.81889424,0.0,0.0,0.0,0.0,0.0,0.0,3701733.223084696,308717687.15102714,176410.1069434441,26461.516041516614,882050534.7172204,97025558.81889424,91578859.1809327,0.0,0.0,0.0,8634.838974120486,8634.838974120486,7648.004937197389,0.0,986.834036923098,2.113864638886298e-13,7648.004937197389,7648.004937197389,0.728113528638181,1.0,100.0,21801.72410637435,1000000.0
ha/cap_1750,2029-01-01,72668.54736275793,71808.27415142818,8848.970771888055,3.410605131648481e-13,2866.265043457044,1200.373249398997,0.0,16334.462039349868,0.0,0.0,0.0,0.0,0.0,0.0,0.0,0.0,0.0,90.816048,52753.91708374186,1010365658.3448292,0.0,0.0,0.0,353627980.42069024,0.0,353627980.42069024,0.0,0.0,0.0,202073.13166896589,0.0,202073.13166896589,0.0,0.0,30310.96975034488,0.0,30310.96975034488,0.0,0.0,111140222.41793124,0.0,0.0,0.0,0.0,0.0,0.0,3706322.160631812,353627980.42069024,202073.13166896589,30310.96975034488,1010365658.3448292,111140222.41793124,111005815.65324636,0.0,0.0,0.0,8848.970771888055,8848.970771888055,7801.569947265712,0.0,1047.4008246223425,4.760636329592671e-13,7801.569947265712,7801.569947265712,0.7346495610310202,1.0,100.0,63896.00816787272,1000000.0
ha/cap_1750,2029-02-01,66943.39372524153,67161.28312533042,8098.620745818642,1.9895196601282805e-13,2636.7294964174885,1106.6647058463905,0.0,14960.37849811058,0.0,0.0,0.0,0.0,0.0,0.0,0.0,0.0,0.0,2709.38736,48635.6207629204,927532893.4849153,0.0,0.0,0.0,324636512.7197203,0.0,324636512.7197203,0.0,0.0,0.0,185506.57869698305,0.0,185506.57869698305,0.0,0.0,27825.986804547458,0.0,27825.986804547458,0.0,0.0,102028618.28334068,0.0,0.0,0.0,0.0,0.0,0.0,3348177.1568266656,324636512.7197203,185506.57869698305,27825.986804547458,927532893.4849153,102028618.28334068,101661405.65022978,0.0,0.0,0.0,8098.620745818642,8098.620745818642,7192.53125238636,0.0,906.0894934322818,2.3447910280083306e-13,7192.53125238636,7192.53125238636,0.7241615779162666,1.0,100.0,61041.38927136636,1000000.0
ha/cap_1750,2029-03-01,74828.49360082146,75936.51804534376,9287.789880403172,2.842170943040401e-13,3047.553627302586,1270.0506740214691,0.0,17131.333868565038,0.0,0.0,0.0,0.0,0.0,0.0,0.0,0.0,0.0,671.351136,55816.09552114287,1079117993.4860802,0.0,0.0,0.0,377691297.72012806,0.0,377691297.72012806,0.0,0.0,0.0,215823.59869721608,0.0,215823.59869721608,0.0,0.0,32373.539804582408,0.0,32373.539804582408,0.0,0.0,118702979.28346884,0.0,0.0,0.0,0.0,0.0,0.0,3708770.482901674,377691297.72012806,215823.59869721608,32373.539804582408,1079117993.4860802,118702979.28346884,117992165.57052746,0.0,0.0,0.0,9287.789880403172,9287.789880403172,8254.423509447075,0.0,1033.3663709560965,2.664535259100376e-13,8254.423509447077,8254.423509447077,0.7350362771152288,1.0,100.0,56885.81119954148,1000000.0
ha/cap_1750,2029-04-01,74572.54974107143,75774.32962260551,9309.954888563456,5.684341886080803e-14,3098.0001966517616,1273.9414636863885,0.0,17132.41377961188,0.0,0.0,0.0,0.0,0.0,0.0,0.0,0.0,0.0,43.437408,55987.08766502495,1110379399.1157954,0.0,0.0,0.0,388632789.69052833,0.0,388632789.69052833,0.0,0.0,0.0,222075.87982315908,0.0,222075.87982315908,0.0,0.0,33311.381973473864,0.0,33311.381973473864,0.0,0.0,122141733.90273748,0.0,0.0,0.0,0.0,0.0,0.0,3591489.234318651,388632789.69052833,222075.87982315908,33311.381973473864,1110379399.1157954,122141733.90273748,121111894.82767726,0.0,0.0,0.0,9309.954888563456,9309.954888563456,8279.710867138663,0.0,1030.2440214247918,5.329070518200752e-14,8279.710867138663,8279.710867138663,0.7388661561754352,1.0,100.0,52586.031121355634,1000000.0
ha/cap_1750,2029-05-01,83923.63689684677,85018.45459675527,10458.226663499643,1.1368683772161605e-13,3462.6696729876357,1439.4039770511802,0.0,18916.91512320963,0.0,0.0,0.0,0.0,0.0,0.0,0.0,0.0,0.0,1329.872304,63258.82228164032,1228814520.5845766,0.0,0.0,0.0,430085082.20460176,0.0,430085082.20460176,0.0,0.0,0.0,245762.9041169153,0.0,245762.9041169153,0.0,0.0,36864.435617537296,0.0,36864.435617537296,0.0,0.0,135169597.26430342,0.0,0.0,0.0,0.0,0.0,0.0,3714099.894515909,430085082.20460176,245762.9041169153,36864.435617537296,1228814520.5845766,135169597.26430342,133699282.28719395,0.0,0.0,0.0,10458.226663499643,10458.226663499643,9355.099186823496,0.0,1103.1274766761478,1.1191048088221579e-13,9355.099186823498,9355.099186823498,0.7440598936040245,1.0,100.0,48028.54374845952,1000000.0
ha/cap_1750,2029-06-01,87200.63169045134,87521.60969113682,10470.084729134742,31.863724375379604,3488.2746444929344,1442.2156227121106,0.0,18841.68525291488,0.0,0.0,0.0,0.0,0.0,0.0,0.0,0.0,0.0,7377.483168000001,63302.534736025205,1244504902.4938056,0.0,0.0,0.0,435576715.872832,0.0,435576715.872832,0.0,0.0,0.0,248900.98049876117,0.0,248900.98049876117,0.0,0.0,37335.14707481417,0.0,37335.14707481417,0.0,0.0,136895539.27431864,0.0,0.0,0.0,0.0,0.0,0.0,3596262.1982560824,435576715.872832,248900.98049876117,37335.14707481417,1244504902.4938056,136895539.27431864,135072815.20694214,0.0,0.0,0.0,10470.084729134742,10470.084729134742,9375.107754869312,0.0,1094.97697426543,5.684341886080803e-14,9375.107754869312,9375.107754869312,0.7232789131669245,1.0,100.0,44219.29110328111,1000000.0
ha/cap_1750,2029-07-01,92186.92280151632,91447.95187933228,11044.316879336848,81.60229315691623,3684.352430665964,1521.3631632348802,0.0,19766.05957517833,0.0,0.0,0.0,0.0,0.0,0.0,0.0,0.0,0.0,6388.317792,66598.8118749385,1316896642.8281198,0.0,0.0,0.0,460913824.9898418,0.0,460913824.9898418,0.0,0.0,0.0,263379.328565624,0.0,263379.328565624,0.0,0.0,39506.89928484359,0.0,39506.89928484359,0.0,0.0,144858630.71109316,0.0,0.0,0.0,0.0,0.0,0.0,3717239.0670477534,460913824.9898418,263379.328565624,39506.89928484359,1316896642.8281198,144858630.71109316,142578889.38531676,0.0,0.0,0.0,11044.316879336848,11044.316879336848,9893.91249852727,0.0,1150.4043808095776,5.684341886080803e-14,9893.91249852727,9893.91249852727,0.7282701307823405,1.0,100.0,41273.9095947992,1000000.0
ha/cap_1750,2029-08-01,94580.27381191228,92349.35222956874,10958.433674570742,47.84689672293467,3652.4356796025727,1509.6148284060782,0.0,19681.44257203348,0.0,0.0,0.0,0.0,0.0,0.0,0.0,0.0,0.0,9669.267648,66217.99126350557,1303683098.4667575,0.0,0.0,0.0,456289084.46336514,0.0,456289084.46336514,0.0,0.0,0.0,260736.61969335156,0.0,260736.61969335156,0.0,0.0,39110.49295400273,0.0,39110.49295400273,0.0,0.0,143405140.83134335,0.0,0.0,0.0,0.0,0.0,0.0,3716767.623385736,456289084.46336514,260736.61969335156,39110.49295400273,1303683098.4667575,143405140.83134335,140795522.30895418,0.0,0.0,0.0,10958.433674570742,10958.433674570742,9814.21772763232,0.0,1144.215946938421,3.410605131648481e-13,9814.21772763232,9814.21772763232,0.7170379614455341,1.0,100.0,39852.395497540165,1000000.0
ha/cap_1750,2029-09-01,86475.40081569224,83705.11245096748,10200.74239119074,2.842170943040401e-13,3378.2973060723502,1403.8277066467967,0.0,18439.423271680804,0.0,0.0,0.0,0.0,0.0,0.0,0.0,0.0,0.0,3194.158896,61695.31891299952,1199264000.8466077,0.0,0.0,0.0,419742400.2963127,0.0,419742400.2963127,0.0,0.0,0.0,239852.8001693216,0.0,239852.8001693216,0.0,0.0,35977.920025398234,0.0,35977.920025398234,0.0,0.0,131919040.09312683,0.0,0.0,0.0,0.0,0.0,0.0,3594649.29899092,419742400.2963127,239852.8001693216,35977.920025398234,1199264000.8466077,131919040.09312683,129199650.63679284,0.0,0.0,0.0,10200.74239119074,10200.74239119074,9123.878804195345,0.0,1076.8635869953966,2.842170943040401e-13,9123.878804195345,9123.878804195345,0.7370555645467798,1.0,100.0,39244.38655619256,1000000.0
ha/cap_1750,2029-10-01,84624.90993851829,80453.503258972,9772.238855245156,5.684341886080803e-14,3262.787547664078,1337.3961187793118,0.0,17971.00183035666,0.0,0.0,0.0,0.0,0.0,0.0,0.0,0.0,0.0,2229.563328,58775.78827546052,1172810945.408711,0.0,0.0,0.0,410483830.8930488,0.0,410483830.8930488,0.0,0.0,0.0,234562.1890817422,0.0,234562.1890817422,0.0,0.0,35184.32836226133,0.0,35184.32836226133,0.0,0.0,129009203.9949582,0.0,0.0,0.0,0.0,0.0,0.0,3712111.3352486114,410483830.8930488,234562.1890817422,35184.32836226133,1172810945.408711,129009203.9949582,126038858.12948456,0.0,0.0,0.0,9772.238855245156,9772.238855245156,8692.120865807763,0.0,1080.1179894373925,5.329070518200752e-14,8692.120865807763,8692.120865807763,0.7305559844456614,1.0,100.0,40153.0056880748,1000000.0
ha/cap_1750,2029-11-01,79429.78178537758,75988.89354533462,9022.808510684516,1.7053025658242404e-13,2974.0339963997826,1233.4954855974206,0.0,16631.04900487697,0.0,0.0,0.0,0.0,0.0,0.0,0.0,0.0,0.0,5892.896544,54209.57073389995,1057715015.4949723,0.0,0.0,0.0,370200255.4232403,0.0,370200255.4232403,0.0,0.0,0.0,211543.0030989945,0.0,211543.0030989945,0.0,0.0,31731.45046484917,0.0,31731.45046484917,0.0,0.0,116348651.70444696,0.0,0.0,0.0,0.0,0.0,0.0,3589611.8270011107,370200255.4232403,211543.0030989945,31731.45046484917,1057715015.4949723,116348651.70444696,113389417.21037044,0.0,0.0,0.0,9022.808510684516,9022.808510684516,8016.84085791058,0.0,1005.9676527739372,1.5987211554602254e-13,8016.84085791058,8016.84085791058,0.7133880782401282,1.0,100.0,40619.85993171796,1000000.0
ha/cap_1750,2029-12-01,76788.7367623105,74746.89177473326,9091.305694183971,1.4210854715202006e-13,2955.608568954846,1242.221164959877,0.0,16793.19538525606,0.0,0.0,0.0,0.0,0.0,0.0,0.0,0.0,0.0,1557.457488,54593.04626187994,1038360177.0750452,0.0,0.0,0.0,363426061.97626585,0.0,363426061.97626585,0.0,0.0,0.0,207672.03541500907,0.0,207672.03541500907,0.0,0.0,31150.80531225136,0.0,31150.80531225136,0.0,0.0,114219619.478255,0.0,0.0,0.0,0.0,0.0,0.0,3707316.7942510103,363426061.97626585,207672.03541500907,31150.80531225136,1038360177.0750452,114219619.478255,111039828.58535507,0.0,0.0,0.0,9091.30569418397,9091.30569418397,8073.551550120439,0.0,1017.7541440635308,1.8118839761882557e-13,8073.55155012044,8073.55155012044,0.7303721260598834,1.0,100.0,39706.096350340384,1000000.0
ha/cap_1750,2030-01-01,75058.57431811336,73966.25450317221,8924.62534927807,1.1368683772161605e-13,2896.4578333547256,1219.312974081888,0.0,16493.868154717013,0.0,0.0,0.0,0.0,0.0,0.0,0.0,0.0,0.0,2854.45824,53586.27873959383,1016053860.16337,0.0,0.0,0.0,355618851.05717945,0.0,355618851.05717945,0.0,0.0,0.0,203210.772032674,0.0,203210.772032674,0.0,0.0,30481.6158049011,0.0,30481.6158049011,0.0,0.0,111765924.61797068,0.0,0.0,0.0,0.0,0.0,0.0,3706522.865182019,355618851.05717945,203210.772032674,30481.6158049011,1016053860.16337,111765924.61797068,108380964.26650548,0.0,0.0,0.0,8924.62534927807,8924.62534927807,7924.664648825841,0.0,999.9607004522298,1.6875389974302382e-13,7924.664648825841,7924.664648825841,0.7244692745297203,1.0,100.0,37901.958331926806,1000000.0
ha/cap_1750,2030-02-01,65297.47115569009,65673.1877029066,8052.578978033242,1.9895196601282805e-13,2625.3367518869545,1100.4961050784143,0.0,14874.373633195648,0.0,0.0,0.0,0.0,0.0,0.0,0.0,0.0,0.0,121.67505599999998,48364.523540786,924610359.1325072,0.0,0.0,0.0,323613625.6963775,0.0,323613625.6963775,0.0,0.0,0.0,184922.07182650143,0.0,184922.07182650143,0.0,0.0,27738.310773975216,0.0,27738.310773975216,0.0,0.0,101707139.5045758,0.0,0.0,0.0,0.0,0.0,0.0,3348073.8186817686,323613625.6963775,184922.07182650143,27738.310773975216,924610359.1325072,101707139.5045758,98391230.47389494,0.0,0.0,0.0,8052.578978033242,8052.578978033242,7152.439747188109,0.0,900.1392308451327,2.291500322826323e-13,7152.439747188109,7152.439747188109,0.7364424544089164,1.0,100.0,34900.90503282337,1000000.0
ha/cap_1750,2030-03-01,74298.97568323804,75435.95397640677,9248.419548285869,1.1368683772161605e-13,3034.5368181369645,1264.5525111288057,0.0,17059.76274334382,0.0,0.0,0.0,0.0,0.0,0.0,0.0,0.0,0.0,256.18008000000003,55574.46265445103,1074567097.2632034,0.0,0.0,0.0,376098484.0421212,0.0,376098484.0421212,0.0,0.0,0.0,214913.4194526407,0.0,214913.4194526407,0.0,0.0,32237.012917896107,0.0,32237.012917896107,0.0,0.0,118202380.69895238,0.0,0.0,0.0,0.0,0.0,0.0,3708608.6678223633,376098484.0421212,214913.4194526407,32237.012917896107,1074567097.2632034,118202380.69895238,114075208.62474282,0.0,0.0,0.0,9248.419548285869,9248.419548285869,8218.689372244291,0.0,1029.7301760415785,1.0658141036401505e-13,8218.689372244291,8218.689372244291,0.7367105435139377,1.0,100.0,30729.38992151768,1000000.0
ha/cap_1750,2030-04-01,74954.06416451075,76451.66075726385,9389.911246177213,2.273736754432321e-13,3121.7043205485697,1284.8659810278832,0.0,17279.303690631135,0.0,0.0,0.0,0.0,0.0,0.0,0.0,0.0,0.0,110.18678400000002,56467.19756609252,1117953803.0444632,0.0,0.0,0.0,391283831.0655621,0.0,391283831.0655621,0.0,0.0,0.0,223590.76060889263,0.0,223590.76060889263,0.0,0.0,33538.6140913339,0.0,33538.6140913339,0.0,0.0,122974918.33489096,0.0,0.0,0.0,0.0,0.0,0.0,3591758.158863545,391283831.0655621,223590.76060889263,33538.6140913339,1117953803.0444632,122974918.33489096,118388719.85591266,0.0,0.0,0.0,9389.911246177213,9389.911246177213,8350.71243787715,0.0,1039.1988083000615,2.131628207280301e-13,8350.71243787715,8350.71243787715,0.7386000121747185,1.0,100.0,26110.089008216008,1000000.0
ha/cap_1750,2030-05-01,84287.83999681292,85541.49018287341,10463.459660899603,1.7053025658242404e-13,3463.9370599121157,1440.1857896637675,0.0,18925.989806162142,0.0,0.0,0.0,0.0,0.0,0.0,0.0,0.0,0.0,2443.312272,63293.18132601264,1229064294.875876,0.0,0.0,0.0,430172503.2065566,0.0,430172503.2065566,0.0,0.0,0.0,245812.8589751752,0.0,245812.8589751752,0.0,0.0,36871.928846276285,0.0,36871.928846276285,0.0,0.0,135197072.43634635,0.0,0.0,0.0,0.0,0.0,0.0,3714108.692272196,430172503.2065566,245812.8589751752,36871.928846276285,1229064294.875876,135197072.43634635,129833961.28968704,0.0,0.0,0.0,10463.459660899603,10463.459660899603,9360.180411172514,0.0,1103.2792497270902,1.7053025658242404e-13,9360.180411172514,9360.180411172514,0.7399120729683618,1.0,100.0,21392.501762243417,1000000.0
ha/cap_1750,2030-06-01,88128.05764386615,88143.21023495485,10560.620865077506,51.21390934606183,3506.456363888032,1454.6783460987208,0.0,18969.59229218508,0.0,0.0,0.0,0.0,0.0,0.0,0.0,0.0,0.0,7333.374912,63784.049753009625,1247476061.0899358,0.0,0.0,0.0,436616621.3814775,0.0,436616621.3814775,0.0,0.0,0.0,249495.21221798717,0.0,249495.21221798717,0.0,0.0,37424.28183269807,0.0,37424.28183269807,0.0,0.0,137222366.71989292,0.0,0.0,0.0,0.0,0.0,0.0,3596366.490323854,436616621.3814775,249495.21221798717,37424.28183269807,1247476061.0899358,137222366.71989292,131454501.51143992,0.0,0.0,0.0,10560.620865077506,10560.620865077506,9457.682187670058,0.0,1102.9386774074485,1.7053025658242404e-13,9457.682187670058,9457.682187670058,0.7236411016003007,1.0,100.0,17870.89280726669,1000000.0
ha/cap_1750,2030-07-01,95039.2581763331,93932.2280642222,11114.935916903052,120.62022465194563,3704.204718967648,1530.8664704447106,0.0,19831.00765847917,0.0,0.0,0.0,0.0,0.0,0.0,0.0,0.0,0.0,11187.732096,66897.91986448552,1323636733.6260276,0.0,0.0,0.0,463272856.7691096,0.0,463272856.7691096,0.0,0.0,0.0,264727.34672520554,0.0,264727.34672520554,0.0,0.0,39709.10200878083,0.0,39709.10200878083,0.0,0.0,145600040.69886303,0.0,0.0,0.0,0.0,0.0,0.0,3717479.138621124,463272856.7691096,264727.34672520554,39709.10200878083,1323636733.6260276,145600040.69886303,139137787.82795554,0.0,0.0,0.0,11114.935916903052,11114.935916903052,9958.413853107675,0.0,1156.5220637953744,3.410605131648481e-13,9958.413853107675,9958.413853107675,0.7121934744137751,1.0,100.0,15273.71820040994,1000000.0
ha/cap_1750,2030-08-01,91500.85364226626,89378.2688546765,10919.049710630556,52.45610105183857,3638.606498503121,1503.7695327620625,0.0,19605.15453235632,0.0,0.0,0.0,0.0,0.0,0.0,0.0,0.0,0.0,3577.883952,65934.51719777213,1298978511.732557,0.0,0.0,0.0,454642479.10639495,0.0,454642479.10639495,0.0,0.0,0.0,259795.70234651145,0.0,259795.70234651145,0.0,0.0,38969.35535197672,0.0,38969.35535197672,0.0,0.0,142887636.2905813,0.0,0.0,0.0,0.0,0.0,0.0,3716600.389091257,454642479.10639495,259795.70234651145,38969.35535197672,1298978511.732557,142887636.2905813,136204237.3724064,0.0,0.0,0.0,10919.049710630556,10919.049710630556,9776.921810793148,0.0,1142.127899837408,1.1368683772161605e-13,9776.921810793148,9776.921810793148,0.7377018826016596,1.0,100.0,13757.696489496584,1000000.0
ha/cap_1750,2030-09-01,85305.3030764886,82604.4233935546,10217.7750269586,1.1368683772161605e-13,3386.349585423059,1406.545299425243,0.0,18467.28154797468,0.0,0.0,0.0,0.0,0.0,0.0,0.0,0.0,0.0,309.84792,61814.75148463781,1202612392.2394056,0.0,0.0,0.0,420914337.283792,0.0,420914337.283792,0.0,0.0,0.0,240522.47844788115,0.0,240522.47844788115,0.0,0.0,36078.37176718217,0.0,36078.37176718217,0.0,0.0,132287363.14633463,0.0,0.0,0.0,0.0,0.0,0.0,3594768.694914215,420914337.283792,240522.47844788115,36078.37176718217,1202612392.2394056,132287363.14633463,125789684.54522891,0.0,0.0,0.0,10217.7750269586,10217.7750269586,9141.54121891497,0.0,1076.2338080436298,1.1368683772161605e-13,9141.54121891497,9141.54121891497,0.7483225346193875,1.0,100.0,13072.226587007526,1000000.0
ha/cap_1750,2030-10-01,83512.58898641134,79775.21341123716,9743.419398742524,2.273736754432321e-13,3255.122263341378,1333.172840837952,0.0,17916.859834438077,0.0,0.0,0.0,0.0,0.0,0.0,0.0,0.0,0.0,1228.154976,58590.18396075954,1170902963.1518812,0.0,0.0,0.0,409816037.1031584,0.0,409816037.1031584,0.0,0.0,0.0,234180.59263037625,0.0,234180.59263037625,0.0,0.0,35127.08889455644,0.0,35127.08889455644,0.0,0.0,128799325.94670692,0.0,0.0,0.0,0.0,0.0,0.0,3712043.865151338,409816037.1031584,234180.59263037625,35127.08889455644,1170902963.1518812,128799325.94670692,122171561.744417,0.0,0.0,0.0,9743.419398742524,9743.419398742524,8664.67257146868,0.0,1078.7468272738436,2.131628207280301e-13,8664.672571468682,8664.672571468682,0.7344409554723487,1.0,100.0,13554.479898840322,1000000.0
ha/cap_1750,2030-11-01,76242.58152628009,72953.41013472485,8948.00573241954,1.1368683772161605e-13,2952.254130416296,1223.3336579702943,0.0,16493.449118278193,0.0,0.0,0.0,0.0,0.0,0.0,0.0,0.0,0.0,254.41910399999995,53762.979465451484,1050852417.7933276,0.0,0.0,0.0,367798346.2276646,0.0,367798346.2276646,0.0,0.0,0.0,210170.4835586655,0.0,210170.4835586655,0.0,0.0,31525.572533799823,0.0,31525.572533799823,0.0,0.0,115593765.95726602,0.0,0.0,0.0,0.0,0.0,0.0,3589368.237441939,367798346.2276646,210170.4835586655,31525.572533799823,1050852417.7933276,115593765.95726602,109374721.34780452,0.0,0.0,0.0,8948.00573241954,8948.00573241954,7950.796226322216,0.0,997.2095060973248,1.0658141036401505e-13,7950.796226322216,7950.796226322216,0.7369495047067173,1.0,100.0,13891.397159979271,1000000.0
ha/cap_1750,2030-12-01,75241.91034229186,73038.39427419187,8907.292303140568,1.9895196601282805e-13,2911.814551293956,1217.238222524157,0.0,16447.550522987887,0.0,0.0,0.0,0.0,0.0,0.0,0.0,0.0,0.0,1087.276896,53495.09770761006,1028121253.2717406,0.0,0.0,0.0,359842438.6451092,0.0,359842438.6451092,0.0,0.0,0.0,205624.2506543481,0.0,205624.2506543481,0.0,0.0,30843.637598152214,0.0,30843.637598152214,0.0,0.0,113093337.85989146,0.0,0.0,0.0,0.0,0.0,0.0,3706955.4269321454,359842438.6451092,205624.2506543481,30843.637598152214,1028121253.2717406,113093337.85989146,106744645.7835629,0.0,0.0,0.0,8907.292303140568,8907.292303140568,7911.180243530287,0.0,996.1120596102812,2.664535259100376e-13,7911.180243530287,7911.180243530287,0.7324243398175658,1.0,100.0,13183.098676785288,1000000.0
ha/cap_2000,2029-01-01,74599.1771377971,73786.8001406431,9116.704267872065,2.273736754432321e-13,3123.151320685456,1240.2101653197658,0.0,16702.336085524767,0.0,0.0,0.0,0.0,0.0,0.0,0.0,0.0,0.0,90.816048,54504.666994578736,1153906031.0668912,0.0,0.0,0.0,403867110.87341183,0.0,403867110.87341183,0.0,0.0,0.0,230781.20621337823,0.0,230781.20621337823,0.0,0.0,34617.18093200673,0.0,34617.18093200673,0.0,0.0,126929663.41735804,0.0,0.0,0.0,0.0,0.0,0.0,3711453.897864928,403867110.87341183,230781.20621337823,34617.18093200673,1153906031.0668912,126929663.41735804,126776161.97786324,0.0,0.0,0.0,9116.704267872065,9116.704267872065,8060.481486817956,0.0,1056.2227810541056,2.131628207280301e-13,8060.481486817956,8060.481486817956,0.7386777430473853,1.0,100.0,63591.22567646855,1000000.0
ha/cap_2000,2029-02-01,68714.1935234159,68976.05246594035,8344.404666649876,1.7053025658242404e-13,2872.507472789178,1143.1942501226354,0.0,15298.04831391576,0.0,0.0,0.0,0.0,0.0,0.0,0.0,0.0,0.0,2709.38736,50241.01854300318,1059305312.032269,0.0,0.0,0.0,370756859.2112941,0.0,370756859.2112941,0.0,0.0,0.0,211861.0624064538,0.0,211861.0624064538,0.0,0.0,31779.15936096807,0.0,31779.15936096807,0.0,0.0,116523584.32354958,0.0,0.0,0.0,0.0,0.0,0.0,3352888.179230475,370756859.2112941,211861.0624064538,31779.15936096807,1059305312.032269,116523584.32354958,116104202.23525389,0.0,0.0,0.0,8344.404666649876,8344.404666649876,7429.947235252983,0.0,914.4574313968936,1.5987211554602254e-13,7429.947235252983,7429.947235252983,0.7283835004592597,1.0,100.0,60456.85926115495,1000000.0
ha/cap_2000,2029-03-01,76888.87439670866,78048.05948509988,9573.771106175054,1.7053025658242404e-13,3321.8915782852705,1312.5537644776794,0.0,17524.22785611851,0.0,0.0,0.0,0.0,0.0,0.0,0.0,0.0,0.0,671.351136,57684.018278378855,1232441438.0117078,0.0,0.0,0.0,431354503.30409765,0.0,431354503.30409765,0.0,0.0,0.0,246488.2876023416,0.0,246488.2876023416,0.0,0.0,36973.24314035123,0.0,36973.24314035123,0.0,0.0,135568558.18128783,0.0,0.0,0.0,0.0,0.0,0.0,3714251.980459057,431354503.30409765,246488.2876023416,36973.24314035123,1232441438.0117078,135568558.18128783,134756750.35066837,0.0,0.0,0.0,9573.771106175054,9573.771106175054,8530.6632818138,0.0,1043.1078243612528,1.5987211554602254e-13,8530.6632818138,8530.6632818138,0.7390833117303998,1.0,100.0,55975.782594478485,1000000.0
ha/cap_2000,2029-04-01,76693.20978589797,77947.64197985691,9604.27434407252,1.7053025658242404e-13,3380.343263563095,1317.6892890647323,0.0,17536.76914918122,0.0,0.0,0.0,0.0,0.0,0.0,0.0,0.0,0.0,43.437408,57909.71394294199,1268173240.9028811,0.0,0.0,0.0,443860634.3160084,0.0,443860634.3160084,0.0,0.0,0.0,253634.64818057625,0.0,253634.64818057625,0.0,0.0,38045.19722708644,0.0,38045.19722708644,0.0,0.0,139499056.49931693,0.0,0.0,0.0,0.0,0.0,0.0,3597130.553507029,443860634.3160084,253634.64818057625,38045.19722708644,1268173240.9028811,139499056.49931693,138322868.3225899,0.0,0.0,0.0,9604.27434407252,9604.27434407252,8564.040528684187,0.0,1040.2338153883336,1.5987211554602254e-13,8564.040528684187,8564.040528684187,0.7429309273769553,1.0,100.0,51341.00713695645,1000000.0
ha/cap_2000,2029-05-01,86197.81150836954,87375.42230965907,10783.92882971388,24.52657535982644,3774.5037334273816,1487.692928210858,0.0,19339.855820438785,0.0,0.0,0.0,0.0,0.0,0.0,0.0,0.0,0.0,1329.872304,65338.35139236198,1403425265.7205372,0.0,0.0,0.0,491198843.002188,0.0,491198843.002188,0.0,0.0,0.0,280685.05314410746,0.0,280685.05314410746,0.0,0.0,42102.75797161612,0.0,42102.75797161612,0.0,0.0,154376779.2292591,0.0,0.0,0.0,0.0,0.0,0.0,3720342.7365896106,491198843.002188,280685.05314410746,42102.75797161612,1403425265.7205372,154376779.2292591,152697536.89834663,0.0,0.0,0.0,10783.92882971388,10783.92882971388,9669.724012666851,0.0,1114.204817047026,1.1191048088221579e-13,9669.724012666857,9669.724012666857,0.7477886763259631,1.0,100.0,46388.892602239546,1000000.0
ha/cap_2000,2029-06-01,88848.66843038467,89317.38205527485,10799.977833296847,120.58308423862525,3798.407798928953,1489.0435967469375,0.0,19088.546463154253,0.0,0.0,0.0,0.0,0.0,0.0,0.0,0.0,0.0,7377.483168000001,64817.26855027872,1421300706.60122,0.0,0.0,0.0,497455247.310427,0.0,497455247.310427,0.0,0.0,0.0,284260.14132024406,0.0,284260.14132024406,0.0,0.0,42639.02119803661,0.0,42639.02119803661,0.0,0.0,156343077.7261342,0.0,0.0,0.0,0.0,0.0,0.0,3602585.3694355227,497455247.310427,284260.14132024406,42639.02119803661,1421300706.60122,156343077.7261342,154261418.21250758,0.0,0.0,0.0,10799.977833296847,10799.977833296847,9693.750946136355,0.0,1106.2268871604915,2.486899575160351e-13,9693.750946136355,9693.750946136355,0.7256960186110917,1.0,100.0,42121.77117842042,1000000.0
ha/cap_2000,2029-07-01,93431.42930308288,92859.9305590995,11393.415790670684,186.6223819605645,4008.1498982667663,1569.1024749860162,0.0,19898.4445863291,0.0,0.0,0.0,0.0,0.0,0.0,0.0,0.0,0.0,6388.317792,67713.42651915233,1503941395.8242145,0.0,0.0,0.0,526379488.53847504,0.0,526379488.53847504,0.0,0.0,0.0,300788.2791648429,0.0,300788.2791648429,0.0,0.0,45118.24187472644,0.0,45118.24187472644,0.0,0.0,165433553.5406636,0.0,0.0,0.0,0.0,0.0,0.0,3723930.362340291,526379488.53847504,300788.2791648429,45118.24187472644,1503941395.8242145,165433553.5406636,162830010.78570968,0.0,0.0,0.0,11393.415790670684,11393.415790670684,10231.142640122594,0.0,1162.2731505480888,1.8474111129762605e-13,10231.142640122594,10231.142640122594,0.7291996247623402,1.0,100.0,38685.12002413705,1000000.0
ha/cap_2000,2029-08-01,95080.51366841928,92813.66907243938,11028.6955791146,518.2226340670993,3941.2710957114937,1524.7175223053864,0.0,19604.00421730212,0.0,0.0,0.0,0.0,0.0,0.0,0.0,0.0,0.0,9669.267648,67023.4008123726,1488736133.0722492,0.0,0.0,0.0,521057646.5752871,0.0,521057646.5752871,0.0,0.0,0.0,297747.2266144498,0.0,297747.2266144498,0.0,0.0,44662.08399216747,0.0,44662.08399216747,0.0,0.0,163760974.6379474,0.0,0.0,0.0,0.0,0.0,0.0,3606241.528548807,521057646.5752871,297747.2266144498,44662.08399216747,1488736133.0722492,163760974.6379474,160780931.3768471,0.0,0.0,0.0,11357.413013204065,11028.6955791146,9905.43944505597,0.0,1123.25613405863,328.717434089464,9905.43944505597,9905.43944505597,0.7221285558710329,1.0,97.10570150343833,37010.69352440543,1000000.0
ha/cap_2000,2029-09-01,88624.30498177005,85920.31960697782,10494.300795110796,63.640568128426935,3680.011221708725,1448.3403684930845,0.0,18828.023000772555,0.0,0.0,0.0,0.0,0.0,0.0,0.0,0.0,0.0,3194.158896,63702.35541521839,1369665834.007113,0.0,0.0,0.0,479383041.9024895,0.0,479383041.9024895,0.0,0.0,0.0,273933.1668014226,0.0,273933.1668014226,0.0,0.0,41089.97502021339,0.0,41089.97502021339,0.0,0.0,150663241.7407824,0.0,0.0,0.0,0.0,0.0,0.0,3589267.6495690444,479383041.9024895,273933.1668014226,41089.97502021339,1369665834.007113,150663241.7407824,147557456.8405235,0.0,0.0,0.0,10525.50756652508,10494.300795110796,9411.050099227428,0.0,1083.2506958833671,31.206771414285427,9411.050099227428,9411.050099227428,0.7414119931886862,1.0,99.7035129069354,36034.667677488935,1000000.0
ha/cap_2000,2029-10-01,86864.68931436696,82748.89774848548,10083.119977423034,1.7053025658242404e-13,3561.0117819273214,1383.6000074053006,0.0,18398.10456290122,0.0,0.0,0.0,0.0,0.0,0.0,0.0,0.0,0.0,2229.563328,60806.35344403808,1339484000.412176,0.0,0.0,0.0,468819400.1442616,0.0,468819400.1442616,0.0,0.0,0.0,267896.80008243525,0.0,267896.80008243525,0.0,0.0,40184.52001236528,0.0,40184.52001236528,0.0,0.0,147343240.04533938,0.0,0.0,0.0,0.0,0.0,0.0,3718070.097426985,468819400.1442616,267896.80008243525,40184.52001236528,1339484000.412176,147343240.04533938,143950766.93952608,0.0,0.0,0.0,10083.119977423034,10083.119977423034,8992.4131866603,0.0,1090.7067907627345,1.6697754290362354e-13,8992.4131866603,8992.4131866603,0.7348297693204136,1.0,100.0,36589.44746144308,1000000.0
ha/cap_2000,2029-11-01,81449.25147589135,78058.51233851652,9303.13535506802,2.273736754432321e-13,3242.9424041863244,1275.1535767207868,0.0,17016.16973050879,0.0,0.0,0.0,0.0,0.0,0.0,0.0,0.0,0.0,5892.896544,56040.35752133405,1208006959.4263911,0.0,0.0,0.0,422802435.7992368,0.0,422802435.7992368,0.0,0.0,0.0,241601.39188527825,0.0,241601.39188527825,0.0,0.0,36240.20878279173,0.0,36240.20878279173,0.0,0.0,132880765.536903,0.0,0.0,0.0,0.0,0.0,0.0,3594984.9451441267,422802435.7992368,241601.39188527825,36240.20878279173,1208006959.4263911,132880765.536903,129501050.27507807,0.0,0.0,0.0,9303.13535506802,9303.13535506802,8287.588737314949,0.0,1015.5466177530712,2.131628207280301e-13,8287.588737314949,8287.588737314949,0.7179275628300948,1.0,100.0,36737.24419463155,1000000.0
ha/cap_2000,2029-12-01,78770.97008639618,76778.34749115363,9366.452350495963,2.842170943040401e-13,3219.550317171684,1283.111631473529,0.0,17171.20178524861,0.0,0.0,0.0,0.0,0.0,0.0,0.0,0.0,0.0,1557.457488,56390.09753826983,1185874865.9687967,0.0,0.0,0.0,415056203.0890789,0.0,415056203.0890789,0.0,0.0,0.0,237174.97319375936,0.0,237174.97319375936,0.0,0.0,35576.245979063904,0.0,35576.245979063904,0.0,0.0,130446235.25656764,0.0,0.0,0.0,0.0,0.0,0.0,3712590.622001155,415056203.0890789,237174.97319375936,35576.245979063904,1185874865.9687967,130446235.25656764,126814707.36404182,0.0,0.0,0.0,9366.452350495963,9366.452350495963,8339.310417074788,0.0,1027.1419334211778,2.664535259100376e-13,8339.310417074788,8339.310417074788,0.7344531287908622,1.0,100.0,35510.31647270245,1000000.0
ha/cap_2000,2030-01-01,76998.23965626063,75954.08366156217,9193.854727746368,1.1368683772161605e-13,3154.725186119147,1259.3257026478552,0.0,16863.746969445194,0.0,0.0,0.0,0.0,0.0,0.0,0.0,0.0,0.0,2854.45824,55344.75525189545,1160396115.938535,0.0,0.0,0.0,406138640.5784872,0.0,406138640.5784872,0.0,0.0,0.0,232079.22318770704,0.0,232079.22318770704,0.0,0.0,34811.88347815605,0.0,34811.88347815605,0.0,0.0,127643572.75323886,0.0,0.0,0.0,0.0,0.0,0.0,3711683.274493736,406138640.5784872,232079.22318770704,34811.88347815605,1160396115.938535,127643572.75323886,123777739.70431188,0.0,0.0,0.0,9193.854727746366,9193.854727746366,8184.71884517239,0.0,1009.135882573977,1.0658141036401505e-13,8184.71884517239,8184.71884517239,0.7286606931959286,1.0,100.0,33399.74728128174,1000000.0
ha/cap_2000,2030-02-01,67062.74049591475,67482.28880137362,8297.592703466562,5.684341886080803e-14,2860.376462508051,1136.9116752287775,0.0,15210.985854144184,0.0,0.0,0.0,0.0,0.0,0.0,0.0,0.0,0.0,121.67505599999998,49964.91239419578,1055969853.0596472,0.0,0.0,0.0,369589448.5708765,0.0,369589448.5708765,0.0,0.0,0.0,211193.97061192943,0.0,211193.97061192943,0.0,0.0,31679.09559178942,0.0,31679.09559178942,0.0,0.0,116156683.8365612,0.0,0.0,0.0,0.0,0.0,0.0,3352770.0784934503,369589448.5708765,211193.97061192943,31679.09559178942,1055969853.0596472,116156683.8365612,112369682.7653366,0.0,0.0,0.0,8297.592703466562,8297.592703466562,7389.114979529268,0.0,908.4777239372944,5.329070518200752e-14,7389.114979529268,7389.114979529268,0.740415200516713,1.0,100.0,30119.822513314808,1000000.0
ha/cap_2000,2030-03-01,76350.65087016307,77538.57405376162,9533.194740898136,2.273736754432321e-13,3307.7173232969026,1306.875914750242,0.0,17450.999347392648,0.0,0.0,0.0,0.0,0.0,0.0,0.0,0.0,0.0,256.18008000000003,57434.488547617904,1227243948.826534,0.0,0.0,0.0,429535382.08928686,0.0,429535382.08928686,0.0,0.0,0.0,245448.7897653068,0.0,245448.7897653068,0.0,0.0,36817.31846479602,0.0,36817.31846479602,0.0,0.0,134996834.37091875,0.0,0.0,0.0,0.0,0.0,0.0,3714067.048939844,429535382.08928686,245448.7897653068,36817.31846479602,1227243948.826534,134996834.37091875,130283264.3040066,0.0,0.0,0.0,9533.194740898136,9533.194740898136,8493.76130834776,0.0,1039.433432550375,2.131628207280301e-13,8493.76130834776,8493.76130834776,0.7407214957009077,1.0,100.0,25624.18200641937,1000000.0
ha/cap_2000,2030-04-01,77089.15917819098,78639.7666494288,9686.23503848824,2.273736754432321e-13,3405.9699512663237,1328.9115485570803,0.0,17686.41255069109,0.0,0.0,0.0,0.0,0.0,0.0,0.0,0.0,0.0,110.18678400000002,58402.90899460444,1276822231.8997593,0.0,0.0,0.0,446887781.1649157,0.0,446887781.1649157,0.0,0.0,0.0,255364.44637995187,0.0,255364.44637995187,0.0,0.0,38304.66695699278,0.0,38304.66695699278,0.0,0.0,140450445.50897354,0.0,0.0,0.0,0.0,0.0,0.0,3597437.895844051,446887781.1649157,255364.44637995187,38304.66695699278,1276822231.8997593,140450445.50897354,135212518.29270396,0.0,0.0,0.0,9686.23503848824,9686.23503848824,8636.977211036741,0.0,1049.2578274514988,2.131628207280301e-13,8636.977211036743,8636.977211036743,0.7426638135252993,1.0,100.0,20667.60458391523,1000000.0
ha/cap_2000,2030-05-01,86507.27661447065,87825.98422270687,10768.516347455365,49.46095430475509,3773.463533816973,1486.067032772758,0.0,19333.6848106213,0.0,0.0,0.0,0.0,0.0,0.0,0.0,0.0,0.0,2443.312272,65348.5790587738,1403702150.2711954,0.0,0.0,0.0,491295752.5949184,0.0,491295752.5949184,0.0,0.0,0.0,280740.4300542391,0.0,280740.4300542391,0.0,0.0,42111.06450813587,0.0,42111.06450813587,0.0,0.0,154407236.5298315,0.0,0.0,0.0,0.0,0.0,0.0,3711345.1375809736,491295752.5949184,280740.4300542391,42111.06450813587,1403702150.2711954,154407236.5298315,148282080.84404656,0.0,0.0,0.0,10793.068221894826,10768.516347455365,9656.740501116095,0.0,1111.775846339268,24.551874439462654,9656.740501116095,9656.740501116095,0.7440688497502579,1.0,99.77252182665114,15575.433441862042,1000000.0
ha/cap_2000,2030-06-01,88532.25774210639,88434.77482238383,10572.788188188071,536.6335867187306,3777.039057335368,1462.701174857694,0.0,18881.96932396697,0.0,0.0,0.0,0.0,0.0,0.0,0.0,0.0,0.0,7333.374912,64527.606617139,1424530266.685408,0.0,0.0,0.0,498585593.3398928,0.0,498585593.3398928,0.0,0.0,0.0,284906.0533370816,0.0,284906.0533370816,0.0,0.0,42735.908000562245,0.0,42735.908000562245,0.0,0.0,156698329.3353949,0.0,0.0,0.0,0.0,0.0,0.0,3468211.08031316,498585593.3398928,284906.0533370816,42735.908000562245,1424530266.685408,156698329.3353949,150111838.5241991,0.0,0.0,0.0,10953.041048162311,10572.788188188071,9496.248060900994,0.0,1076.540127287076,380.2528599742395,9496.248060900994,9496.248060900994,0.7296632659125213,1.0,96.5283352969992,11895.877304249228,1000000.0
ha/cap_2000,2030-07-01,94416.82039041109,92981.94769469186,10936.413814062653,831.3535728201184,3964.648196980958,1514.78851236,0.0,19470.15082269462,0.0,0.0,0.0,0.0,0.0,0.0,0.0,0.0,0.0,11187.732096,66872.83669364,1511399275.3951771,0.0,0.0,0.0,528989746.388312,0.0,528989746.388312,0.0,0.0,0.0,302279.85507903545,0.0,302279.85507903545,0.0,0.0,45341.978261855314,0.0,45341.978261855314,0.0,0.0,166253920.2934695,0.0,0.0,0.0,0.0,0.0,0.0,3501297.161011632,528989746.388312,302279.85507903545,45341.978261855314,1511399275.3951771,166253920.2934695,158874973.0676694,0.0,0.0,0.0,11575.56738688277,10936.413814062653,9832.427090639998,0.0,1103.9867234226538,639.1535728201187,9832.42709064,9832.42709064,0.7192023651001411,1.0,94.47842553666618,9366.101802987503,1000000.0
ha/cap_2000,2030-08-01,92025.95101912395,89807.01679725712,10940.838732706732,574.7732149339693,3922.8438572508794,1514.2830566047555,0.0,19526.792685307973,0.0,0.0,0.0,0.0,0.0,0.0,0.0,0.0,0.0,3577.883952,66832.64632895906,1483358555.873742,0.0,0.0,0.0,519175494.5558096,0.0,519175494.5558096,0.0,0.0,0.0,296671.7111747484,0.0,296671.7111747484,0.0,0.0,44500.75667621226,0.0,44500.75667621226,0.0,0.0,163169441.1461116,0.0,0.0,0.0,0.0,0.0,0.0,3583797.620214207,519175494.5558096,296671.7111747484,44500.75667621226,1483358555.873742,163169441.1461116,155537381.62283644,0.0,0.0,0.0,11334.88994017226,10940.838732706732,9829.895511626231,0.0,1110.9432210804996,394.0512074655294,9829.895511626231,9829.895511626231,0.7441806744325601,1.0,96.5235550627716,7662.192167603461,1000000.0
ha/cap_2000,2030-09-01,87252.98527012224,84618.86214457457,10481.323085664695,123.9772657412015,3684.1022811023568,1447.0715050082313,0.0,18798.92350799374,0.0,0.0,0.0,0.0,0.0,0.0,0.0,0.0,0.0,309.84792,63686.72882592998,1373466837.163647,0.0,0.0,0.0,480713393.0072764,0.0,480713393.0072764,0.0,0.0,0.0,274693.3674327294,0.0,274693.3674327294,0.0,0.0,41204.00511490941,0.0,41204.00511490941,0.0,0.0,151081352.08800116,0.0,0.0,0.0,0.0,0.0,0.0,3576817.477101819,480713393.0072764,274693.3674327294,41204.00511490941,1373466837.163647,151081352.08800116,143660549.5187597,0.0,0.0,0.0,10547.239062013108,10481.323085664695,9401.120963081212,0.0,1080.2021225834835,65.91597634841295,9401.120963081212,9401.120963081212,0.7526304090111584,1.0,99.37504046356725,6612.213012048777,1000000.0
ha/cap_2000,2030-10-01,85748.55986535468,82066.70944371562,10053.797655705745,1.7053025658242404e-13,3552.858362916478,1379.2970377737583,0.0,18343.26634454961,0.0,0.0,0.0,0.0,0.0,0.0,0.0,0.0,0.0,1228.154976,60617.24684467834,1337306405.138783,0.0,0.0,0.0,468057241.798574,0.0,468057241.798574,0.0,0.0,0.0,267461.28102775663,0.0,267461.28102775663,0.0,0.0,40119.192154163495,0.0,40119.192154163495,0.0,0.0,147103704.56526613,0.0,0.0,0.0,0.0,0.0,0.0,3717992.988744387,468057241.798574,267461.28102775663,40119.192154163495,1337306405.138783,147103704.56526613,139534032.97100592,0.0,0.0,0.0,10053.797655705745,10053.797655705745,8964.446953175635,0.0,1089.350702530107,1.5987211554602254e-13,8964.446953175635,8964.446953175635,0.7386338169955734,1.0,100.0,6741.205070771353,1000000.0
ha/cap_2000,2030-11-01,78248.88655390988,75009.53947894389,9226.517065622333,3.410605131648481e-13,3219.4183234750017,1264.71966441737,0.0,16876.073166094036,0.0,0.0,0.0,0.0,0.0,0.0,0.0,0.0,0.0,254.41910399999995,55581.80869513432,1200171004.4629798,0.0,0.0,0.0,420059851.5620429,0.0,420059851.5620429,0.0,0.0,0.0,240034.20089259595,0.0,240034.20089259595,0.0,0.0,36005.13013388939,0.0,36005.13013388939,0.0,0.0,132018810.49092776,0.0,0.0,0.0,0.0,0.0,0.0,3594706.557076501,420059851.5620429,240034.20089259595,36005.13013388939,1200171004.4629798,132018810.49092776,124916084.71626186,0.0,0.0,0.0,9226.517065622333,9226.517065622333,8219.775749396818,0.0,1006.741316225514,3.1974423109204513e-13,8219.775749396818,8219.775749396818,0.7409965329908047,1.0,100.0,6761.13382226234,1000000.0
ha/cap_2000,2030-12-01,77204.84316501165,75050.06766615454,9179.74563216065,5.684341886080803e-14,3173.175840890573,1257.7311745530133,0.0,16821.859709431235,0.0,0.0,0.0,0.0,0.0,0.0,0.0,0.0,0.0,1087.276896,55274.67904606104,1174191971.8262608,0.0,0.0,0.0,410967190.1391912,0.0,410967190.1391912,0.0,0.0,0.0,234838.3943652521,0.0,234838.3943652521,0.0,0.0,35225.75915478782,0.0,35225.75915478782,0.0,0.0,129161116.90088868,0.0,0.0,0.0,0.0,0.0,0.0,3712177.630779594,410967190.1391912,234838.3943652521,35225.75915478782,1174191971.8262608,129161116.90088868,121910432.38619313,0.0,0.0,0.0,9179.74563216065,9179.74563216065,8174.355549863185,0.0,1005.390082297464,5.329070518200752e-14,8174.355549863186,8174.355549863186,0.7365040534265682,1.0,100.0,5742.733480228881,1000000.0
ha/energy_rich,2029-01-01,66876.65803764043,65872.69618378342,8045.770283936031,2.557953848736361e-13,2095.6062117718093,1080.8625016366886,0.0,15230.839900825174,0.0,0.0,0.0,0.0,0.0,0.0,0.0,0.0,0.0,90.816048,47501.66735123125,579744540.178644,0.0,0.0,0.0,202910589.0625254,0.0,202910589.0625254,0.0,0.0,0.0,115948.9080357288,0.0,115948.9080357288,0.0,0.0,17392.33620535932,0.0,17392.33620535932,0.0,0.0,63771899.41965084,0.0,0.0,0.0,0.0,0.0,0.0,3690926.948932464,202910589.0625254,115948.9080357288,17392.33620535932,579744540.178644,63771899.41965084,63694776.68359844,0.0,0.0,0.0,8045.770283936031,8045.770283936031,7024.835328608978,0.0,1020.9349553270528,3.3395508580724714e-13,7024.835328608979,7024.835328608979,0.7211131485904662,1.0,100.0,64810.3556420852,1000000.0
ha/energy_rich,2029-02-01,61630.99433071843,61716.97510350064,7361.268983324939,1.4210854715202006e-13,1929.39556730242,997.0760730176556,0.0,13947.369050695032,0.0,0.0,0.0,0.0,0.0,0.0,0.0,0.0,0.0,2709.38736,43819.42742267206,532215637.8428541,0.0,0.0,0.0,186275473.2449989,0.0,186275473.2449989,0.0,0.0,0.0,106443.12756857082,0.0,106443.12756857082,0.0,0.0,15966.469135285624,0.0,15966.469135285624,0.0,0.0,58543720.162713945,0.0,0.0,0.0,0.0,0.0,0.0,3334044.089615237,186275473.2449989,106443.12756857082,15966.469135285624,532215637.8428541,58543720.162713945,58333015.8951575,0.0,0.0,0.0,7361.268983324939,7361.268983324938,6480.283303786491,0.0,880.9856795384468,2.042810365310288e-13,6480.283303786491,6480.283303786491,0.7100060777312235,1.0,100.0,62794.97930200055,1000000.0
ha/energy_rich,2029-03-01,68647.35121315984,69601.89372607543,8429.846203087527,2.842170943040401e-13,2224.5397743545323,1142.5414026528388,0.0,15952.651905904631,0.0,0.0,0.0,0.0,0.0,0.0,0.0,0.0,0.0,671.351136,50212.32724943493,619147659.9091982,0.0,0.0,0.0,216701680.9682193,0.0,216701680.9682193,0.0,0.0,0.0,123829.53198183964,0.0,123829.53198183964,0.0,0.0,18574.429797275945,0.0,18574.429797275945,0.0,0.0,68106242.59001179,0.0,0.0,0.0,0.0,0.0,0.0,3692325.990229528,216701680.9682193,123829.53198183964,18574.429797275945,619147659.9091982,68106242.59001179,67698411.23010477,0.0,0.0,0.0,8429.846203087527,8429.846203087527,7425.7041923469,0.0,1004.1420107406263,4.085620730620576e-13,7425.7041923469,7425.7041923469,0.7214218545123225,1.0,100.0,59615.89701473044,1000000.0
ha/energy_rich,2029-04-01,68210.56960659182,69254.39255085129,8426.996522036261,2.273736754432321e-13,2250.9709959177617,1142.6979875513564,0.0,15919.347670903862,0.0,0.0,0.0,0.0,0.0,0.0,0.0,0.0,0.0,43.437408,50219.20883127383,636997873.7545378,0.0,0.0,0.0,222949255.81408823,0.0,222949255.81408823,0.0,0.0,0.0,127399.57475090756,0.0,127399.57475090756,0.0,0.0,19109.93621263613,0.0,19109.93621263613,0.0,0.0,70069766.11299916,0.0,0.0,0.0,0.0,0.0,0.0,3574565.2767535145,222949255.81408823,127399.57475090756,19109.93621263613,636997873.7545378,70069766.11299916,69478974.34293939,0.0,0.0,0.0,8426.996522036261,8426.99652203626,7426.721882502094,0.0,1000.2746395341668,3.2684965844964614e-13,7426.721882502094,7426.721882502094,0.7251411351908035,1.0,99.99999999999996,56321.10307455321,1000000.0
ha/energy_rich,2029-05-01,76883.67761374102,77803.69573558586,9481.12016485694,1.1368683772161605e-13,2525.3353564890185,1294.1765829143571,0.0,17574.51330544268,0.0,0.0,0.0,0.0,0.0,0.0,0.0,0.0,0.0,1329.872304,56876.37922701733,704957268.0698273,0.0,0.0,0.0,246735043.8244396,0.0,246735043.8244396,0.0,0.0,0.0,140991.45361396548,0.0,140991.45361396548,0.0,0.0,21148.71804209482,0.0,21148.71804209482,0.0,0.0,77545299.487681,0.0,0.0,0.0,0.0,0.0,0.0,3695371.368294805,246735043.8244396,140991.45361396548,21148.71804209482,704957268.0698273,77545299.487681,76701797.77094023,0.0,0.0,0.0,9481.12016485694,9481.12016485694,8411.224709293427,0.0,1069.895455563513,1.0658141036401505e-13,8411.224709293427,8411.224709293427,0.7310241330991583,1.0,100.0,52875.74959621936,1000000.0
ha/energy_rich,2029-06-01,80194.05412061104,80306.11960389682,9480.405416648424,2.842170943040401e-13,2539.947280374026,1295.4003282403355,0.0,17521.275200018812,0.0,0.0,0.0,0.0,0.0,0.0,0.0,0.0,0.0,7377.483168000001,56930.16029843875,713920349.188022,0.0,0.0,0.0,249872122.2158077,0.0,249872122.2158077,0.0,0.0,0.0,142784.06983760442,0.0,142784.06983760442,0.0,0.0,21417.61047564066,0.0,21417.61047564066,0.0,0.0,78531238.41068242,0.0,0.0,0.0,0.0,0.0,0.0,3577292.6847177614,249872122.2158077,142784.06983760442,21417.61047564066,713920349.188022,78531238.41068242,77485617.77951613,0.0,0.0,0.0,9480.405416648424,9480.405416648424,8419.178181068179,0.0,1061.2272355802456,2.664535259100376e-13,8419.178181068179,8419.178181068179,0.7089143464936667,1.0,100.0,50223.73683255954,1000000.0
ha/energy_rich,2029-07-01,85026.2227414709,84018.29325793892,9997.020145335342,2.842170943040401e-13,2682.984750420916,1366.6456680654562,0.0,18445.11866539475,0.0,0.0,0.0,0.0,0.0,0.0,0.0,0.0,0.0,6388.317792,60061.245360205336,755448296.6418822,0.0,0.0,0.0,264406903.82465875,0.0,264406903.82465875,0.0,0.0,0.0,151089.65932837644,0.0,151089.65932837644,0.0,0.0,22663.448899256466,0.0,22663.448899256466,0.0,0.0,83099312.63060704,0.0,0.0,0.0,0.0,0.0,0.0,3697165.1811701455,264406903.82465875,151089.65932837644,22663.448899256466,755448296.6418822,83099312.63060704,81791520.50233291,0.0,0.0,0.0,9997.020145335342,9997.020145335342,8882.222073741297,0.0,1114.7980715940444,2.664535259100376e-13,8882.222073741297,8882.222073741297,0.7148591459221308,1.0,100.0,48548.681565670624,1000000.0
ha/energy_rich,2029-08-01,87304.32118424434,84840.08221163493,9921.67817118328,1.1368683772161605e-13,2659.546274717861,1355.967065615216,0.0,18318.02517244723,0.0,0.0,0.0,0.0,0.0,0.0,0.0,0.0,0.0,9669.267648,59591.94290906168,747866900.7146046,0.0,0.0,0.0,261753415.2501116,0.0,261753415.2501116,0.0,0.0,0.0,149573.38014292094,0.0,149573.38014292094,0.0,0.0,22436.00702143814,0.0,22436.00702143814,0.0,0.0,82265359.07860652,0.0,0.0,0.0,0.0,0.0,0.0,3696895.7847918496,261753415.2501116,149573.38014292094,22436.00702143814,747866900.7146046,82265359.07860652,80768333.74614681,0.0,0.0,0.0,9921.67817118328,9921.67817118328,8812.818774395611,0.0,1108.859396787669,1.0658141036401505e-13,8812.818774395611,8812.818774395611,0.7024031725995814,1.0,100.0,48353.37426356215,1000000.0
ha/energy_rich,2029-09-01,79605.8340206808,76664.94845999237,9247.126652108993,2.273736754432321e-13,2463.5329807532107,1262.1222886556243,0.0,17129.327392756637,0.0,0.0,0.0,0.0,0.0,0.0,0.0,0.0,0.0,3194.158896,55467.65941228496,688000946.5027725,0.0,0.0,0.0,240800331.27597037,0.0,240800331.27597037,0.0,0.0,0.0,137600.1893005545,0.0,137600.1893005545,0.0,0.0,20640.028395083176,0.0,20640.028395083176,0.0,0.0,75680104.11530498,0.0,0.0,0.0,0.0,0.0,0.0,3576371.027994811,240800331.27597037,137600.1893005545,20640.028395083176,688000946.5027725,75680104.11530498,74120026.7343598,0.0,0.0,0.0,9247.126652108996,9247.126652108993,8202.894659540196,0.0,1044.2319925687982,2.131628207280301e-13,8202.894659540196,8202.894659540196,0.7235074245335308,1.0,100.0,48830.72684349738,1000000.0
ha/energy_rich,2029-10-01,77905.57181097231,73567.31979043156,8839.595488711517,2.557953848736361e-13,2368.114844874346,1198.7844529013453,0.0,16689.69363272299,0.0,0.0,0.0,0.0,0.0,0.0,0.0,0.0,0.0,2229.563328,52684.09276972787,672791780.3983153,0.0,0.0,0.0,235477123.13941032,0.0,235477123.13941032,0.0,0.0,0.0,134558.35607966306,0.0,134558.35607966306,0.0,0.0,20183.75341194946,0.0,20183.75341194946,0.0,0.0,74007095.84381469,0.0,0.0,0.0,0.0,0.0,0.0,3694235.048713492,235477123.13941032,134558.35607966306,20183.75341194946,672791780.3983153,74007095.84381469,72303131.69935998,0.0,0.0,0.0,8839.595488711517,8839.595488711517,7791.24390325015,0.0,1048.3515854613672,3.6770586575585195e-13,7791.24390325015,7791.24390325015,0.7161344591566887,1.0,100.0,50800.86401916379,1000000.0
ha/energy_rich,2029-11-01,73371.3727138363,69780.03716578889,8181.82797753401,3.1263880373444413e-13,2167.3087730401585,1108.5212122273222,0.0,15475.68682798152,0.0,0.0,0.0,0.0,0.0,0.0,0.0,0.0,0.0,5892.896544,48717.210371597655,606839183.7007164,0.0,0.0,0.0,212393714.2952507,0.0,212393714.2952507,0.0,0.0,0.0,121367.83674014328,0.0,121367.83674014328,0.0,0.0,18205.17551102149,0.0,18205.17551102149,0.0,0.0,66752310.2070788,0.0,0.0,0.0,0.0,0.0,0.0,3573492.472572063,212393714.2952507,121367.83674014328,18205.17551102149,606839183.7007164,66752310.2070788,65054518.01624753,0.0,0.0,0.0,8181.827977534011,8181.82797753401,7204.597219697474,0.0,977.2307578365356,4.494182803682634e-13,7204.597219697474,7204.597219697474,0.698153975697254,1.0,100.0,52224.89079417104,1000000.0
ha/energy_rich,2029-12-01,70842.03679005343,68652.52462547216,8265.865725247982,1.7053025658242404e-13,2163.783324304331,1119.5497654189192,0.0,15659.17618527841,0.0,0.0,0.0,0.0,0.0,0.0,0.0,0.0,0.0,1557.457488,49201.89243271026,595816110.393791,0.0,0.0,0.0,208535638.63782683,0.0,208535638.63782683,0.0,0.0,0.0,119163.2220787582,0.0,119163.2220787582,0.0,0.0,17874.483311813732,0.0,17874.483311813732,0.0,0.0,65539772.14331701,0.0,0.0,0.0,0.0,0.0,0.0,3691495.3110005776,208535638.63782683,119163.2220787582,17874.483311813732,595816110.393791,65539772.14331701,63715192.24929488,0.0,0.0,0.0,8265.865725247982,8265.865725247982,7276.274949257394,0.0,989.590775990589,2.4513724383723456e-13,7276.274949257394,7276.274949257394,0.7166800157915078,1.0,100.0,52250.61963444801,1000000.0
ha/energy_rich,2030-01-01,69239.57830367154,68002.76702800232,8116.937213873183,1.7053025658242404e-13,2121.65577506146,1099.2747883839857,0.0,15384.231710532464,0.0,0.0,0.0,0.0,0.0,0.0,0.0,0.0,0.0,2854.45824,48310.84920268896,583027092.8378745,0.0,0.0,0.0,204059482.4932561,0.0,204059482.4932561,0.0,0.0,0.0,116605.4185675749,0.0,116605.4185675749,0.0,0.0,17490.812785136237,0.0,17490.812785136237,0.0,0.0,64132980.2121662,0.0,0.0,0.0,0.0,0.0,0.0,3691041.637246868,204059482.4932561,116605.4185675749,17490.812785136237,583027092.8378745,64132980.2121662,62190637.95308629,0.0,0.0,0.0,8116.937213873183,8116.937213873183,7144.502059786195,0.0,972.4351540869884,2.113864638886298e-13,7144.502059786195,7144.502059786195,0.7104247564337407,1.0,100.0,51365.775135055774,1000000.0
ha/energy_rich,2030-02-01,60001.663135016126,60245.88440750556,7317.53780173328,2.842170943040401e-13,1920.217620023666,991.2493946273254,0.0,13864.536970350036,0.0,0.0,0.0,0.0,0.0,0.0,0.0,0.0,0.0,121.67505599999998,43563.35698055664,530531877.35108685,0.0,0.0,0.0,185686157.0728804,0.0,185686157.0728804,0.0,0.0,0.0,106106.37547021738,0.0,106106.37547021738,0.0,0.0,15915.956320532609,0.0,15915.956320532609,0.0,0.0,58358506.50861956,0.0,0.0,0.0,0.0,0.0,0.0,3333985.039246725,185686157.0728804,106106.37547021738,15915.956320532609,530531877.35108685,58358506.50861956,56455873.59956993,0.0,0.0,0.0,7317.53780173328,7317.53780173328,6442.414050164633,0.0,875.1237515686472,3.730349362740526e-13,6442.414050164633,6442.414050164633,0.7230926628264325,1.0,100.0,49201.33624254268,1000000.0
ha/energy_rich,2030-03-01,68143.95012246296,69128.09374434224,8394.093970449068,1.9895196601282805e-13,2214.995302657152,1137.582300264496,0.0,15886.05293119734,0.0,0.0,0.0,0.0,0.0,0.0,0.0,0.0,0.0,256.18008000000003,49994.38497495039,616536542.5732121,0.0,0.0,0.0,215787789.90062425,0.0,215787789.90062425,0.0,0.0,0.0,123307.30851464244,0.0,123307.30851464244,0.0,0.0,18496.096277196364,0.0,18496.096277196364,0.0,0.0,67819019.68305333,0.0,0.0,0.0,0.0,0.0,0.0,3692233.524469922,215787789.90062425,123307.30851464244,18496.096277196364,616536542.5732121,67819019.68305333,65451041.58695152,0.0,0.0,0.0,8394.093970449068,8394.093970449068,7393.47356393388,0.0,1000.6204065151876,2.859934511434403e-13,7393.47356393388,7393.47356393388,0.7232137075824133,1.0,100.0,46002.19731800628,1000000.0
ha/energy_rich,2030-04-01,68548.77912347006,69887.34308076896,8500.939869244121,2.273736754432321e-13,2268.9074283953087,1152.7292784402916,0.0,16057.97711045127,0.0,0.0,0.0,0.0,0.0,0.0,0.0,0.0,0.0,110.18678400000002,50660.06328055678,641348516.4785749,0.0,0.0,0.0,224471980.7675012,0.0,224471980.7675012,0.0,0.0,0.0,128269.70329571498,0.0,128269.70329571498,0.0,0.0,19240.455494357244,0.0,19240.455494357244,0.0,0.0,70548336.81264323,0.0,0.0,0.0,0.0,0.0,0.0,3574718.947922026,224471980.7675012,128269.70329571498,19240.455494357244,641348516.4785749,70548336.81264323,67917324.54553874,0.0,0.0,0.0,8500.939869244121,8500.939869244121,7491.918118398371,0.0,1009.0217508457494,2.9309887850104133e-13,7491.918118398371,7491.918118398371,0.7248818033046246,1.0,100.0,42394.72593231209,1000000.0
ha/energy_rich,2030-05-01,77246.4316562467,78325.2470732184,9486.156449085487,2.842170943040401e-13,2526.413054365949,1294.9283100012767,0.0,17583.31681523666,0.0,0.0,0.0,0.0,0.0,0.0,0.0,0.0,0.0,2443.312272,56909.41607487511,705101576.3624156,0.0,0.0,0.0,246785551.72684544,0.0,246785551.72684544,0.0,0.0,0.0,141020.31527248313,0.0,141020.31527248313,0.0,0.0,21153.04729087247,0.0,21153.04729087247,0.0,0.0,77561173.39986572,0.0,0.0,0.0,0.0,0.0,0.0,3695376.395584112,246785551.72684544,141020.31527248313,21153.04729087247,705101576.3624156,77561173.39986572,74484413.53751399,0.0,0.0,0.0,9486.156449085487,9486.156449085487,8416.110399184294,0.0,1070.0460499011945,2.5934809855243657e-13,8416.110399184294,8416.110399184294,0.7265781877671732,1.0,100.0,38789.4974609744,1000000.0
ha/energy_rich,2030-06-01,81200.83175546897,80987.3044759162,9568.609637187146,1.1368683772161605e-13,2556.7167738983635,1307.7576225979756,0.0,17675.16759681838,0.0,0.0,0.0,0.0,0.0,0.0,0.0,0.0,0.0,7333.374912,57473.23778058749,715651217.1050543,0.0,0.0,0.0,250477925.986769,0.0,250477925.986769,0.0,0.0,0.0,143130.24342101088,0.0,143130.24342101088,0.0,0.0,21469.53651315163,0.0,21469.53651315163,0.0,0.0,78721633.88155597,0.0,0.0,0.0,0.0,0.0,0.0,3577352.28018506,250477925.986769,143130.24342101088,21469.53651315163,715651217.1050543,78721633.88155597,75412727.96682647,0.0,0.0,0.0,9568.609637187146,9568.609637187146,8499.491780474318,0.0,1069.1178567128277,1.0658141036401505e-13,8499.491780474318,8499.491780474318,0.709657373492147,1.0,100.0,36446.30796662877,1000000.0
ha/energy_rich,2030-07-01,88015.95302785917,86599.98613661184,10062.271309658889,0.0,2699.195703398524,1375.7723298383594,0.0,18557.0343818433,0.0,0.0,0.0,0.0,0.0,0.0,0.0,0.0,0.0,11187.732096,60462.34323427088,759328979.8701922,0.0,0.0,0.0,265765142.9545672,0.0,265765142.9545672,0.0,0.0,0.0,151865.79597403842,0.0,151865.79597403842,0.0,0.0,22779.869396105765,0.0,22779.869396105765,0.0,0.0,83526187.78572114,0.0,0.0,0.0,0.0,0.0,0.0,3697302.364926357,265765142.9545672,151865.79597403842,22779.869396105765,759328979.8701922,83526187.78572114,79818995.81309417,0.0,0.0,0.0,10062.271309658889,10062.271309658889,8941.538865615816,0.0,1120.7324440430712,0.0,8941.538865615816,8941.538865615816,0.6981795948430208,1.0,100.0,35163.079154477586,1000000.0
ha/energy_rich,2030-08-01,84288.24843989151,81928.40599488489,9886.033477503175,1.1368683772161605e-13,2649.631489159712,1350.79816620316,0.0,18257.11460336396,0.0,0.0,0.0,0.0,0.0,0.0,0.0,0.0,0.0,3577.883952,59364.78049009381,745170561.4257505,0.0,0.0,0.0,260809696.49901268,0.0,260809696.49901268,0.0,0.0,0.0,149034.1122851501,0.0,149034.1122851501,0.0,0.0,22355.11684277252,0.0,22355.11684277252,0.0,0.0,81968761.75683255,0.0,0.0,0.0,0.0,0.0,0.0,3696800.222337861,260809696.49901268,149034.1122851501,22355.11684277252,745170561.4257505,81968761.75683255,78134769.981235,0.0,0.0,0.0,9886.033477503175,9886.033477503175,8779.224614967512,0.0,1106.8088625356615,1.0658141036401505e-13,8779.224614967512,8779.224614967512,0.7245933784406863,1.0,100.0,34873.29011032449,1000000.0
ha/energy_rich,2030-09-01,78415.5498069466,75543.59534435575,9261.489658262057,1.1368683772161605e-13,2468.9948295346658,1264.4176714857997,0.0,17153.49046861478,0.0,0.0,0.0,0.0,0.0,0.0,0.0,0.0,0.0,309.84792,55568.536731534725,689918008.2167315,0.0,0.0,0.0,241471302.875856,0.0,241471302.875856,0.0,0.0,0.0,137983.6016433463,0.0,137983.6016433463,0.0,0.0,20697.540246501947,0.0,20697.540246501947,0.0,0.0,75890980.90384047,0.0,0.0,0.0,0.0,0.0,0.0,3576439.254236694,241471302.875856,137983.6016433463,20697.540246501947,689918008.2167315,75890980.90384047,72163373.23399587,0.0,0.0,0.0,9261.489658262057,9261.489658262057,8217.813010739983,0.0,1043.676647522074,1.0658141036401505e-13,8217.813010739983,8217.813010739983,0.7355823677471625,1.0,100.0,35276.249743380664,1000000.0
ha/energy_rich,2030-10-01,76804.6763495813,72900.72531380178,8812.28462785287,1.9895196601282805e-13,2361.913964616078,1194.8002500305329,0.0,16637.64030410347,0.0,0.0,0.0,0.0,0.0,0.0,0.0,0.0,0.0,1228.154976,52508.99530900315,671692637.1911753,0.0,0.0,0.0,235092423.01691133,0.0,235092423.01691133,0.0,0.0,0.0,134338.52743823506,0.0,134338.52743823506,0.0,0.0,20150.77911573526,0.0,20150.77911573526,0.0,0.0,73886190.09102929,0.0,0.0,0.0,0.0,0.0,0.0,3694196.494372193,235092423.01691133,134338.52743823506,20150.77911573526,671692637.1911753,73886190.09102929,70084148.06465027,0.0,0.0,0.0,8812.28462785287,8812.28462785287,7765.349426347817,0.0,1046.9352015050536,2.859934511434403e-13,7765.349426347818,7765.349426347818,0.7202808351079875,1.0,100.0,36818.2868145441,1000000.0
ha/energy_rich,2030-11-01,70223.66644339077,66785.02210206779,8112.4717328111665,1.7053025658242404e-13,2150.7615512401794,1099.1756386290665,0.0,15345.57697483067,0.0,0.0,0.0,0.0,0.0,0.0,0.0,0.0,0.0,254.41910399999995,48306.491776403,602896657.7843705,0.0,0.0,0.0,211013830.22452965,0.0,211013830.22452965,0.0,0.0,0.0,120579.33155687412,0.0,120579.33155687412,0.0,0.0,18086.899733531118,0.0,18086.899733531118,0.0,0.0,66318632.35628076,0.0,0.0,0.0,0.0,0.0,0.0,3573353.2785382504,211013830.22452965,120579.33155687412,18086.899733531118,602896657.7843705,66318632.35628076,62750631.24243247,0.0,0.0,0.0,8112.4717328111665,8112.4717328111665,7143.857657098409,0.0,968.6140757127572,2.113864638886298e-13,7143.85765709841,7143.85765709841,0.7233132558161921,1.0,100.0,38106.16960462691,1000000.0
ha/energy_rich,2030-12-01,69353.11187413242,67003.37409830386,8089.932316080325,3.410605131648481e-13,2127.730682504104,1095.759366437588,0.0,15324.622963657846,0.0,0.0,0.0,0.0,0.0,0.0,0.0,0.0,0.0,1087.276896,48156.35369225712,589909097.6081802,0.0,0.0,0.0,206468184.16286305,0.0,206468184.16286305,0.0,0.0,0.0,117981.81952163603,0.0,117981.81952163603,0.0,0.0,17697.272928245406,0.0,17697.272928245406,0.0,0.0,64890000.736899815,0.0,0.0,0.0,0.0,0.0,0.0,3691288.815389797,206468184.16286305,117981.81952163603,17697.272928245406,589909097.6081802,64890000.736899815,61247285.97567228,0.0,0.0,0.0,8089.932316080325,8089.932316080324,7121.6543245315925,0.0,968.277991548732,4.902744876744691e-13,7121.6543245315925,7121.6543245315925,0.7187153533731693,1.0,100.0,38328.17669795136,1000000.0
