sample_id,components.AI_DC1.base_pue,components.AI_DC1.cooling.cycles_of_concentration,components.AI_DC1.temperature_coefficient,maximum_safe_ai_capacity_mw,first_failed_capacity_mw,limiting_constraint,constraint_margin,failed_constraints,limiting_constraint_basis,threshold_interval_mw,feasible_intervals_mw,reentrant_feasibility,policy_maximum_safe_ai_capacity_mw,policy_limiting_constraint
0,1.350547802490836,3.518997545148146,0.007216524188131672,900.0,950.0,max_source_abstraction_ratio,0.0024888905157457453,"[{'constraint': 'max_source_abstraction_ratio', 'actual': 0.9524888905157457, 'target': 0.95, 'operator': '<=', 'violation': 0.0024888905157457453, 'scaled_violation': 0.002619884753416574}]",maximum scale-free violation at first failed capacity,"[900.0, 950.0]","[[0.0, 900.0]]",False,1100.0,reclaimed_water_substitution_ratio
1,1.3434312891655673,8.844553314883335,0.007854074086055913,950.0,1000.0,max_source_abstraction_ratio,0.0018107749568817555,"[{'constraint': 'max_source_abstraction_ratio', 'actual': 0.9518107749568817, 'target': 0.95, 'operator': '<=', 'violation': 0.0018107749568817555, 'scaled_violation': 0.0019060789019807952}]",maximum scale-free violation at first failed capacity,"[950.0, 1000.0]","[[0.0, 950.0]]",False,1150.0,reclaimed_water_substitution_ratio
2,1.3507006254888227,4.631715063987052,0.0077688041371753395,950.0,1000.0,max_source_abstraction_ratio,0.0024658945273027255,"[{'constraint': 'max_source_abstraction_ratio', 'actual': 0.9524658945273027, 'target': 0.95, 'operator': '<=', 'violation': 0.0024658945273027255, 'scaled_violation': 0.002595678449792343}]",maximum scale-free violation at first failed capacity,"[950.0, 1000.0]","[[0.0, 950.0]]",False,1150.0,reclaimed_water_substitution_ratio
3,1.1527951589938052,3.784412457203942,0.007449709658884109,1100.0,1150.0,max_source_abstraction_ratio,0.0069470612561187695,"[{'constraint': 'max_source_abstraction_ratio', 'actual': 0.9569470612561187, 'target': 0.95, 'operator': '<=', 'violation': 0.0069470612561187695, 'scaled_violation': 0.007312696059072389}, {'constraint': 'max_wtw_utilization', 'actual': 0.9535227425828671, 'target': 0.95, 'operator': '<=', 'violation': 0.003522742582867111, 'scaled_violation': 0.003708150087228538}]",maximum scale-free violation at first failed capacity,"[1100.0, 1150.0]","[[0.0, 1100.0]]",False,1300.0,reclaimed_water_substitution_ratio
4,1.2483308964271582,3.8521632045468817,0.006352656469587003,1000.0,1050.0,max_source_abstraction_ratio,0.0008930910763867983,"[{'constraint': 'max_source_abstraction_ratio', 'actual': 0.9508930910763868, 'target': 0.95, 'operator': '<=', 'violation': 0.0008930910763867983, 'scaled_violation': 0.0009400958698808404}]",maximum scale-free violation at first failed capacity,"[1000.0, 1050.0]","[[0.0, 1000.0]]",False,1200.0,reclaimed_water_substitution_ratio
5,1.1962657544102153,3.25275685502995,0.0022827843914330972,1050.0,1100.0,max_source_abstraction_ratio,0.002496193717370865,"[{'constraint': 'max_source_abstraction_ratio', 'actual': 0.9524961937173708, 'target': 0.95, 'operator': '<=', 'violation': 0.002496193717370865, 'scaled_violation': 0.0026275723340745947}]",maximum scale-free violation at first failed capacity,"[1050.0, 1100.0]","[[0.0, 1050.0]]",False,1200.0,reclaimed_water_substitution_ratio
6,1.3506348104532715,3.430375818622956,0.00736160952042955,900.0,950.0,max_source_abstraction_ratio,0.004143502402920052,"[{'constraint': 'max_source_abstraction_ratio', 'actual': 0.95414350240292, 'target': 0.95, 'operator': '<=', 'violation': 0.004143502402920052, 'scaled_violation': 0.00436158147675795}, {'constraint': 'max_wtw_utilization', 'actual': 0.950729215924051, 'target': 0.95, 'operator': '<=', 'violation': 0.0007292159240510632, 'scaled_violation': 0.000767595709527435}]",maximum scale-free violation at first failed capacity,"[900.0, 950.0]","[[0.0, 900.0]]",False,1100.0,reclaimed_water_substitution_ratio
7,1.2547657814381696,6.1178299625151435,0.0008215830758164248,1100.0,1150.0,max_source_abstraction_ratio,0.0005540581622063279,"[{'constraint': 'max_source_abstraction_ratio', 'actual': 0.9505540581622063, 'target': 0.95, 'operator': '<=', 'violation': 0.0005540581622063279, 'scaled_violation': 0.000583219118111924}]",maximum scale-free violation at first failed capacity,"[1100.0, 1150.0]","[[0.0, 1100.0]]",False,1200.0,reclaimed_water_substitution_ratio
8,1.3597338773818568,4.908806853235658,0.006517139518065741,950.0,1000.0,max_source_abstraction_ratio,0.0012389757330524276,"[{'constraint': 'max_source_abstraction_ratio', 'actual': 0.9512389757330524, 'target': 0.95, 'operator': '<=', 'violation': 0.0012389757330524276, 'scaled_violation': 0.00130418498216045}]",maximum scale-free violation at first failed capacity,"[950.0, 1000.0]","[[0.0, 950.0]]",False,1150.0,reclaimed_water_substitution_ratio
9,1.1741395813807167,4.170554990739367,0.0008807231249121729,1200.0,1250.0,max_source_abstraction_ratio,0.005036022934835183,"[{'constraint': 'max_source_abstraction_ratio', 'actual': 0.9550360229348351, 'target': 0.95, 'operator': '<=', 'violation': 0.005036022934835183, 'scaled_violation': 0.005301076773510719}, {'constraint': 'max_wtw_utilization', 'actual': 0.9516185426797927, 'target': 0.95, 'operator': '<=', 'violation': 0.0016185426797927782, 'scaled_violation': 0.001703729136623977}]",maximum scale-free violation at first failed capacity,"[1200.0, 1250.0]","[[0.0, 1200.0]]",False,1300.0,reclaimed_water_substitution_ratio
10,1.2045767630819852,8.091786411099513,0.004367595302342335,1100.0,1150.0,max_source_abstraction_ratio,0.001410989192738854,"[{'constraint': 'max_source_abstraction_ratio', 'actual': 0.9514109891927388, 'target': 0.95, 'operator': '<=', 'violation': 0.001410989192738854, 'scaled_violation': 0.0014852517818303727}]",maximum scale-free violation at first failed capacity,"[1100.0, 1150.0]","[[0.0, 1100.0]]",False,1300.0,reclaimed_water_substitution_ratio
11,1.2179946801508055,5.711451451939739,0.0031595723634699415,1100.0,1150.0,max_source_abstraction_ratio,0.0006492298011970821,"[{'constraint': 'max_source_abstraction_ratio', 'actual': 0.950649229801197, 'target': 0.95, 'operator': '<=', 'violation': 0.0006492298011970821, 'scaled_violation': 0.0006833997907337707}]",maximum scale-free violation at first failed capacity,"[1100.0, 1150.0]","[[0.0, 1100.0]]",False,1250.0,reclaimed_water_substitution_ratio
12,1.2071054944027784,5.402550061812484,0.001057993338344651,1150.0,1200.0,max_source_abstraction_ratio,0.0017483159751111588,"[{'constraint': 'max_source_abstraction_ratio', 'actual': 0.9517483159751111, 'target': 0.95, 'operator': '<=', 'violation': 0.0017483159751111588, 'scaled_violation': 0.0018403326053801673}]",maximum scale-free violation at first failed capacity,"[1150.0, 1200.0]","[[0.0, 1150.0]]",False,1250.0,reclaimed_water_substitution_ratio
13,1.2572250200606916,3.426105047575522,0.006515292716816187,950.0,1000.0,max_source_abstraction_ratio,0.0002310298560128654,"[{'constraint': 'max_source_abstraction_ratio', 'actual': 0.9502310298560128, 'target': 0.95, 'operator': '<=', 'violation': 0.0002310298560128654, 'scaled_violation': 0.00024318932211880571}]",maximum scale-free violation at first failed capacity,"[950.0, 1000.0]","[[0.0, 950.0]]",False,1150.0,reclaimed_water_substitution_ratio
14,1.346241170778046,5.808106864480147,0.0026584935218112965,1000.0,1050.0,max_source_abstraction_ratio,0.0005767073787696919,"[{'constraint': 'max_source_abstraction_ratio', 'actual': 0.9505767073787696, 'target': 0.95, 'operator': '<=', 'violation': 0.0005767073787696919, 'scaled_violation': 0.0006070603987049388}]",maximum scale-free violation at first failed capacity,"[1000.0, 1050.0]","[[0.0, 1000.0]]",False,1150.0,reclaimed_water_substitution_ratio
15,1.236248052513507,5.344974549478962,0.0014461939169717543,1150.0,1200.0,max_source_abstraction_ratio,0.0064605819032269585,"[{'constraint': 'max_source_abstraction_ratio', 'actual': 0.9564605819032269, 'target': 0.95, 'operator': '<=', 'violation': 0.0064605819032269585, 'scaled_violation': 0.006800612529712588}, {'constraint': 'max_wtw_utilization', 'actual': 0.9530380040371732, 'target': 0.95, 'operator': '<=', 'violation': 0.0030380040371732475, 'scaled_violation': 0.0031978989864981555}]",maximum scale-free violation at first failed capacity,"[1150.0, 1200.0]","[[0.0, 1150.0]]",False,1250.0,reclaimed_water_substitution_ratio
16,1.3166723210763425,5.492341064893763,0.0076086228922812305,1000.0,1050.0,max_source_abstraction_ratio,0.00638920054731873,"[{'constraint': 'max_source_abstraction_ratio', 'actual': 0.9563892005473187, 'target': 0.95, 'operator': '<=', 'violation': 0.00638920054731873, 'scaled_violation': 0.006725474260335505}, {'constraint': 'max_wtw_utilization', 'actual': 0.9529668781107656, 'target': 0.95, 'operator': '<=', 'violation': 0.0029668781107656805, 'scaled_violation': 0.003123029590279664}]",maximum scale-free violation at first failed capacity,"[1000.0, 1050.0]","[[0.0, 1000.0]]",False,1200.0,reclaimed_water_substitution_ratio
17,1.1759654024261714,4.672807101858886,0.003923537539199582,1150.0,1200.0,max_source_abstraction_ratio,0.003725563462654624,"[{'constraint': 'max_source_abstraction_ratio', 'actual': 0.9537255634626546, 'target': 0.95, 'operator': '<=', 'violation': 0.003725563462654624, 'scaled_violation': 0.003921645750162762}, {'constraint': 'max_wtw_utilization', 'actual': 0.9503127725274529, 'target': 0.95, 'operator': '<=', 'violation': 0.0003127725274529869, 'scaled_violation': 0.00032923423942419675}]",maximum scale-free violation at first failed capacity,"[1150.0, 1200.0]","[[0.0, 1150.0]]",False,1300.0,reclaimed_water_substitution_ratio
18,1.3343651682776214,3.251044198307013,0.005880825588066307,900.0,950.0,max_source_abstraction_ratio,0.002676965543126464,"[{'constraint': 'max_source_abstraction_ratio', 'actual': 0.9526769655431264, 'target': 0.95, 'operator': '<=', 'violation': 0.002676965543126464, 'scaled_violation': 0.0028178584664489094}]",maximum scale-free violation at first failed capacity,"[900.0, 950.0]","[[0.0, 900.0]]",False,1100.0,reclaimed_water_substitution_ratio
19,1.2565258110777813,4.098541921295184,0.0045721141038216374,1050.0,1100.0,max_source_abstraction_ratio,0.003256974801404966,"[{'constraint': 'max_source_abstraction_ratio', 'actual': 0.9532569748014049, 'target': 0.95, 'operator': '<=', 'violation': 0.003256974801404966, 'scaled_violation': 0.003428394527794701}]",maximum scale-free violation at first failed capacity,"[1050.0, 1100.0]","[[0.0, 1050.0]]",False,1200.0,reclaimed_water_substitution_ratio
20,1.1608358202650417,5.325787940572167,0.0052443578003633085,1150.0,1200.0,max_source_abstraction_ratio,0.004533543431020526,"[{'constraint': 'max_source_abstraction_ratio', 'actual': 0.9545335434310205, 'target': 0.95, 'operator': '<=', 'violation': 0.004533543431020526, 'scaled_violation': 0.004772150980021607}, {'constraint': 'max_wtw_utilization', 'actual': 0.9511178612377701, 'target': 0.95, 'operator': '<=', 'violation': 0.0011178612377701347, 'scaled_violation': 0.0011766960397580366}]",maximum scale-free violation at first failed capacity,"[1150.0, 1200.0]","[[0.0, 1150.0]]",False,1350.0,reclaimed_water_substitution_ratio
21,1.2204806514715432,7.799193569463259,0.0035159461430836134,1100.0,1150.0,max_source_abstraction_ratio,0.0016967016958219228,"[{'constraint': 'max_source_abstraction_ratio', 'actual': 0.9516967016958219, 'target': 0.95, 'operator': '<=', 'violation': 0.0016967016958219228, 'scaled_violation': 0.0017860017850757082}]",maximum scale-free violation at first failed capacity,"[1100.0, 1150.0]","[[0.0, 1100.0]]",False,1250.0,reclaimed_water_substitution_ratio
22,1.16952003909512,5.4891705775996185,0.0068882889031720036,1100.0,1150.0,max_source_abstraction_ratio,0.0020993340205480715,"[{'constraint': 'max_source_abstraction_ratio', 'actual': 0.952099334020548, 'target': 0.95, 'operator': '<=', 'violation': 0.0020993340205480715, 'scaled_violation': 0.002209825284787444}]",maximum scale-free violation at first failed capacity,"[1100.0, 1150.0]","[[0.0, 1100.0]]",False,1350.0,reclaimed_water_substitution_ratio
23,1.2679924290327036,4.719866165251827,0.00579199137947649,1050.0,1100.0,max_source_abstraction_ratio,0.004871002151624393,"[{'constraint': 'max_source_abstraction_ratio', 'actual': 0.9548710021516243, 'target': 0.95, 'operator': '<=', 'violation': 0.004871002151624393, 'scaled_violation': 0.005127370685920413}, {'constraint': 'max_wtw_utilization', 'actual': 0.9514541124033843, 'target': 0.95, 'operator': '<=', 'violation': 0.0014541124033843333, 'scaled_violation': 0.0015306446351414035}]",maximum scale-free violation at first failed capacity,"[1050.0, 1100.0]","[[0.0, 1050.0]]",False,1250.0,reclaimed_water_substitution_ratio
24,1.3200236007421233,6.241563703306038,0.004029279041126004,1000.0,1050.0,max_source_abstraction_ratio,8.464270623087522e-05,"[{'constraint': 'max_source_abstraction_ratio', 'actual': 0.9500846427062308, 'target': 0.95, 'operator': '<=', 'violation': 8.464270623087522e-05, 'scaled_violation': 8.909758550618445e-05}]",maximum scale-free violation at first failed capacity,"[1000.0, 1050.0]","[[0.0, 1000.0]]",False,1150.0,reclaimed_water_substitution_ratio
25,1.2627955564601856,6.148016768021126,0.006721201623477014,1050.0,1100.0,max_source_abstraction_ratio,0.006057231343592706,"[{'constraint': 'max_source_abstraction_ratio', 'actual': 0.9560572313435927, 'target': 0.95, 'operator': '<=', 'violation': 0.006057231343592706, 'scaled_violation': 0.006376032993255481}, {'constraint': 'max_wtw_utilization', 'actual': 0.9526360968184604, 'target': 0.95, 'operator': '<=', 'violation': 0.0026360968184604427, 'scaled_violation': 0.0027748387562741505}]",maximum scale-free violation at first failed capacity,"[1050.0, 1100.0]","[[0.0, 1050.0]]",False,1250.0,reclaimed_water_substitution_ratio
26,1.1626673159806562,8.574336882571142,0.0038076368620596317,1150.0,1200.0,max_source_abstraction_ratio,0.0017062160032105256,"[{'constraint': 'max_source_abstraction_ratio', 'actual': 0.9517062160032105, 'target': 0.95, 'operator': '<=', 'violation': 0.0017062160032105256, 'scaled_violation': 0.001796016845484764}]",maximum scale-free violation at first failed capacity,"[1150.0, 1200.0]","[[0.0, 1150.0]]",False,1350.0,reclaimed_water_substitution_ratio
27,1.2215934979128178,5.237661139914209,0.0014357544152622502,1150.0,1200.0,max_source_abstraction_ratio,0.004485972006733507,"[{'constraint': 'max_source_abstraction_ratio', 'actual': 0.9544859720067335, 'target': 0.95, 'operator': '<=', 'violation': 0.004485972006733507, 'scaled_violation': 0.004722075796561587}, {'constraint': 'max_wtw_utilization', 'actual': 0.9510704600420391, 'target': 0.95, 'operator': '<=', 'violation': 0.0010704600420391452, 'scaled_violation': 0.001126800044251732}]",maximum scale-free violation at first failed capacity,"[1150.0, 1200.0]","[[0.0, 1150.0]]",False,1250.0,reclaimed_water_substitution_ratio
28,1.2160557258526572,8.733035607013168,0.002338427644886381,1150.0,1200.0,max_source_abstraction_ratio,0.005677896314546627,"[{'constraint': 'max_source_abstraction_ratio', 'actual': 0.9556778963145466, 'target': 0.95, 'operator': '<=', 'violation': 0.005677896314546627, 'scaled_violation': 0.00597673296268066}, {'constraint': 'max_wtw_utilization', 'actual': 0.9522581191936805, 'target': 0.95, 'operator': '<=', 'violation': 0.0022581191936805745, 'scaled_violation': 0.0023769675722953416}]",maximum scale-free violation at first failed capacity,"[1150.0, 1200.0]","[[0.0, 1150.0]]",False,1250.0,reclaimed_water_substitution_ratio
29,1.21427290957426,5.955922336170511,0.00440452300048076,1100.0,1150.0,max_source_abstraction_ratio,0.002724548777456204,"[{'constraint': 'max_source_abstraction_ratio', 'actual': 0.9527245487774562, 'target': 0.95, 'operator': '<=', 'violation': 0.002724548777456204, 'scaled_violation': 0.002867946081532846}]",maximum scale-free violation at first failed capacity,"[1100.0, 1150.0]","[[0.0, 1100.0]]",False,1300.0,reclaimed_water_substitution_ratio
30,1.15846462837584,8.592545557948078,0.004303882782899121,1150.0,1200.0,max_source_abstraction_ratio,0.002207169765111927,"[{'constraint': 'max_source_abstraction_ratio', 'actual': 0.9522071697651119, 'target': 0.95, 'operator': '<=', 'violation': 0.002207169765111927, 'scaled_violation': 0.0023233365948546604}]",maximum scale-free violation at first failed capacity,"[1150.0, 1200.0]","[[0.0, 1150.0]]",False,1350.0,reclaimed_water_substitution_ratio
31,1.1520961559531824,6.419444397708393,0.0021552627612207737,1200.0,1250.0,max_source_abstraction_ratio,0.0033526983873299887,"[{'constraint': 'max_source_abstraction_ratio', 'actual': 0.9533526983873299, 'target': 0.95, 'operator': '<=', 'violation': 0.0033526983873299887, 'scaled_violation': 0.003529156197189462}]",maximum scale-free violation at first failed capacity,"[1200.0, 1250.0]","[[0.0, 1200.0]]",False,1350.0,reclaimed_water_substitution_ratio
32,1.2982200008344418,4.308316535320393,0.005093514927813337,1050.0,1100.0,max_source_abstraction_ratio,0.007324979066735682,"[{'constraint': 'max_source_abstraction_ratio', 'actual': 0.9573249790667356, 'target': 0.95, 'operator': '<=', 'violation': 0.007324979066735682, 'scaled_violation': 0.007710504280774402}, {'constraint': 'max_wtw_utilization', 'actual': 0.9538993080605617, 'target': 0.95, 'operator': '<=', 'violation': 0.0038993080605617125, 'scaled_violation': 0.004104534800591276}]",maximum scale-free violation at first failed capacity,"[1050.0, 1100.0]","[[0.0, 1050.0]]",False,1200.0,reclaimed_water_substitution_ratio
33,1.172254399812599,6.548526559982124,0.00796115620509617,1100.0,1150.0,max_source_abstraction_ratio,0.004646367685234742,"[{'constraint': 'max_source_abstraction_ratio', 'actual': 0.9546463676852347, 'target': 0.95, 'operator': '<=', 'violation': 0.004646367685234742, 'scaled_violation': 0.004890913352878676}, {'constraint': 'max_wtw_utilization', 'actual': 0.9512302817641123, 'target': 0.95, 'operator': '<=', 'violation': 0.0012302817641123287, 'scaled_violation': 0.0012950334359077146}]",maximum scale-free violation at first failed capacity,"[1100.0, 1150.0]","[[0.0, 1100.0]]",False,1350.0,reclaimed_water_substitution_ratio
34,1.2243583851963118,4.995778623371492,0.007510661476205051,1050.0,1100.0,max_source_abstraction_ratio,0.0029103301633512935,"[{'constraint': 'max_source_abstraction_ratio', 'actual': 0.9529103301633512, 'target': 0.95, 'operator': '<=', 'violation': 0.0029103301633512935, 'scaled_violation': 0.003063505435106625}]",maximum scale-free violation at first failed capacity,"[1050.0, 1100.0]","[[0.0, 1050.0]]",False,1250.0,reclaimed_water_substitution_ratio
35,1.2186646653350002,4.502735253730625,0.005753904623665226,1100.0,1150.0,max_source_abstraction_ratio,0.006049665288405559,"[{'constraint': 'max_source_abstraction_ratio', 'actual': 0.9560496652884055, 'target': 0.95, 'operator': '<=', 'violation': 0.006049665288405559, 'scaled_violation': 0.006368068724637431}, {'constraint': 'max_wtw_utilization', 'actual': 0.9526285578374816, 'target': 0.95, 'operator': '<=', 'violation': 0.0026285578374816154, 'scaled_violation': 0.002766902986822753}]",maximum scale-free violation at first failed capacity,"[1100.0, 1150.0]","[[0.0, 1100.0]]",False,1300.0,reclaimed_water_substitution_ratio
36,1.184354132692652,8.183639784676565,0.006537109409531979,1100.0,1150.0,max_source_abstraction_ratio,0.0032737567584418814,"[{'constraint': 'max_source_abstraction_ratio', 'actual': 0.9532737567584418, 'target': 0.95, 'operator': '<=', 'violation': 0.0032737567584418814, 'scaled_violation': 0.0034460597457282964}]",maximum scale-free violation at first failed capacity,"[1100.0, 1150.0]","[[0.0, 1100.0]]",False,1300.0,reclaimed_water_substitution_ratio
37,1.3004402700782622,4.337241324245135,0.0014594224172049869,1050.0,1100.0,max_source_abstraction_ratio,0.0003434660431466119,"[{'constraint': 'max_source_abstraction_ratio', 'actual': 0.9503434660431466, 'target': 0.95, 'operator': '<=', 'violation': 0.0003434660431466119, 'scaled_violation': 0.00036154320331222305}]",maximum scale-free violation at first failed capacity,"[1050.0, 1100.0]","[[0.0, 1050.0]]",False,1200.0,reclaimed_water_substitution_ratio
38,1.242694558484366,3.5975847322883316,0.005707967466487558,1000.0,1050.0,max_source_abstraction_ratio,0.0022704211449171563,"[{'constraint': 'max_source_abstraction_ratio', 'actual': 0.9522704211449171, 'target': 0.95, 'operator': '<=', 'violation': 0.0022704211449171563, 'scaled_violation': 0.0023899169946496384}]",maximum scale-free violation at first failed capacity,"[1000.0, 1050.0]","[[0.0, 1000.0]]",False,1200.0,reclaimed_water_substitution_ratio
39,1.18966241100378,8.48888570961246,0.007989789312788974,1100.0,1150.0,max_source_abstraction_ratio,0.006927508541441751,"[{'constraint': 'max_source_abstraction_ratio', 'actual': 0.9569275085414417, 'target': 0.95, 'operator': '<=', 'violation': 0.006927508541441751, 'scaled_violation': 0.007292114254149213}, {'constraint': 'max_wtw_utilization', 'actual': 0.9535032598352015, 'target': 0.95, 'operator': '<=', 'violation': 0.0035032598352015, 'scaled_violation': 0.0036876419317910525}]",maximum scale-free violation at first failed capacity,"[1100.0, 1150.0]","[[0.0, 1100.0]]",False,1300.0,reclaimed_water_substitution_ratio
40,1.2912444692971374,5.472215831700627,0.005391908480636776,1050.0,1100.0,max_source_abstraction_ratio,0.006926525247369808,"[{'constraint': 'max_source_abstraction_ratio', 'actual': 0.9569265252473698, 'target': 0.95, 'operator': '<=', 'violation': 0.006926525247369808, 'scaled_violation': 0.007291079207757693}, {'constraint': 'max_wtw_utilization', 'actual': 0.9535022800597277, 'target': 0.95, 'operator': '<=', 'violation': 0.003502280059727747, 'scaled_violation': 0.003686610589187102}]",maximum scale-free violation at first failed capacity,"[1050.0, 1100.0]","[[0.0, 1050.0]]",False,1200.0,reclaimed_water_substitution_ratio
41,1.3031683989235419,5.411384141508466,0.00650790565544615,1000.0,1050.0,max_source_abstraction_ratio,0.002756164988081067,"[{'constraint': 'max_source_abstraction_ratio', 'actual': 0.952756164988081, 'target': 0.95, 'operator': '<=', 'violation': 0.002756164988081067, 'scaled_violation': 0.0029012263032432285}]",maximum scale-free violation at first failed capacity,"[1000.0, 1050.0]","[[0.0, 1000.0]]",False,1200.0,reclaimed_water_substitution_ratio
42,1.1273994922493586,7.009944986783361,0.0007180510477645748,1250.0,1300.0,max_source_abstraction_ratio,0.0030471205295374837,"[{'constraint': 'max_source_abstraction_ratio', 'actual': 0.9530471205295374, 'target': 0.95, 'operator': '<=', 'violation': 0.0030471205295374837, 'scaled_violation': 0.003207495294249983}]",maximum scale-free violation at first failed capacity,"[1250.0, 1300.0]","[[0.0, 1250.0]]",False,1350.0,reclaimed_water_substitution_ratio
43,1.2791821219960815,4.618675606692059,0.0067427285034027725,1000.0,1050.0,max_source_abstraction_ratio,0.0003993648980610276,"[{'constraint': 'max_source_abstraction_ratio', 'actual': 0.950399364898061, 'target': 0.95, 'operator': '<=', 'violation': 0.0003993648980610276, 'scaled_violation': 0.00042038410322213434}]",maximum scale-free violation at first failed capacity,"[1000.0, 1050.0]","[[0.0, 1000.0]]",False,1200.0,reclaimed_water_substitution_ratio
44,1.121312596993929,6.087558923751896,0.00514682639762281,1200.0,1250.0,max_source_abstraction_ratio,0.0057424282035857255,"[{'constraint': 'max_source_abstraction_ratio', 'actual': 0.9557424282035857, 'target': 0.95, 'operator': '<=', 'violation': 0.0057424282035857255, 'scaled_violation': 0.006044661266932343}, {'constraint': 'max_wtw_utilization', 'actual': 0.9523224201632031, 'target': 0.95, 'operator': '<=', 'violation': 0.002322420163203165, 'scaled_violation': 0.0024446528033717527}]",maximum scale-free violation at first failed capacity,"[1200.0, 1250.0]","[[0.0, 1200.0]]",False,1400.0,reclaimed_water_substitution_ratio
45,1.2045947188663924,8.268521403459237,0.007574160725542315,1050.0,1100.0,max_source_abstraction_ratio,0.0006212399372355071,"[{'constraint': 'max_source_abstraction_ratio', 'actual': 0.9506212399372355, 'target': 0.95, 'operator': '<=', 'violation': 0.0006212399372355071, 'scaled_violation': 0.0006539367760373759}]",maximum scale-free violation at first failed capacity,"[1050.0, 1100.0]","[[0.0, 1050.0]]",False,1300.0,reclaimed_water_substitution_ratio
46,1.2242132816905316,8.327760935961628,0.0009868145215832327,1150.0,1200.0,max_source_abstraction_ratio,0.003875269857273711,"[{'constraint': 'max_source_abstraction_ratio', 'actual': 0.9538752698572737, 'target': 0.95, 'operator': '<=', 'violation': 0.003875269857273711, 'scaled_violation': 0.00407923142870917}, {'constraint': 'max_wtw_utilization', 'actual': 0.9504619432159467, 'target': 0.95, 'operator': '<=', 'violation': 0.00046194321594672516, 'scaled_violation': 0.0004862560167860265}]",maximum scale-free violation at first failed capacity,"[1150.0, 1200.0]","[[0.0, 1150.0]]",False,1250.0,reclaimed_water_substitution_ratio
47,1.3134031977392229,3.7248183750677715,0.005573578015374746,950.0,1000.0,max_source_abstraction_ratio,0.0007562824629940845,"[{'constraint': 'max_source_abstraction_ratio', 'actual': 0.950756282462994, 'target': 0.95, 'operator': '<=', 'violation': 0.0007562824629940845, 'scaled_violation': 0.000796086803151668}]",maximum scale-free violation at first failed capacity,"[950.0, 1000.0]","[[0.0, 950.0]]",False,1150.0,reclaimed_water_substitution_ratio
48,1.2015036458283501,5.514634243026196,0.0077431067888533624,1050.0,1100.0,max_source_abstraction_ratio,0.0005748249361249291,"[{'constraint': 'max_source_abstraction_ratio', 'actual': 0.9505748249361249, 'target': 0.95, 'operator': '<=', 'violation': 0.0005748249361249291, 'scaled_violation': 0.0006050788801315043}]",maximum scale-free violation at first failed capacity,"[1050.0, 1100.0]","[[0.0, 1050.0]]",False,1300.0,reclaimed_water_substitution_ratio
49,1.233780563030649,6.756044645652141,0.006474235064813054,1050.0,1100.0,max_source_abstraction_ratio,0.0020299924746612907,"[{'constraint': 'max_source_abstraction_ratio', 'actual': 0.9520299924746612, 'target': 0.95, 'operator': '<=', 'violation': 0.0020299924746612907, 'scaled_violation': 0.0021368341838539904}]",maximum scale-free violation at first failed capacity,"[1050.0, 1100.0]","[[0.0, 1050.0]]",False,1250.0,reclaimed_water_substitution_ratio
50,1.2874250880161822,5.4085535896654235,0.0022344993885579385,1050.0,1100.0,max_source_abstraction_ratio,0.00027289247815964757,"[{'constraint': 'max_source_abstraction_ratio', 'actual': 0.9502728924781596, 'target': 0.95, 'operator': '<=', 'violation': 0.00027289247815964757, 'scaled_violation': 0.0002872552401680501}]",maximum scale-free violation at first failed capacity,"[1050.0, 1100.0]","[[0.0, 1050.0]]",False,1200.0,reclaimed_water_substitution_ratio
51,1.3398269031326655,7.109496243358267,0.006188691032128615,1000.0,1050.0,max_source_abstraction_ratio,0.006432289044845385,"[{'constraint': 'max_source_abstraction_ratio', 'actual': 0.9564322890448453, 'target': 0.95, 'operator': '<=', 'violation': 0.006432289044845385, 'scaled_violation': 0.006770830573521458}, {'constraint': 'max_wtw_utilization', 'actual': 0.9530098124213443, 'target': 0.95, 'operator': '<=', 'violation': 0.003009812421344349, 'scaled_violation': 0.0031682236014151043}]",maximum scale-free violation at first failed capacity,"[1000.0, 1050.0]","[[0.0, 1000.0]]",False,1150.0,reclaimed_water_substitution_ratio
52,1.2058588204642147,4.645666520317482,0.004476337648814072,1100.0,1150.0,max_source_abstraction_ratio,0.0017974453379927535,"[{'constraint': 'max_source_abstraction_ratio', 'actual': 0.9517974453379927, 'target': 0.95, 'operator': '<=', 'violation': 0.0017974453379927535, 'scaled_violation': 0.0018920477242028986}]",maximum scale-free violation at first failed capacity,"[1100.0, 1150.0]","[[0.0, 1100.0]]",False,1300.0,reclaimed_water_substitution_ratio
53,1.35515753809134,3.983143608964821,0.004046544945680219,1000.0,1050.0,max_source_abstraction_ratio,0.007704957400933465,"[{'constraint': 'max_source_abstraction_ratio', 'actual': 0.9577049574009334, 'target': 0.95, 'operator': '<=', 'violation': 0.007704957400933465, 'scaled_violation': 0.008110481474666807}, {'constraint': 'max_wtw_utilization', 'actual': 0.954277926688504, 'target': 0.95, 'operator': '<=', 'violation': 0.004277926688504019, 'scaled_violation': 0.004503080724741073}]",maximum scale-free violation at first failed capacity,"[1000.0, 1050.0]","[[0.0, 1000.0]]",False,1100.0,reclaimed_water_substitution_ratio
54,1.2684924481386597,8.439193749818044,0.0041864570637566495,1050.0,1100.0,max_source_abstraction_ratio,0.0017858822818539455,"[{'constraint': 'max_source_abstraction_ratio', 'actual': 0.9517858822818539, 'target': 0.95, 'operator': '<=', 'violation': 0.0017858822818539455, 'scaled_violation': 0.001879876086162048}]",maximum scale-free violation at first failed capacity,"[1050.0, 1100.0]","[[0.0, 1050.0]]",False,1200.0,reclaimed_water_substitution_ratio
55,1.27139888670093,3.804125114535771,0.006382848875625348,1000.0,1050.0,max_source_abstraction_ratio,0.004316219202329052,"[{'constraint': 'max_source_abstraction_ratio', 'actual': 0.954316219202329, 'target': 0.95, 'operator': '<=', 'violation': 0.004316219202329052, 'scaled_violation': 0.004543388634030582}, {'constraint': 'max_wtw_utilization', 'actual': 0.9509013146773996, 'target': 0.95, 'operator': '<=', 'violation': 0.0009013146773996228, 'scaled_violation': 0.000948752291999603}]",maximum scale-free violation at first failed capacity,"[1000.0, 1050.0]","[[0.0, 1000.0]]",False,1200.0,reclaimed_water_substitution_ratio
56,1.3203307928397754,4.753812899495892,0.006932670105924115,1000.0,1050.0,max_source_abstraction_ratio,0.005551283585422118,"[{'constraint': 'max_source_abstraction_ratio', 'actual': 0.9555512835854221, 'target': 0.95, 'operator': '<=', 'violation': 0.005551283585422118, 'scaled_violation': 0.005843456405707492}, {'constraint': 'max_wtw_utilization', 'actual': 0.9521319595328083, 'target': 0.95, 'operator': '<=', 'violation': 0.002131959532808314, 'scaled_violation': 0.0022441679292719095}]",maximum scale-free violation at first failed capacity,"[1000.0, 1050.0]","[[0.0, 1000.0]]",False,1200.0,reclaimed_water_substitution_ratio
57,1.3052949140322987,7.52294530009255,0.0069823273213759415,1000.0,1050.0,max_source_abstraction_ratio,0.0038914613310929713,"[{'constraint': 'max_source_abstraction_ratio', 'actual': 0.9538914613310929, 'target': 0.95, 'operator': '<=', 'violation': 0.0038914613310929713, 'scaled_violation': 0.004096275085361023}, {'constraint': 'max_wtw_utilization', 'actual': 0.950478076750546, 'target': 0.95, 'operator': '<=', 'violation': 0.0004780767505460082, 'scaled_violation': 0.0005032386847852718}]",maximum scale-free violation at first failed capacity,"[1000.0, 1050.0]","[[0.0, 1000.0]]",False,1200.0,reclaimed_water_substitution_ratio
58,1.299102045186029,8.046412766758284,0.004869123416373432,1050.0,1100.0,max_source_abstraction_ratio,0.006861643817779095,"[{'constraint': 'max_source_abstraction_ratio', 'actual': 0.956861643817779, 'target': 0.95, 'operator': '<=', 'violation': 0.006861643817779095, 'scaled_violation': 0.007222782966083258}, {'constraint': 'max_wtw_utilization', 'actual': 0.953437630800442, 'target': 0.95, 'operator': '<=', 'violation': 0.0034376308004420153, 'scaled_violation': 0.003618558737307385}]",maximum scale-free violation at first failed capacity,"[1050.0, 1100.0]","[[0.0, 1050.0]]",False,1200.0,reclaimed_water_substitution_ratio
59,1.2175432430238777,5.660031693665331,0.0036671104141304278,1100.0,1150.0,max_source_abstraction_ratio,0.001631366482247265,"[{'constraint': 'max_source_abstraction_ratio', 'actual': 0.9516313664822472, 'target': 0.95, 'operator': '<=', 'violation': 0.001631366482247265, 'scaled_violation': 0.001717227876049753}]",maximum scale-free violation at first failed capacity,"[1100.0, 1150.0]","[[0.0, 1100.0]]",False,1250.0,reclaimed_water_substitution_ratio
60,1.3033393491966057,7.675893741908033,0.0040618630810511595,1050.0,1100.0,max_source_abstraction_ratio,0.0057972041883426195,"[{'constraint': 'max_source_abstraction_ratio', 'actual': 0.9557972041883426, 'target': 0.95, 'operator': '<=', 'violation': 0.0057972041883426195, 'scaled_violation': 0.006102320198255389}, {'constraint': 'max_wtw_utilization', 'actual': 0.9523770001387604, 'target': 0.95, 'operator': '<=', 'violation': 0.00237700013876041, 'scaled_violation': 0.0025021054092214845}]",maximum scale-free violation at first failed capacity,"[1050.0, 1100.0]","[[0.0, 1050.0]]",False,1200.0,reclaimed_water_substitution_ratio
61,1.128842289987105,8.41587246298463,0.003946550830295728,1200.0,1250.0,max_source_abstraction_ratio,0.004114561396668326,"[{'constraint': 'max_source_abstraction_ratio', 'actual': 0.9541145613966683, 'target': 0.95, 'operator': '<=', 'violation': 0.004114561396668326, 'scaled_violation': 0.004331117259650869}, {'constraint': 'max_wtw_utilization', 'actual': 0.9507003784796705, 'target': 0.95, 'operator': '<=', 'violation': 0.000700378479670527, 'scaled_violation': 0.0007372405049163443}]",maximum scale-free violation at first failed capacity,"[1200.0, 1250.0]","[[0.0, 1200.0]]",False,1400.0,reclaimed_water_substitution_ratio
62,1.3449865798753922,5.99018833070121,0.002835660938559944,1000.0,1050.0,max_source_abstraction_ratio,0.0007618558923055962,"[{'constraint': 'max_source_abstraction_ratio', 'actual': 0.9507618558923056, 'target': 0.95, 'operator': '<=', 'violation': 0.0007618558923055962, 'scaled_violation': 0.000801953570847996}]",maximum scale-free violation at first failed capacity,"[1000.0, 1050.0]","[[0.0, 1000.0]]",False,1150.0,reclaimed_water_substitution_ratio
63,1.1959424346365148,5.044748610775882,0.00505347977059031,1100.0,1150.0,max_source_abstraction_ratio,0.001713786581566401,"[{'constraint': 'max_source_abstraction_ratio', 'actual': 0.9517137865815664, 'target': 0.95, 'operator': '<=', 'violation': 0.001713786581566401, 'scaled_violation': 0.0018039858753330538}]",maximum scale-free violation at first failed capacity,"[1100.0, 1150.0]","[[0.0, 1100.0]]",False,1300.0,reclaimed_water_substitution_ratio
64,1.1573383905835937,5.838110374882451,0.003352496445068242,1150.0,1200.0,max_source_abstraction_ratio,2.3324560827098217e-05,"[{'constraint': 'max_source_abstraction_ratio', 'actual': 0.950023324560827, 'target': 0.95, 'operator': '<=', 'violation': 2.3324560827098217e-05, 'scaled_violation': 2.4552169291682335e-05}]",maximum scale-free violation at first failed capacity,"[1150.0, 1200.0]","[[0.0, 1150.0]]",False,1350.0,reclaimed_water_substitution_ratio
65,1.3339557788240342,8.621080686945,0.006084449697428612,1000.0,1050.0,max_source_abstraction_ratio,0.0055529172815296235,"[{'constraint': 'max_source_abstraction_ratio', 'actual': 0.9555529172815296, 'target': 0.95, 'operator': '<=', 'violation': 0.0055529172815296235, 'scaled_violation': 0.005845176085820657}, {'constraint': 'max_wtw_utilization', 'actual': 0.952133587382933, 'target': 0.95, 'operator': '<=', 'violation': 0.002133587382933011, 'scaled_violation': 0.002245881455718959}]",maximum scale-free violation at first failed capacity,"[1000.0, 1050.0]","[[0.0, 1000.0]]",False,1150.0,reclaimed_water_substitution_ratio
66,1.1822305150485293,3.690429701850751,0.0013871038361903507,1150.0,1200.0,max_source_abstraction_ratio,0.006126419089697799,"[{'constraint': 'max_source_abstraction_ratio', 'actual': 0.9561264190896978, 'target': 0.95, 'operator': '<=', 'violation': 0.006126419089697799, 'scaled_violation': 0.006448862199681894}, {'constraint': 'max_wtw_utilization', 'actual': 0.9527050369846307, 'target': 0.95, 'operator': '<=', 'violation': 0.00270503698463076, 'scaled_violation': 0.002847407352242905}]",maximum scale-free violation at first failed capacity,"[1150.0, 1200.0]","[[0.0, 1150.0]]",False,1250.0,reclaimed_water_substitution_ratio
67,1.2987275257728605,8.045001979524207,0.0009514401951024028,1100.0,1150.0,max_source_abstraction_ratio,0.0064326884351405544,"[{'constraint': 'max_source_abstraction_ratio', 'actual': 0.9564326884351405, 'target': 0.95, 'operator': '<=', 'violation': 0.0064326884351405544, 'scaled_violation': 0.006771250984358479}, {'constraint': 'max_wtw_utilization', 'actual': 0.9530102103824699, 'target': 0.95, 'operator': '<=', 'violation': 0.0030102103824699578, 'scaled_violation': 0.0031686425078631137}]",maximum scale-free violation at first failed capacity,"[1100.0, 1150.0]","[[0.0, 1100.0]]",False,1200.0,reclaimed_water_substitution_ratio
68,1.3435324805334814,4.4729259464453985,0.0006762021040570638,1050.0,1100.0,max_source_abstraction_ratio,0.0040710636351769525,"[{'constraint': 'max_source_abstraction_ratio', 'actual': 0.9540710636351769, 'target': 0.95, 'operator': '<=', 'violation': 0.0040710636351769525, 'scaled_violation': 0.004285330142291529}, {'constraint': 'max_wtw_utilization', 'actual': 0.9506570363696283, 'target': 0.95, 'operator': '<=', 'violation': 0.0006570363696283277, 'scaled_violation': 0.0006916172311877133}]",maximum scale-free violation at first failed capacity,"[1050.0, 1100.0]","[[0.0, 1050.0]]",False,1150.0,reclaimed_water_substitution_ratio
69,1.140470549573687,5.128166048885205,0.0019218326296955848,1200.0,1250.0,max_source_abstraction_ratio,0.001219589692979861,"[{'constraint': 'max_source_abstraction_ratio', 'actual': 0.9512195896929798, 'target': 0.95, 'operator': '<=', 'violation': 0.001219589692979861, 'scaled_violation': 0.0012837786241893276}]",maximum scale-free violation at first failed capacity,"[1200.0, 1250.0]","[[0.0, 1200.0]]",False,1350.0,reclaimed_water_substitution_ratio
70,1.2020054509790876,7.292737232679526,0.007696211188946969,1050.0,1100.0,max_source_abstraction_ratio,0.0005442090240718178,"[{'constraint': 'max_source_abstraction_ratio', 'actual': 0.9505442090240718, 'target': 0.95, 'operator': '<=', 'violation': 0.0005442090240718178, 'scaled_violation': 0.000572851604286124}]",maximum scale-free violation at first failed capacity,"[1050.0, 1100.0]","[[0.0, 1050.0]]",False,1300.0,reclaimed_water_substitution_ratio
71,1.2610411457680735,7.765777781833891,0.006595046650720507,1050.0,1100.0,max_source_abstraction_ratio,0.005595772717303826,"[{'constraint': 'max_source_abstraction_ratio', 'actual': 0.9555957727173038, 'target': 0.95, 'operator': '<=', 'violation': 0.005595772717303826, 'scaled_violation': 0.005890287070846133}, {'constraint': 'max_wtw_utilization', 'actual': 0.9521762894657424, 'target': 0.95, 'operator': '<=', 'violation': 0.0021762894657424425, 'scaled_violation': 0.002290831016570992}]",maximum scale-free violation at first failed capacity,"[1050.0, 1100.0]","[[0.0, 1050.0]]",False,1250.0,reclaimed_water_substitution_ratio
72,1.200015140213914,6.044909494109765,0.006978856836165552,1100.0,1150.0,max_source_abstraction_ratio,0.006178187374070276,"[{'constraint': 'max_source_abstraction_ratio', 'actual': 0.9561781873740702, 'target': 0.95, 'operator': '<=', 'violation': 0.006178187374070276, 'scaled_violation': 0.006503355130600292}, {'constraint': 'max_wtw_utilization', 'actual': 0.9527566200224938, 'target': 0.95, 'operator': '<=', 'violation': 0.002756620022493883, 'scaled_violation': 0.0029017052868356664}]",maximum scale-free violation at first failed capacity,"[1100.0, 1150.0]","[[0.0, 1100.0]]",False,1300.0,reclaimed_water_substitution_ratio
73,1.3104484630065316,5.929786844036387,0.002217385144647901,1050.0,1100.0,max_source_abstraction_ratio,0.0030509509896151643,"[{'constraint': 'max_source_abstraction_ratio', 'actual': 0.9530509509896151, 'target': 0.95, 'operator': '<=', 'violation': 0.0030509509896151643, 'scaled_violation': 0.003211527357489647}]",maximum scale-free violation at first failed capacity,"[1050.0, 1100.0]","[[0.0, 1050.0]]",False,1150.0,reclaimed_water_substitution_ratio
74,1.2324123993942586,7.708747469894154,0.00568036710161976,1050.0,1100.0,max_source_abstraction_ratio,0.0003072613135475244,"[{'constraint': 'max_source_abstraction_ratio', 'actual': 0.9503072613135475, 'target': 0.95, 'operator': '<=', 'violation': 0.0003072613135475244, 'scaled_violation': 0.0003234329616289731}]",maximum scale-free violation at first failed capacity,"[1050.0, 1100.0]","[[0.0, 1050.0]]",False,1250.0,reclaimed_water_substitution_ratio
75,1.3079154859023483,4.246779477175305,0.0032474842421467524,1050.0,1100.0,max_source_abstraction_ratio,0.005476190089666266,"[{'constraint': 'max_source_abstraction_ratio', 'actual': 0.9554761900896662, 'target': 0.95, 'operator': '<=', 'violation': 0.005476190089666266, 'scaled_violation': 0.005764410620701333}, {'constraint': 'max_wtw_utilization', 'actual': 0.952057134749994, 'target': 0.95, 'operator': '<=', 'violation': 0.0020571347499940273, 'scaled_violation': 0.002165404999993713}]",maximum scale-free violation at first failed capacity,"[1050.0, 1100.0]","[[0.0, 1050.0]]",False,1200.0,reclaimed_water_substitution_ratio
76,1.2782103127746327,7.580386531731496,0.0016575622890905371,1100.0,1150.0,max_source_abstraction_ratio,0.0052598574855696745,"[{'constraint': 'max_source_abstraction_ratio', 'actual': 0.9552598574855696, 'target': 0.95, 'operator': '<=', 'violation': 0.0052598574855696745, 'scaled_violation': 0.005536692090073342}, {'constraint': 'max_wtw_utilization', 'actual': 0.9518415762658105, 'target': 0.95, 'operator': '<=', 'violation': 0.0018415762658104962, 'scaled_violation': 0.0019385013324321014}]",maximum scale-free violation at first failed capacity,"[1100.0, 1150.0]","[[0.0, 1100.0]]",False,1200.0,reclaimed_water_substitution_ratio
77,1.3583870364103305,4.378626646353787,0.005372435682699815,1000.0,1050.0,max_source_abstraction_ratio,0.007068995514986076,"[{'constraint': 'max_source_abstraction_ratio', 'actual': 0.957068995514986, 'target': 0.95, 'operator': '<=', 'violation': 0.007068995514986076, 'scaled_violation': 0.007441047910511659}, {'constraint': 'max_wtw_utilization', 'actual': 0.9536442405148187, 'target': 0.95, 'operator': '<=', 'violation': 0.0036442405148187085, 'scaled_violation': 0.003836042647177588}]",maximum scale-free violation at first failed capacity,"[1000.0, 1050.0]","[[0.0, 1000.0]]",False,1150.0,reclaimed_water_substitution_ratio
78,1.1536309651385608,6.396262141547655,0.006365339450793244,1150.0,1200.0,max_source_abstraction_ratio,0.005970061803826199,"[{'constraint': 'max_source_abstraction_ratio', 'actual': 0.9559700618038262, 'target': 0.95, 'operator': '<=', 'violation': 0.005970061803826199, 'scaled_violation': 0.006284275582974947}, {'constraint': 'max_wtw_utilization', 'actual': 0.9525492392042904, 'target': 0.95, 'operator': '<=', 'violation': 0.002549239204290399, 'scaled_violation': 0.0026834096887267357}]",maximum scale-free violation at first failed capacity,"[1150.0, 1200.0]","[[0.0, 1150.0]]",False,1350.0,reclaimed_water_substitution_ratio
79,1.1302141582434455,5.0197942784185745,0.004955349139158707,1200.0,1250.0,max_source_abstraction_ratio,0.006551331803345217,"[{'constraint': 'max_source_abstraction_ratio', 'actual': 0.9565513318033452, 'target': 0.95, 'operator': '<=', 'violation': 0.006551331803345217, 'scaled_violation': 0.0068961387403633865}, {'constraint': 'max_wtw_utilization', 'actual': 0.9531284291998109, 'target': 0.95, 'operator': '<=', 'violation': 0.0031284291998109337, 'scaled_violation': 0.003293083368222036}]",maximum scale-free violation at first failed capacity,"[1200.0, 1250.0]","[[0.0, 1200.0]]",False,1400.0,reclaimed_water_substitution_ratio
80,1.2551889247085792,6.893240482883377,0.005775334143098136,1050.0,1100.0,max_source_abstraction_ratio,0.003274807611734709,"[{'constraint': 'max_source_abstraction_ratio', 'actual': 0.9532748076117347, 'target': 0.95, 'operator': '<=', 'violation': 0.003274807611734709, 'scaled_violation': 0.0034471659070891675}]",maximum scale-free violation at first failed capacity,"[1050.0, 1100.0]","[[0.0, 1050.0]]",False,1250.0,reclaimed_water_substitution_ratio
81,1.3359785262668091,6.52084976252187,0.004486518769648883,1000.0,1050.0,max_source_abstraction_ratio,0.0027997542171318557,"[{'constraint': 'max_source_abstraction_ratio', 'actual': 0.9527997542171318, 'target': 0.95, 'operator': '<=', 'violation': 0.0027997542171318557, 'scaled_violation': 0.0029471097022440588}]",maximum scale-free violation at first failed capacity,"[1000.0, 1050.0]","[[0.0, 1000.0]]",False,1150.0,reclaimed_water_substitution_ratio
82,1.3275788466730527,6.46998646563843,0.0009242631859429982,1050.0,1100.0,max_source_abstraction_ratio,0.002608916087252444,"[{'constraint': 'max_source_abstraction_ratio', 'actual': 0.9526089160872524, 'target': 0.95, 'operator': '<=', 'violation': 0.002608916087252444, 'scaled_violation': 0.002746227460265731}]",maximum scale-free violation at first failed capacity,"[1050.0, 1100.0]","[[0.0, 1050.0]]",False,1150.0,reclaimed_water_substitution_ratio
83,1.2138826050726361,6.354911094661855,0.0031845506690237548,1100.0,1150.0,max_source_abstraction_ratio,0.00017541302119361557,"[{'constraint': 'max_source_abstraction_ratio', 'actual': 0.9501754130211936, 'target': 0.95, 'operator': '<=', 'violation': 0.00017541302119361557, 'scaled_violation': 0.00018464528546696378}]",maximum scale-free violation at first failed capacity,"[1100.0, 1150.0]","[[0.0, 1100.0]]",False,1250.0,reclaimed_water_substitution_ratio
84,1.2309602395374566,8.541215730085085,0.0024916914483246472,1100.0,1150.0,max_source_abstraction_ratio,0.0009362839400011147,"[{'constraint': 'max_source_abstraction_ratio', 'actual': 0.9509362839400011, 'target': 0.95, 'operator': '<=', 'violation': 0.0009362839400011147, 'scaled_violation': 0.0009855620421064365}]",maximum scale-free violation at first failed capacity,"[1100.0, 1150.0]","[[0.0, 1100.0]]",False,1250.0,reclaimed_water_substitution_ratio
85,1.2384437193993256,8.452567437177109,0.001153856327875851,1150.0,1200.0,max_source_abstraction_ratio,0.006128151906348411,"[{'constraint': 'max_source_abstraction_ratio', 'actual': 0.9561281519063484, 'target': 0.95, 'operator': '<=', 'violation': 0.006128151906348411, 'scaled_violation': 0.006450686217208854}, {'constraint': 'max_wtw_utilization', 'actual': 0.9527067636006078, 'target': 0.95, 'operator': '<=', 'violation': 0.002706763600607842, 'scaled_violation': 0.0028492248427450973}]",maximum scale-free violation at first failed capacity,"[1150.0, 1200.0]","[[0.0, 1150.0]]",False,1250.0,reclaimed_water_substitution_ratio
86,1.3172199222531185,4.743205276740839,0.001405528106615332,1050.0,1100.0,max_source_abstraction_ratio,0.002286972650267005,"[{'constraint': 'max_source_abstraction_ratio', 'actual': 0.952286972650267, 'target': 0.95, 'operator': '<=', 'violation': 0.002286972650267005, 'scaled_violation': 0.0024073396318600054}]",maximum scale-free violation at first failed capacity,"[1050.0, 1100.0]","[[0.0, 1050.0]]",False,1150.0,reclaimed_water_substitution_ratio
87,1.160733112816714,6.370933025958346,0.0044885199487032686,1150.0,1200.0,max_source_abstraction_ratio,0.0029040836650873203,"[{'constraint': 'max_source_abstraction_ratio', 'actual': 0.9529040836650873, 'target': 0.95, 'operator': '<=', 'violation': 0.0029040836650873203, 'scaled_violation': 0.003056930173776127}]",maximum scale-free violation at first failed capacity,"[1150.0, 1200.0]","[[0.0, 1150.0]]",False,1350.0,reclaimed_water_substitution_ratio
88,1.175108278012356,5.505337947298369,0.000519779096318957,1200.0,1250.0,max_source_abstraction_ratio,0.0029042336611122543,"[{'constraint': 'max_source_abstraction_ratio', 'actual': 0.9529042336611122, 'target': 0.95, 'operator': '<=', 'violation': 0.0029042336611122543, 'scaled_violation': 0.003057088064328689}]",maximum scale-free violation at first failed capacity,"[1200.0, 1250.0]","[[0.0, 1200.0]]",False,1300.0,reclaimed_water_substitution_ratio
89,1.2899269817082377,5.4720130035111865,0.003510294486593095,1050.0,1100.0,max_source_abstraction_ratio,0.0030784512390605867,"[{'constraint': 'max_source_abstraction_ratio', 'actual': 0.9530784512390605, 'target': 0.95, 'operator': '<=', 'violation': 0.0030784512390605867, 'scaled_violation': 0.0032404749884848284}]",maximum scale-free violation at first failed capacity,"[1050.0, 1100.0]","[[0.0, 1050.0]]",False,1200.0,reclaimed_water_substitution_ratio
90,1.2399765672264405,8.67784882278638,0.006139142175753376,1050.0,1100.0,max_source_abstraction_ratio,0.002130000164268009,"[{'constraint': 'max_source_abstraction_ratio', 'actual': 0.952130000164268, 'target': 0.95, 'operator': '<=', 'violation': 0.002130000164268009, 'scaled_violation': 0.0022421054360715884}]",maximum scale-free violation at first failed capacity,"[1050.0, 1100.0]","[[0.0, 1050.0]]",False,1250.0,reclaimed_water_substitution_ratio
91,1.2703750831742917,4.147279471401659,0.006814874732437035,1000.0,1050.0,max_source_abstraction_ratio,0.0011687670832183361,"[{'constraint': 'max_source_abstraction_ratio', 'actual': 0.9511687670832183, 'target': 0.95, 'operator': '<=', 'violation': 0.0011687670832183361, 'scaled_violation': 0.0012302811402298275}]",maximum scale-free violation at first failed capacity,"[1000.0, 1050.0]","[[0.0, 1000.0]]",False,1200.0,reclaimed_water_substitution_ratio
92,1.3329120312855713,6.387821312075265,0.004433705826114192,1000.0,1050.0,max_source_abstraction_ratio,0.002343510807282345,"[{'constraint': 'max_source_abstraction_ratio', 'actual': 0.9523435108072823, 'target': 0.95, 'operator': '<=', 'violation': 0.002343510807282345, 'scaled_violation': 0.0024668534813498373}]",maximum scale-free violation at first failed capacity,"[1000.0, 1050.0]","[[0.0, 1000.0]]",False,1150.0,reclaimed_water_substitution_ratio
93,1.1242364453747018,3.7086750435525744,0.0012310007400644408,1200.0,1250.0,max_source_abstraction_ratio,0.0040972163917053495,"[{'constraint': 'max_source_abstraction_ratio', 'actual': 0.9540972163917053, 'target': 0.95, 'operator': '<=', 'violation': 0.0040972163917053495, 'scaled_violation': 0.004312859359689842}, {'constraint': 'max_wtw_utilization', 'actual': 0.9506830955416982, 'target': 0.95, 'operator': '<=', 'violation': 0.0006830955416982087, 'scaled_violation': 0.0007190479386296934}]",maximum scale-free violation at first failed capacity,"[1200.0, 1250.0]","[[0.0, 1200.0]]",False,1300.0,reclaimed_water_substitution_ratio
94,1.197229762434908,5.823724822576866,0.003946239848285394,1150.0,1200.0,max_source_abstraction_ratio,0.006606952201492877,"[{'constraint': 'max_source_abstraction_ratio', 'actual': 0.9566069522014928, 'target': 0.95, 'operator': '<=', 'violation': 0.006606952201492877, 'scaled_violation': 0.00695468652788724}, {'constraint': 'max_wtw_utilization', 'actual': 0.9531838505671285, 'target': 0.95, 'operator': '<=', 'violation': 0.0031838505671285544, 'scaled_violation': 0.003351421649609005}]",maximum scale-free violation at first failed capacity,"[1150.0, 1200.0]","[[0.0, 1150.0]]",False,1300.0,reclaimed_water_substitution_ratio
95,1.1742271750848612,4.051079490716671,0.005190897250829255,1100.0,1150.0,max_source_abstraction_ratio,0.001872896230341814,"[{'constraint': 'max_source_abstraction_ratio', 'actual': 0.9518728962303418, 'target': 0.95, 'operator': '<=', 'violation': 0.001872896230341814, 'scaled_violation': 0.001971469716149278}]",maximum scale-free violation at first failed capacity,"[1100.0, 1150.0]","[[0.0, 1100.0]]",False,1300.0,reclaimed_water_substitution_ratio
96,1.196714669579999,5.513396419155649,0.0048236929184648555,1100.0,1150.0,max_source_abstraction_ratio,0.0013416232681529028,"[{'constraint': 'max_source_abstraction_ratio', 'actual': 0.9513416232681529, 'target': 0.95, 'operator': '<=', 'violation': 0.0013416232681529028, 'scaled_violation': 0.0014122350191083188}]",maximum scale-free violation at first failed capacity,"[1100.0, 1150.0]","[[0.0, 1100.0]]",False,1300.0,reclaimed_water_substitution_ratio
97,1.1748823091207528,7.90497341201732,0.006723527582037436,1100.0,1150.0,max_source_abstraction_ratio,0.0024463957003812986,"[{'constraint': 'max_source_abstraction_ratio', 'actual': 0.9524463957003813, 'target': 0.95, 'operator': '<=', 'violation': 0.0024463957003812986, 'scaled_violation': 0.00257515336882242}]",maximum scale-free violation at first failed capacity,"[1100.0, 1150.0]","[[0.0, 1100.0]]",False,1350.0,reclaimed_water_substitution_ratio
98,1.2686924957678882,8.459973956241843,0.0005061481603694358,1100.0,1150.0,max_source_abstraction_ratio,0.0016858641570380861,"[{'constraint': 'max_source_abstraction_ratio', 'actual': 0.951685864157038, 'target': 0.95, 'operator': '<=', 'violation': 0.0016858641570380861, 'scaled_violation': 0.001774593849513775}]",maximum scale-free violation at first failed capacity,"[1100.0, 1150.0]","[[0.0, 1100.0]]",False,1200.0,reclaimed_water_substitution_ratio
99,1.1550143327826354,5.281645885908073,0.004902372172202133,1150.0,1200.0,max_source_abstraction_ratio,0.0030269267677623946,"[{'constraint': 'max_source_abstraction_ratio', 'actual': 0.9530269267677624, 'target': 0.95, 'operator': '<=', 'violation': 0.0030269267677623946, 'scaled_violation': 0.0031862387029077837}]",maximum scale-free violation at first failed capacity,"[1150.0, 1200.0]","[[0.0, 1150.0]]",False,1350.0,reclaimed_water_substitution_ratio
100,1.169198143526001,6.033461460318842,0.006937296358555341,1100.0,1150.0,max_source_abstraction_ratio,0.002158637096541738,"[{'constraint': 'max_source_abstraction_ratio', 'actual': 0.9521586370965417, 'target': 0.95, 'operator': '<=', 'violation': 0.002158637096541738, 'scaled_violation': 0.0022722495753070924}]",maximum scale-free violation at first failed capacity,"[1100.0, 1150.0]","[[0.0, 1100.0]]",False,1350.0,reclaimed_water_substitution_ratio
101,1.2767745896839433,4.667349474972695,0.00760485010950354,1000.0,1050.0,max_source_abstraction_ratio,0.001731333018079595,"[{'constraint': 'max_source_abstraction_ratio', 'actual': 0.9517313330180796, 'target': 0.95, 'operator': '<=', 'violation': 0.001731333018079595, 'scaled_violation': 0.0018224558085048368}]",maximum scale-free violation at first failed capacity,"[1000.0, 1050.0]","[[0.0, 1000.0]]",False,1200.0,reclaimed_water_substitution_ratio
102,1.2256915048597432,4.180996403222428,0.0023096807814112115,1100.0,1150.0,max_source_abstraction_ratio,0.0012184722147947635,"[{'constraint': 'max_source_abstraction_ratio', 'actual': 0.9512184722147947, 'target': 0.95, 'operator': '<=', 'violation': 0.0012184722147947635, 'scaled_violation': 0.001282602331362909}]",maximum scale-free violation at first failed capacity,"[1100.0, 1150.0]","[[0.0, 1100.0]]",False,1250.0,reclaimed_water_substitution_ratio
103,1.281708133887523,5.170943314545386,0.005267871277090049,1050.0,1100.0,max_source_abstraction_ratio,0.005518894420124876,"[{'constraint': 'max_source_abstraction_ratio', 'actual': 0.9555188944201248, 'target': 0.95, 'operator': '<=', 'violation': 0.005518894420124876, 'scaled_violation': 0.005809362547499869}, {'constraint': 'max_wtw_utilization', 'actual': 0.9520996862682, 'target': 0.95, 'operator': '<=', 'violation': 0.0020996862682000073, 'scaled_violation': 0.0022101960717894813}]",maximum scale-free violation at first failed capacity,"[1050.0, 1100.0]","[[0.0, 1050.0]]",False,1200.0,reclaimed_water_substitution_ratio
104,1.1429501038559093,7.749605389548142,0.005414225439417495,1150.0,1200.0,max_source_abstraction_ratio,0.0025139231468576106,"[{'constraint': 'max_source_abstraction_ratio', 'actual': 0.9525139231468576, 'target': 0.95, 'operator': '<=', 'violation': 0.0025139231468576106, 'scaled_violation': 0.002646234891429064}]",maximum scale-free violation at first failed capacity,"[1150.0, 1200.0]","[[0.0, 1150.0]]",False,1350.0,reclaimed_water_substitution_ratio
105,1.135297327725408,5.806735798950818,0.0044003728344750555,1200.0,1250.0,max_source_abstraction_ratio,0.0060209100845494135,"[{'constraint': 'max_source_abstraction_ratio', 'actual': 0.9560209100845494, 'target': 0.95, 'operator': '<=', 'violation': 0.0060209100845494135, 'scaled_violation': 0.006337800088999383}, {'constraint': 'max_wtw_utilization', 'actual': 0.9525999055306252, 'target': 0.95, 'operator': '<=', 'violation': 0.0025999055306252794, 'scaled_violation': 0.0027367426638160836}]",maximum scale-free violation at first failed capacity,"[1200.0, 1250.0]","[[0.0, 1200.0]]",False,1350.0,reclaimed_water_substitution_ratio
106,1.2683714117804128,6.185442782458198,0.0032205322436178797,1100.0,1150.0,max_source_abstraction_ratio,0.00720571488448607,"[{'constraint': 'max_source_abstraction_ratio', 'actual': 0.957205714884486, 'target': 0.95, 'operator': '<=', 'violation': 0.00720571488448607, 'scaled_violation': 0.007584963036301126}, {'constraint': 'max_wtw_utilization', 'actual': 0.9537804706506832, 'target': 0.95, 'operator': '<=', 'violation': 0.0037804706506832098, 'scaled_violation': 0.003979442790192853}]",maximum scale-free violation at first failed capacity,"[1100.0, 1150.0]","[[0.0, 1100.0]]",False,1200.0,reclaimed_water_substitution_ratio
107,1.356082805419195,3.6301834324868754,0.0025471399800336587,950.0,1000.0,max_source_abstraction_ratio,0.0013317409205301223,"[{'constraint': 'max_source_abstraction_ratio', 'actual': 0.9513317409205301, 'target': 0.95, 'operator': '<=', 'violation': 0.0013317409205301223, 'scaled_violation': 0.0014018325479264447}]",maximum scale-free violation at first failed capacity,"[950.0, 1000.0]","[[0.0, 950.0]]",False,1100.0,reclaimed_water_substitution_ratio
108,1.3153382027184892,7.161934814099278,0.004707963304948548,1000.0,1050.0,max_source_abstraction_ratio,0.000807961891093556,"[{'constraint': 'max_source_abstraction_ratio', 'actual': 0.9508079618910935, 'target': 0.95, 'operator': '<=', 'violation': 0.000807961891093556, 'scaled_violation': 0.0008504862011511116}]",maximum scale-free violation at first failed capacity,"[1000.0, 1050.0]","[[0.0, 1000.0]]",False,1200.0,reclaimed_water_substitution_ratio
109,1.1231332778712186,7.506814724697668,0.0015871536341909602,1250.0,1300.0,max_source_abstraction_ratio,0.004444141064521845,"[{'constraint': 'max_source_abstraction_ratio', 'actual': 0.9544441410645218, 'target': 0.95, 'operator': '<=', 'violation': 0.004444141064521845, 'scaled_violation': 0.004678043225812468}, {'constraint': 'max_wtw_utilization', 'actual': 0.9510287787867666, 'target': 0.95, 'operator': '<=', 'violation': 0.0010287787867666598, 'scaled_violation': 0.001082925038701747}]",maximum scale-free violation at first failed capacity,"[1250.0, 1300.0]","[[0.0, 1250.0]]",False,1350.0,reclaimed_water_substitution_ratio
110,1.2336064746165014,8.464248776463819,0.0020662004417545347,1100.0,1150.0,max_source_abstraction_ratio,0.00040244349239870747,"[{'constraint': 'max_source_abstraction_ratio', 'actual': 0.9504024434923987, 'target': 0.95, 'operator': '<=', 'violation': 0.00040244349239870747, 'scaled_violation': 0.00042362472884074475}]",maximum scale-free violation at first failed capacity,"[1100.0, 1150.0]","[[0.0, 1100.0]]",False,1250.0,reclaimed_water_substitution_ratio
111,1.200761401412184,8.197139522997912,0.007452094638878196,1100.0,1150.0,max_source_abstraction_ratio,0.0072429647809238995,"[{'constraint': 'max_source_abstraction_ratio', 'actual': 0.9572429647809239, 'target': 0.95, 'operator': '<=', 'violation': 0.0072429647809238995, 'scaled_violation': 0.007624173453604105}, {'constraint': 'max_wtw_utilization', 'actual': 0.9538175872528969, 'target': 0.95, 'operator': '<=', 'violation': 0.003817587252896937, 'scaled_violation': 0.004018512897786249}]",maximum scale-free violation at first failed capacity,"[1100.0, 1150.0]","[[0.0, 1100.0]]",False,1300.0,reclaimed_water_substitution_ratio
112,1.3009831868395156,4.014453069875648,0.006138307518905605,1000.0,1050.0,max_source_abstraction_ratio,0.004904086230285265,"[{'constraint': 'max_source_abstraction_ratio', 'actual': 0.9549040862302852, 'target': 0.95, 'operator': '<=', 'violation': 0.004904086230285265, 'scaled_violation': 0.005162196031879227}, {'constraint': 'max_wtw_utilization', 'actual': 0.9514870780946936, 'target': 0.95, 'operator': '<=', 'violation': 0.0014870780946936168, 'scaled_violation': 0.0015653453628353862}]",maximum scale-free violation at first failed capacity,"[1000.0, 1050.0]","[[0.0, 1000.0]]",False,1150.0,reclaimed_water_substitution_ratio
113,1.1401941782888296,5.446014596817335,0.00269745593204741,1200.0,1250.0,max_source_abstraction_ratio,0.0029083964613590974,"[{'constraint': 'max_source_abstraction_ratio', 'actual': 0.952908396461359, 'target': 0.95, 'operator': '<=', 'violation': 0.0029083964613590974, 'scaled_violation': 0.003061469959325366}]",maximum scale-free violation at first failed capacity,"[1200.0, 1250.0]","[[0.0, 1200.0]]",False,1350.0,reclaimed_water_substitution_ratio
114,1.2768506754880438,8.17751245032926,0.004842912261373823,1050.0,1100.0,max_source_abstraction_ratio,0.004092962124177313,"[{'constraint': 'max_source_abstraction_ratio', 'actual': 0.9540929621241773, 'target': 0.95, 'operator': '<=', 'violation': 0.004092962124177313, 'scaled_violation': 0.00430838118334454}, {'constraint': 'max_wtw_utilization', 'actual': 0.950678856497549, 'target': 0.95, 'operator': '<=', 'violation': 0.000678856497549063, 'scaled_violation': 0.0007145857868937506}]",maximum scale-free violation at first failed capacity,"[1050.0, 1100.0]","[[0.0, 1050.0]]",False,1200.0,reclaimed_water_substitution_ratio
115,1.1255822416424235,4.465619390238414,0.001776260800473245,1250.0,1300.0,max_source_abstraction_ratio,0.005235530334970928,"[{'constraint': 'max_source_abstraction_ratio', 'actual': 0.9552355303349709, 'target': 0.95, 'operator': '<=', 'violation': 0.005235530334970928, 'scaled_violation': 0.005511084563127293}, {'constraint': 'max_wtw_utilization', 'actual': 0.9518173361669615, 'target': 0.95, 'operator': '<=', 'violation': 0.0018173361669615584, 'scaled_violation': 0.0019129854389069037}]",maximum scale-free violation at first failed capacity,"[1250.0, 1300.0]","[[0.0, 1250.0]]",False,1350.0,reclaimed_water_substitution_ratio
116,1.1219282513702962,3.5121565829107384,0.005079566741372327,1100.0,1150.0,max_source_abstraction_ratio,0.001520691908451166,"[{'constraint': 'max_source_abstraction_ratio', 'actual': 0.9515206919084511, 'target': 0.95, 'operator': '<=', 'violation': 0.001520691908451166, 'scaled_violation': 0.001600728324685438}]",maximum scale-free violation at first failed capacity,"[1100.0, 1150.0]","[[0.0, 1100.0]]",False,1300.0,reclaimed_water_substitution_ratio
117,1.2770762858574507,6.773793429551421,0.005235773786398943,1050.0,1100.0,max_source_abstraction_ratio,0.0048903592272009355,"[{'constraint': 'max_source_abstraction_ratio', 'actual': 0.9548903592272009, 'target': 0.95, 'operator': '<=', 'violation': 0.0048903592272009355, 'scaled_violation': 0.005147746554948354}, {'constraint': 'max_wtw_utilization', 'actual': 0.9514734002120203, 'target': 0.95, 'operator': '<=', 'violation': 0.0014734002120203593, 'scaled_violation': 0.0015509475916003783}]",maximum scale-free violation at first failed capacity,"[1050.0, 1100.0]","[[0.0, 1050.0]]",False,1200.0,reclaimed_water_substitution_ratio
118,1.3110630039621667,8.204800401132061,0.004449076704511921,1050.0,1100.0,max_source_abstraction_ratio,0.007499188668217638,"[{'constraint': 'max_source_abstraction_ratio', 'actual': 0.9574991886682176, 'target': 0.95, 'operator': '<=', 'violation': 0.007499188668217638, 'scaled_violation': 0.007893882808650145}, {'constraint': 'max_wtw_utilization', 'actual': 0.9540728942741724, 'target': 0.95, 'operator': '<=', 'violation': 0.004072894274172456, 'scaled_violation': 0.004287257130707849}]",maximum scale-free violation at first failed capacity,"[1050.0, 1100.0]","[[0.0, 1050.0]]",False,1200.0,reclaimed_water_substitution_ratio
119,1.1636861370500915,8.956493598835639,0.004441401909461235,1150.0,1200.0,max_source_abstraction_ratio,0.0031967626040171337,"[{'constraint': 'max_source_abstraction_ratio', 'actual': 0.9531967626040171, 'target': 0.95, 'operator': '<=', 'violation': 0.0031967626040171337, 'scaled_violation': 0.0033650132673864568}]",maximum scale-free violation at first failed capacity,"[1150.0, 1200.0]","[[0.0, 1150.0]]",False,1350.0,reclaimed_water_substitution_ratio
120,1.3008872900045945,8.358470962974089,0.0018682876154866696,1050.0,1100.0,max_source_abstraction_ratio,0.0011992620627155892,"[{'constraint': 'max_source_abstraction_ratio', 'actual': 0.9511992620627155, 'target': 0.95, 'operator': '<=', 'violation': 0.0011992620627155892, 'scaled_violation': 0.0012623811186479887}]",maximum scale-free violation at first failed capacity,"[1050.0, 1100.0]","[[0.0, 1050.0]]",False,1200.0,reclaimed_water_substitution_ratio
121,1.264902841363055,5.6674750374906875,0.007867038830545632,1000.0,1050.0,max_source_abstraction_ratio,0.0008378910955143537,"[{'constraint': 'max_source_abstraction_ratio', 'actual': 0.9508378910955143, 'target': 0.95, 'operator': '<=', 'violation': 0.0008378910955143537, 'scaled_violation': 0.0008819906268572145}]",maximum scale-free violation at first failed capacity,"[1000.0, 1050.0]","[[0.0, 1000.0]]",False,1250.0,reclaimed_water_substitution_ratio
122,1.3116806168938668,3.1555856383238696,0.0010522248286955992,950.0,1000.0,max_source_abstraction_ratio,0.0009708669518586621,"[{'constraint': 'max_source_abstraction_ratio', 'actual': 0.9509708669518586, 'target': 0.95, 'operator': '<=', 'violation': 0.0009708669518586621, 'scaled_violation': 0.0010219652124828023}]",maximum scale-free violation at first failed capacity,"[950.0, 1000.0]","[[0.0, 950.0]]",False,1050.0,reclaimed_water_substitution_ratio
123,1.3501418693582046,8.661365798774758,0.0006111760287638838,1050.0,1100.0,max_source_abstraction_ratio,0.004750772526394553,"[{'constraint': 'max_source_abstraction_ratio', 'actual': 0.9547507725263945, 'target': 0.95, 'operator': '<=', 'violation': 0.004750772526394553, 'scaled_violation': 0.005000813185678478}, {'constraint': 'max_wtw_utilization', 'actual': 0.951334313005246, 'target': 0.95, 'operator': '<=', 'violation': 0.0013343130052460017, 'scaled_violation': 0.0014045400055221072}]",maximum scale-free violation at first failed capacity,"[1050.0, 1100.0]","[[0.0, 1050.0]]",False,1150.0,reclaimed_water_substitution_ratio
124,1.1715030113489233,8.617784706449928,0.006369841654242651,1100.0,1150.0,max_source_abstraction_ratio,0.0012903792732038566,"[{'constraint': 'max_source_abstraction_ratio', 'actual': 0.9512903792732038, 'target': 0.95, 'operator': '<=', 'violation': 0.0012903792732038566, 'scaled_violation': 0.0013582939717935332}]",maximum scale-free violation at first failed capacity,"[1100.0, 1150.0]","[[0.0, 1100.0]]",False,1350.0,reclaimed_water_substitution_ratio
125,1.3355067930540325,8.063291004863792,0.001860603356109745,1050.0,1100.0,max_source_abstraction_ratio,0.005411908914374597,"[{'constraint': 'max_source_abstraction_ratio', 'actual': 0.9554119089143746, 'target': 0.95, 'operator': '<=', 'violation': 0.005411908914374597, 'scaled_violation': 0.005696746225657471}, {'constraint': 'max_wtw_utilization', 'actual': 0.95199308359707, 'target': 0.95, 'operator': '<=', 'violation': 0.0019930835970700667, 'scaled_violation': 0.002097982733757965}]",maximum scale-free violation at first failed capacity,"[1050.0, 1100.0]","[[0.0, 1050.0]]",False,1150.0,reclaimed_water_substitution_ratio
126,1.3424114705738759,6.934718010003117,0.005913892543030959,1000.0,1050.0,max_source_abstraction_ratio,0.006219553394252841,"[{'constraint': 'max_source_abstraction_ratio', 'actual': 0.9562195533942528, 'target': 0.95, 'operator': '<=', 'violation': 0.006219553394252841, 'scaled_violation': 0.006546898309739833}, {'constraint': 'max_wtw_utilization', 'actual': 0.9527978380194041, 'target': 0.95, 'operator': '<=', 'violation': 0.002797838019404142, 'scaled_violation': 0.00294509265200436}]",maximum scale-free violation at first failed capacity,"[1000.0, 1050.0]","[[0.0, 1000.0]]",False,1150.0,reclaimed_water_substitution_ratio
127,1.3599696797884622,6.97326414364017,0.007440952260682058,950.0,1000.0,max_source_abstraction_ratio,0.0029108721513887437,"[{'constraint': 'max_source_abstraction_ratio', 'actual': 0.9529108721513887, 'target': 0.95, 'operator': '<=', 'violation': 0.0029108721513887437, 'scaled_violation': 0.0030640759488302564}]",maximum scale-free violation at first failed capacity,"[950.0, 1000.0]","[[0.0, 950.0]]",False,1150.0,reclaimed_water_substitution_ratio
128,1.2624505815510787,3.571032369929548,0.006659931126096308,1000.0,1050.0,max_source_abstraction_ratio,0.006959864529054172,"[{'constraint': 'max_source_abstraction_ratio', 'actual': 0.9569598645290541, 'target': 0.95, 'operator': '<=', 'violation': 0.006959864529054172, 'scaled_violation': 0.007326173188478076}, {'constraint': 'max_wtw_utilization', 'actual': 0.9535355000408475, 'target': 0.95, 'operator': '<=', 'violation': 0.0035355000408475723, 'scaled_violation': 0.003721578990365866}]",maximum scale-free violation at first failed capacity,"[1000.0, 1050.0]","[[0.0, 1000.0]]",False,1150.0,reclaimed_water_substitution_ratio
129,1.135309257564222,8.877031134817676,0.006351933994641269,1150.0,1200.0,max_source_abstraction_ratio,0.003500570051177432,"[{'constraint': 'max_source_abstraction_ratio', 'actual': 0.9535005700511774, 'target': 0.95, 'operator': '<=', 'violation': 0.003500570051177432, 'scaled_violation': 0.0036848105801867703}, {'constraint': 'max_wtw_utilization', 'actual': 0.9500885842275347, 'target': 0.95, 'operator': '<=', 'violation': 8.858422753477146e-05, 'scaled_violation': 9.324655529975944e-05}]",maximum scale-free violation at first failed capacity,"[1150.0, 1200.0]","[[0.0, 1150.0]]",False,1350.0,reclaimed_water_substitution_ratio
130,1.136229285525013,6.765188827574176,0.003511221799516735,1200.0,1250.0,max_source_abstraction_ratio,0.004170276472784562,"[{'constraint': 'max_source_abstraction_ratio', 'actual': 0.9541702764727845, 'target': 0.95, 'operator': '<=', 'violation': 0.004170276472784562, 'scaled_violation': 0.004389764708194276}, {'constraint': 'max_wtw_utilization', 'actual': 0.950755894186163, 'target': 0.95, 'operator': '<=', 'violation': 0.0007558941861630641, 'scaled_violation': 0.0007956780906979623}]",maximum scale-free violation at first failed capacity,"[1200.0, 1250.0]","[[0.0, 1200.0]]",False,1350.0,reclaimed_water_substitution_ratio
131,1.169027772424938,3.988223280401748,0.0031338290124292047,1150.0,1200.0,max_source_abstraction_ratio,0.004482704487251299,"[{'constraint': 'max_source_abstraction_ratio', 'actual': 0.9544827044872513, 'target': 0.95, 'operator': '<=', 'violation': 0.004482704487251299, 'scaled_violation': 0.004718636302369789}, {'constraint': 'max_wtw_utilization', 'actual': 0.9510672042149779, 'target': 0.95, 'operator': '<=', 'violation': 0.0010672042149779681, 'scaled_violation': 0.0011233728578715454}]",maximum scale-free violation at first failed capacity,"[1150.0, 1200.0]","[[0.0, 1150.0]]",False,1300.0,reclaimed_water_substitution_ratio
132,1.2803083957693229,5.315374815713523,0.003914749375792244,1050.0,1100.0,max_source_abstraction_ratio,0.002696401494482803,"[{'constraint': 'max_source_abstraction_ratio', 'actual': 0.9526964014944828, 'target': 0.95, 'operator': '<=', 'violation': 0.002696401494482803, 'scaled_violation': 0.002838317362613477}]",maximum scale-free violation at first failed capacity,"[1050.0, 1100.0]","[[0.0, 1050.0]]",False,1200.0,reclaimed_water_substitution_ratio
133,1.3514451385937494,5.191983424579608,0.0014172404163464072,1050.0,1100.0,max_source_abstraction_ratio,0.006489478773987867,"[{'constraint': 'max_source_abstraction_ratio', 'actual': 0.9564894787739878, 'target': 0.95, 'operator': '<=', 'violation': 0.006489478773987867, 'scaled_violation': 0.006831030288408281}, {'constraint': 'max_wtw_utilization', 'actual': 0.9530667975039965, 'target': 0.95, 'operator': '<=', 'violation': 0.003066797503996521, 'scaled_violation': 0.0032282078989437067}]",maximum scale-free violation at first failed capacity,"[1050.0, 1100.0]","[[0.0, 1050.0]]",False,1150.0,reclaimed_water_substitution_ratio
134,1.2834431201970213,7.230507611655618,0.004983636827886549,1050.0,1100.0,max_source_abstraction_ratio,0.005173787791085016,"[{'constraint': 'max_source_abstraction_ratio', 'actual': 0.955173787791085, 'target': 0.95, 'operator': '<=', 'violation': 0.005173787791085016, 'scaled_violation': 0.0054460924116684385}, {'constraint': 'max_wtw_utilization', 'actual': 0.9517558145612596, 'target': 0.95, 'operator': '<=', 'violation': 0.0017558145612596165, 'scaled_violation': 0.001848225853957491}]",maximum scale-free violation at first failed capacity,"[1050.0, 1100.0]","[[0.0, 1050.0]]",False,1200.0,reclaimed_water_substitution_ratio
135,1.267913705755773,3.732082403329513,0.0012653254684053623,1050.0,1100.0,max_source_abstraction_ratio,0.0022925385523726582,"[{'constraint': 'max_source_abstraction_ratio', 'actual': 0.9522925385523726, 'target': 0.95, 'operator': '<=', 'violation': 0.0022925385523726582, 'scaled_violation': 0.0024131984761817456}]",maximum scale-free violation at first failed capacity,"[1050.0, 1100.0]","[[0.0, 1050.0]]",False,1150.0,reclaimed_water_substitution_ratio
136,1.2842643134200484,6.255866277221519,0.003818939930961531,1050.0,1100.0,max_source_abstraction_ratio,0.0029917480558357967,"[{'constraint': 'max_source_abstraction_ratio', 'actual': 0.9529917480558358, 'target': 0.95, 'operator': '<=', 'violation': 0.0029917480558357967, 'scaled_violation': 0.0031492084798271547}]",maximum scale-free violation at first failed capacity,"[1050.0, 1100.0]","[[0.0, 1050.0]]",False,1200.0,reclaimed_water_substitution_ratio
137,1.283026426102483,5.421478858130559,0.007148351925117095,1000.0,1050.0,max_source_abstraction_ratio,0.0016062129334742936,"[{'constraint': 'max_source_abstraction_ratio', 'actual': 0.9516062129334742, 'target': 0.95, 'operator': '<=', 'violation': 0.0016062129334742936, 'scaled_violation': 0.0016907504562887303}]",maximum scale-free violation at first failed capacity,"[1000.0, 1050.0]","[[0.0, 1000.0]]",False,1200.0,reclaimed_water_substitution_ratio
138,1.1556503335762955,7.67224461883717,0.007511611511638493,1100.0,1150.0,max_source_abstraction_ratio,0.001605562799300686,"[{'constraint': 'max_source_abstraction_ratio', 'actual': 0.9516055627993006, 'target': 0.95, 'operator': '<=', 'violation': 0.001605562799300686, 'scaled_violation': 0.001690066104527038}]",maximum scale-free violation at first failed capacity,"[1100.0, 1150.0]","[[0.0, 1100.0]]",False,1350.0,reclaimed_water_substitution_ratio
139,1.2598241253322107,6.029400001713917,0.003330328417995784,1100.0,1150.0,max_source_abstraction_ratio,0.006339417277303361,"[{'constraint': 'max_source_abstraction_ratio', 'actual': 0.9563394172773033, 'target': 0.95, 'operator': '<=', 'violation': 0.006339417277303361, 'scaled_violation': 0.006673070818214064}, {'constraint': 'max_wtw_utilization', 'actual': 0.9529172729841272, 'target': 0.95, 'operator': '<=', 'violation': 0.0029172729841272504, 'scaled_violation': 0.003070813667502369}]",maximum scale-free violation at first failed capacity,"[1100.0, 1150.0]","[[0.0, 1100.0]]",False,1250.0,reclaimed_water_substitution_ratio
140,1.2815790651866044,4.912512281880115,0.001773549926997441,1100.0,1150.0,max_source_abstraction_ratio,0.00592756518253057,"[{'constraint': 'max_source_abstraction_ratio', 'actual': 0.9559275651825305, 'target': 0.95, 'operator': '<=', 'violation': 0.00592756518253057, 'scaled_violation': 0.0062395422974006}, {'constraint': 'max_wtw_utilization', 'actual': 0.9525068946519856, 'target': 0.95, 'operator': '<=', 'violation': 0.002506894651985614, 'scaled_violation': 0.0026388364757743304}]",maximum scale-free violation at first failed capacity,"[1100.0, 1150.0]","[[0.0, 1100.0]]",False,1200.0,reclaimed_water_substitution_ratio
141,1.3544027265942329,8.904734936613487,0.003022160175424191,1000.0,1050.0,max_source_abstraction_ratio,0.002208329382543339,"[{'constraint': 'max_source_abstraction_ratio', 'actual': 0.9522083293825433, 'target': 0.95, 'operator': '<=', 'violation': 0.002208329382543339, 'scaled_violation': 0.0023245572447824626}]",maximum scale-free violation at first failed capacity,"[1000.0, 1050.0]","[[0.0, 1000.0]]",False,1150.0,reclaimed_water_substitution_ratio
142,1.3463066985001428,8.239994525926928,0.0013967733792134862,1050.0,1100.0,max_source_abstraction_ratio,0.005821869849426231,"[{'constraint': 'max_source_abstraction_ratio', 'actual': 0.9558218698494262, 'target': 0.95, 'operator': '<=', 'violation': 0.005821869849426231, 'scaled_violation': 0.006128284052027612}, {'constraint': 'max_wtw_utilization', 'actual': 0.9524015775367759, 'target': 0.95, 'operator': '<=', 'violation': 0.002401577536775945, 'scaled_violation': 0.002527976354500995}]",maximum scale-free violation at first failed capacity,"[1050.0, 1100.0]","[[0.0, 1050.0]]",False,1150.0,reclaimed_water_substitution_ratio
143,1.1419290158795161,5.572935437824067,0.0057335221667359805,1150.0,1200.0,max_source_abstraction_ratio,0.0030604629612095424,"[{'constraint': 'max_source_abstraction_ratio', 'actual': 0.9530604629612095, 'target': 0.95, 'operator': '<=', 'violation': 0.0030604629612095424, 'scaled_violation': 0.0032215399591679393}]",maximum scale-free violation at first failed capacity,"[1150.0, 1200.0]","[[0.0, 1150.0]]",False,1350.0,reclaimed_water_substitution_ratio
144,1.2561684647755753,5.671369453799523,0.0043324872259519615,1050.0,1100.0,max_source_abstraction_ratio,0.0005670463108468082,"[{'constraint': 'max_source_abstraction_ratio', 'actual': 0.9505670463108468, 'target': 0.95, 'operator': '<=', 'violation': 0.0005670463108468082, 'scaled_violation': 0.0005968908535229561}]",maximum scale-free violation at first failed capacity,"[1050.0, 1100.0]","[[0.0, 1050.0]]",False,1250.0,reclaimed_water_substitution_ratio
145,1.1424550993298568,4.320484767127479,0.007037496194947182,1150.0,1200.0,max_source_abstraction_ratio,0.005934155165124411,"[{'constraint': 'max_source_abstraction_ratio', 'actual': 0.9559341551651244, 'target': 0.95, 'operator': '<=', 'violation': 0.005934155165124411, 'scaled_violation': 0.00624647912118359}, {'constraint': 'max_wtw_utilization', 'actual': 0.952513461053128, 'target': 0.95, 'operator': '<=', 'violation': 0.0025134610531279966, 'scaled_violation': 0.0026457484769768385}]",maximum scale-free violation at first failed capacity,"[1150.0, 1200.0]","[[0.0, 1150.0]]",False,1350.0,reclaimed_water_substitution_ratio
146,1.2373324685068607,5.393715869179525,0.006177408319837825,1050.0,1100.0,max_source_abstraction_ratio,0.0018820908172832995,"[{'constraint': 'max_source_abstraction_ratio', 'actual': 0.9518820908172833, 'target': 0.95, 'operator': '<=', 'violation': 0.0018820908172832995, 'scaled_violation': 0.0019811482287192626}]",maximum scale-free violation at first failed capacity,"[1050.0, 1100.0]","[[0.0, 1050.0]]",False,1250.0,reclaimed_water_substitution_ratio
147,1.1577267877819588,5.43544012395731,0.001011069933569172,1200.0,1250.0,max_source_abstraction_ratio,0.0015861806258339328,"[{'constraint': 'max_source_abstraction_ratio', 'actual': 0.9515861806258339, 'target': 0.95, 'operator': '<=', 'violation': 0.0015861806258339328, 'scaled_violation': 0.0016696638166672979}]",maximum scale-free violation at first failed capacity,"[1200.0, 1250.0]","[[0.0, 1200.0]]",False,1350.0,reclaimed_water_substitution_ratio
148,1.2926387106374468,5.519882478801313,0.00616936674114282,1000.0,1050.0,max_source_abstraction_ratio,0.0008954955962010569,"[{'constraint': 'max_source_abstraction_ratio', 'actual': 0.950895495596201, 'target': 0.95, 'operator': '<=', 'violation': 0.0008954955962010569, 'scaled_violation': 0.0009426269433695337}]",maximum scale-free violation at first failed capacity,"[1000.0, 1050.0]","[[0.0, 1000.0]]",False,1200.0,reclaimed_water_substitution_ratio
149,1.3554936362066985,5.1749525439881285,0.000518977046634821,1050.0,1100.0,max_source_abstraction_ratio,0.005223654037049386,"[{'constraint': 'max_source_abstraction_ratio', 'actual': 0.9552236540370493, 'target': 0.95, 'operator': '<=', 'violation': 0.005223654037049386, 'scaled_violation': 0.00549858319689409}, {'constraint': 'max_wtw_utilization', 'actual': 0.9518055023669276, 'target': 0.95, 'operator': '<=', 'violation': 0.0018055023669276693, 'scaled_violation': 0.0019005288072922837}]",maximum scale-free violation at first failed capacity,"[1050.0, 1100.0]","[[0.0, 1050.0]]",False,1150.0,reclaimed_water_substitution_ratio
150,1.2004174366368217,4.229355304255906,0.004676321602026327,1100.0,1150.0,max_source_abstraction_ratio,0.002381848437369105,"[{'constraint': 'max_source_abstraction_ratio', 'actual': 0.9523818484373691, 'target': 0.95, 'operator': '<=', 'violation': 0.002381848437369105, 'scaled_violation': 0.0025072088814411635}]",maximum scale-free violation at first failed capacity,"[1100.0, 1150.0]","[[0.0, 1100.0]]",False,1300.0,reclaimed_water_substitution_ratio
151,1.3359713126865902,4.011845531134844,0.005238994995605312,1000.0,1050.0,max_source_abstraction_ratio,0.007374076951080499,"[{'constraint': 'max_source_abstraction_ratio', 'actual': 0.9573740769510805, 'target': 0.95, 'operator': '<=', 'violation': 0.007374076951080499, 'scaled_violation': 0.007762186264295263}, {'constraint': 'max_wtw_utilization', 'actual': 0.9539482302540988, 'target': 0.95, 'operator': '<=', 'violation': 0.00394823025409885, 'scaled_violation': 0.004156031846419842}]",maximum scale-free violation at first failed capacity,"[1000.0, 1050.0]","[[0.0, 1000.0]]",False,1150.0,reclaimed_water_substitution_ratio
152,1.1936290300414827,5.297295827070523,0.0036980056764157904,1150.0,1200.0,max_source_abstraction_ratio,0.005596601814602309,"[{'constraint': 'max_source_abstraction_ratio', 'actual': 0.9555966018146023, 'target': 0.95, 'operator': '<=', 'violation': 0.005596601814602309, 'scaled_violation': 0.005891159804844536}, {'constraint': 'max_wtw_utilization', 'actual': 0.9521771155962171, 'target': 0.95, 'operator': '<=', 'violation': 0.0021771155962171385, 'scaled_violation': 0.002291700627596988}]",maximum scale-free violation at first failed capacity,"[1150.0, 1200.0]","[[0.0, 1150.0]]",False,1300.0,reclaimed_water_substitution_ratio
153,1.1713752525499856,7.3953033851641,0.006302315555894264,1100.0,1150.0,max_source_abstraction_ratio,0.0011357304493437859,"[{'constraint': 'max_source_abstraction_ratio', 'actual': 0.9511357304493437, 'target': 0.95, 'operator': '<=', 'violation': 0.0011357304493437859, 'scaled_violation': 0.0011955057361513536}]",maximum scale-free violation at first failed capacity,"[1100.0, 1150.0]","[[0.0, 1100.0]]",False,1350.0,reclaimed_water_substitution_ratio
154,1.3023008792302957,5.819954874184497,0.004183409898336479,1050.0,1100.0,max_source_abstraction_ratio,0.0059085684851790665,"[{'constraint': 'max_source_abstraction_ratio', 'actual': 0.955908568485179, 'target': 0.95, 'operator': '<=', 'violation': 0.0059085684851790665, 'scaled_violation': 0.006219545773872702}, {'constraint': 'max_wtw_utilization', 'actual': 0.9524879659320049, 'target': 0.95, 'operator': '<=', 'violation': 0.002487965932004954, 'scaled_violation': 0.002618911507373636}]",maximum scale-free violation at first failed capacity,"[1050.0, 1100.0]","[[0.0, 1050.0]]",False,1200.0,reclaimed_water_substitution_ratio
155,1.2718044549019212,8.004720928981705,0.005189997212398155,1050.0,1100.0,max_source_abstraction_ratio,0.00415686452013897,"[{'constraint': 'max_source_abstraction_ratio', 'actual': 0.9541568645201389, 'target': 0.95, 'operator': '<=', 'violation': 0.00415686452013897, 'scaled_violation': 0.0043756468633041785}, {'constraint': 'max_wtw_utilization', 'actual': 0.9507425302265586, 'target': 0.95, 'operator': '<=', 'violation': 0.0007425302265586797, 'scaled_violation': 0.0007816107647986103}]",maximum scale-free violation at first failed capacity,"[1050.0, 1100.0]","[[0.0, 1050.0]]",False,1200.0,reclaimed_water_substitution_ratio
156,1.2074560854589769,5.069893593381908,0.0011402936041951057,1150.0,1200.0,max_source_abstraction_ratio,0.001970957752360003,"[{'constraint': 'max_source_abstraction_ratio', 'actual': 0.95197095775236, 'target': 0.95, 'operator': '<=', 'violation': 0.001970957752360003, 'scaled_violation': 0.0020746923709052665}]",maximum scale-free violation at first failed capacity,"[1150.0, 1200.0]","[[0.0, 1150.0]]",False,1250.0,reclaimed_water_substitution_ratio
157,1.2579830470639088,5.13211594528799,0.007753773059305474,1050.0,1100.0,max_source_abstraction_ratio,0.007492943739916491,"[{'constraint': 'max_source_abstraction_ratio', 'actual': 0.9574929437399164, 'target': 0.95, 'operator': '<=', 'violation': 0.007492943739916491, 'scaled_violation': 0.007887309199912096}, {'constraint': 'max_wtw_utilization', 'actual': 0.9540666716925876, 'target': 0.95, 'operator': '<=', 'violation': 0.004066671692587676, 'scaled_violation': 0.0042807070448291325}]",maximum scale-free violation at first failed capacity,"[1050.0, 1100.0]","[[0.0, 1050.0]]",False,1250.0,reclaimed_water_substitution_ratio
158,1.3047630054549382,4.103205456219213,0.0038169054232202416,1050.0,1100.0,max_source_abstraction_ratio,0.007676252968099151,"[{'constraint': 'max_source_abstraction_ratio', 'actual': 0.9576762529680991, 'target': 0.95, 'operator': '<=', 'violation': 0.007676252968099151, 'scaled_violation': 0.008080266282209633}, {'constraint': 'max_wtw_utilization', 'actual': 0.9542493249709917, 'target': 0.95, 'operator': '<=', 'violation': 0.00424932497099173, 'scaled_violation': 0.004472973653675506}]",maximum scale-free violation at first failed capacity,"[1050.0, 1100.0]","[[0.0, 1050.0]]",False,1150.0,reclaimed_water_substitution_ratio
159,1.2422567207753692,3.8995681592494496,0.004317702544255432,1050.0,1100.0,max_source_abstraction_ratio,0.0031736625561010756,"[{'constraint': 'max_source_abstraction_ratio', 'actual': 0.953173662556101, 'target': 0.95, 'operator': '<=', 'violation': 0.0031736625561010756, 'scaled_violation': 0.0033406974274748165}]",maximum scale-free violation at first failed capacity,"[1050.0, 1100.0]","[[0.0, 1050.0]]",False,1200.0,reclaimed_water_substitution_ratio
160,1.2330171110723644,4.988079467058436,0.0038139924903664037,1100.0,1150.0,max_source_abstraction_ratio,0.003907826858891239,"[{'constraint': 'max_source_abstraction_ratio', 'actual': 0.9539078268588912, 'target': 0.95, 'operator': '<=', 'violation': 0.003907826858891239, 'scaled_violation': 0.00411350195672762}, {'constraint': 'max_wtw_utilization', 'actual': 0.9504943837162934, 'target': 0.95, 'operator': '<=', 'violation': 0.0004943837162934006, 'scaled_violation': 0.0005204039118877901}]",maximum scale-free violation at first failed capacity,"[1100.0, 1150.0]","[[0.0, 1100.0]]",False,1250.0,reclaimed_water_substitution_ratio
161,1.2252035558215644,5.880466145885888,0.005176557878112118,1100.0,1150.0,max_source_abstraction_ratio,0.005701699887517231,"[{'constraint': 'max_source_abstraction_ratio', 'actual': 0.9557016998875172, 'target': 0.95, 'operator': '<=', 'violation': 0.005701699887517231, 'scaled_violation': 0.006001789355281296}, {'constraint': 'max_wtw_utilization', 'actual': 0.9522818375884603, 'target': 0.95, 'operator': '<=', 'violation': 0.002281837588460345, 'scaled_violation': 0.0024019343036424685}]",maximum scale-free violation at first failed capacity,"[1100.0, 1150.0]","[[0.0, 1100.0]]",False,1250.0,reclaimed_water_substitution_ratio
162,1.2341795418798631,4.677241653121333,0.006311193631745066,1050.0,1100.0,max_source_abstraction_ratio,0.0017592218084445665,"[{'constraint': 'max_source_abstraction_ratio', 'actual': 0.9517592218084445, 'target': 0.95, 'operator': '<=', 'violation': 0.0017592218084445665, 'scaled_violation': 0.0018518124299416491}]",maximum scale-free violation at first failed capacity,"[1050.0, 1100.0]","[[0.0, 1050.0]]",False,1250.0,reclaimed_water_substitution_ratio
163,1.212789251081691,5.220638603829341,0.0037666787229220585,1100.0,1150.0,max_source_abstraction_ratio,0.0012284055284793594,"[{'constraint': 'max_source_abstraction_ratio', 'actual': 0.9512284055284793, 'target': 0.95, 'operator': '<=', 'violation': 0.0012284055284793594, 'scaled_violation': 0.0012930584510309046}]",maximum scale-free violation at first failed capacity,"[1100.0, 1150.0]","[[0.0, 1100.0]]",False,1300.0,reclaimed_water_substitution_ratio
164,1.2225854468577526,4.3784516075669915,0.0011263971678654974,1150.0,1200.0,max_source_abstraction_ratio,0.003956798185103527,"[{'constraint': 'max_source_abstraction_ratio', 'actual': 0.9539567981851035, 'target': 0.95, 'operator': '<=', 'violation': 0.003956798185103527, 'scaled_violation': 0.004165050721161608}, {'constraint': 'max_wtw_utilization', 'actual': 0.9505431798045708, 'target': 0.95, 'operator': '<=', 'violation': 0.0005431798045708591, 'scaled_violation': 0.0005717682153377465}]",maximum scale-free violation at first failed capacity,"[1150.0, 1200.0]","[[0.0, 1150.0]]",False,1250.0,reclaimed_water_substitution_ratio
165,1.2267122303213343,4.910725484964433,0.003154362363150607,1100.0,1150.0,max_source_abstraction_ratio,0.0017515262424400158,"[{'constraint': 'max_source_abstraction_ratio', 'actual': 0.95175152624244, 'target': 0.95, 'operator': '<=', 'violation': 0.0017515262424400158, 'scaled_violation': 0.0018437118341473851}]",maximum scale-free violation at first failed capacity,"[1100.0, 1150.0]","[[0.0, 1100.0]]",False,1250.0,reclaimed_water_substitution_ratio
166,1.1811037173511345,4.7451373325538055,0.007540928007397633,1100.0,1150.0,max_source_abstraction_ratio,0.0049152566945424025,"[{'constraint': 'max_source_abstraction_ratio', 'actual': 0.9549152566945424, 'target': 0.95, 'operator': '<=', 'violation': 0.0049152566945424025, 'scaled_violation': 0.005173954415307792}, {'constraint': 'max_wtw_utilization', 'actual': 0.9514982085868029, 'target': 0.95, 'operator': '<=', 'violation': 0.0014982085868029404, 'scaled_violation': 0.0015770616703188846}]",maximum scale-free violation at first failed capacity,"[1100.0, 1150.0]","[[0.0, 1100.0]]",False,1300.0,reclaimed_water_substitution_ratio
167,1.2501277946603255,5.8638877277727985,0.002505514633600748,1100.0,1150.0,max_source_abstraction_ratio,0.0034117253742328435,"[{'constraint': 'max_source_abstraction_ratio', 'actual': 0.9534117253742328, 'target': 0.95, 'operator': '<=', 'violation': 0.0034117253742328435, 'scaled_violation': 0.0035912898676135198}, {'constraint': 'max_wtw_utilization', 'actual': 0.9500000574704612, 'target': 0.95, 'operator': '<=', 'violation': 5.747046127879685e-08, 'scaled_violation': 6.049522239873353e-08}]",maximum scale-free violation at first failed capacity,"[1100.0, 1150.0]","[[0.0, 1100.0]]",False,1250.0,reclaimed_water_substitution_ratio
168,1.2267858013655588,6.471042072739529,0.0015007503038897922,1150.0,1200.0,max_source_abstraction_ratio,0.00531663902344115,"[{'constraint': 'max_source_abstraction_ratio', 'actual': 0.9553166390234411, 'target': 0.95, 'operator': '<=', 'violation': 0.00531663902344115, 'scaled_violation': 0.0055964621299380525}, {'constraint': 'max_wtw_utilization', 'actual': 0.9518981546178545, 'target': 0.95, 'operator': '<=', 'violation': 0.001898154617854586, 'scaled_violation': 0.0019980574924785117}]",maximum scale-free violation at first failed capacity,"[1150.0, 1200.0]","[[0.0, 1150.0]]",False,1250.0,reclaimed_water_substitution_ratio
169,1.1269126453805258,6.48126378522638,0.0019158660257459648,1250.0,1300.0,max_source_abstraction_ratio,0.005750845809748828,"[{'constraint': 'max_source_abstraction_ratio', 'actual': 0.9557508458097488, 'target': 0.95, 'operator': '<=', 'violation': 0.005750845809748828, 'scaled_violation': 0.006053521904998767}, {'constraint': 'max_wtw_utilization', 'actual': 0.9523308076479863, 'target': 0.95, 'operator': '<=', 'violation': 0.0023308076479863216, 'scaled_violation': 0.002453481734722444}]",maximum scale-free violation at first failed capacity,"[1250.0, 1300.0]","[[0.0, 1250.0]]",False,1350.0,reclaimed_water_substitution_ratio
170,1.1540478298995522,8.41179266192287,0.0015654950288026346,1200.0,1250.0,max_source_abstraction_ratio,0.0023102398518678458,"[{'constraint': 'max_source_abstraction_ratio', 'actual': 0.9523102398518678, 'target': 0.95, 'operator': '<=', 'violation': 0.0023102398518678458, 'scaled_violation': 0.002431831423018785}]",maximum scale-free violation at first failed capacity,"[1200.0, 1250.0]","[[0.0, 1200.0]]",False,1350.0,reclaimed_water_substitution_ratio
171,1.2811654984418257,6.692137080361862,0.001981639879498575,1100.0,1150.0,max_source_abstraction_ratio,0.006301070160025901,"[{'constraint': 'max_source_abstraction_ratio', 'actual': 0.9563010701600259, 'target': 0.95, 'operator': '<=', 'violation': 0.006301070160025901, 'scaled_violation': 0.006632705431606212}, {'constraint': 'max_wtw_utilization', 'actual': 0.9528790630873452, 'target': 0.95, 'operator': '<=', 'violation': 0.0028790630873452017, 'scaled_violation': 0.003030592723521265}]",maximum scale-free violation at first failed capacity,"[1100.0, 1150.0]","[[0.0, 1100.0]]",False,1200.0,reclaimed_water_substitution_ratio
172,1.2079533510022338,3.3948605641608873,0.000744572071928296,1100.0,1150.0,max_source_abstraction_ratio,0.005601706652923921,"[{'constraint': 'max_source_abstraction_ratio', 'actual': 0.9556017066529239, 'target': 0.95, 'operator': '<=', 'violation': 0.005601706652923921, 'scaled_violation': 0.005896533318867286}, {'constraint': 'max_wtw_utilization', 'actual': 0.9521822021674955, 'target': 0.95, 'operator': '<=', 'violation': 0.0021822021674955394, 'scaled_violation': 0.0022970549131531995}]",maximum scale-free violation at first failed capacity,"[1100.0, 1150.0]","[[0.0, 1100.0]]",False,1200.0,reclaimed_water_substitution_ratio
173,1.263160991818971,5.1938847951400255,0.005374378838135494,1050.0,1100.0,max_source_abstraction_ratio,0.003462643585916969,"[{'constraint': 'max_source_abstraction_ratio', 'actual': 0.9534626435859169, 'target': 0.95, 'operator': '<=', 'violation': 0.003462643585916969, 'scaled_violation': 0.0036448879851757572}, {'constraint': 'max_wtw_utilization', 'actual': 0.9500507934775176, 'target': 0.95, 'operator': '<=', 'violation': 5.079347751768548e-05, 'scaled_violation': 5.346681843966893e-05}]",maximum scale-free violation at first failed capacity,"[1050.0, 1100.0]","[[0.0, 1050.0]]",False,1250.0,reclaimed_water_substitution_ratio
174,1.176462414744871,5.093196077404965,0.0023180641756411534,1150.0,1200.0,max_source_abstraction_ratio,0.0003597078824929545,"[{'constraint': 'max_source_abstraction_ratio', 'actual': 0.9503597078824929, 'target': 0.95, 'operator': '<=', 'violation': 0.0003597078824929545, 'scaled_violation': 0.00037863987630837315}]",maximum scale-free violation at first failed capacity,"[1150.0, 1200.0]","[[0.0, 1150.0]]",False,1300.0,reclaimed_water_substitution_ratio
175,1.196804318287961,6.290717873195064,0.007304824411264581,1100.0,1150.0,max_source_abstraction_ratio,0.006436057565915587,"[{'constraint': 'max_source_abstraction_ratio', 'actual': 0.9564360575659155, 'target': 0.95, 'operator': '<=', 'violation': 0.006436057565915587, 'scaled_violation': 0.006774797437805882}, {'constraint': 'max_wtw_utilization', 'actual': 0.9530135674572202, 'target': 0.95, 'operator': '<=', 'violation': 0.0030135674572202564, 'scaled_violation': 0.0031721762707581647}]",maximum scale-free violation at first failed capacity,"[1100.0, 1150.0]","[[0.0, 1100.0]]",False,1300.0,reclaimed_water_substitution_ratio
176,1.174364734948,6.7954939354015504,0.0060765880484461715,1100.0,1150.0,max_source_abstraction_ratio,0.0010549594064863665,"[{'constraint': 'max_source_abstraction_ratio', 'actual': 0.9510549594064863, 'target': 0.95, 'operator': '<=', 'violation': 0.0010549594064863665, 'scaled_violation': 0.0011104835857751226}]",maximum scale-free violation at first failed capacity,"[1100.0, 1150.0]","[[0.0, 1100.0]]",False,1350.0,reclaimed_water_substitution_ratio
177,1.2244960680870982,8.5722702706084,0.003855509911559858,1100.0,1150.0,max_source_abstraction_ratio,0.0029049999701966644,"[{'constraint': 'max_source_abstraction_ratio', 'actual': 0.9529049999701966, 'target': 0.95, 'operator': '<=', 'violation': 0.0029049999701966644, 'scaled_violation': 0.0030578947054701734}]",maximum scale-free violation at first failed capacity,"[1100.0, 1150.0]","[[0.0, 1100.0]]",False,1250.0,reclaimed_water_substitution_ratio
178,1.2159599731371513,4.8104394527820205,0.004684831930289093,1100.0,1150.0,max_source_abstraction_ratio,0.0035141932582728463,"[{'constraint': 'max_source_abstraction_ratio', 'actual': 0.9535141932582728, 'target': 0.95, 'operator': '<=', 'violation': 0.0035141932582728463, 'scaled_violation': 0.0036991507981819437}, {'constraint': 'max_wtw_utilization', 'actual': 0.9501021586856405, 'target': 0.95, 'operator': '<=', 'violation': 0.00010215868564056318, 'scaled_violation': 0.00010753545856901389}]",maximum scale-free violation at first failed capacity,"[1100.0, 1150.0]","[[0.0, 1100.0]]",False,1300.0,reclaimed_water_substitution_ratio
179,1.2830697090258358,6.8416969169757085,0.004743381759362102,1050.0,1100.0,max_source_abstraction_ratio,0.004657386778859851,"[{'constraint': 'max_source_abstraction_ratio', 'actual': 0.9546573867788598, 'target': 0.95, 'operator': '<=', 'violation': 0.004657386778859851, 'scaled_violation': 0.004902512398799843}, {'constraint': 'max_wtw_utilization', 'actual': 0.9512412614272512, 'target': 0.95, 'operator': '<=', 'violation': 0.001241261427251228, 'scaled_violation': 0.0013065909760539242}]",maximum scale-free violation at first failed capacity,"[1050.0, 1100.0]","[[0.0, 1050.0]]",False,1200.0,reclaimed_water_substitution_ratio
180,1.2374442380815225,4.545166833414279,0.002370301196036096,1100.0,1150.0,max_source_abstraction_ratio,0.0015154092096716365,"[{'constraint': 'max_source_abstraction_ratio', 'actual': 0.9515154092096716, 'target': 0.95, 'operator': '<=', 'violation': 0.0015154092096716365, 'scaled_violation': 0.0015951675891280384}]",maximum scale-free violation at first failed capacity,"[1100.0, 1150.0]","[[0.0, 1100.0]]",False,1250.0,reclaimed_water_substitution_ratio
181,1.161405903980387,7.95268290849732,0.004318199801675637,1150.0,1200.0,max_source_abstraction_ratio,0.002629615086151338,"[{'constraint': 'max_source_abstraction_ratio', 'actual': 0.9526296150861513, 'target': 0.95, 'operator': '<=', 'violation': 0.002629615086151338, 'scaled_violation': 0.002768015880159303}]",maximum scale-free violation at first failed capacity,"[1150.0, 1200.0]","[[0.0, 1150.0]]",False,1350.0,reclaimed_water_substitution_ratio
182,1.1299414390734734,3.4734721563385085,0.005167373956685895,1100.0,1150.0,max_source_abstraction_ratio,0.003390792050713576,"[{'constraint': 'max_source_abstraction_ratio', 'actual': 0.9533907920507135, 'target': 0.95, 'operator': '<=', 'violation': 0.003390792050713576, 'scaled_violation': 0.003569254790224817}]",maximum scale-free violation at first failed capacity,"[1100.0, 1150.0]","[[0.0, 1100.0]]",False,1300.0,reclaimed_water_substitution_ratio
183,1.2675252075703543,5.0374628870530325,0.0029182517075939515,1100.0,1150.0,max_source_abstraction_ratio,0.006478410650226585,"[{'constraint': 'max_source_abstraction_ratio', 'actual': 0.9564784106502265, 'target': 0.95, 'operator': '<=', 'violation': 0.006478410650226585, 'scaled_violation': 0.006819379631817458}, {'constraint': 'max_wtw_utilization', 'actual': 0.9530557689861701, 'target': 0.95, 'operator': '<=', 'violation': 0.0030557689861701043, 'scaled_violation': 0.0032165989328106362}]",maximum scale-free violation at first failed capacity,"[1100.0, 1150.0]","[[0.0, 1100.0]]",False,1200.0,reclaimed_water_substitution_ratio
184,1.357267790586654,4.454324556814843,0.004766350145629657,1000.0,1050.0,max_source_abstraction_ratio,0.005804835793192353,"[{'constraint': 'max_source_abstraction_ratio', 'actual': 0.9558048357931923, 'target': 0.95, 'operator': '<=', 'violation': 0.005804835793192353, 'scaled_violation': 0.0061103534665182665}, {'constraint': 'max_wtw_utilization', 'actual': 0.9523846044348404, 'target': 0.95, 'operator': '<=', 'violation': 0.002384604434840454, 'scaled_violation': 0.0025101099314110043}]",maximum scale-free violation at first failed capacity,"[1000.0, 1050.0]","[[0.0, 1000.0]]",False,1150.0,reclaimed_water_substitution_ratio
185,1.2415313137767852,7.286750295874121,0.005837477273754096,1050.0,1100.0,max_source_abstraction_ratio,0.0017287263435061817,"[{'constraint': 'max_source_abstraction_ratio', 'actual': 0.9517287263435061, 'target': 0.95, 'operator': '<=', 'violation': 0.0017287263435061817, 'scaled_violation': 0.001819711940532823}]",maximum scale-free violation at first failed capacity,"[1050.0, 1100.0]","[[0.0, 1050.0]]",False,1250.0,reclaimed_water_substitution_ratio
186,1.2670684226263185,3.270305929494805,0.0027536700922248707,1000.0,1050.0,max_source_abstraction_ratio,0.004666827214417801,"[{'constraint': 'max_source_abstraction_ratio', 'actual': 0.9546668272144178, 'target': 0.95, 'operator': '<=', 'violation': 0.004666827214417801, 'scaled_violation': 0.0049124496993871595}, {'constraint': 'max_wtw_utilization', 'actual': 0.9512506680813586, 'target': 0.95, 'operator': '<=', 'violation': 0.0012506680813586524, 'scaled_violation': 0.0013164927172196342}]",maximum scale-free violation at first failed capacity,"[1000.0, 1050.0]","[[0.0, 1000.0]]",False,1150.0,reclaimed_water_substitution_ratio
187,1.129418173693981,4.308819886754346,0.006512766870813393,1150.0,1200.0,max_source_abstraction_ratio,0.003183121976851222,"[{'constraint': 'max_source_abstraction_ratio', 'actual': 0.9531831219768512, 'target': 0.95, 'operator': '<=', 'violation': 0.003183121976851222, 'scaled_violation': 0.0033506547124749707}]",maximum scale-free violation at first failed capacity,"[1150.0, 1200.0]","[[0.0, 1150.0]]",False,1400.0,reclaimed_water_substitution_ratio
188,1.2419852585322018,6.265098060721159,0.0013094680693012863,1150.0,1200.0,max_source_abstraction_ratio,0.006932614797485082,"[{'constraint': 'max_source_abstraction_ratio', 'actual': 0.956932614797485, 'target': 0.95, 'operator': '<=', 'violation': 0.006932614797485082, 'scaled_violation': 0.007297489260510612}, {'constraint': 'max_wtw_utilization', 'actual': 0.9535083478191286, 'target': 0.95, 'operator': '<=', 'violation': 0.0035083478191286765, 'scaled_violation': 0.0036929977043459756}]",maximum scale-free violation at first failed capacity,"[1150.0, 1200.0]","[[0.0, 1150.0]]",False,1250.0,reclaimed_water_substitution_ratio
189,1.2067874406976762,4.05202973122011,0.0061492140851267234,1050.0,1100.0,max_source_abstraction_ratio,0.0007188375041211614,"[{'constraint': 'max_source_abstraction_ratio', 'actual': 0.9507188375041211, 'target': 0.95, 'operator': '<=', 'violation': 0.0007188375041211614, 'scaled_violation': 0.0007566710569696436}]",maximum scale-free violation at first failed capacity,"[1050.0, 1100.0]","[[0.0, 1050.0]]",False,1250.0,reclaimed_water_substitution_ratio
190,1.3330939589905313,6.27187963628367,0.0027208297706366787,1050.0,1100.0,max_source_abstraction_ratio,0.006802942852323968,"[{'constraint': 'max_source_abstraction_ratio', 'actual': 0.9568029428523239, 'target': 0.95, 'operator': '<=', 'violation': 0.006802942852323968, 'scaled_violation': 0.007160992476130492}, {'constraint': 'max_wtw_utilization', 'actual': 0.9533791398892524, 'target': 0.95, 'operator': '<=', 'violation': 0.003379139889252425, 'scaled_violation': 0.003556989357107816}]",maximum scale-free violation at first failed capacity,"[1050.0, 1100.0]","[[0.0, 1050.0]]",False,1150.0,reclaimed_water_substitution_ratio
191,1.256690654016872,7.555306319513436,0.0007200503382718932,1100.0,1150.0,max_source_abstraction_ratio,0.0005918009018999193,"[{'constraint': 'max_source_abstraction_ratio', 'actual': 0.9505918009018999, 'target': 0.95, 'operator': '<=', 'violation': 0.0005918009018999193, 'scaled_violation': 0.0006229483177893888}]",maximum scale-free violation at first failed capacity,"[1100.0, 1150.0]","[[0.0, 1100.0]]",False,1200.0,reclaimed_water_substitution_ratio
192,1.1234335055906661,5.433377452449495,0.0065305131363397675,1150.0,1200.0,max_source_abstraction_ratio,0.00230022552117648,"[{'constraint': 'max_source_abstraction_ratio', 'actual': 0.9523002255211764, 'target': 0.95, 'operator': '<=', 'violation': 0.00230022552117648, 'scaled_violation': 0.0024212900222910314}]",maximum scale-free violation at first failed capacity,"[1150.0, 1200.0]","[[0.0, 1150.0]]",False,1400.0,reclaimed_water_substitution_ratio
193,1.306455242950914,3.7180919037763864,0.0016831331812130498,1000.0,1050.0,max_source_abstraction_ratio,0.0005222195913144878,"[{'constraint': 'max_source_abstraction_ratio', 'actual': 0.9505222195913144, 'target': 0.95, 'operator': '<=', 'violation': 0.0005222195913144878, 'scaled_violation': 0.0005497048329626187}]",maximum scale-free violation at first failed capacity,"[1000.0, 1050.0]","[[0.0, 1000.0]]",False,1150.0,reclaimed_water_substitution_ratio
194,1.2075800228340157,6.2753895322624444,0.0018015998382288631,1150.0,1200.0,max_source_abstraction_ratio,0.0034011627464894945,"[{'constraint': 'max_source_abstraction_ratio', 'actual': 0.9534011627464895, 'target': 0.95, 'operator': '<=', 'violation': 0.0034011627464894945, 'scaled_violation': 0.0035801713120942047}]",maximum scale-free violation at first failed capacity,"[1150.0, 1200.0]","[[0.0, 1150.0]]",False,1250.0,reclaimed_water_substitution_ratio
195,1.3155175719704777,6.520944935190548,0.0019486732752278123,1050.0,1100.0,max_source_abstraction_ratio,0.003143422458564471,"[{'constraint': 'max_source_abstraction_ratio', 'actual': 0.9531434224585644, 'target': 0.95, 'operator': '<=', 'violation': 0.003143422458564471, 'scaled_violation': 0.003308865745857338}]",maximum scale-free violation at first failed capacity,"[1050.0, 1100.0]","[[0.0, 1050.0]]",False,1150.0,reclaimed_water_substitution_ratio
196,1.2544826104579316,6.0783569906658,0.000853874306305166,1100.0,1150.0,max_source_abstraction_ratio,0.0005840593870054533,"[{'constraint': 'max_source_abstraction_ratio', 'actual': 0.9505840593870054, 'target': 0.95, 'operator': '<=', 'violation': 0.0005840593870054533, 'scaled_violation': 0.0006147993547425825}]",maximum scale-free violation at first failed capacity,"[1100.0, 1150.0]","[[0.0, 1100.0]]",False,1200.0,reclaimed_water_substitution_ratio
197,1.1611373998856633,5.382756553057794,0.006617288136362748,1100.0,1150.0,max_source_abstraction_ratio,0.0004739343916789762,"[{'constraint': 'max_source_abstraction_ratio', 'actual': 0.9504739343916789, 'target': 0.95, 'operator': '<=', 'violation': 0.0004739343916789762, 'scaled_violation': 0.0004988783070305013}]",maximum scale-free violation at first failed capacity,"[1100.0, 1150.0]","[[0.0, 1100.0]]",False,1350.0,reclaimed_water_substitution_ratio
198,1.2918536026127398,4.46669596024153,0.0038304741700307177,1050.0,1100.0,max_source_abstraction_ratio,0.003941148044943832,"[{'constraint': 'max_source_abstraction_ratio', 'actual': 0.9539411480449438, 'target': 0.95, 'operator': '<=', 'violation': 0.003941148044943832, 'scaled_violation': 0.00414857688941456}, {'constraint': 'max_wtw_utilization', 'actual': 0.9505275856665343, 'target': 0.95, 'operator': '<=', 'violation': 0.0005275856665343248, 'scaled_violation': 0.0005553533331940262}]",maximum scale-free violation at first failed capacity,"[1050.0, 1100.0]","[[0.0, 1050.0]]",False,1200.0,reclaimed_water_substitution_ratio
199,1.304990960587635,5.8107674075936755,0.0031991963511694833,1050.0,1100.0,max_source_abstraction_ratio,0.004308428366418093,"[{'constraint': 'max_source_abstraction_ratio', 'actual': 0.954308428366418, 'target': 0.95, 'operator': '<=', 'violation': 0.004308428366418093, 'scaled_violation': 0.004535187754124309}, {'constraint': 'max_wtw_utilization', 'actual': 0.9508935517200474, 'target': 0.95, 'operator': '<=', 'violation': 0.0008935517200474585, 'scaled_violation': 0.0009405807579446932}]",maximum scale-free violation at first failed capacity,"[1050.0, 1100.0]","[[0.0, 1050.0]]",False,1200.0,reclaimed_water_substitution_ratio
200,1.2867712249714571,3.8878865196908468,0.0032330279544044724,1050.0,1100.0,max_source_abstraction_ratio,0.006712441361347188,"[{'constraint': 'max_source_abstraction_ratio', 'actual': 0.9567124413613471, 'target': 0.95, 'operator': '<=', 'violation': 0.006712441361347188, 'scaled_violation': 0.007065727748786514}, {'constraint': 'max_wtw_utilization', 'actual': 0.9532889622468541, 'target': 0.95, 'operator': '<=', 'violation': 0.0032889622468541546, 'scaled_violation': 0.0034620655230043736}]",maximum scale-free violation at first failed capacity,"[1050.0, 1100.0]","[[0.0, 1050.0]]",False,1150.0,reclaimed_water_substitution_ratio
201,1.1272436567009905,6.70314572226363,0.007772392913208059,1150.0,1200.0,max_source_abstraction_ratio,0.005462620531475171,"[{'constraint': 'max_source_abstraction_ratio', 'actual': 0.9554626205314751, 'target': 0.95, 'operator': '<=', 'violation': 0.005462620531475171, 'scaled_violation': 0.005750126875237022}, {'constraint': 'max_wtw_utilization', 'actual': 0.9520436137488166, 'target': 0.95, 'operator': '<=', 'violation': 0.002043613748816675, 'scaled_violation': 0.0021511723671754474}]",maximum scale-free violation at first failed capacity,"[1150.0, 1200.0]","[[0.0, 1150.0]]",False,1400.0,reclaimed_water_substitution_ratio
202,1.2719619159968956,8.42751107134394,0.0017835075238049009,1100.0,1150.0,max_source_abstraction_ratio,0.004720143101271779,"[{'constraint': 'max_source_abstraction_ratio', 'actual': 0.9547201431012717, 'target': 0.95, 'operator': '<=', 'violation': 0.004720143101271779, 'scaled_violation': 0.004968571685549241}, {'constraint': 'max_wtw_utilization', 'actual': 0.9513037931837959, 'target': 0.95, 'operator': '<=', 'violation': 0.0013037931837959205, 'scaled_violation': 0.0013724138776799164}]",maximum scale-free violation at first failed capacity,"[1100.0, 1150.0]","[[0.0, 1100.0]]",False,1200.0,reclaimed_water_substitution_ratio
203,1.3335644293314275,6.666245815795213,0.002290148795046535,1050.0,1100.0,max_source_abstraction_ratio,0.0060164400971794985,"[{'constraint': 'max_source_abstraction_ratio', 'actual': 0.9560164400971795, 'target': 0.95, 'operator': '<=', 'violation': 0.0060164400971794985, 'scaled_violation': 0.006333094839136314}, {'constraint': 'max_wtw_utilization', 'actual': 0.9525954515385614, 'target': 0.95, 'operator': '<=', 'violation': 0.002595451538561444, 'scaled_violation': 0.0027320542511173095}]",maximum scale-free violation at first failed capacity,"[1050.0, 1100.0]","[[0.0, 1050.0]]",False,1150.0,reclaimed_water_substitution_ratio
204,1.2359260119376692,8.611067632198164,0.003609694564144876,1100.0,1150.0,max_source_abstraction_ratio,0.0038606698428694797,"[{'constraint': 'max_source_abstraction_ratio', 'actual': 0.9538606698428694, 'target': 0.95, 'operator': '<=', 'violation': 0.0038606698428694797, 'scaled_violation': 0.004063862992494189}, {'constraint': 'max_wtw_utilization', 'actual': 0.9504473954459182, 'target': 0.95, 'operator': '<=', 'violation': 0.00044739544591820835, 'scaled_violation': 0.0004709425746507456}]",maximum scale-free violation at first failed capacity,"[1100.0, 1150.0]","[[0.0, 1100.0]]",False,1250.0,reclaimed_water_substitution_ratio
205,1.2297933165744124,8.70059256112097,0.006324740340973552,1050.0,1100.0,max_source_abstraction_ratio,0.0012501255705389402,"[{'constraint': 'max_source_abstraction_ratio', 'actual': 0.9512501255705389, 'target': 0.95, 'operator': '<=', 'violation': 0.0012501255705389402, 'scaled_violation': 0.0013159216531988846}]",maximum scale-free violation at first failed capacity,"[1050.0, 1100.0]","[[0.0, 1050.0]]",False,1250.0,reclaimed_water_substitution_ratio
206,1.1370205076671924,4.676205669670207,0.0033165568589246814,1200.0,1250.0,max_source_abstraction_ratio,0.0038465955524400464,"[{'constraint': 'max_source_abstraction_ratio', 'actual': 0.95384659555244, 'target': 0.95, 'operator': '<=', 'violation': 0.0038465955524400464, 'scaled_violation': 0.004049047949936891}, {'constraint': 'max_wtw_utilization', 'actual': 0.9504333715186254, 'target': 0.95, 'operator': '<=', 'violation': 0.0004333715186254361, 'scaled_violation': 0.0004561805459215117}]",maximum scale-free violation at first failed capacity,"[1200.0, 1250.0]","[[0.0, 1200.0]]",False,1350.0,reclaimed_water_substitution_ratio
207,1.1947838602218295,8.675079937273773,0.0024633049958716386,1150.0,1200.0,max_source_abstraction_ratio,0.0031109930850635736,"[{'constraint': 'max_source_abstraction_ratio', 'actual': 0.9531109930850635, 'target': 0.95, 'operator': '<=', 'violation': 0.0031109930850635736, 'scaled_violation': 0.0032747295632248145}]",maximum scale-free violation at first failed capacity,"[1150.0, 1200.0]","[[0.0, 1150.0]]",False,1300.0,reclaimed_water_substitution_ratio
208,1.2853600159136942,3.8636975023672084,0.0038574593756957234,1000.0,1050.0,max_source_abstraction_ratio,0.0003901705025102231,"[{'constraint': 'max_source_abstraction_ratio', 'actual': 0.9503901705025102, 'target': 0.95, 'operator': '<=', 'violation': 0.0003901705025102231, 'scaled_violation': 0.00041070579211602434}]",maximum scale-free violation at first failed capacity,"[1000.0, 1050.0]","[[0.0, 1000.0]]",False,1150.0,reclaimed_water_substitution_ratio
209,1.2673461518685523,4.321939760364648,0.006708579645391555,1050.0,1100.0,max_source_abstraction_ratio,0.006590660439015572,"[{'constraint': 'max_source_abstraction_ratio', 'actual': 0.9565906604390155, 'target': 0.95, 'operator': '<=', 'violation': 0.006590660439015572, 'scaled_violation': 0.0069375373042269185}, {'constraint': 'max_wtw_utilization', 'actual': 0.9531676171027418, 'target': 0.95, 'operator': '<=', 'violation': 0.0031676171027418265, 'scaled_violation': 0.0033343337923598176}]",maximum scale-free violation at first failed capacity,"[1050.0, 1100.0]","[[0.0, 1050.0]]",False,1250.0,reclaimed_water_substitution_ratio
210,1.230981300271629,4.938988583469703,0.0016415095854538549,1150.0,1200.0,max_source_abstraction_ratio,0.006176472485258544,"[{'constraint': 'max_source_abstraction_ratio', 'actual': 0.9561764724852585, 'target': 0.95, 'operator': '<=', 'violation': 0.006176472485258544, 'scaled_violation': 0.006501549984482678}, {'constraint': 'max_wtw_utilization', 'actual': 0.9527549112702031, 'target': 0.95, 'operator': '<=', 'violation': 0.0027549112702031087, 'scaled_violation': 0.0028999066002137986}]",maximum scale-free violation at first failed capacity,"[1150.0, 1200.0]","[[0.0, 1150.0]]",False,1250.0,reclaimed_water_substitution_ratio
211,1.1773489770759835,7.049660235986861,0.007510363709884149,1100.0,1150.0,max_source_abstraction_ratio,0.004373273086978102,"[{'constraint': 'max_source_abstraction_ratio', 'actual': 0.9543732730869781, 'target': 0.95, 'operator': '<=', 'violation': 0.004373273086978102, 'scaled_violation': 0.0046034453547137925}, {'constraint': 'max_wtw_utilization', 'actual': 0.9509581644016613, 'target': 0.95, 'operator': '<=', 'violation': 0.0009581644016612989, 'scaled_violation': 0.0010085941070118937}]",maximum scale-free violation at first failed capacity,"[1100.0, 1150.0]","[[0.0, 1100.0]]",False,1300.0,reclaimed_water_substitution_ratio
212,1.2345854242369614,6.367283278049372,0.006959113029588992,1050.0,1100.0,max_source_abstraction_ratio,0.0030784412886670776,"[{'constraint': 'max_source_abstraction_ratio', 'actual': 0.953078441288667, 'target': 0.95, 'operator': '<=', 'violation': 0.0030784412886670776, 'scaled_violation': 0.0032404645143863974}]",maximum scale-free violation at first failed capacity,"[1050.0, 1100.0]","[[0.0, 1050.0]]",False,1250.0,reclaimed_water_substitution_ratio
213,1.1798783517105356,6.127122235777199,0.0064634957544866395,1100.0,1150.0,max_source_abstraction_ratio,0.002551524464852295,"[{'constraint': 'max_source_abstraction_ratio', 'actual': 0.9525515244648523, 'target': 0.95, 'operator': '<=', 'violation': 0.002551524464852295, 'scaled_violation': 0.0026858152261603108}]",maximum scale-free violation at first failed capacity,"[1100.0, 1150.0]","[[0.0, 1100.0]]",False,1300.0,reclaimed_water_substitution_ratio
214,1.2266916565169974,5.896448083003107,0.004120663241386569,1100.0,1150.0,max_source_abstraction_ratio,0.0037285192045046767,"[{'constraint': 'max_source_abstraction_ratio', 'actual': 0.9537285192045046, 'target': 0.95, 'operator': '<=', 'violation': 0.0037285192045046767, 'scaled_violation': 0.003924757057373344}, {'constraint': 'max_wtw_utilization', 'actual': 0.9503157176925403, 'target': 0.95, 'operator': '<=', 'violation': 0.00031571769254035154, 'scaled_violation': 0.00033233441320037007}]",maximum scale-free violation at first failed capacity,"[1100.0, 1150.0]","[[0.0, 1100.0]]",False,1250.0,reclaimed_water_substitution_ratio
215,1.3042532595109888,6.3225726899997445,0.005100339940613586,1000.0,1050.0,max_source_abstraction_ratio,0.00024975474298494227,"[{'constraint': 'max_source_abstraction_ratio', 'actual': 0.9502497547429849, 'target': 0.95, 'operator': '<=', 'violation': 0.00024975474298494227, 'scaled_violation': 0.00026289972945783396}]",maximum scale-free violation at first failed capacity,"[1000.0, 1050.0]","[[0.0, 1000.0]]",False,1200.0,reclaimed_water_substitution_ratio
216,1.1246356826903448,5.756601846518194,0.002092251980810299,1250.0,1300.0,max_source_abstraction_ratio,0.005830716130525215,"[{'constraint': 'max_source_abstraction_ratio', 'actual': 0.9558307161305252, 'target': 0.95, 'operator': '<=', 'violation': 0.005830716130525215, 'scaled_violation': 0.006137595926868648}, {'constraint': 'max_wtw_utilization', 'actual': 0.9524103921625339, 'target': 0.95, 'operator': '<=', 'violation': 0.002410392162533914, 'scaled_violation': 0.002537254907930436}]",maximum scale-free violation at first failed capacity,"[1250.0, 1300.0]","[[0.0, 1250.0]]",False,1350.0,reclaimed_water_substitution_ratio
217,1.2675612924347794,3.4400795327843405,0.007486083745562212,950.0,1000.0,max_source_abstraction_ratio,0.0030841224286897173,"[{'constraint': 'max_source_abstraction_ratio', 'actual': 0.9530841224286897, 'target': 0.95, 'operator': '<=', 'violation': 0.0030841224286897173, 'scaled_violation': 0.00324644466177865}]",maximum scale-free violation at first failed capacity,"[950.0, 1000.0]","[[0.0, 950.0]]",False,1150.0,reclaimed_water_substitution_ratio
218,1.235638777776906,7.472535118020163,0.0069845451402484725,1050.0,1100.0,max_source_abstraction_ratio,0.003256912339328122,"[{'constraint': 'max_source_abstraction_ratio', 'actual': 0.9532569123393281, 'target': 0.95, 'operator': '<=', 'violation': 0.003256912339328122, 'scaled_violation': 0.0034283287782401286}]",maximum scale-free violation at first failed capacity,"[1050.0, 1100.0]","[[0.0, 1050.0]]",False,1250.0,reclaimed_water_substitution_ratio
219,1.168349257667609,3.4311256353997965,0.0051534473751343405,1050.0,1100.0,max_source_abstraction_ratio,0.001852709888946702,"[{'constraint': 'max_source_abstraction_ratio', 'actual': 0.9518527098889467, 'target': 0.95, 'operator': '<=', 'violation': 0.001852709888946702, 'scaled_violation': 0.0019502209357333707}]",maximum scale-free violation at first failed capacity,"[1050.0, 1100.0]","[[0.0, 1050.0]]",False,1250.0,reclaimed_water_substitution_ratio
220,1.1665851427916958,8.641759558837109,0.005530558414323332,1150.0,1200.0,max_source_abstraction_ratio,0.005911292934467016,"[{'constraint': 'max_source_abstraction_ratio', 'actual': 0.955911292934467, 'target': 0.95, 'operator': '<=', 'violation': 0.005911292934467016, 'scaled_violation': 0.006222413615228438}, {'constraint': 'max_wtw_utilization', 'actual': 0.9524906806321826, 'target': 0.95, 'operator': '<=', 'violation': 0.002490680632182607, 'scaled_violation': 0.0026217690865080073}]",maximum scale-free violation at first failed capacity,"[1150.0, 1200.0]","[[0.0, 1150.0]]",False,1350.0,reclaimed_water_substitution_ratio
221,1.2876879221074025,4.711599890695172,0.005655298323114016,1050.0,1100.0,max_source_abstraction_ratio,0.007008337592834257,"[{'constraint': 'max_source_abstraction_ratio', 'actual': 0.9570083375928342, 'target': 0.95, 'operator': '<=', 'violation': 0.007008337592834257, 'scaled_violation': 0.007377197466141324}, {'constraint': 'max_wtw_utilization', 'actual': 0.953583799649664, 'target': 0.95, 'operator': '<=', 'violation': 0.0035837996496640434, 'scaled_violation': 0.003772420683856888}]",maximum scale-free violation at first failed capacity,"[1050.0, 1100.0]","[[0.0, 1050.0]]",False,1200.0,reclaimed_water_substitution_ratio
222,1.1395927473657232,5.744475493535105,0.0075593169677732035,1150.0,1200.0,max_source_abstraction_ratio,0.006652278831315472,"[{'constraint': 'max_source_abstraction_ratio', 'actual': 0.9566522788313154, 'target': 0.95, 'operator': '<=', 'violation': 0.006652278831315472, 'scaled_violation': 0.007002398769805761}, {'constraint': 'max_wtw_utilization', 'actual': 0.9532290150011191, 'target': 0.95, 'operator': '<=', 'violation': 0.003229015001119162, 'scaled_violation': 0.0033989631590728023}]",maximum scale-free violation at first failed capacity,"[1150.0, 1200.0]","[[0.0, 1150.0]]",False,1350.0,reclaimed_water_substitution_ratio
223,1.2017520502733607,8.300852523333043,0.004355073477254144,1100.0,1150.0,max_source_abstraction_ratio,0.0010247050736384988,"[{'constraint': 'max_source_abstraction_ratio', 'actual': 0.9510247050736385, 'target': 0.95, 'operator': '<=', 'violation': 0.0010247050736384988, 'scaled_violation': 0.0010786369196194726}]",maximum scale-free violation at first failed capacity,"[1100.0, 1150.0]","[[0.0, 1100.0]]",False,1300.0,reclaimed_water_substitution_ratio
224,1.1763734734798328,8.996554673804752,0.007451958828083999,1100.0,1150.0,max_source_abstraction_ratio,0.004129078903405747,"[{'constraint': 'max_source_abstraction_ratio', 'actual': 0.9541290789034057, 'target': 0.95, 'operator': '<=', 'violation': 0.004129078903405747, 'scaled_violation': 0.0043463988456902605}, {'constraint': 'max_wtw_utilization', 'actual': 0.9507148440372757, 'target': 0.95, 'operator': '<=', 'violation': 0.0007148440372757303, 'scaled_violation': 0.0007524674076586635}]",maximum scale-free violation at first failed capacity,"[1100.0, 1150.0]","[[0.0, 1100.0]]",False,1300.0,reclaimed_water_substitution_ratio
225,1.3241220186209262,6.827849055214909,0.0038280498257957382,1000.0,1050.0,max_source_abstraction_ratio,0.00018598633438626777,"[{'constraint': 'max_source_abstraction_ratio', 'actual': 0.9501859863343862, 'target': 0.95, 'operator': '<=', 'violation': 0.00018598633438626777, 'scaled_violation': 0.0001957750888276503}]",maximum scale-free violation at first failed capacity,"[1000.0, 1050.0]","[[0.0, 1000.0]]",False,1150.0,reclaimed_water_substitution_ratio
226,1.1920317750635405,8.712051647350322,0.0051274382610428364,1100.0,1150.0,max_source_abstraction_ratio,0.0013660281535963215,"[{'constraint': 'max_source_abstraction_ratio', 'actual': 0.9513660281535963, 'target': 0.95, 'operator': '<=', 'violation': 0.0013660281535963215, 'scaled_violation': 0.0014379243722066543}]",maximum scale-free violation at first failed capacity,"[1100.0, 1150.0]","[[0.0, 1100.0]]",False,1300.0,reclaimed_water_substitution_ratio
227,1.226917696076727,3.2994168597092464,0.0013657706025605653,1050.0,1100.0,max_source_abstraction_ratio,0.003762213894918154,"[{'constraint': 'max_source_abstraction_ratio', 'actual': 0.9537622138949181, 'target': 0.95, 'operator': '<=', 'violation': 0.003762213894918154, 'scaled_violation': 0.0039602251525454255}, {'constraint': 'max_wtw_utilization', 'actual': 0.9503492918106022, 'target': 0.95, 'operator': '<=', 'violation': 0.0003492918106022813, 'scaled_violation': 0.00036767559010766453}]",maximum scale-free violation at first failed capacity,"[1050.0, 1100.0]","[[0.0, 1050.0]]",False,1150.0,reclaimed_water_substitution_ratio
228,1.332039900449056,5.585054648519369,0.0014477076600746415,1050.0,1100.0,max_source_abstraction_ratio,0.004179430459012146,"[{'constraint': 'max_source_abstraction_ratio', 'actual': 0.9541794304590121, 'target': 0.95, 'operator': '<=', 'violation': 0.004179430459012146, 'scaled_violation': 0.00439940048317068}, {'constraint': 'max_wtw_utilization', 'actual': 0.9507650154159643, 'target': 0.95, 'operator': '<=', 'violation': 0.0007650154159642986, 'scaled_violation': 0.0008052793852255775}]",maximum scale-free violation at first failed capacity,"[1050.0, 1100.0]","[[0.0, 1050.0]]",False,1150.0,reclaimed_water_substitution_ratio
229,1.1534826258060455,5.7841503362117095,0.0021116543244352783,1200.0,1250.0,max_source_abstraction_ratio,0.003447993932964799,"[{'constraint': 'max_source_abstraction_ratio', 'actual': 0.9534479939329648, 'target': 0.95, 'operator': '<=', 'violation': 0.003447993932964799, 'scaled_violation': 0.0036294672978576833}, {'constraint': 'max_wtw_utilization', 'actual': 0.9500361962465669, 'target': 0.95, 'operator': '<=', 'violation': 3.6196246566921886e-05, 'scaled_violation': 3.810131217570725e-05}]",maximum scale-free violation at first failed capacity,"[1200.0, 1250.0]","[[0.0, 1200.0]]",False,1350.0,reclaimed_water_substitution_ratio
230,1.1947883151653889,5.699233145270986,0.002731727477394788,1150.0,1200.0,max_source_abstraction_ratio,0.003685401274295952,"[{'constraint': 'max_source_abstraction_ratio', 'actual': 0.9536854012742959, 'target': 0.95, 'operator': '<=', 'violation': 0.003685401274295952, 'scaled_violation': 0.0038793697624167917}, {'constraint': 'max_wtw_utilization', 'actual': 0.9502727540546008, 'target': 0.95, 'operator': '<=', 'violation': 0.00027275405460081004, 'scaled_violation': 0.00028710953115874743}]",maximum scale-free violation at first failed capacity,"[1150.0, 1200.0]","[[0.0, 1150.0]]",False,1300.0,reclaimed_water_substitution_ratio
231,1.2774615880821234,4.10343927923945,0.0037056404248502735,1050.0,1100.0,max_source_abstraction_ratio,0.00407519419562663,"[{'constraint': 'max_source_abstraction_ratio', 'actual': 0.9540751941956266, 'target': 0.95, 'operator': '<=', 'violation': 0.00407519419562663, 'scaled_violation': 0.004289678100659611}, {'constraint': 'max_wtw_utilization', 'actual': 0.9506611521493697, 'target': 0.95, 'operator': '<=', 'violation': 0.0006611521493697925, 'scaled_violation': 0.000695949630915571}]",maximum scale-free violation at first failed capacity,"[1050.0, 1100.0]","[[0.0, 1050.0]]",False,1200.0,reclaimed_water_substitution_ratio
232,1.2383548763161643,6.727401502311117,0.007450714649356522,1050.0,1100.0,max_source_abstraction_ratio,0.00450209904240062,"[{'constraint': 'max_source_abstraction_ratio', 'actual': 0.9545020990424006, 'target': 0.95, 'operator': '<=', 'violation': 0.00450209904240062, 'scaled_violation': 0.0047390516235796005}, {'constraint': 'max_wtw_utilization', 'actual': 0.9510865293690703, 'target': 0.95, 'operator': '<=', 'violation': 0.001086529369070388, 'scaled_violation': 0.0011437151253372508}]",maximum scale-free violation at first failed capacity,"[1050.0, 1100.0]","[[0.0, 1050.0]]",False,1250.0,reclaimed_water_substitution_ratio
233,1.353724349279826,3.0720583801328383,0.006206166540113701,850.0,900.0,max_source_abstraction_ratio,0.000158093223250666,"[{'constraint': 'max_source_abstraction_ratio', 'actual': 0.9501580932232506, 'target': 0.95, 'operator': '<=', 'violation': 0.000158093223250666, 'scaled_violation': 0.00016641391921122737}]",maximum scale-free violation at first failed capacity,"[850.0, 900.0]","[[0.0, 850.0]]",False,1050.0,reclaimed_water_substitution_ratio
234,1.2722904786147902,4.7946362465057435,0.005294381771294997,1050.0,1100.0,max_source_abstraction_ratio,0.004420767799652947,"[{'constraint': 'max_source_abstraction_ratio', 'actual': 0.9544207677996529, 'target': 0.95, 'operator': '<=', 'violation': 0.004420767799652947, 'scaled_violation': 0.004653439789108366}, {'constraint': 'max_wtw_utilization', 'actual': 0.9510054891602834, 'target': 0.95, 'operator': '<=', 'violation': 0.0010054891602834237, 'scaled_violation': 0.001058409642403604}]",maximum scale-free violation at first failed capacity,"[1050.0, 1100.0]","[[0.0, 1050.0]]",False,1200.0,reclaimed_water_substitution_ratio
235,1.2804362647997494,8.174149528625414,0.006617575820783084,1000.0,1050.0,max_source_abstraction_ratio,0.00031145840987378826,"[{'constraint': 'max_source_abstraction_ratio', 'actual': 0.9503114584098737, 'target': 0.95, 'operator': '<=', 'violation': 0.00031145840987378826, 'scaled_violation': 0.00032785095776188236}]",maximum scale-free violation at first failed capacity,"[1000.0, 1050.0]","[[0.0, 1000.0]]",False,1200.0,reclaimed_water_substitution_ratio
236,1.121046965386767,6.024935723364561,0.0008604098117737805,1250.0,1300.0,max_source_abstraction_ratio,0.0024599919493371036,"[{'constraint': 'max_source_abstraction_ratio', 'actual': 0.9524599919493371, 'target': 0.95, 'operator': '<=', 'violation': 0.0024599919493371036, 'scaled_violation': 0.0025894652098285304}]",maximum scale-free violation at first failed capacity,"[1250.0, 1300.0]","[[0.0, 1250.0]]",False,1350.0,reclaimed_water_substitution_ratio
237,1.3391847220345294,8.73578998895543,0.0031916641532074076,1000.0,1050.0,max_source_abstraction_ratio,0.0007514520201400421,"[{'constraint': 'max_source_abstraction_ratio', 'actual': 0.95075145202014, 'target': 0.95, 'operator': '<=', 'violation': 0.0007514520201400421, 'scaled_violation': 0.0007910021264632023}]",maximum scale-free violation at first failed capacity,"[1000.0, 1050.0]","[[0.0, 1000.0]]",False,1150.0,reclaimed_water_substitution_ratio
238,1.3245152598836496,3.876752559865965,0.0021470796965760725,1000.0,1050.0,max_source_abstraction_ratio,0.001637906157434199,"[{'constraint': 'max_source_abstraction_ratio', 'actual': 0.9516379061574342, 'target': 0.95, 'operator': '<=', 'violation': 0.001637906157434199, 'scaled_violation': 0.001724111744667578}]",maximum scale-free violation at first failed capacity,"[1000.0, 1050.0]","[[0.0, 1000.0]]",False,1150.0,reclaimed_water_substitution_ratio
239,1.145411820451079,3.9270308190811902,0.0011846366698859611,1200.0,1250.0,max_source_abstraction_ratio,0.004309502762266382,"[{'constraint': 'max_source_abstraction_ratio', 'actual': 0.9543095027622663, 'target': 0.95, 'operator': '<=', 'violation': 0.004309502762266382, 'scaled_violation': 0.004536318697122507}, {'constraint': 'max_wtw_utilization', 'actual': 0.9508946222713007, 'target': 0.95, 'operator': '<=', 'violation': 0.0008946222713007712, 'scaled_violation': 0.0009417076540008118}]",maximum scale-free violation at first failed capacity,"[1200.0, 1250.0]","[[0.0, 1200.0]]",False,1300.0,reclaimed_water_substitution_ratio
240,1.1503345700934087,6.74934830779858,0.006999303241581892,1150.0,1200.0,max_source_abstraction_ratio,0.0068861562570547985,"[{'constraint': 'max_source_abstraction_ratio', 'actual': 0.9568861562570548, 'target': 0.95, 'operator': '<=', 'violation': 0.0068861562570547985, 'scaled_violation': 0.007248585533741894}, {'constraint': 'max_wtw_utilization', 'actual': 0.9534620555249348, 'target': 0.95, 'operator': '<=', 'violation': 0.0034620555249348373, 'scaled_violation': 0.0036442689736156182}]",maximum scale-free violation at first failed capacity,"[1150.0, 1200.0]","[[0.0, 1150.0]]",False,1350.0,reclaimed_water_substitution_ratio
241,1.1224397686995058,7.2107721276616,0.005831860659143307,1150.0,1200.0,max_source_abstraction_ratio,0.0006743088747497294,"[{'constraint': 'max_source_abstraction_ratio', 'actual': 0.9506743088747497, 'target': 0.95, 'operator': '<=', 'violation': 0.0006743088747497294, 'scaled_violation': 0.000709798815526031}]",maximum scale-free violation at first failed capacity,"[1150.0, 1200.0]","[[0.0, 1150.0]]",False,1400.0,reclaimed_water_substitution_ratio
242,1.357674207021493,3.2992647462177027,0.0009510986302598105,950.0,1000.0,max_source_abstraction_ratio,0.0036684912422885185,"[{'constraint': 'max_source_abstraction_ratio', 'actual': 0.9536684912422885, 'target': 0.95, 'operator': '<=', 'violation': 0.0036684912422885185, 'scaled_violation': 0.0038615697287247563}, {'constraint': 'max_wtw_utilization', 'actual': 0.9502559045330864, 'target': 0.95, 'operator': '<=', 'violation': 0.00025590453308643735, 'scaled_violation': 0.00026937319272256566}]",maximum scale-free violation at first failed capacity,"[950.0, 1000.0]","[[0.0, 950.0]]",False,1050.0,reclaimed_water_substitution_ratio
243,1.2822923539851112,4.479312648835144,0.004285371642642078,1050.0,1100.0,max_source_abstraction_ratio,0.0036649468406499963,"[{'constraint': 'max_source_abstraction_ratio', 'actual': 0.95366494684065, 'target': 0.95, 'operator': '<=', 'violation': 0.0036649468406499963, 'scaled_violation': 0.003857838779631575}, {'constraint': 'max_wtw_utilization', 'actual': 0.9502523728146578, 'target': 0.95, 'operator': '<=', 'violation': 0.0002523728146578419, 'scaled_violation': 0.0002656555943766757}]",maximum scale-free violation at first failed capacity,"[1050.0, 1100.0]","[[0.0, 1050.0]]",False,1200.0,reclaimed_water_substitution_ratio
244,1.2436567098168985,8.646635204350197,0.0033347106422484504,1100.0,1150.0,max_source_abstraction_ratio,0.004284300426338872,"[{'constraint': 'max_source_abstraction_ratio', 'actual': 0.9542843004263388, 'target': 0.95, 'operator': '<=', 'violation': 0.004284300426338872, 'scaled_violation': 0.004509789922461971}, {'constraint': 'max_wtw_utilization', 'actual': 0.9508695101188673, 'target': 0.95, 'operator': '<=', 'violation': 0.0008695101188673782, 'scaled_violation': 0.0009152738093340824}]",maximum scale-free violation at first failed capacity,"[1100.0, 1150.0]","[[0.0, 1100.0]]",False,1250.0,reclaimed_water_substitution_ratio
245,1.2692910818424545,4.028281274942469,0.003418194236989798,1050.0,1100.0,max_source_abstraction_ratio,0.0032908890483375197,"[{'constraint': 'max_source_abstraction_ratio', 'actual': 0.9532908890483375, 'target': 0.95, 'operator': '<=', 'violation': 0.0032908890483375197, 'scaled_violation': 0.003464093735092126}]",maximum scale-free violation at first failed capacity,"[1050.0, 1100.0]","[[0.0, 1050.0]]",False,1200.0,reclaimed_water_substitution_ratio
246,1.1211526956169802,5.695753423252224,0.0015003953970593538,1250.0,1300.0,max_source_abstraction_ratio,0.003957377058009803,"[{'constraint': 'max_source_abstraction_ratio', 'actual': 0.9539573770580098, 'target': 0.95, 'operator': '<=', 'violation': 0.003957377058009803, 'scaled_violation': 0.004165660061062951}, {'constraint': 'max_wtw_utilization', 'actual': 0.9505437566060507, 'target': 0.95, 'operator': '<=', 'violation': 0.0005437566060507715, 'scaled_violation': 0.0005723753747902858}]",maximum scale-free violation at first failed capacity,"[1250.0, 1300.0]","[[0.0, 1250.0]]",False,1350.0,reclaimed_water_substitution_ratio
247,1.2491100674511175,5.251801873751168,0.0007733229186096378,1150.0,1200.0,max_source_abstraction_ratio,0.006735654922434331,"[{'constraint': 'max_source_abstraction_ratio', 'actual': 0.9567356549224343, 'target': 0.95, 'operator': '<=', 'violation': 0.006735654922434331, 'scaled_violation': 0.007090163076246664}, {'constraint': 'max_wtw_utilization', 'actual': 0.9533120927410361, 'target': 0.95, 'operator': '<=', 'violation': 0.0033120927410361656, 'scaled_violation': 0.0034864134116170164}]",maximum scale-free violation at first failed capacity,"[1150.0, 1200.0]","[[0.0, 1150.0]]",False,1250.0,reclaimed_water_substitution_ratio
248,1.203337457987235,8.796312570092764,0.006482248964212121,1100.0,1150.0,max_source_abstraction_ratio,0.00558496832322386,"[{'constraint': 'max_source_abstraction_ratio', 'actual': 0.9555849683232238, 'target': 0.95, 'operator': '<=', 'violation': 0.00558496832322386, 'scaled_violation': 0.005878914024446169}, {'constraint': 'max_wtw_utilization', 'actual': 0.9521655237338726, 'target': 0.95, 'operator': '<=', 'violation': 0.0021655237338726874, 'scaled_violation': 0.002279498667234408}]",maximum scale-free violation at first failed capacity,"[1100.0, 1150.0]","[[0.0, 1100.0]]",False,1300.0,reclaimed_water_substitution_ratio
249,1.126942739709013,3.420150654812439,0.0027374852956626957,1150.0,1200.0,max_source_abstraction_ratio,0.005448703354891338,"[{'constraint': 'max_source_abstraction_ratio', 'actual': 0.9554487033548913, 'target': 0.95, 'operator': '<=', 'violation': 0.005448703354891338, 'scaled_violation': 0.0057354772156750925}, {'constraint': 'max_wtw_utilization', 'actual': 0.9520297463731565, 'target': 0.95, 'operator': '<=', 'violation': 0.00202974637315656, 'scaled_violation': 0.0021365751296384843}]",maximum scale-free violation at first failed capacity,"[1150.0, 1200.0]","[[0.0, 1150.0]]",False,1300.0,reclaimed_water_substitution_ratio
250,1.1264151715108661,6.353018669020792,0.006274871477560562,1150.0,1200.0,max_source_abstraction_ratio,0.0021509530073089422,"[{'constraint': 'max_source_abstraction_ratio', 'actual': 0.9521509530073089, 'target': 0.95, 'operator': '<=', 'violation': 0.0021509530073089422, 'scaled_violation': 0.0022641610603252025}]",maximum scale-free violation at first failed capacity,"[1150.0, 1200.0]","[[0.0, 1150.0]]",False,1400.0,reclaimed_water_substitution_ratio
251,1.318826295260334,8.266683878014046,0.006871732613645761,1000.0,1050.0,max_source_abstraction_ratio,0.005261922470493174,"[{'constraint': 'max_source_abstraction_ratio', 'actual': 0.9552619224704931, 'target': 0.95, 'operator': '<=', 'violation': 0.005261922470493174, 'scaled_violation': 0.005538865758413868}, {'constraint': 'max_wtw_utilization', 'actual': 0.9518436338614364, 'target': 0.95, 'operator': '<=', 'violation': 0.0018436338614364889, 'scaled_violation': 0.0019406672225647252}]",maximum scale-free violation at first failed capacity,"[1000.0, 1050.0]","[[0.0, 1000.0]]",False,1200.0,reclaimed_water_substitution_ratio
252,1.2686590430717688,8.256967994160508,0.004972947455686832,1050.0,1100.0,max_source_abstraction_ratio,0.003347421894121072,"[{'constraint': 'max_source_abstraction_ratio', 'actual': 0.953347421894121, 'target': 0.95, 'operator': '<=', 'violation': 0.003347421894121072, 'scaled_violation': 0.003523601993811655}]",maximum scale-free violation at first failed capacity,"[1050.0, 1100.0]","[[0.0, 1050.0]]",False,1200.0,reclaimed_water_substitution_ratio
253,1.284648092009893,8.336852390670439,0.007079140525331373,1000.0,1050.0,max_source_abstraction_ratio,0.0016657869081714294,"[{'constraint': 'max_source_abstraction_ratio', 'actual': 0.9516657869081714, 'target': 0.95, 'operator': '<=', 'violation': 0.0016657869081714294, 'scaled_violation': 0.0017534599033383468}]",maximum scale-free violation at first failed capacity,"[1000.0, 1050.0]","[[0.0, 1000.0]]",False,1200.0,reclaimed_water_substitution_ratio
254,1.1433963883350153,5.05715198230961,0.0033471910280866903,1200.0,1250.0,max_source_abstraction_ratio,0.004799604074267605,"[{'constraint': 'max_source_abstraction_ratio', 'actual': 0.9547996040742676, 'target': 0.95, 'operator': '<=', 'violation': 0.004799604074267605, 'scaled_violation': 0.005052214815018532}, {'constraint': 'max_wtw_utilization', 'actual': 0.951382969815364, 'target': 0.95, 'operator': '<=', 'violation': 0.0013829698153640102, 'scaled_violation': 0.0014557577003831688}]",maximum scale-free violation at first failed capacity,"[1200.0, 1250.0]","[[0.0, 1200.0]]",False,1350.0,reclaimed_water_substitution_ratio
255,1.3201343248500126,5.4117058540725065,0.004469406150794013,1000.0,1050.0,max_source_abstraction_ratio,0.0009208133023861365,"[{'constraint': 'max_source_abstraction_ratio', 'actual': 0.9509208133023861, 'target': 0.95, 'operator': '<=', 'violation': 0.0009208133023861365, 'scaled_violation': 0.0009692771604064594}]",maximum scale-free violation at first failed capacity,"[1000.0, 1050.0]","[[0.0, 1000.0]]",False,1150.0,reclaimed_water_substitution_ratio
