sample_id,components.AI_DC1.base_pue,components.AI_DC1.cooling.cycles_of_concentration,components.AI_DC1.temperature_coefficient,maximum_safe_ai_capacity_mw,first_failed_capacity_mw,limiting_constraint,constraint_margin,failed_constraints,limiting_constraint_basis,threshold_interval_mw,feasible_intervals_mw,reentrant_feasibility,policy_maximum_safe_ai_capacity_mw,policy_limiting_constraint
0,1.350547802490836,3.518997545148146,0.007216524188131672,1200.0,1250.0,max_local_connection_ratio,0.013184025670077038,"[{'constraint': 'max_local_connection_ratio', 'actual': 1.013184025670077, 'target': 1.0, 'operator': '<=', 'violation': 0.013184025670077038, 'scaled_violation': 0.013184025670077038}]",maximum scale-free violation at first failed capacity,"[1200.0, 1250.0]","[[0.0, 1200.0]]",False,1750.0,reclaimed_water_substitution_ratio
1,1.3434312891655673,8.844553314883335,0.007854074086055913,1250.0,1300.0,max_daily_average_grid_connection_ratio,0.026331214353700227,"[{'constraint': 'max_daily_average_grid_connection_ratio', 'actual': 1.0263312143537002, 'target': 1.0, 'operator': '<=', 'violation': 0.026331214353700227, 'scaled_violation': 0.026331214353700227}]",maximum scale-free violation at first failed capacity,"[1250.0, 1300.0]","[[0.0, 1250.0]]",False,1950.0,reclaimed_water_substitution_ratio
2,1.3507006254888227,4.631715063987052,0.0077688041371753395,1250.0,1300.0,max_daily_average_grid_connection_ratio,0.031045731051451586,"[{'constraint': 'max_daily_average_grid_connection_ratio', 'actual': 1.0310457310514516, 'target': 1.0, 'operator': '<=', 'violation': 0.031045731051451586, 'scaled_violation': 0.031045731051451586}]",maximum scale-free violation at first failed capacity,"[1250.0, 1300.0]","[[0.0, 1250.0]]",False,1900.0,reclaimed_water_substitution_ratio
3,1.1527951589938052,3.784412457203942,0.007449709658884109,1450.0,1500.0,max_daily_average_grid_connection_ratio,0.02156402429369475,"[{'constraint': 'max_daily_average_grid_connection_ratio', 'actual': 1.0215640242936948, 'target': 1.0, 'operator': '<=', 'violation': 0.02156402429369475, 'scaled_violation': 0.02156402429369475}, {'constraint': 'max_local_connection_ratio', 'actual': 1.0215275008577647, 'target': 1.0, 'operator': '<=', 'violation': 0.02152750085776467, 'scaled_violation': 0.02152750085776467}]",maximum scale-free violation at first failed capacity,"[1450.0, 1500.0]","[[0.0, 1450.0]]",False,2000.0,
4,1.2483308964271582,3.8521632045468817,0.006352656469587003,1350.0,1400.0,max_daily_average_grid_connection_ratio,0.02035224167863281,"[{'constraint': 'max_daily_average_grid_connection_ratio', 'actual': 1.0203522416786328, 'target': 1.0, 'operator': '<=', 'violation': 0.02035224167863281, 'scaled_violation': 0.02035224167863281}, {'constraint': 'max_local_connection_ratio', 'actual': 1.0143953852901535, 'target': 1.0, 'operator': '<=', 'violation': 0.014395385290153495, 'scaled_violation': 0.014395385290153495}]",maximum scale-free violation at first failed capacity,"[1350.0, 1400.0]","[[0.0, 1350.0]]",False,1950.0,reclaimed_water_substitution_ratio
5,1.1962657544102153,3.25275685502995,0.0022827843914330972,1350.0,1400.0,max_local_connection_ratio,0.005670683087258821,"[{'constraint': 'max_local_connection_ratio', 'actual': 1.0056706830872588, 'target': 1.0, 'operator': '<=', 'violation': 0.005670683087258821, 'scaled_violation': 0.005670683087258821}]",maximum scale-free violation at first failed capacity,"[1350.0, 1400.0]","[[0.0, 1350.0]]",False,1900.0,reclaimed_water_substitution_ratio
6,1.3506348104532715,3.430375818622956,0.00736160952042955,1200.0,1250.0,max_local_connection_ratio,0.02392072263766032,"[{'constraint': 'max_local_connection_ratio', 'actual': 1.0239207226376603, 'target': 1.0, 'operator': '<=', 'violation': 0.02392072263766032, 'scaled_violation': 0.02392072263766032}]",maximum scale-free violation at first failed capacity,"[1200.0, 1250.0]","[[0.0, 1200.0]]",False,1750.0,reclaimed_water_substitution_ratio
7,1.2547657814381696,6.1178299625151435,0.0008215830758164248,1400.0,1450.0,max_daily_average_grid_connection_ratio,0.021490942252342604,"[{'constraint': 'max_daily_average_grid_connection_ratio', 'actual': 1.0214909422523426, 'target': 1.0, 'operator': '<=', 'violation': 0.021490942252342604, 'scaled_violation': 0.021490942252342604}]",maximum scale-free violation at first failed capacity,"[1400.0, 1450.0]","[[0.0, 1400.0]]",False,2000.0,
8,1.3597338773818568,4.908806853235658,0.006517139518065741,1250.0,1300.0,max_daily_average_grid_connection_ratio,0.02938103878570031,"[{'constraint': 'max_daily_average_grid_connection_ratio', 'actual': 1.0293810387857003, 'target': 1.0, 'operator': '<=', 'violation': 0.02938103878570031, 'scaled_violation': 0.02938103878570031}]",maximum scale-free violation at first failed capacity,"[1250.0, 1300.0]","[[0.0, 1250.0]]",False,1850.0,reclaimed_water_substitution_ratio
9,1.1741395813807167,4.170554990739367,0.0008807231249121729,1500.0,1550.0,max_daily_average_grid_connection_ratio,0.022651350443650964,"[{'constraint': 'max_daily_average_grid_connection_ratio', 'actual': 1.022651350443651, 'target': 1.0, 'operator': '<=', 'violation': 0.022651350443650964, 'scaled_violation': 0.022651350443650964}]",maximum scale-free violation at first failed capacity,"[1500.0, 1550.0]","[[0.0, 1500.0]]",False,2000.0,
10,1.2045767630819852,8.091786411099513,0.004367595302342335,1400.0,1450.0,max_daily_average_grid_connection_ratio,0.006844668986493607,"[{'constraint': 'max_daily_average_grid_connection_ratio', 'actual': 1.0068446689864936, 'target': 1.0, 'operator': '<=', 'violation': 0.006844668986493607, 'scaled_violation': 0.006844668986493607}]",maximum scale-free violation at first failed capacity,"[1400.0, 1450.0]","[[0.0, 1400.0]]",False,2000.0,
11,1.2179946801508055,5.711451451939739,0.0031595723634699415,1400.0,1450.0,max_daily_average_grid_connection_ratio,0.008856013373473859,"[{'constraint': 'max_daily_average_grid_connection_ratio', 'actual': 1.0088560133734739, 'target': 1.0, 'operator': '<=', 'violation': 0.008856013373473859, 'scaled_violation': 0.008856013373473859}]",maximum scale-free violation at first failed capacity,"[1400.0, 1450.0]","[[0.0, 1400.0]]",False,2000.0,
12,1.2071054944027784,5.402550061812484,0.001057993338344651,1450.0,1500.0,max_daily_average_grid_connection_ratio,0.018604775720908462,"[{'constraint': 'max_daily_average_grid_connection_ratio', 'actual': 1.0186047757209085, 'target': 1.0, 'operator': '<=', 'violation': 0.018604775720908462, 'scaled_violation': 0.018604775720908462}]",maximum scale-free violation at first failed capacity,"[1450.0, 1500.0]","[[0.0, 1450.0]]",False,2000.0,
13,1.2572250200606916,3.426105047575522,0.006515292716816187,1300.0,1350.0,max_local_connection_ratio,0.02746249586474292,"[{'constraint': 'max_local_connection_ratio', 'actual': 1.027462495864743, 'target': 1.0, 'operator': '<=', 'violation': 0.02746249586474292, 'scaled_violation': 0.02746249586474292}, {'constraint': 'max_wtw_utilization', 'actual': 0.9502703164378774, 'target': 0.95, 'operator': '<=', 'violation': 0.0002703164378774492, 'scaled_violation': 0.0002845436188183676}]",maximum scale-free violation at first failed capacity,"[1300.0, 1350.0]","[[0.0, 1300.0]]",False,1900.0,reclaimed_water_substitution_ratio
14,1.346241170778046,5.808106864480147,0.0026584935218112965,1300.0,1350.0,max_daily_average_grid_connection_ratio,0.032494048732112146,"[{'constraint': 'max_daily_average_grid_connection_ratio', 'actual': 1.0324940487321121, 'target': 1.0, 'operator': '<=', 'violation': 0.032494048732112146, 'scaled_violation': 0.032494048732112146}]",maximum scale-free violation at first failed capacity,"[1300.0, 1350.0]","[[0.0, 1300.0]]",False,1850.0,reclaimed_water_substitution_ratio
15,1.236248052513507,5.344974549478962,0.0014461939169717543,1400.0,1450.0,max_daily_average_grid_connection_ratio,0.011079382861695297,"[{'constraint': 'max_daily_average_grid_connection_ratio', 'actual': 1.0110793828616953, 'target': 1.0, 'operator': '<=', 'violation': 0.011079382861695297, 'scaled_violation': 0.011079382861695297}]",maximum scale-free violation at first failed capacity,"[1400.0, 1450.0]","[[0.0, 1400.0]]",False,2000.0,
16,1.3166723210763425,5.492341064893763,0.0076086228922812305,1250.0,1300.0,max_daily_average_grid_connection_ratio,0.005303880471059452,"[{'constraint': 'max_daily_average_grid_connection_ratio', 'actual': 1.0053038804710595, 'target': 1.0, 'operator': '<=', 'violation': 0.005303880471059452, 'scaled_violation': 0.005303880471059452}]",maximum scale-free violation at first failed capacity,"[1250.0, 1300.0]","[[0.0, 1250.0]]",False,2000.0,
17,1.1759654024261714,4.672807101858886,0.003923537539199582,1450.0,1500.0,max_daily_average_grid_connection_ratio,0.014245544842942826,"[{'constraint': 'max_daily_average_grid_connection_ratio', 'actual': 1.0142455448429428, 'target': 1.0, 'operator': '<=', 'violation': 0.014245544842942826, 'scaled_violation': 0.014245544842942826}]",maximum scale-free violation at first failed capacity,"[1450.0, 1500.0]","[[0.0, 1450.0]]",False,2000.0,
18,1.3343651682776214,3.251044198307013,0.005880825588066307,1200.0,1250.0,max_local_connection_ratio,0.024067054275475064,"[{'constraint': 'max_local_connection_ratio', 'actual': 1.024067054275475, 'target': 1.0, 'operator': '<=', 'violation': 0.024067054275475064, 'scaled_violation': 0.024067054275475064}]",maximum scale-free violation at first failed capacity,"[1200.0, 1250.0]","[[0.0, 1200.0]]",False,1750.0,reclaimed_water_substitution_ratio
19,1.2565258110777813,4.098541921295184,0.0045721141038216374,1350.0,1400.0,max_daily_average_grid_connection_ratio,0.014164445541501314,"[{'constraint': 'max_daily_average_grid_connection_ratio', 'actual': 1.0141644455415013, 'target': 1.0, 'operator': '<=', 'violation': 0.014164445541501314, 'scaled_violation': 0.014164445541501314}]",maximum scale-free violation at first failed capacity,"[1350.0, 1400.0]","[[0.0, 1350.0]]",False,1950.0,reclaimed_water_substitution_ratio
20,1.1608358202650417,5.325787940572167,0.0052443578003633085,1450.0,1500.0,max_daily_average_grid_connection_ratio,0.011586464697593835,"[{'constraint': 'max_daily_average_grid_connection_ratio', 'actual': 1.0115864646975938, 'target': 1.0, 'operator': '<=', 'violation': 0.011586464697593835, 'scaled_violation': 0.011586464697593835}]",maximum scale-free violation at first failed capacity,"[1450.0, 1500.0]","[[0.0, 1450.0]]",False,2000.0,
21,1.2204806514715432,7.799193569463259,0.0035159461430836134,1400.0,1450.0,max_daily_average_grid_connection_ratio,0.01347801225255063,"[{'constraint': 'max_daily_average_grid_connection_ratio', 'actual': 1.0134780122525506, 'target': 1.0, 'operator': '<=', 'violation': 0.01347801225255063, 'scaled_violation': 0.01347801225255063}]",maximum scale-free violation at first failed capacity,"[1400.0, 1450.0]","[[0.0, 1400.0]]",False,2000.0,
22,1.16952003909512,5.4891705775996185,0.0068882889031720036,1450.0,1500.0,max_daily_average_grid_connection_ratio,0.03131239973154165,"[{'constraint': 'max_daily_average_grid_connection_ratio', 'actual': 1.0313123997315417, 'target': 1.0, 'operator': '<=', 'violation': 0.03131239973154165, 'scaled_violation': 0.03131239973154165}]",maximum scale-free violation at first failed capacity,"[1450.0, 1500.0]","[[0.0, 1450.0]]",False,2000.0,
23,1.2679924290327036,4.719866165251827,0.00579199137947649,1350.0,1400.0,max_daily_average_grid_connection_ratio,0.03175073025864372,"[{'constraint': 'max_daily_average_grid_connection_ratio', 'actual': 1.0317507302586437, 'target': 1.0, 'operator': '<=', 'violation': 0.03175073025864372, 'scaled_violation': 0.03175073025864372}]",maximum scale-free violation at first failed capacity,"[1350.0, 1400.0]","[[0.0, 1350.0]]",False,2000.0,
24,1.3200236007421233,6.241563703306038,0.004029279041126004,1300.0,1350.0,max_daily_average_grid_connection_ratio,0.02208701229293908,"[{'constraint': 'max_daily_average_grid_connection_ratio', 'actual': 1.022087012292939, 'target': 1.0, 'operator': '<=', 'violation': 0.02208701229293908, 'scaled_violation': 0.02208701229293908}]",maximum scale-free violation at first failed capacity,"[1300.0, 1350.0]","[[0.0, 1300.0]]",False,1950.0,reclaimed_water_substitution_ratio
25,1.2627955564601856,6.148016768021126,0.006721201623477014,1350.0,1400.0,max_daily_average_grid_connection_ratio,0.034260919403600765,"[{'constraint': 'max_daily_average_grid_connection_ratio', 'actual': 1.0342609194036008, 'target': 1.0, 'operator': '<=', 'violation': 0.034260919403600765, 'scaled_violation': 0.034260919403600765}]",maximum scale-free violation at first failed capacity,"[1350.0, 1400.0]","[[0.0, 1350.0]]",False,2000.0,
26,1.1626673159806562,8.574336882571142,0.0038076368620596317,1450.0,1500.0,max_daily_average_grid_connection_ratio,0.00223424684629836,"[{'constraint': 'max_daily_average_grid_connection_ratio', 'actual': 1.0022342468462984, 'target': 1.0, 'operator': '<=', 'violation': 0.00223424684629836, 'scaled_violation': 0.00223424684629836}]",maximum scale-free violation at first failed capacity,"[1450.0, 1500.0]","[[0.0, 1450.0]]",False,2000.0,
27,1.2215934979128178,5.237661139914209,0.0014357544152622502,1450.0,1500.0,max_daily_average_grid_connection_ratio,0.033596299500552096,"[{'constraint': 'max_daily_average_grid_connection_ratio', 'actual': 1.033596299500552, 'target': 1.0, 'operator': '<=', 'violation': 0.033596299500552096, 'scaled_violation': 0.033596299500552096}]",maximum scale-free violation at first failed capacity,"[1450.0, 1500.0]","[[0.0, 1450.0]]",False,2000.0,
28,1.2160557258526572,8.733035607013168,0.002338427644886381,1400.0,1450.0,max_daily_average_grid_connection_ratio,0.001272680720957764,"[{'constraint': 'max_daily_average_grid_connection_ratio', 'actual': 1.0012726807209578, 'target': 1.0, 'operator': '<=', 'violation': 0.001272680720957764, 'scaled_violation': 0.001272680720957764}]",maximum scale-free violation at first failed capacity,"[1400.0, 1450.0]","[[0.0, 1400.0]]",False,2000.0,
29,1.21427290957426,5.955922336170511,0.00440452300048076,1400.0,1450.0,max_daily_average_grid_connection_ratio,0.014962158027979955,"[{'constraint': 'max_daily_average_grid_connection_ratio', 'actual': 1.01496215802798, 'target': 1.0, 'operator': '<=', 'violation': 0.014962158027979955, 'scaled_violation': 0.014962158027979955}]",maximum scale-free violation at first failed capacity,"[1400.0, 1450.0]","[[0.0, 1400.0]]",False,2000.0,
30,1.15846462837584,8.592545557948078,0.004303882782899121,1450.0,1500.0,max_daily_average_grid_connection_ratio,0.002475643402133798,"[{'constraint': 'max_daily_average_grid_connection_ratio', 'actual': 1.0024756434021338, 'target': 1.0, 'operator': '<=', 'violation': 0.002475643402133798, 'scaled_violation': 0.002475643402133798}]",maximum scale-free violation at first failed capacity,"[1450.0, 1500.0]","[[0.0, 1450.0]]",False,2000.0,
31,1.1520961559531824,6.419444397708393,0.0021552627612207737,1500.0,1550.0,max_daily_average_grid_connection_ratio,0.013560081413649838,"[{'constraint': 'max_daily_average_grid_connection_ratio', 'actual': 1.0135600814136498, 'target': 1.0, 'operator': '<=', 'violation': 0.013560081413649838, 'scaled_violation': 0.013560081413649838}]",maximum scale-free violation at first failed capacity,"[1500.0, 1550.0]","[[0.0, 1500.0]]",False,2000.0,
32,1.2982200008344418,4.308316535320393,0.005093514927813337,1300.0,1350.0,max_daily_average_grid_connection_ratio,0.012915453960404832,"[{'constraint': 'max_daily_average_grid_connection_ratio', 'actual': 1.0129154539604048, 'target': 1.0, 'operator': '<=', 'violation': 0.012915453960404832, 'scaled_violation': 0.012915453960404832}]",maximum scale-free violation at first failed capacity,"[1300.0, 1350.0]","[[0.0, 1300.0]]",False,1900.0,reclaimed_water_substitution_ratio
33,1.172254399812599,6.548526559982124,0.00796115620509617,1400.0,1450.0,max_daily_average_grid_connection_ratio,0.007006012052811261,"[{'constraint': 'max_daily_average_grid_connection_ratio', 'actual': 1.0070060120528113, 'target': 1.0, 'operator': '<=', 'violation': 0.007006012052811261, 'scaled_violation': 0.007006012052811261}]",maximum scale-free violation at first failed capacity,"[1400.0, 1450.0]","[[0.0, 1400.0]]",False,2000.0,
34,1.2243583851963118,4.995778623371492,0.007510661476205051,1350.0,1400.0,max_daily_average_grid_connection_ratio,0.009809330568879115,"[{'constraint': 'max_daily_average_grid_connection_ratio', 'actual': 1.0098093305688791, 'target': 1.0, 'operator': '<=', 'violation': 0.009809330568879115, 'scaled_violation': 0.009809330568879115}]",maximum scale-free violation at first failed capacity,"[1350.0, 1400.0]","[[0.0, 1350.0]]",False,2000.0,
35,1.2186646653350002,4.502735253730625,0.005753904623665226,1400.0,1450.0,max_daily_average_grid_connection_ratio,0.028399388930254732,"[{'constraint': 'max_daily_average_grid_connection_ratio', 'actual': 1.0283993889302547, 'target': 1.0, 'operator': '<=', 'violation': 0.028399388930254732, 'scaled_violation': 0.028399388930254732}]",maximum scale-free violation at first failed capacity,"[1400.0, 1450.0]","[[0.0, 1400.0]]",False,2000.0,
36,1.184354132692652,8.183639784676565,0.006537109409531979,1400.0,1450.0,max_daily_average_grid_connection_ratio,0.006368377426809069,"[{'constraint': 'max_daily_average_grid_connection_ratio', 'actual': 1.006368377426809, 'target': 1.0, 'operator': '<=', 'violation': 0.006368377426809069, 'scaled_violation': 0.006368377426809069}]",maximum scale-free violation at first failed capacity,"[1400.0, 1450.0]","[[0.0, 1400.0]]",False,2000.0,
37,1.3004402700782622,4.337241324245135,0.0014594224172049869,1350.0,1400.0,max_daily_average_grid_connection_ratio,0.026467065456990957,"[{'constraint': 'max_daily_average_grid_connection_ratio', 'actual': 1.026467065456991, 'target': 1.0, 'operator': '<=', 'violation': 0.026467065456990957, 'scaled_violation': 0.026467065456990957}]",maximum scale-free violation at first failed capacity,"[1350.0, 1400.0]","[[0.0, 1350.0]]",False,1850.0,reclaimed_water_substitution_ratio
38,1.242694558484366,3.5975847322883316,0.005707967466487558,1350.0,1400.0,max_local_connection_ratio,0.029121414830328485,"[{'constraint': 'max_local_connection_ratio', 'actual': 1.0291214148303285, 'target': 1.0, 'operator': '<=', 'violation': 0.029121414830328485, 'scaled_violation': 0.029121414830328485}, {'constraint': 'max_daily_average_grid_connection_ratio', 'actual': 1.0113891322712323, 'target': 1.0, 'operator': '<=', 'violation': 0.011389132271232283, 'scaled_violation': 0.011389132271232283}, {'constraint': 'max_wtw_utilization', 'actual': 0.9510162274331453, 'target': 0.95, 'operator': '<=', 'violation': 0.0010162274331453336, 'scaled_violation': 0.0010697130875214039}]",maximum scale-free violation at first failed capacity,"[1350.0, 1400.0]","[[0.0, 1350.0]]",False,1900.0,reclaimed_water_substitution_ratio
39,1.18966241100378,8.48888570961246,0.007989789312788974,1400.0,1450.0,max_daily_average_grid_connection_ratio,0.021303911334100256,"[{'constraint': 'max_daily_average_grid_connection_ratio', 'actual': 1.0213039113341003, 'target': 1.0, 'operator': '<=', 'violation': 0.021303911334100256, 'scaled_violation': 0.021303911334100256}]",maximum scale-free violation at first failed capacity,"[1400.0, 1450.0]","[[0.0, 1400.0]]",False,2000.0,
40,1.2912444692971374,5.472215831700627,0.005391908480636776,1300.0,1350.0,max_daily_average_grid_connection_ratio,0.009694274304018258,"[{'constraint': 'max_daily_average_grid_connection_ratio', 'actual': 1.0096942743040183, 'target': 1.0, 'operator': '<=', 'violation': 0.009694274304018258, 'scaled_violation': 0.009694274304018258}]",maximum scale-free violation at first failed capacity,"[1300.0, 1350.0]","[[0.0, 1300.0]]",False,2000.0,
41,1.3031683989235419,5.411384141508466,0.00650790565544615,1300.0,1350.0,max_daily_average_grid_connection_ratio,0.0262886948379637,"[{'constraint': 'max_daily_average_grid_connection_ratio', 'actual': 1.0262886948379637, 'target': 1.0, 'operator': '<=', 'violation': 0.0262886948379637, 'scaled_violation': 0.0262886948379637}]",maximum scale-free violation at first failed capacity,"[1300.0, 1350.0]","[[0.0, 1300.0]]",False,2000.0,
42,1.1273994922493586,7.009944986783361,0.0007180510477645748,1550.0,1600.0,max_daily_average_grid_connection_ratio,0.01258590246690039,"[{'constraint': 'max_daily_average_grid_connection_ratio', 'actual': 1.0125859024669004, 'target': 1.0, 'operator': '<=', 'violation': 0.01258590246690039, 'scaled_violation': 0.01258590246690039}]",maximum scale-free violation at first failed capacity,"[1550.0, 1600.0]","[[0.0, 1550.0]]",False,2000.0,
43,1.2791821219960815,4.618675606692059,0.0067427285034027725,1300.0,1350.0,max_daily_average_grid_connection_ratio,0.009816770489939897,"[{'constraint': 'max_daily_average_grid_connection_ratio', 'actual': 1.00981677048994, 'target': 1.0, 'operator': '<=', 'violation': 0.009816770489939897, 'scaled_violation': 0.009816770489939897}]",maximum scale-free violation at first failed capacity,"[1300.0, 1350.0]","[[0.0, 1300.0]]",False,1950.0,reclaimed_water_substitution_ratio
44,1.121312596993929,6.087558923751896,0.00514682639762281,1500.0,1550.0,max_daily_average_grid_connection_ratio,0.010350615227034732,"[{'constraint': 'max_daily_average_grid_connection_ratio', 'actual': 1.0103506152270347, 'target': 1.0, 'operator': '<=', 'violation': 0.010350615227034732, 'scaled_violation': 0.010350615227034732}]",maximum scale-free violation at first failed capacity,"[1500.0, 1550.0]","[[0.0, 1500.0]]",False,2000.0,
45,1.2045947188663924,8.268521403459237,0.007574160725542315,1400.0,1450.0,max_daily_average_grid_connection_ratio,0.030344421263140076,"[{'constraint': 'max_daily_average_grid_connection_ratio', 'actual': 1.03034442126314, 'target': 1.0, 'operator': '<=', 'violation': 0.030344421263140076, 'scaled_violation': 0.030344421263140076}]",maximum scale-free violation at first failed capacity,"[1400.0, 1450.0]","[[0.0, 1400.0]]",False,2000.0,
46,1.2242132816905316,8.327760935961628,0.0009868145215832327,1450.0,1500.0,max_daily_average_grid_connection_ratio,0.032388117544412065,"[{'constraint': 'max_daily_average_grid_connection_ratio', 'actual': 1.032388117544412, 'target': 1.0, 'operator': '<=', 'violation': 0.032388117544412065, 'scaled_violation': 0.032388117544412065}]",maximum scale-free violation at first failed capacity,"[1450.0, 1500.0]","[[0.0, 1450.0]]",False,2000.0,
47,1.3134031977392229,3.7248183750677715,0.005573578015374746,1300.0,1350.0,max_local_connection_ratio,0.0330823590710998,"[{'constraint': 'max_local_connection_ratio', 'actual': 1.0330823590710998, 'target': 1.0, 'operator': '<=', 'violation': 0.0330823590710998, 'scaled_violation': 0.0330823590710998}, {'constraint': 'max_daily_average_grid_connection_ratio', 'actual': 1.027629236477922, 'target': 1.0, 'operator': '<=', 'violation': 0.027629236477922037, 'scaled_violation': 0.027629236477922037}, {'constraint': 'max_wtw_utilization', 'actual': 0.9521011643498051, 'target': 0.95, 'operator': '<=', 'violation': 0.002101164349805118, 'scaled_violation': 0.0022117519471632823}]",maximum scale-free violation at first failed capacity,"[1300.0, 1350.0]","[[0.0, 1300.0]]",False,1800.0,reclaimed_water_substitution_ratio
48,1.2015036458283501,5.514634243026196,0.0077431067888533624,1400.0,1450.0,max_daily_average_grid_connection_ratio,0.02908021511131742,"[{'constraint': 'max_daily_average_grid_connection_ratio', 'actual': 1.0290802151113174, 'target': 1.0, 'operator': '<=', 'violation': 0.02908021511131742, 'scaled_violation': 0.02908021511131742}]",maximum scale-free violation at first failed capacity,"[1400.0, 1450.0]","[[0.0, 1400.0]]",False,2000.0,
49,1.233780563030649,6.756044645652141,0.006474235064813054,1350.0,1400.0,max_daily_average_grid_connection_ratio,0.009842554201064502,"[{'constraint': 'max_daily_average_grid_connection_ratio', 'actual': 1.0098425542010645, 'target': 1.0, 'operator': '<=', 'violation': 0.009842554201064502, 'scaled_violation': 0.009842554201064502}]",maximum scale-free violation at first failed capacity,"[1350.0, 1400.0]","[[0.0, 1350.0]]",False,2000.0,
50,1.2874250880161822,5.4085535896654235,0.0022344993885579385,1350.0,1400.0,max_daily_average_grid_connection_ratio,0.021778170769495286,"[{'constraint': 'max_daily_average_grid_connection_ratio', 'actual': 1.0217781707694953, 'target': 1.0, 'operator': '<=', 'violation': 0.021778170769495286, 'scaled_violation': 0.021778170769495286}]",maximum scale-free violation at first failed capacity,"[1350.0, 1400.0]","[[0.0, 1350.0]]",False,1950.0,reclaimed_water_substitution_ratio
51,1.3398269031326655,7.109496243358267,0.006188691032128615,1250.0,1300.0,max_daily_average_grid_connection_ratio,0.012780332285067919,"[{'constraint': 'max_daily_average_grid_connection_ratio', 'actual': 1.012780332285068, 'target': 1.0, 'operator': '<=', 'violation': 0.012780332285067919, 'scaled_violation': 0.012780332285067919}]",maximum scale-free violation at first failed capacity,"[1250.0, 1300.0]","[[0.0, 1250.0]]",False,1950.0,reclaimed_water_substitution_ratio
52,1.2058588204642147,4.645666520317482,0.004476337648814072,1400.0,1450.0,max_daily_average_grid_connection_ratio,0.008678669806140737,"[{'constraint': 'max_daily_average_grid_connection_ratio', 'actual': 1.0086786698061407, 'target': 1.0, 'operator': '<=', 'violation': 0.008678669806140737, 'scaled_violation': 0.008678669806140737}]",maximum scale-free violation at first failed capacity,"[1400.0, 1450.0]","[[0.0, 1400.0]]",False,2000.0,
53,1.35515753809134,3.983143608964821,0.004046544945680219,1250.0,1300.0,max_daily_average_grid_connection_ratio,0.009837561302446618,"[{'constraint': 'max_daily_average_grid_connection_ratio', 'actual': 1.0098375613024466, 'target': 1.0, 'operator': '<=', 'violation': 0.009837561302446618, 'scaled_violation': 0.009837561302446618}]",maximum scale-free violation at first failed capacity,"[1250.0, 1300.0]","[[0.0, 1250.0]]",False,1750.0,reclaimed_water_substitution_ratio
54,1.2684924481386597,8.439193749818044,0.0041864570637566495,1350.0,1400.0,max_daily_average_grid_connection_ratio,0.020787823401144045,"[{'constraint': 'max_daily_average_grid_connection_ratio', 'actual': 1.020787823401144, 'target': 1.0, 'operator': '<=', 'violation': 0.020787823401144045, 'scaled_violation': 0.020787823401144045}]",maximum scale-free violation at first failed capacity,"[1350.0, 1400.0]","[[0.0, 1350.0]]",False,2000.0,
55,1.27139888670093,3.804125114535771,0.006382848875625348,1300.0,1350.0,max_daily_average_grid_connection_ratio,0.001498241337212658,"[{'constraint': 'max_daily_average_grid_connection_ratio', 'actual': 1.0014982413372127, 'target': 1.0, 'operator': '<=', 'violation': 0.001498241337212658, 'scaled_violation': 0.001498241337212658}]",maximum scale-free violation at first failed capacity,"[1300.0, 1350.0]","[[0.0, 1300.0]]",False,1900.0,reclaimed_water_substitution_ratio
56,1.3203307928397754,4.753812899495892,0.006932670105924115,1250.0,1300.0,max_daily_average_grid_connection_ratio,0.003519767510183014,"[{'constraint': 'max_daily_average_grid_connection_ratio', 'actual': 1.003519767510183, 'target': 1.0, 'operator': '<=', 'violation': 0.003519767510183014, 'scaled_violation': 0.003519767510183014}]",maximum scale-free violation at first failed capacity,"[1250.0, 1300.0]","[[0.0, 1250.0]]",False,1900.0,reclaimed_water_substitution_ratio
57,1.3052949140322987,7.52294530009255,0.0069823273213759415,1300.0,1350.0,max_daily_average_grid_connection_ratio,0.03112605993555495,"[{'constraint': 'max_daily_average_grid_connection_ratio', 'actual': 1.031126059935555, 'target': 1.0, 'operator': '<=', 'violation': 0.03112605993555495, 'scaled_violation': 0.03112605993555495}]",maximum scale-free violation at first failed capacity,"[1300.0, 1350.0]","[[0.0, 1300.0]]",False,2000.0,
58,1.299102045186029,8.046412766758284,0.004869123416373432,1300.0,1350.0,max_daily_average_grid_connection_ratio,0.012049932368279004,"[{'constraint': 'max_daily_average_grid_connection_ratio', 'actual': 1.012049932368279, 'target': 1.0, 'operator': '<=', 'violation': 0.012049932368279004, 'scaled_violation': 0.012049932368279004}]",maximum scale-free violation at first failed capacity,"[1300.0, 1350.0]","[[0.0, 1300.0]]",False,1950.0,reclaimed_water_substitution_ratio
59,1.2175432430238777,5.660031693665331,0.0036671104141304278,1400.0,1450.0,max_daily_average_grid_connection_ratio,0.012207930121585608,"[{'constraint': 'max_daily_average_grid_connection_ratio', 'actual': 1.0122079301215856, 'target': 1.0, 'operator': '<=', 'violation': 0.012207930121585608, 'scaled_violation': 0.012207930121585608}]",maximum scale-free violation at first failed capacity,"[1400.0, 1450.0]","[[0.0, 1400.0]]",False,2000.0,
60,1.3033393491966057,7.675893741908033,0.0040618630810511595,1300.0,1350.0,max_daily_average_grid_connection_ratio,0.009737952811167627,"[{'constraint': 'max_daily_average_grid_connection_ratio', 'actual': 1.0097379528111676, 'target': 1.0, 'operator': '<=', 'violation': 0.009737952811167627, 'scaled_violation': 0.009737952811167627}]",maximum scale-free violation at first failed capacity,"[1300.0, 1350.0]","[[0.0, 1300.0]]",False,1950.0,reclaimed_water_substitution_ratio
61,1.128842289987105,8.41587246298463,0.003946550830295728,1500.0,1550.0,max_daily_average_grid_connection_ratio,0.007467386957441757,"[{'constraint': 'max_daily_average_grid_connection_ratio', 'actual': 1.0074673869574418, 'target': 1.0, 'operator': '<=', 'violation': 0.007467386957441757, 'scaled_violation': 0.007467386957441757}]",maximum scale-free violation at first failed capacity,"[1500.0, 1550.0]","[[0.0, 1500.0]]",False,2000.0,
62,1.3449865798753922,5.99018833070121,0.002835660938559944,1300.0,1350.0,max_daily_average_grid_connection_ratio,0.032756843130585134,"[{'constraint': 'max_daily_average_grid_connection_ratio', 'actual': 1.0327568431305851, 'target': 1.0, 'operator': '<=', 'violation': 0.032756843130585134, 'scaled_violation': 0.032756843130585134}]",maximum scale-free violation at first failed capacity,"[1300.0, 1350.0]","[[0.0, 1300.0]]",False,1850.0,reclaimed_water_substitution_ratio
63,1.1959424346365148,5.044748610775882,0.00505347977059031,1400.0,1450.0,max_daily_average_grid_connection_ratio,0.004880454172453419,"[{'constraint': 'max_daily_average_grid_connection_ratio', 'actual': 1.0048804541724534, 'target': 1.0, 'operator': '<=', 'violation': 0.004880454172453419, 'scaled_violation': 0.004880454172453419}]",maximum scale-free violation at first failed capacity,"[1400.0, 1450.0]","[[0.0, 1400.0]]",False,2000.0,
64,1.1573383905835937,5.838110374882451,0.003352496445068242,1500.0,1550.0,max_daily_average_grid_connection_ratio,0.027468573855811362,"[{'constraint': 'max_daily_average_grid_connection_ratio', 'actual': 1.0274685738558114, 'target': 1.0, 'operator': '<=', 'violation': 0.027468573855811362, 'scaled_violation': 0.027468573855811362}]",maximum scale-free violation at first failed capacity,"[1500.0, 1550.0]","[[0.0, 1500.0]]",False,2000.0,
65,1.3339557788240342,8.621080686945,0.006084449697428612,1250.0,1300.0,max_daily_average_grid_connection_ratio,0.007835906719200869,"[{'constraint': 'max_daily_average_grid_connection_ratio', 'actual': 1.0078359067192009, 'target': 1.0, 'operator': '<=', 'violation': 0.007835906719200869, 'scaled_violation': 0.007835906719200869}]",maximum scale-free violation at first failed capacity,"[1250.0, 1300.0]","[[0.0, 1250.0]]",False,1950.0,reclaimed_water_substitution_ratio
66,1.1822305150485293,3.690429701850751,0.0013871038361903507,1450.0,1500.0,max_local_connection_ratio,0.008772259072919342,"[{'constraint': 'max_local_connection_ratio', 'actual': 1.0087722590729193, 'target': 1.0, 'operator': '<=', 'violation': 0.008772259072919342, 'scaled_violation': 0.008772259072919342}, {'constraint': 'max_daily_average_grid_connection_ratio', 'actual': 1.0002730013501389, 'target': 1.0, 'operator': '<=', 'violation': 0.0002730013501388573, 'scaled_violation': 0.0002730013501388573}]",maximum scale-free violation at first failed capacity,"[1450.0, 1500.0]","[[0.0, 1450.0]]",False,1950.0,reclaimed_water_substitution_ratio
67,1.2987275257728605,8.045001979524207,0.0009514401951024028,1350.0,1400.0,max_daily_average_grid_connection_ratio,0.021536528549286116,"[{'constraint': 'max_daily_average_grid_connection_ratio', 'actual': 1.0215365285492861, 'target': 1.0, 'operator': '<=', 'violation': 0.021536528549286116, 'scaled_violation': 0.021536528549286116}]",maximum scale-free violation at first failed capacity,"[1350.0, 1400.0]","[[0.0, 1350.0]]",False,1900.0,reclaimed_water_substitution_ratio
68,1.3435324805334814,4.4729259464453985,0.0006762021040570638,1300.0,1350.0,max_daily_average_grid_connection_ratio,0.016935871522720136,"[{'constraint': 'max_daily_average_grid_connection_ratio', 'actual': 1.0169358715227201, 'target': 1.0, 'operator': '<=', 'violation': 0.016935871522720136, 'scaled_violation': 0.016935871522720136}]",maximum scale-free violation at first failed capacity,"[1300.0, 1350.0]","[[0.0, 1300.0]]",False,1800.0,reclaimed_water_substitution_ratio
69,1.140470549573687,5.128166048885205,0.0019218326296955848,1500.0,1550.0,max_daily_average_grid_connection_ratio,0.0016751170657069991,"[{'constraint': 'max_daily_average_grid_connection_ratio', 'actual': 1.001675117065707, 'target': 1.0, 'operator': '<=', 'violation': 0.0016751170657069991, 'scaled_violation': 0.0016751170657069991}]",maximum scale-free violation at first failed capacity,"[1500.0, 1550.0]","[[0.0, 1500.0]]",False,2000.0,
70,1.2020054509790876,7.292737232679526,0.007696211188946969,1400.0,1450.0,max_daily_average_grid_connection_ratio,0.029142854392321116,"[{'constraint': 'max_daily_average_grid_connection_ratio', 'actual': 1.0291428543923211, 'target': 1.0, 'operator': '<=', 'violation': 0.029142854392321116, 'scaled_violation': 0.029142854392321116}]",maximum scale-free violation at first failed capacity,"[1400.0, 1450.0]","[[0.0, 1400.0]]",False,2000.0,
71,1.2610411457680735,7.765777781833891,0.006595046650720507,1350.0,1400.0,max_daily_average_grid_connection_ratio,0.03199793516743421,"[{'constraint': 'max_daily_average_grid_connection_ratio', 'actual': 1.0319979351674342, 'target': 1.0, 'operator': '<=', 'violation': 0.03199793516743421, 'scaled_violation': 0.03199793516743421}]",maximum scale-free violation at first failed capacity,"[1350.0, 1400.0]","[[0.0, 1350.0]]",False,2000.0,
72,1.200015140213914,6.044909494109765,0.006978856836165552,1400.0,1450.0,max_daily_average_grid_connection_ratio,0.02227813079594476,"[{'constraint': 'max_daily_average_grid_connection_ratio', 'actual': 1.0222781307959448, 'target': 1.0, 'operator': '<=', 'violation': 0.02227813079594476, 'scaled_violation': 0.02227813079594476}]",maximum scale-free violation at first failed capacity,"[1400.0, 1450.0]","[[0.0, 1400.0]]",False,2000.0,
73,1.3104484630065316,5.929786844036387,0.002217385144647901,1300.0,1350.0,max_daily_average_grid_connection_ratio,0.0025170439032045078,"[{'constraint': 'max_daily_average_grid_connection_ratio', 'actual': 1.0025170439032045, 'target': 1.0, 'operator': '<=', 'violation': 0.0025170439032045078, 'scaled_violation': 0.0025170439032045078}]",maximum scale-free violation at first failed capacity,"[1300.0, 1350.0]","[[0.0, 1300.0]]",False,1900.0,reclaimed_water_substitution_ratio
74,1.2324123993942586,7.708747469894154,0.00568036710161976,1350.0,1400.0,max_daily_average_grid_connection_ratio,0.003159612911896481,"[{'constraint': 'max_daily_average_grid_connection_ratio', 'actual': 1.0031596129118965, 'target': 1.0, 'operator': '<=', 'violation': 0.003159612911896481, 'scaled_violation': 0.003159612911896481}]",maximum scale-free violation at first failed capacity,"[1350.0, 1400.0]","[[0.0, 1350.0]]",False,2000.0,
75,1.3079154859023483,4.246779477175305,0.0032474842421467524,1300.0,1350.0,max_daily_average_grid_connection_ratio,0.007632735879994579,"[{'constraint': 'max_daily_average_grid_connection_ratio', 'actual': 1.0076327358799946, 'target': 1.0, 'operator': '<=', 'violation': 0.007632735879994579, 'scaled_violation': 0.007632735879994579}]",maximum scale-free violation at first failed capacity,"[1300.0, 1350.0]","[[0.0, 1300.0]]",False,1850.0,reclaimed_water_substitution_ratio
76,1.2782103127746327,7.580386531731496,0.0016575622890905371,1350.0,1400.0,max_daily_average_grid_connection_ratio,0.010498029098304551,"[{'constraint': 'max_daily_average_grid_connection_ratio', 'actual': 1.0104980290983046, 'target': 1.0, 'operator': '<=', 'violation': 0.010498029098304551, 'scaled_violation': 0.010498029098304551}]",maximum scale-free violation at first failed capacity,"[1350.0, 1400.0]","[[0.0, 1350.0]]",False,1950.0,reclaimed_water_substitution_ratio
77,1.3583870364103305,4.378626646353787,0.005372435682699815,1250.0,1300.0,max_daily_average_grid_connection_ratio,0.020887179366091635,"[{'constraint': 'max_daily_average_grid_connection_ratio', 'actual': 1.0208871793660916, 'target': 1.0, 'operator': '<=', 'violation': 0.020887179366091635, 'scaled_violation': 0.020887179366091635}]",maximum scale-free violation at first failed capacity,"[1250.0, 1300.0]","[[0.0, 1250.0]]",False,1800.0,reclaimed_water_substitution_ratio
78,1.1536309651385608,6.396262141547655,0.006365339450793244,1450.0,1500.0,max_daily_average_grid_connection_ratio,0.014047856817250626,"[{'constraint': 'max_daily_average_grid_connection_ratio', 'actual': 1.0140478568172506, 'target': 1.0, 'operator': '<=', 'violation': 0.014047856817250626, 'scaled_violation': 0.014047856817250626}]",maximum scale-free violation at first failed capacity,"[1450.0, 1500.0]","[[0.0, 1450.0]]",False,2000.0,
79,1.1302141582434455,5.0197942784185745,0.004955349139158707,1500.0,1550.0,max_daily_average_grid_connection_ratio,0.01655229851978124,"[{'constraint': 'max_daily_average_grid_connection_ratio', 'actual': 1.0165522985197812, 'target': 1.0, 'operator': '<=', 'violation': 0.01655229851978124, 'scaled_violation': 0.01655229851978124}]",maximum scale-free violation at first failed capacity,"[1500.0, 1550.0]","[[0.0, 1500.0]]",False,2000.0,
80,1.2551889247085792,6.893240482883377,0.005775334143098136,1350.0,1400.0,max_daily_average_grid_connection_ratio,0.021628450224357554,"[{'constraint': 'max_daily_average_grid_connection_ratio', 'actual': 1.0216284502243576, 'target': 1.0, 'operator': '<=', 'violation': 0.021628450224357554, 'scaled_violation': 0.021628450224357554}]",maximum scale-free violation at first failed capacity,"[1350.0, 1400.0]","[[0.0, 1350.0]]",False,2000.0,
81,1.3359785262668091,6.52084976252187,0.004486518769648883,1300.0,1350.0,max_daily_average_grid_connection_ratio,0.037226644542638354,"[{'constraint': 'max_daily_average_grid_connection_ratio', 'actual': 1.0372266445426384, 'target': 1.0, 'operator': '<=', 'violation': 0.037226644542638354, 'scaled_violation': 0.037226644542638354}]",maximum scale-free violation at first failed capacity,"[1300.0, 1350.0]","[[0.0, 1300.0]]",False,1900.0,reclaimed_water_substitution_ratio
82,1.3275788466730527,6.46998646563843,0.0009242631859429982,1300.0,1350.0,max_daily_average_grid_connection_ratio,0.006606654510577847,"[{'constraint': 'max_daily_average_grid_connection_ratio', 'actual': 1.0066066545105778, 'target': 1.0, 'operator': '<=', 'violation': 0.006606654510577847, 'scaled_violation': 0.006606654510577847}]",maximum scale-free violation at first failed capacity,"[1300.0, 1350.0]","[[0.0, 1300.0]]",False,1850.0,reclaimed_water_substitution_ratio
83,1.2138826050726361,6.354911094661855,0.0031845506690237548,1400.0,1450.0,max_daily_average_grid_connection_ratio,0.005711082150817504,"[{'constraint': 'max_daily_average_grid_connection_ratio', 'actual': 1.0057110821508175, 'target': 1.0, 'operator': '<=', 'violation': 0.005711082150817504, 'scaled_violation': 0.005711082150817504}]",maximum scale-free violation at first failed capacity,"[1400.0, 1450.0]","[[0.0, 1400.0]]",False,2000.0,
84,1.2309602395374566,8.541215730085085,0.0024916914483246472,1400.0,1450.0,max_daily_average_grid_connection_ratio,0.014457324420634743,"[{'constraint': 'max_daily_average_grid_connection_ratio', 'actual': 1.0144573244206347, 'target': 1.0, 'operator': '<=', 'violation': 0.014457324420634743, 'scaled_violation': 0.014457324420634743}]",maximum scale-free violation at first failed capacity,"[1400.0, 1450.0]","[[0.0, 1400.0]]",False,2000.0,
85,1.2384437193993256,8.452567437177109,0.001153856327875851,1400.0,1450.0,max_daily_average_grid_connection_ratio,0.010715210334069969,"[{'constraint': 'max_daily_average_grid_connection_ratio', 'actual': 1.01071521033407, 'target': 1.0, 'operator': '<=', 'violation': 0.010715210334069969, 'scaled_violation': 0.010715210334069969}]",maximum scale-free violation at first failed capacity,"[1400.0, 1450.0]","[[0.0, 1400.0]]",False,2000.0,
86,1.3172199222531185,4.743205276740839,0.001405528106615332,1300.0,1350.0,max_daily_average_grid_connection_ratio,0.0020831547451209964,"[{'constraint': 'max_daily_average_grid_connection_ratio', 'actual': 1.002083154745121, 'target': 1.0, 'operator': '<=', 'violation': 0.0020831547451209964, 'scaled_violation': 0.0020831547451209964}]",maximum scale-free violation at first failed capacity,"[1300.0, 1350.0]","[[0.0, 1300.0]]",False,1850.0,reclaimed_water_substitution_ratio
87,1.160733112816714,6.370933025958346,0.0044885199487032686,1450.0,1500.0,max_daily_average_grid_connection_ratio,0.0057737516046951765,"[{'constraint': 'max_daily_average_grid_connection_ratio', 'actual': 1.0057737516046952, 'target': 1.0, 'operator': '<=', 'violation': 0.0057737516046951765, 'scaled_violation': 0.0057737516046951765}]",maximum scale-free violation at first failed capacity,"[1450.0, 1500.0]","[[0.0, 1450.0]]",False,2000.0,
88,1.175108278012356,5.505337947298369,0.000519779096318957,1500.0,1550.0,max_daily_average_grid_connection_ratio,0.020663467834522553,"[{'constraint': 'max_daily_average_grid_connection_ratio', 'actual': 1.0206634678345226, 'target': 1.0, 'operator': '<=', 'violation': 0.020663467834522553, 'scaled_violation': 0.020663467834522553}]",maximum scale-free violation at first failed capacity,"[1500.0, 1550.0]","[[0.0, 1500.0]]",False,2000.0,
89,1.2899269817082377,5.4720130035111865,0.003510294486593095,1350.0,1400.0,max_daily_average_grid_connection_ratio,0.032754965116865264,"[{'constraint': 'max_daily_average_grid_connection_ratio', 'actual': 1.0327549651168653, 'target': 1.0, 'operator': '<=', 'violation': 0.032754965116865264, 'scaled_violation': 0.032754965116865264}]",maximum scale-free violation at first failed capacity,"[1350.0, 1400.0]","[[0.0, 1350.0]]",False,1950.0,reclaimed_water_substitution_ratio
90,1.2399765672264405,8.67784882278638,0.006139142175753376,1350.0,1400.0,max_daily_average_grid_connection_ratio,0.012314403370031757,"[{'constraint': 'max_daily_average_grid_connection_ratio', 'actual': 1.0123144033700318, 'target': 1.0, 'operator': '<=', 'violation': 0.012314403370031757, 'scaled_violation': 0.012314403370031757}]",maximum scale-free violation at first failed capacity,"[1350.0, 1400.0]","[[0.0, 1350.0]]",False,2000.0,
91,1.2703750831742917,4.147279471401659,0.006814874732437035,1300.0,1350.0,max_daily_average_grid_connection_ratio,0.00367280758140498,"[{'constraint': 'max_daily_average_grid_connection_ratio', 'actual': 1.003672807581405, 'target': 1.0, 'operator': '<=', 'violation': 0.00367280758140498, 'scaled_violation': 0.00367280758140498}]",maximum scale-free violation at first failed capacity,"[1300.0, 1350.0]","[[0.0, 1300.0]]",False,1950.0,reclaimed_water_substitution_ratio
92,1.3329120312855713,6.387821312075265,0.004433705826114192,1300.0,1350.0,max_daily_average_grid_connection_ratio,0.03455597075908989,"[{'constraint': 'max_daily_average_grid_connection_ratio', 'actual': 1.03455597075909, 'target': 1.0, 'operator': '<=', 'violation': 0.03455597075908989, 'scaled_violation': 0.03455597075908989}]",maximum scale-free violation at first failed capacity,"[1300.0, 1350.0]","[[0.0, 1300.0]]",False,1900.0,reclaimed_water_substitution_ratio
93,1.1242364453747018,3.7086750435525744,0.0012310007400644408,1550.0,1600.0,max_local_connection_ratio,0.020795412686804626,"[{'constraint': 'max_local_connection_ratio', 'actual': 1.0207954126868046, 'target': 1.0, 'operator': '<=', 'violation': 0.020795412686804626, 'scaled_violation': 0.020795412686804626}, {'constraint': 'max_daily_average_grid_connection_ratio', 'actual': 1.013906801210578, 'target': 1.0, 'operator': '<=', 'violation': 0.01390680121057808, 'scaled_violation': 0.01390680121057808}]",maximum scale-free violation at first failed capacity,"[1550.0, 1600.0]","[[0.0, 1550.0]]",False,2000.0,
94,1.197229762434908,5.823724822576866,0.003946239848285394,1450.0,1500.0,max_daily_average_grid_connection_ratio,0.03222007471941524,"[{'constraint': 'max_daily_average_grid_connection_ratio', 'actual': 1.0322200747194152, 'target': 1.0, 'operator': '<=', 'violation': 0.03222007471941524, 'scaled_violation': 0.03222007471941524}]",maximum scale-free violation at first failed capacity,"[1450.0, 1500.0]","[[0.0, 1450.0]]",False,2000.0,
95,1.1742271750848612,4.051079490716671,0.005190897250829255,1450.0,1500.0,max_daily_average_grid_connection_ratio,0.022392654545513757,"[{'constraint': 'max_daily_average_grid_connection_ratio', 'actual': 1.0223926545455138, 'target': 1.0, 'operator': '<=', 'violation': 0.022392654545513757, 'scaled_violation': 0.022392654545513757}, {'constraint': 'max_local_connection_ratio', 'actual': 1.000529154322185, 'target': 1.0, 'operator': '<=', 'violation': 0.0005291543221850326, 'scaled_violation': 0.0005291543221850326}]",maximum scale-free violation at first failed capacity,"[1450.0, 1500.0]","[[0.0, 1450.0]]",False,2000.0,
96,1.196714669579999,5.513396419155649,0.0048236929184648555,1400.0,1450.0,max_daily_average_grid_connection_ratio,0.0038224358079914644,"[{'constraint': 'max_daily_average_grid_connection_ratio', 'actual': 1.0038224358079915, 'target': 1.0, 'operator': '<=', 'violation': 0.0038224358079914644, 'scaled_violation': 0.0038224358079914644}]",maximum scale-free violation at first failed capacity,"[1400.0, 1450.0]","[[0.0, 1400.0]]",False,2000.0,
97,1.1748823091207528,7.90497341201732,0.006723527582037436,1400.0,1450.0,max_daily_average_grid_connection_ratio,6.823996276028588e-05,"[{'constraint': 'max_daily_average_grid_connection_ratio', 'actual': 1.0000682399627603, 'target': 1.0, 'operator': '<=', 'violation': 6.823996276028588e-05, 'scaled_violation': 6.823996276028588e-05}]",maximum scale-free violation at first failed capacity,"[1400.0, 1450.0]","[[0.0, 1400.0]]",False,2000.0,
98,1.2686924957678882,8.459973956241843,0.0005061481603694358,1400.0,1450.0,max_daily_average_grid_connection_ratio,0.030451460978366818,"[{'constraint': 'max_daily_average_grid_connection_ratio', 'actual': 1.0304514609783668, 'target': 1.0, 'operator': '<=', 'violation': 0.030451460978366818, 'scaled_violation': 0.030451460978366818}]",maximum scale-free violation at first failed capacity,"[1400.0, 1450.0]","[[0.0, 1400.0]]",False,1950.0,reclaimed_water_substitution_ratio
99,1.1550143327826354,5.281645885908073,0.004902372172202133,1450.0,1500.0,max_daily_average_grid_connection_ratio,0.004121606547859535,"[{'constraint': 'max_daily_average_grid_connection_ratio', 'actual': 1.0041216065478595, 'target': 1.0, 'operator': '<=', 'violation': 0.004121606547859535, 'scaled_violation': 0.004121606547859535}]",maximum scale-free violation at first failed capacity,"[1450.0, 1500.0]","[[0.0, 1450.0]]",False,2000.0,
100,1.169198143526001,6.033461460318842,0.006937296358555341,1450.0,1500.0,max_daily_average_grid_connection_ratio,0.03141422158798024,"[{'constraint': 'max_daily_average_grid_connection_ratio', 'actual': 1.0314142215879802, 'target': 1.0, 'operator': '<=', 'violation': 0.03141422158798024, 'scaled_violation': 0.03141422158798024}]",maximum scale-free violation at first failed capacity,"[1450.0, 1500.0]","[[0.0, 1450.0]]",False,2000.0,
101,1.2767745896839433,4.667349474972695,0.00760485010950354,1300.0,1350.0,max_daily_average_grid_connection_ratio,0.013881545102661486,"[{'constraint': 'max_daily_average_grid_connection_ratio', 'actual': 1.0138815451026615, 'target': 1.0, 'operator': '<=', 'violation': 0.013881545102661486, 'scaled_violation': 0.013881545102661486}]",maximum scale-free violation at first failed capacity,"[1300.0, 1350.0]","[[0.0, 1300.0]]",False,2000.0,
102,1.2256915048597432,4.180996403222428,0.0023096807814112115,1400.0,1450.0,max_daily_average_grid_connection_ratio,0.00886030739593524,"[{'constraint': 'max_daily_average_grid_connection_ratio', 'actual': 1.0088603073959352, 'target': 1.0, 'operator': '<=', 'violation': 0.00886030739593524, 'scaled_violation': 0.00886030739593524}]",maximum scale-free violation at first failed capacity,"[1400.0, 1450.0]","[[0.0, 1400.0]]",False,1950.0,reclaimed_water_substitution_ratio
103,1.281708133887523,5.170943314545386,0.005267871277090049,1300.0,1350.0,max_daily_average_grid_connection_ratio,0.001663027352819979,"[{'constraint': 'max_daily_average_grid_connection_ratio', 'actual': 1.00166302735282, 'target': 1.0, 'operator': '<=', 'violation': 0.001663027352819979, 'scaled_violation': 0.001663027352819979}]",maximum scale-free violation at first failed capacity,"[1300.0, 1350.0]","[[0.0, 1300.0]]",False,2000.0,
104,1.1429501038559093,7.749605389548142,0.005414225439417495,1500.0,1550.0,max_daily_average_grid_connection_ratio,0.03116289134151695,"[{'constraint': 'max_daily_average_grid_connection_ratio', 'actual': 1.031162891341517, 'target': 1.0, 'operator': '<=', 'violation': 0.03116289134151695, 'scaled_violation': 0.03116289134151695}]",maximum scale-free violation at first failed capacity,"[1500.0, 1550.0]","[[0.0, 1500.0]]",False,2000.0,
105,1.135297327725408,5.806735798950818,0.0044003728344750555,1500.0,1550.0,max_daily_average_grid_connection_ratio,0.016604753332157607,"[{'constraint': 'max_daily_average_grid_connection_ratio', 'actual': 1.0166047533321576, 'target': 1.0, 'operator': '<=', 'violation': 0.016604753332157607, 'scaled_violation': 0.016604753332157607}]",maximum scale-free violation at first failed capacity,"[1500.0, 1550.0]","[[0.0, 1500.0]]",False,2000.0,
106,1.2683714117804128,6.185442782458198,0.0032205322436178797,1350.0,1400.0,max_daily_average_grid_connection_ratio,0.013862662186725494,"[{'constraint': 'max_daily_average_grid_connection_ratio', 'actual': 1.0138626621867255, 'target': 1.0, 'operator': '<=', 'violation': 0.013862662186725494, 'scaled_violation': 0.013862662186725494}]",maximum scale-free violation at first failed capacity,"[1350.0, 1400.0]","[[0.0, 1350.0]]",False,2000.0,
107,1.356082805419195,3.6301834324868754,0.0025471399800336587,1250.0,1300.0,max_local_connection_ratio,0.014960065343597284,"[{'constraint': 'max_local_connection_ratio', 'actual': 1.0149600653435973, 'target': 1.0, 'operator': '<=', 'violation': 0.014960065343597284, 'scaled_violation': 0.014960065343597284}, {'constraint': 'max_daily_average_grid_connection_ratio', 'actual': 1.000663159858329, 'target': 1.0, 'operator': '<=', 'violation': 0.0006631598583290987, 'scaled_violation': 0.0006631598583290987}]",maximum scale-free violation at first failed capacity,"[1250.0, 1300.0]","[[0.0, 1250.0]]",False,1700.0,reclaimed_water_substitution_ratio
108,1.3153382027184892,7.161934814099278,0.004707963304948548,1300.0,1350.0,max_daily_average_grid_connection_ratio,0.023184602512991592,"[{'constraint': 'max_daily_average_grid_connection_ratio', 'actual': 1.0231846025129916, 'target': 1.0, 'operator': '<=', 'violation': 0.023184602512991592, 'scaled_violation': 0.023184602512991592}]",maximum scale-free violation at first failed capacity,"[1300.0, 1350.0]","[[0.0, 1300.0]]",False,1950.0,reclaimed_water_substitution_ratio
109,1.1231332778712186,7.506814724697668,0.0015871536341909602,1550.0,1600.0,max_daily_average_grid_connection_ratio,0.01580000393366765,"[{'constraint': 'max_daily_average_grid_connection_ratio', 'actual': 1.0158000039336677, 'target': 1.0, 'operator': '<=', 'violation': 0.01580000393366765, 'scaled_violation': 0.01580000393366765}]",maximum scale-free violation at first failed capacity,"[1550.0, 1600.0]","[[0.0, 1550.0]]",False,2000.0,
110,1.2336064746165014,8.464248776463819,0.0020662004417545347,1400.0,1450.0,max_daily_average_grid_connection_ratio,0.013482564161693578,"[{'constraint': 'max_daily_average_grid_connection_ratio', 'actual': 1.0134825641616936, 'target': 1.0, 'operator': '<=', 'violation': 0.013482564161693578, 'scaled_violation': 0.013482564161693578}]",maximum scale-free violation at first failed capacity,"[1400.0, 1450.0]","[[0.0, 1400.0]]",False,2000.0,
111,1.200761401412184,8.197139522997912,0.007452094638878196,1400.0,1450.0,max_daily_average_grid_connection_ratio,0.0263481182079206,"[{'constraint': 'max_daily_average_grid_connection_ratio', 'actual': 1.0263481182079206, 'target': 1.0, 'operator': '<=', 'violation': 0.0263481182079206, 'scaled_violation': 0.0263481182079206}]",maximum scale-free violation at first failed capacity,"[1400.0, 1450.0]","[[0.0, 1400.0]]",False,2000.0,
112,1.3009831868395156,4.014453069875648,0.006138307518905605,1300.0,1350.0,max_daily_average_grid_connection_ratio,0.022121893761410494,"[{'constraint': 'max_daily_average_grid_connection_ratio', 'actual': 1.0221218937614105, 'target': 1.0, 'operator': '<=', 'violation': 0.022121893761410494, 'scaled_violation': 0.022121893761410494}, {'constraint': 'max_local_connection_ratio', 'actual': 1.0030325793220856, 'target': 1.0, 'operator': '<=', 'violation': 0.00303257932208556, 'scaled_violation': 0.00303257932208556}]",maximum scale-free violation at first failed capacity,"[1300.0, 1350.0]","[[0.0, 1300.0]]",False,1900.0,reclaimed_water_substitution_ratio
113,1.1401941782888296,5.446014596817335,0.00269745593204741,1500.0,1550.0,max_daily_average_grid_connection_ratio,0.007508548276365046,"[{'constraint': 'max_daily_average_grid_connection_ratio', 'actual': 1.007508548276365, 'target': 1.0, 'operator': '<=', 'violation': 0.007508548276365046, 'scaled_violation': 0.007508548276365046}]",maximum scale-free violation at first failed capacity,"[1500.0, 1550.0]","[[0.0, 1500.0]]",False,2000.0,
114,1.2768506754880438,8.17751245032926,0.004842912261373823,1350.0,1400.0,max_daily_average_grid_connection_ratio,0.03196098612399445,"[{'constraint': 'max_daily_average_grid_connection_ratio', 'actual': 1.0319609861239945, 'target': 1.0, 'operator': '<=', 'violation': 0.03196098612399445, 'scaled_violation': 0.03196098612399445}]",maximum scale-free violation at first failed capacity,"[1350.0, 1400.0]","[[0.0, 1350.0]]",False,2000.0,
115,1.1255822416424235,4.465619390238414,0.001776260800473245,1550.0,1600.0,max_daily_average_grid_connection_ratio,0.019515281983520483,"[{'constraint': 'max_daily_average_grid_connection_ratio', 'actual': 1.0195152819835205, 'target': 1.0, 'operator': '<=', 'violation': 0.019515281983520483, 'scaled_violation': 0.019515281983520483}]",maximum scale-free violation at first failed capacity,"[1550.0, 1600.0]","[[0.0, 1550.0]]",False,2000.0,
116,1.1219282513702962,3.5121565829107384,0.005079566741372327,1450.0,1500.0,max_local_connection_ratio,0.003613100886201037,"[{'constraint': 'max_local_connection_ratio', 'actual': 1.003613100886201, 'target': 1.0, 'operator': '<=', 'violation': 0.003613100886201037, 'scaled_violation': 0.003613100886201037}]",maximum scale-free violation at first failed capacity,"[1450.0, 1500.0]","[[0.0, 1450.0]]",False,2000.0,
117,1.2770762858574507,6.773793429551421,0.005235773786398943,1350.0,1400.0,max_daily_average_grid_connection_ratio,0.034915414713894366,"[{'constraint': 'max_daily_average_grid_connection_ratio', 'actual': 1.0349154147138944, 'target': 1.0, 'operator': '<=', 'violation': 0.034915414713894366, 'scaled_violation': 0.034915414713894366}]",maximum scale-free violation at first failed capacity,"[1350.0, 1400.0]","[[0.0, 1350.0]]",False,2000.0,
118,1.3110630039621667,8.204800401132061,0.004449076704511921,1300.0,1350.0,max_daily_average_grid_connection_ratio,0.01819797957901992,"[{'constraint': 'max_daily_average_grid_connection_ratio', 'actual': 1.01819797957902, 'target': 1.0, 'operator': '<=', 'violation': 0.01819797957901992, 'scaled_violation': 0.01819797957901992}]",maximum scale-free violation at first failed capacity,"[1300.0, 1350.0]","[[0.0, 1300.0]]",False,1950.0,reclaimed_water_substitution_ratio
119,1.1636861370500915,8.956493598835639,0.004441401909461235,1450.0,1500.0,max_daily_average_grid_connection_ratio,0.007889026129675347,"[{'constraint': 'max_daily_average_grid_connection_ratio', 'actual': 1.0078890261296753, 'target': 1.0, 'operator': '<=', 'violation': 0.007889026129675347, 'scaled_violation': 0.007889026129675347}]",maximum scale-free violation at first failed capacity,"[1450.0, 1500.0]","[[0.0, 1450.0]]",False,2000.0,
120,1.3008872900045945,8.358470962974089,0.0018682876154866696,1350.0,1400.0,max_daily_average_grid_connection_ratio,0.029707671287493298,"[{'constraint': 'max_daily_average_grid_connection_ratio', 'actual': 1.0297076712874933, 'target': 1.0, 'operator': '<=', 'violation': 0.029707671287493298, 'scaled_violation': 0.029707671287493298}]",maximum scale-free violation at first failed capacity,"[1350.0, 1400.0]","[[0.0, 1350.0]]",False,1900.0,reclaimed_water_substitution_ratio
121,1.264902841363055,5.6674750374906875,0.007867038830545632,1300.0,1350.0,max_daily_average_grid_connection_ratio,0.006724283493492411,"[{'constraint': 'max_daily_average_grid_connection_ratio', 'actual': 1.0067242834934924, 'target': 1.0, 'operator': '<=', 'violation': 0.006724283493492411, 'scaled_violation': 0.006724283493492411}]",maximum scale-free violation at first failed capacity,"[1300.0, 1350.0]","[[0.0, 1300.0]]",False,2000.0,
122,1.3116806168938668,3.1555856383238696,0.0010522248286955992,1250.0,1300.0,max_local_connection_ratio,0.026904300651548807,"[{'constraint': 'max_local_connection_ratio', 'actual': 1.0269043006515488, 'target': 1.0, 'operator': '<=', 'violation': 0.026904300651548807, 'scaled_violation': 0.026904300651548807}]",maximum scale-free violation at first failed capacity,"[1250.0, 1300.0]","[[0.0, 1250.0]]",False,1700.0,reclaimed_water_substitution_ratio
123,1.3501418693582046,8.661365798774758,0.0006111760287638838,1300.0,1350.0,max_daily_average_grid_connection_ratio,0.021472501397104438,"[{'constraint': 'max_daily_average_grid_connection_ratio', 'actual': 1.0214725013971044, 'target': 1.0, 'operator': '<=', 'violation': 0.021472501397104438, 'scaled_violation': 0.021472501397104438}]",maximum scale-free violation at first failed capacity,"[1300.0, 1350.0]","[[0.0, 1300.0]]",False,1850.0,reclaimed_water_substitution_ratio
124,1.1715030113489233,8.617784706449928,0.006369841654242651,1450.0,1500.0,max_daily_average_grid_connection_ratio,0.029044445569352817,"[{'constraint': 'max_daily_average_grid_connection_ratio', 'actual': 1.0290444455693528, 'target': 1.0, 'operator': '<=', 'violation': 0.029044445569352817, 'scaled_violation': 0.029044445569352817}]",maximum scale-free violation at first failed capacity,"[1450.0, 1500.0]","[[0.0, 1450.0]]",False,2000.0,
125,1.3355067930540325,8.063291004863792,0.001860603356109745,1300.0,1350.0,max_daily_average_grid_connection_ratio,0.01896510155204445,"[{'constraint': 'max_daily_average_grid_connection_ratio', 'actual': 1.0189651015520444, 'target': 1.0, 'operator': '<=', 'violation': 0.01896510155204445, 'scaled_violation': 0.01896510155204445}]",maximum scale-free violation at first failed capacity,"[1300.0, 1350.0]","[[0.0, 1300.0]]",False,1850.0,reclaimed_water_substitution_ratio
126,1.3424114705738759,6.934718010003117,0.005913892543030959,1250.0,1300.0,max_daily_average_grid_connection_ratio,0.012851178074259284,"[{'constraint': 'max_daily_average_grid_connection_ratio', 'actual': 1.0128511780742593, 'target': 1.0, 'operator': '<=', 'violation': 0.012851178074259284, 'scaled_violation': 0.012851178074259284}]",maximum scale-free violation at first failed capacity,"[1250.0, 1300.0]","[[0.0, 1250.0]]",False,1900.0,reclaimed_water_substitution_ratio
127,1.3599696797884622,6.97326414364017,0.007440952260682058,1250.0,1300.0,max_daily_average_grid_connection_ratio,0.035618290437744005,"[{'constraint': 'max_daily_average_grid_connection_ratio', 'actual': 1.035618290437744, 'target': 1.0, 'operator': '<=', 'violation': 0.035618290437744005, 'scaled_violation': 0.035618290437744005}]",maximum scale-free violation at first failed capacity,"[1250.0, 1300.0]","[[0.0, 1250.0]]",False,1900.0,reclaimed_water_substitution_ratio
128,1.2624505815510787,3.571032369929548,0.006659931126096308,1300.0,1350.0,max_local_connection_ratio,0.016814084191178136,"[{'constraint': 'max_local_connection_ratio', 'actual': 1.0168140841911781, 'target': 1.0, 'operator': '<=', 'violation': 0.016814084191178136, 'scaled_violation': 0.016814084191178136}]",maximum scale-free violation at first failed capacity,"[1300.0, 1350.0]","[[0.0, 1300.0]]",False,1900.0,reclaimed_water_substitution_ratio
129,1.135309257564222,8.877031134817676,0.006351933994641269,1500.0,1550.0,max_daily_average_grid_connection_ratio,0.03189426647435911,"[{'constraint': 'max_daily_average_grid_connection_ratio', 'actual': 1.0318942664743591, 'target': 1.0, 'operator': '<=', 'violation': 0.03189426647435911, 'scaled_violation': 0.03189426647435911}]",maximum scale-free violation at first failed capacity,"[1500.0, 1550.0]","[[0.0, 1500.0]]",False,2000.0,
130,1.136229285525013,6.765188827574176,0.003511221799516735,1500.0,1550.0,max_daily_average_grid_connection_ratio,0.010449641321103043,"[{'constraint': 'max_daily_average_grid_connection_ratio', 'actual': 1.010449641321103, 'target': 1.0, 'operator': '<=', 'violation': 0.010449641321103043, 'scaled_violation': 0.010449641321103043}]",maximum scale-free violation at first failed capacity,"[1500.0, 1550.0]","[[0.0, 1500.0]]",False,2000.0,
131,1.169027772424938,3.988223280401748,0.0031338290124292047,1450.0,1500.0,max_daily_average_grid_connection_ratio,0.0024540079994701536,"[{'constraint': 'max_daily_average_grid_connection_ratio', 'actual': 1.0024540079994702, 'target': 1.0, 'operator': '<=', 'violation': 0.0024540079994701536, 'scaled_violation': 0.0024540079994701536}]",maximum scale-free violation at first failed capacity,"[1450.0, 1500.0]","[[0.0, 1450.0]]",False,2000.0,
132,1.2803083957693229,5.315374815713523,0.003914749375792244,1350.0,1400.0,max_daily_average_grid_connection_ratio,0.028099253014089554,"[{'constraint': 'max_daily_average_grid_connection_ratio', 'actual': 1.0280992530140896, 'target': 1.0, 'operator': '<=', 'violation': 0.028099253014089554, 'scaled_violation': 0.028099253014089554}]",maximum scale-free violation at first failed capacity,"[1350.0, 1400.0]","[[0.0, 1350.0]]",False,1950.0,reclaimed_water_substitution_ratio
133,1.3514451385937494,5.191983424579608,0.0014172404163464072,1300.0,1350.0,max_daily_average_grid_connection_ratio,0.027951036923241857,"[{'constraint': 'max_daily_average_grid_connection_ratio', 'actual': 1.0279510369232419, 'target': 1.0, 'operator': '<=', 'violation': 0.027951036923241857, 'scaled_violation': 0.027951036923241857}]",maximum scale-free violation at first failed capacity,"[1300.0, 1350.0]","[[0.0, 1300.0]]",False,1800.0,reclaimed_water_substitution_ratio
134,1.2834431201970213,7.230507611655618,0.004983636827886549,1300.0,1350.0,max_daily_average_grid_connection_ratio,0.0010321118335891999,"[{'constraint': 'max_daily_average_grid_connection_ratio', 'actual': 1.0010321118335892, 'target': 1.0, 'operator': '<=', 'violation': 0.0010321118335891999, 'scaled_violation': 0.0010321118335891999}]",maximum scale-free violation at first failed capacity,"[1300.0, 1350.0]","[[0.0, 1300.0]]",False,2000.0,
135,1.267913705755773,3.732082403329513,0.0012653254684053623,1350.0,1400.0,max_local_connection_ratio,0.004320041435272426,"[{'constraint': 'max_local_connection_ratio', 'actual': 1.0043200414352724, 'target': 1.0, 'operator': '<=', 'violation': 0.004320041435272426, 'scaled_violation': 0.004320041435272426}]",maximum scale-free violation at first failed capacity,"[1350.0, 1400.0]","[[0.0, 1350.0]]",False,1800.0,reclaimed_water_substitution_ratio
136,1.2842643134200484,6.255866277221519,0.003818939930961531,1350.0,1400.0,max_daily_average_grid_connection_ratio,0.03051283310507813,"[{'constraint': 'max_daily_average_grid_connection_ratio', 'actual': 1.0305128331050781, 'target': 1.0, 'operator': '<=', 'violation': 0.03051283310507813, 'scaled_violation': 0.03051283310507813}]",maximum scale-free violation at first failed capacity,"[1350.0, 1400.0]","[[0.0, 1350.0]]",False,2000.0,
137,1.283026426102483,5.421478858130559,0.007148351925117095,1300.0,1350.0,max_daily_average_grid_connection_ratio,0.015479320426960763,"[{'constraint': 'max_daily_average_grid_connection_ratio', 'actual': 1.0154793204269608, 'target': 1.0, 'operator': '<=', 'violation': 0.015479320426960763, 'scaled_violation': 0.015479320426960763}]",maximum scale-free violation at first failed capacity,"[1300.0, 1350.0]","[[0.0, 1300.0]]",False,2000.0,
138,1.1556503335762955,7.67224461883717,0.007511611511638493,1450.0,1500.0,max_daily_average_grid_connection_ratio,0.024423385745845794,"[{'constraint': 'max_daily_average_grid_connection_ratio', 'actual': 1.0244233857458458, 'target': 1.0, 'operator': '<=', 'violation': 0.024423385745845794, 'scaled_violation': 0.024423385745845794}]",maximum scale-free violation at first failed capacity,"[1450.0, 1500.0]","[[0.0, 1450.0]]",False,2000.0,
139,1.2598241253322107,6.029400001713917,0.003330328417995784,1350.0,1400.0,max_daily_average_grid_connection_ratio,0.007960355583644274,"[{'constraint': 'max_daily_average_grid_connection_ratio', 'actual': 1.0079603555836443, 'target': 1.0, 'operator': '<=', 'violation': 0.007960355583644274, 'scaled_violation': 0.007960355583644274}]",maximum scale-free violation at first failed capacity,"[1350.0, 1400.0]","[[0.0, 1350.0]]",False,2000.0,
140,1.2815790651866044,4.912512281880115,0.001773549926997441,1350.0,1400.0,max_daily_average_grid_connection_ratio,0.013950539619835833,"[{'constraint': 'max_daily_average_grid_connection_ratio', 'actual': 1.0139505396198358, 'target': 1.0, 'operator': '<=', 'violation': 0.013950539619835833, 'scaled_violation': 0.013950539619835833}]",maximum scale-free violation at first failed capacity,"[1350.0, 1400.0]","[[0.0, 1350.0]]",False,1900.0,reclaimed_water_substitution_ratio
141,1.3544027265942329,8.904734936613487,0.003022160175424191,1250.0,1300.0,max_daily_average_grid_connection_ratio,0.002563330443498435,"[{'constraint': 'max_daily_average_grid_connection_ratio', 'actual': 1.0025633304434984, 'target': 1.0, 'operator': '<=', 'violation': 0.002563330443498435, 'scaled_violation': 0.002563330443498435}]",maximum scale-free violation at first failed capacity,"[1250.0, 1300.0]","[[0.0, 1250.0]]",False,1850.0,reclaimed_water_substitution_ratio
142,1.3463066985001428,8.239994525926928,0.0013967733792134862,1300.0,1350.0,max_daily_average_grid_connection_ratio,0.0239397604781042,"[{'constraint': 'max_daily_average_grid_connection_ratio', 'actual': 1.0239397604781042, 'target': 1.0, 'operator': '<=', 'violation': 0.0239397604781042, 'scaled_violation': 0.0239397604781042}]",maximum scale-free violation at first failed capacity,"[1300.0, 1350.0]","[[0.0, 1300.0]]",False,1850.0,reclaimed_water_substitution_ratio
143,1.1419290158795161,5.572935437824067,0.0057335221667359805,1500.0,1550.0,max_daily_average_grid_connection_ratio,0.03277938415929116,"[{'constraint': 'max_daily_average_grid_connection_ratio', 'actual': 1.0327793841592912, 'target': 1.0, 'operator': '<=', 'violation': 0.03277938415929116, 'scaled_violation': 0.03277938415929116}]",maximum scale-free violation at first failed capacity,"[1500.0, 1550.0]","[[0.0, 1500.0]]",False,2000.0,
144,1.2561684647755753,5.671369453799523,0.0043324872259519615,1350.0,1400.0,max_daily_average_grid_connection_ratio,0.012190686617126856,"[{'constraint': 'max_daily_average_grid_connection_ratio', 'actual': 1.0121906866171269, 'target': 1.0, 'operator': '<=', 'violation': 0.012190686617126856, 'scaled_violation': 0.012190686617126856}]",maximum scale-free violation at first failed capacity,"[1350.0, 1400.0]","[[0.0, 1350.0]]",False,2000.0,
145,1.1424550993298568,4.320484767127479,0.007037496194947182,1450.0,1500.0,max_daily_average_grid_connection_ratio,0.00978412507936488,"[{'constraint': 'max_daily_average_grid_connection_ratio', 'actual': 1.0097841250793649, 'target': 1.0, 'operator': '<=', 'violation': 0.00978412507936488, 'scaled_violation': 0.00978412507936488}]",maximum scale-free violation at first failed capacity,"[1450.0, 1500.0]","[[0.0, 1450.0]]",False,2000.0,
146,1.2373324685068607,5.393715869179525,0.006177408319837825,1350.0,1400.0,max_daily_average_grid_connection_ratio,0.01051894081089122,"[{'constraint': 'max_daily_average_grid_connection_ratio', 'actual': 1.0105189408108912, 'target': 1.0, 'operator': '<=', 'violation': 0.01051894081089122, 'scaled_violation': 0.01051894081089122}]",maximum scale-free violation at first failed capacity,"[1350.0, 1400.0]","[[0.0, 1350.0]]",False,2000.0,
147,1.1577267877819588,5.43544012395731,0.001011069933569172,1500.0,1550.0,max_daily_average_grid_connection_ratio,0.00947304651573,"[{'constraint': 'max_daily_average_grid_connection_ratio', 'actual': 1.00947304651573, 'target': 1.0, 'operator': '<=', 'violation': 0.00947304651573, 'scaled_violation': 0.00947304651573}]",maximum scale-free violation at first failed capacity,"[1500.0, 1550.0]","[[0.0, 1500.0]]",False,2000.0,
148,1.2926387106374468,5.519882478801313,0.00616936674114282,1300.0,1350.0,max_daily_average_grid_connection_ratio,0.016046290482755854,"[{'constraint': 'max_daily_average_grid_connection_ratio', 'actual': 1.0160462904827559, 'target': 1.0, 'operator': '<=', 'violation': 0.016046290482755854, 'scaled_violation': 0.016046290482755854}]",maximum scale-free violation at first failed capacity,"[1300.0, 1350.0]","[[0.0, 1300.0]]",False,2000.0,
149,1.3554936362066985,5.1749525439881285,0.000518977046634821,1300.0,1350.0,max_daily_average_grid_connection_ratio,0.024876246376163813,"[{'constraint': 'max_daily_average_grid_connection_ratio', 'actual': 1.0248762463761638, 'target': 1.0, 'operator': '<=', 'violation': 0.024876246376163813, 'scaled_violation': 0.024876246376163813}]",maximum scale-free violation at first failed capacity,"[1300.0, 1350.0]","[[0.0, 1300.0]]",False,1800.0,reclaimed_water_substitution_ratio
150,1.2004174366368217,4.229355304255906,0.004676321602026327,1400.0,1450.0,max_daily_average_grid_connection_ratio,0.005739697555503964,"[{'constraint': 'max_daily_average_grid_connection_ratio', 'actual': 1.005739697555504, 'target': 1.0, 'operator': '<=', 'violation': 0.005739697555503964, 'scaled_violation': 0.005739697555503964}]",maximum scale-free violation at first failed capacity,"[1400.0, 1450.0]","[[0.0, 1400.0]]",False,2000.0,
151,1.3359713126865902,4.011845531134844,0.005238994995605312,1250.0,1300.0,max_daily_average_grid_connection_ratio,0.0037466978973341725,"[{'constraint': 'max_daily_average_grid_connection_ratio', 'actual': 1.0037466978973342, 'target': 1.0, 'operator': '<=', 'violation': 0.0037466978973341725, 'scaled_violation': 0.0037466978973341725}]",maximum scale-free violation at first failed capacity,"[1250.0, 1300.0]","[[0.0, 1250.0]]",False,1800.0,reclaimed_water_substitution_ratio
152,1.1936290300414827,5.297295827070523,0.0036980056764157904,1450.0,1500.0,max_daily_average_grid_connection_ratio,0.02732475563900194,"[{'constraint': 'max_daily_average_grid_connection_ratio', 'actual': 1.027324755639002, 'target': 1.0, 'operator': '<=', 'violation': 0.02732475563900194, 'scaled_violation': 0.02732475563900194}]",maximum scale-free violation at first failed capacity,"[1450.0, 1500.0]","[[0.0, 1450.0]]",False,2000.0,
153,1.1713752525499856,7.3953033851641,0.006302315555894264,1450.0,1500.0,max_daily_average_grid_connection_ratio,0.02842586361457,"[{'constraint': 'max_daily_average_grid_connection_ratio', 'actual': 1.02842586361457, 'target': 1.0, 'operator': '<=', 'violation': 0.02842586361457, 'scaled_violation': 0.02842586361457}]",maximum scale-free violation at first failed capacity,"[1450.0, 1500.0]","[[0.0, 1450.0]]",False,2000.0,
154,1.3023008792302957,5.819954874184497,0.004183409898336479,1300.0,1350.0,max_daily_average_grid_connection_ratio,0.009784313478740092,"[{'constraint': 'max_daily_average_grid_connection_ratio', 'actual': 1.00978431347874, 'target': 1.0, 'operator': '<=', 'violation': 0.009784313478740092, 'scaled_violation': 0.009784313478740092}]",maximum scale-free violation at first failed capacity,"[1300.0, 1350.0]","[[0.0, 1300.0]]",False,1950.0,reclaimed_water_substitution_ratio
155,1.2718044549019212,8.004720928981705,0.005189997212398155,1350.0,1400.0,max_daily_average_grid_connection_ratio,0.030472364994965417,"[{'constraint': 'max_daily_average_grid_connection_ratio', 'actual': 1.0304723649949654, 'target': 1.0, 'operator': '<=', 'violation': 0.030472364994965417, 'scaled_violation': 0.030472364994965417}]",maximum scale-free violation at first failed capacity,"[1350.0, 1400.0]","[[0.0, 1350.0]]",False,2000.0,
156,1.2074560854589769,5.069893593381908,0.0011402936041951057,1450.0,1500.0,max_daily_average_grid_connection_ratio,0.019521851685416536,"[{'constraint': 'max_daily_average_grid_connection_ratio', 'actual': 1.0195218516854165, 'target': 1.0, 'operator': '<=', 'violation': 0.019521851685416536, 'scaled_violation': 0.019521851685416536}]",maximum scale-free violation at first failed capacity,"[1450.0, 1500.0]","[[0.0, 1450.0]]",False,2000.0,
157,1.2579830470639088,5.13211594528799,0.007753773059305474,1300.0,1350.0,max_daily_average_grid_connection_ratio,0.0007379982704796006,"[{'constraint': 'max_daily_average_grid_connection_ratio', 'actual': 1.0007379982704796, 'target': 1.0, 'operator': '<=', 'violation': 0.0007379982704796006, 'scaled_violation': 0.0007379982704796006}]",maximum scale-free violation at first failed capacity,"[1300.0, 1350.0]","[[0.0, 1300.0]]",False,2000.0,
158,1.3047630054549382,4.103205456219213,0.0038169054232202416,1300.0,1350.0,max_daily_average_grid_connection_ratio,0.009140284529693066,"[{'constraint': 'max_daily_average_grid_connection_ratio', 'actual': 1.009140284529693, 'target': 1.0, 'operator': '<=', 'violation': 0.009140284529693066, 'scaled_violation': 0.009140284529693066}]",maximum scale-free violation at first failed capacity,"[1300.0, 1350.0]","[[0.0, 1300.0]]",False,1850.0,reclaimed_water_substitution_ratio
159,1.2422567207753692,3.8995681592494496,0.004317702544255432,1350.0,1400.0,max_daily_average_grid_connection_ratio,0.001215684739291234,"[{'constraint': 'max_daily_average_grid_connection_ratio', 'actual': 1.0012156847392912, 'target': 1.0, 'operator': '<=', 'violation': 0.001215684739291234, 'scaled_violation': 0.001215684739291234}]",maximum scale-free violation at first failed capacity,"[1350.0, 1400.0]","[[0.0, 1350.0]]",False,1950.0,reclaimed_water_substitution_ratio
160,1.2330171110723644,4.988079467058436,0.0038139924903664037,1400.0,1450.0,max_daily_average_grid_connection_ratio,0.025806608074114834,"[{'constraint': 'max_daily_average_grid_connection_ratio', 'actual': 1.0258066080741148, 'target': 1.0, 'operator': '<=', 'violation': 0.025806608074114834, 'scaled_violation': 0.025806608074114834}]",maximum scale-free violation at first failed capacity,"[1400.0, 1450.0]","[[0.0, 1400.0]]",False,2000.0,
161,1.2252035558215644,5.880466145885888,0.005176557878112118,1400.0,1450.0,max_daily_average_grid_connection_ratio,0.029462721415037585,"[{'constraint': 'max_daily_average_grid_connection_ratio', 'actual': 1.0294627214150376, 'target': 1.0, 'operator': '<=', 'violation': 0.029462721415037585, 'scaled_violation': 0.029462721415037585}]",maximum scale-free violation at first failed capacity,"[1400.0, 1450.0]","[[0.0, 1400.0]]",False,2000.0,
162,1.2341795418798631,4.677241653121333,0.006311193631745066,1350.0,1400.0,max_daily_average_grid_connection_ratio,0.00900135541680469,"[{'constraint': 'max_daily_average_grid_connection_ratio', 'actual': 1.0090013554168047, 'target': 1.0, 'operator': '<=', 'violation': 0.00900135541680469, 'scaled_violation': 0.00900135541680469}]",maximum scale-free violation at first failed capacity,"[1350.0, 1400.0]","[[0.0, 1350.0]]",False,2000.0,
163,1.212789251081691,5.220638603829341,0.0037666787229220585,1400.0,1450.0,max_daily_average_grid_connection_ratio,0.009089804851126315,"[{'constraint': 'max_daily_average_grid_connection_ratio', 'actual': 1.0090898048511263, 'target': 1.0, 'operator': '<=', 'violation': 0.009089804851126315, 'scaled_violation': 0.009089804851126315}]",maximum scale-free violation at first failed capacity,"[1400.0, 1450.0]","[[0.0, 1400.0]]",False,2000.0,
164,1.2225854468577526,4.3784516075669915,0.0011263971678654974,1450.0,1500.0,max_daily_average_grid_connection_ratio,0.03208286447519049,"[{'constraint': 'max_daily_average_grid_connection_ratio', 'actual': 1.0320828644751905, 'target': 1.0, 'operator': '<=', 'violation': 0.03208286447519049, 'scaled_violation': 0.03208286447519049}]",maximum scale-free violation at first failed capacity,"[1450.0, 1500.0]","[[0.0, 1450.0]]",False,1950.0,reclaimed_water_substitution_ratio
165,1.2267122303213343,4.910725484964433,0.003154362363150607,1400.0,1450.0,max_daily_average_grid_connection_ratio,0.015872910021829334,"[{'constraint': 'max_daily_average_grid_connection_ratio', 'actual': 1.0158729100218293, 'target': 1.0, 'operator': '<=', 'violation': 0.015872910021829334, 'scaled_violation': 0.015872910021829334}]",maximum scale-free violation at first failed capacity,"[1400.0, 1450.0]","[[0.0, 1400.0]]",False,2000.0,
166,1.1811037173511345,4.7451373325538055,0.007540928007397633,1400.0,1450.0,max_daily_average_grid_connection_ratio,0.01108991043746932,"[{'constraint': 'max_daily_average_grid_connection_ratio', 'actual': 1.0110899104374693, 'target': 1.0, 'operator': '<=', 'violation': 0.01108991043746932, 'scaled_violation': 0.01108991043746932}]",maximum scale-free violation at first failed capacity,"[1400.0, 1450.0]","[[0.0, 1400.0]]",False,2000.0,
167,1.2501277946603255,5.8638877277727985,0.002505514633600748,1400.0,1450.0,max_daily_average_grid_connection_ratio,0.030070741453660732,"[{'constraint': 'max_daily_average_grid_connection_ratio', 'actual': 1.0300707414536607, 'target': 1.0, 'operator': '<=', 'violation': 0.030070741453660732, 'scaled_violation': 0.030070741453660732}]",maximum scale-free violation at first failed capacity,"[1400.0, 1450.0]","[[0.0, 1400.0]]",False,2000.0,
168,1.2267858013655588,6.471042072739529,0.0015007503038897922,1400.0,1450.0,max_daily_average_grid_connection_ratio,0.003821222777358413,"[{'constraint': 'max_daily_average_grid_connection_ratio', 'actual': 1.0038212227773584, 'target': 1.0, 'operator': '<=', 'violation': 0.003821222777358413, 'scaled_violation': 0.003821222777358413}]",maximum scale-free violation at first failed capacity,"[1400.0, 1450.0]","[[0.0, 1400.0]]",False,2000.0,
169,1.1269126453805258,6.48126378522638,0.0019158660257459648,1550.0,1600.0,max_daily_average_grid_connection_ratio,0.021831607674885012,"[{'constraint': 'max_daily_average_grid_connection_ratio', 'actual': 1.021831607674885, 'target': 1.0, 'operator': '<=', 'violation': 0.021831607674885012, 'scaled_violation': 0.021831607674885012}]",maximum scale-free violation at first failed capacity,"[1550.0, 1600.0]","[[0.0, 1550.0]]",False,2000.0,
170,1.1540478298995522,8.41179266192287,0.0015654950288026346,1500.0,1550.0,max_daily_average_grid_connection_ratio,0.010631068982060787,"[{'constraint': 'max_daily_average_grid_connection_ratio', 'actual': 1.0106310689820608, 'target': 1.0, 'operator': '<=', 'violation': 0.010631068982060787, 'scaled_violation': 0.010631068982060787}]",maximum scale-free violation at first failed capacity,"[1500.0, 1550.0]","[[0.0, 1500.0]]",False,2000.0,
171,1.2811654984418257,6.692137080361862,0.001981639879498575,1350.0,1400.0,max_daily_average_grid_connection_ratio,0.015098902444571793,"[{'constraint': 'max_daily_average_grid_connection_ratio', 'actual': 1.0150989024445718, 'target': 1.0, 'operator': '<=', 'violation': 0.015098902444571793, 'scaled_violation': 0.015098902444571793}]",maximum scale-free violation at first failed capacity,"[1350.0, 1400.0]","[[0.0, 1350.0]]",False,1950.0,reclaimed_water_substitution_ratio
172,1.2079533510022338,3.3948605641608873,0.000744572071928296,1400.0,1450.0,max_local_connection_ratio,0.02206536438833062,"[{'constraint': 'max_local_connection_ratio', 'actual': 1.0220653643883306, 'target': 1.0, 'operator': '<=', 'violation': 0.02206536438833062, 'scaled_violation': 0.02206536438833062}]",maximum scale-free violation at first failed capacity,"[1400.0, 1450.0]","[[0.0, 1400.0]]",False,1850.0,reclaimed_water_substitution_ratio
173,1.263160991818971,5.1938847951400255,0.005374378838135494,1350.0,1400.0,max_daily_average_grid_connection_ratio,0.025022341950684313,"[{'constraint': 'max_daily_average_grid_connection_ratio', 'actual': 1.0250223419506843, 'target': 1.0, 'operator': '<=', 'violation': 0.025022341950684313, 'scaled_violation': 0.025022341950684313}]",maximum scale-free violation at first failed capacity,"[1350.0, 1400.0]","[[0.0, 1350.0]]",False,2000.0,
174,1.176462414744871,5.093196077404965,0.0023180641756411534,1450.0,1500.0,max_daily_average_grid_connection_ratio,0.002497517741419486,"[{'constraint': 'max_daily_average_grid_connection_ratio', 'actual': 1.0024975177414195, 'target': 1.0, 'operator': '<=', 'violation': 0.002497517741419486, 'scaled_violation': 0.002497517741419486}]",maximum scale-free violation at first failed capacity,"[1450.0, 1500.0]","[[0.0, 1450.0]]",False,2000.0,
175,1.196804318287961,6.290717873195064,0.007304824411264581,1400.0,1450.0,max_daily_average_grid_connection_ratio,0.022067054654715257,"[{'constraint': 'max_daily_average_grid_connection_ratio', 'actual': 1.0220670546547153, 'target': 1.0, 'operator': '<=', 'violation': 0.022067054654715257, 'scaled_violation': 0.022067054654715257}]",maximum scale-free violation at first failed capacity,"[1400.0, 1450.0]","[[0.0, 1400.0]]",False,2000.0,
176,1.174364734948,6.7954939354015504,0.0060765880484461715,1450.0,1500.0,max_daily_average_grid_connection_ratio,0.029218397701606058,"[{'constraint': 'max_daily_average_grid_connection_ratio', 'actual': 1.029218397701606, 'target': 1.0, 'operator': '<=', 'violation': 0.029218397701606058, 'scaled_violation': 0.029218397701606058}]",maximum scale-free violation at first failed capacity,"[1450.0, 1500.0]","[[0.0, 1450.0]]",False,2000.0,
177,1.2244960680870982,8.5722702706084,0.003855509911559858,1400.0,1450.0,max_daily_average_grid_connection_ratio,0.019214662731403154,"[{'constraint': 'max_daily_average_grid_connection_ratio', 'actual': 1.0192146627314032, 'target': 1.0, 'operator': '<=', 'violation': 0.019214662731403154, 'scaled_violation': 0.019214662731403154}]",maximum scale-free violation at first failed capacity,"[1400.0, 1450.0]","[[0.0, 1400.0]]",False,2000.0,
178,1.2159599731371513,4.8104394527820205,0.004684831930289093,1400.0,1450.0,max_daily_average_grid_connection_ratio,0.018380499263255023,"[{'constraint': 'max_daily_average_grid_connection_ratio', 'actual': 1.018380499263255, 'target': 1.0, 'operator': '<=', 'violation': 0.018380499263255023, 'scaled_violation': 0.018380499263255023}]",maximum scale-free violation at first failed capacity,"[1400.0, 1450.0]","[[0.0, 1400.0]]",False,2000.0,
179,1.2830697090258358,6.8416969169757085,0.004743381759362102,1350.0,1400.0,max_daily_average_grid_connection_ratio,0.0361166211548305,"[{'constraint': 'max_daily_average_grid_connection_ratio', 'actual': 1.0361166211548305, 'target': 1.0, 'operator': '<=', 'violation': 0.0361166211548305, 'scaled_violation': 0.0361166211548305}]",maximum scale-free violation at first failed capacity,"[1350.0, 1400.0]","[[0.0, 1350.0]]",False,2000.0,
180,1.2374442380815225,4.545166833414279,0.002370301196036096,1400.0,1450.0,max_daily_average_grid_connection_ratio,0.018815706302415913,"[{'constraint': 'max_daily_average_grid_connection_ratio', 'actual': 1.018815706302416, 'target': 1.0, 'operator': '<=', 'violation': 0.018815706302415913, 'scaled_violation': 0.018815706302415913}]",maximum scale-free violation at first failed capacity,"[1400.0, 1450.0]","[[0.0, 1400.0]]",False,1950.0,reclaimed_water_substitution_ratio
181,1.161405903980387,7.95268290849732,0.004318199801675637,1450.0,1500.0,max_daily_average_grid_connection_ratio,0.005046554521744184,"[{'constraint': 'max_daily_average_grid_connection_ratio', 'actual': 1.0050465545217442, 'target': 1.0, 'operator': '<=', 'violation': 0.005046554521744184, 'scaled_violation': 0.005046554521744184}]",maximum scale-free violation at first failed capacity,"[1450.0, 1500.0]","[[0.0, 1450.0]]",False,2000.0,
182,1.1299414390734734,3.4734721563385085,0.005167373956685895,1450.0,1500.0,max_local_connection_ratio,0.015353279899476213,"[{'constraint': 'max_local_connection_ratio', 'actual': 1.0153532798994762, 'target': 1.0, 'operator': '<=', 'violation': 0.015353279899476213, 'scaled_violation': 0.015353279899476213}]",maximum scale-free violation at first failed capacity,"[1450.0, 1500.0]","[[0.0, 1450.0]]",False,2000.0,
183,1.2675252075703543,5.0374628870530325,0.0029182517075939515,1350.0,1400.0,max_daily_average_grid_connection_ratio,0.01106385777670904,"[{'constraint': 'max_daily_average_grid_connection_ratio', 'actual': 1.011063857776709, 'target': 1.0, 'operator': '<=', 'violation': 0.01106385777670904, 'scaled_violation': 0.01106385777670904}]",maximum scale-free violation at first failed capacity,"[1350.0, 1400.0]","[[0.0, 1350.0]]",False,1950.0,reclaimed_water_substitution_ratio
184,1.357267790586654,4.454324556814843,0.004766350145629657,1250.0,1300.0,max_daily_average_grid_connection_ratio,0.01609526093706215,"[{'constraint': 'max_daily_average_grid_connection_ratio', 'actual': 1.0160952609370622, 'target': 1.0, 'operator': '<=', 'violation': 0.01609526093706215, 'scaled_violation': 0.01609526093706215}]",maximum scale-free violation at first failed capacity,"[1250.0, 1300.0]","[[0.0, 1250.0]]",False,1800.0,reclaimed_water_substitution_ratio
185,1.2415313137767852,7.286750295874121,0.005837477273754096,1350.0,1400.0,max_daily_average_grid_connection_ratio,0.011396023357894025,"[{'constraint': 'max_daily_average_grid_connection_ratio', 'actual': 1.011396023357894, 'target': 1.0, 'operator': '<=', 'violation': 0.011396023357894025, 'scaled_violation': 0.011396023357894025}]",maximum scale-free violation at first failed capacity,"[1350.0, 1400.0]","[[0.0, 1350.0]]",False,2000.0,
186,1.2670684226263185,3.270305929494805,0.0027536700922248707,1300.0,1350.0,max_local_connection_ratio,0.0272998334641934,"[{'constraint': 'max_local_connection_ratio', 'actual': 1.0272998334641934, 'target': 1.0, 'operator': '<=', 'violation': 0.0272998334641934, 'scaled_violation': 0.0272998334641934}]",maximum scale-free violation at first failed capacity,"[1300.0, 1350.0]","[[0.0, 1300.0]]",False,1800.0,reclaimed_water_substitution_ratio
187,1.129418173693981,4.308819886754346,0.006512766870813393,1500.0,1550.0,max_daily_average_grid_connection_ratio,0.028057045764551924,"[{'constraint': 'max_daily_average_grid_connection_ratio', 'actual': 1.028057045764552, 'target': 1.0, 'operator': '<=', 'violation': 0.028057045764551924, 'scaled_violation': 0.028057045764551924}]",maximum scale-free violation at first failed capacity,"[1500.0, 1550.0]","[[0.0, 1500.0]]",False,2000.0,
188,1.2419852585322018,6.265098060721159,0.0013094680693012863,1400.0,1450.0,max_daily_average_grid_connection_ratio,0.014721071025607824,"[{'constraint': 'max_daily_average_grid_connection_ratio', 'actual': 1.0147210710256078, 'target': 1.0, 'operator': '<=', 'violation': 0.014721071025607824, 'scaled_violation': 0.014721071025607824}]",maximum scale-free violation at first failed capacity,"[1400.0, 1450.0]","[[0.0, 1400.0]]",False,2000.0,
189,1.2067874406976762,4.05202973122011,0.0061492140851267234,1400.0,1450.0,max_daily_average_grid_connection_ratio,0.021682518084233937,"[{'constraint': 'max_daily_average_grid_connection_ratio', 'actual': 1.021682518084234, 'target': 1.0, 'operator': '<=', 'violation': 0.021682518084233937, 'scaled_violation': 0.021682518084233937}]",maximum scale-free violation at first failed capacity,"[1400.0, 1450.0]","[[0.0, 1400.0]]",False,2000.0,
190,1.3330939589905313,6.27187963628367,0.0027208297706366787,1300.0,1350.0,max_daily_average_grid_connection_ratio,0.023012958101178427,"[{'constraint': 'max_daily_average_grid_connection_ratio', 'actual': 1.0230129581011784, 'target': 1.0, 'operator': '<=', 'violation': 0.023012958101178427, 'scaled_violation': 0.023012958101178427}]",maximum scale-free violation at first failed capacity,"[1300.0, 1350.0]","[[0.0, 1300.0]]",False,1900.0,reclaimed_water_substitution_ratio
191,1.256690654016872,7.555306319513436,0.0007200503382718932,1400.0,1450.0,max_daily_average_grid_connection_ratio,0.022305092400933146,"[{'constraint': 'max_daily_average_grid_connection_ratio', 'actual': 1.0223050924009331, 'target': 1.0, 'operator': '<=', 'violation': 0.022305092400933146, 'scaled_violation': 0.022305092400933146}]",maximum scale-free violation at first failed capacity,"[1400.0, 1450.0]","[[0.0, 1400.0]]",False,1950.0,reclaimed_water_substitution_ratio
192,1.1234335055906661,5.433377452449495,0.0065305131363397675,1500.0,1550.0,max_daily_average_grid_connection_ratio,0.023018608824755482,"[{'constraint': 'max_daily_average_grid_connection_ratio', 'actual': 1.0230186088247555, 'target': 1.0, 'operator': '<=', 'violation': 0.023018608824755482, 'scaled_violation': 0.023018608824755482}]",maximum scale-free violation at first failed capacity,"[1500.0, 1550.0]","[[0.0, 1500.0]]",False,2000.0,
193,1.306455242950914,3.7180919037763864,0.0016831331812130498,1300.0,1350.0,max_local_connection_ratio,0.0017648852355749423,"[{'constraint': 'max_local_connection_ratio', 'actual': 1.001764885235575, 'target': 1.0, 'operator': '<=', 'violation': 0.0017648852355749423, 'scaled_violation': 0.0017648852355749423}]",maximum scale-free violation at first failed capacity,"[1300.0, 1350.0]","[[0.0, 1300.0]]",False,1750.0,reclaimed_water_substitution_ratio
194,1.2075800228340157,6.2753895322624444,0.0018015998382288631,1450.0,1500.0,max_daily_average_grid_connection_ratio,0.024636104546953197,"[{'constraint': 'max_daily_average_grid_connection_ratio', 'actual': 1.0246361045469532, 'target': 1.0, 'operator': '<=', 'violation': 0.024636104546953197, 'scaled_violation': 0.024636104546953197}]",maximum scale-free violation at first failed capacity,"[1450.0, 1500.0]","[[0.0, 1450.0]]",False,2000.0,
195,1.3155175719704777,6.520944935190548,0.0019486732752278123,1300.0,1350.0,max_daily_average_grid_connection_ratio,0.0045041715000544436,"[{'constraint': 'max_daily_average_grid_connection_ratio', 'actual': 1.0045041715000544, 'target': 1.0, 'operator': '<=', 'violation': 0.0045041715000544436, 'scaled_violation': 0.0045041715000544436}]",maximum scale-free violation at first failed capacity,"[1300.0, 1350.0]","[[0.0, 1300.0]]",False,1900.0,reclaimed_water_substitution_ratio
196,1.2544826104579316,6.0783569906658,0.000853874306305166,1400.0,1450.0,max_daily_average_grid_connection_ratio,0.021498278217757516,"[{'constraint': 'max_daily_average_grid_connection_ratio', 'actual': 1.0214982782177575, 'target': 1.0, 'operator': '<=', 'violation': 0.021498278217757516, 'scaled_violation': 0.021498278217757516}]",maximum scale-free violation at first failed capacity,"[1400.0, 1450.0]","[[0.0, 1400.0]]",False,2000.0,
197,1.1611373998856633,5.382756553057794,0.006617288136362748,1450.0,1500.0,max_daily_average_grid_connection_ratio,0.022241173515531676,"[{'constraint': 'max_daily_average_grid_connection_ratio', 'actual': 1.0222411735155317, 'target': 1.0, 'operator': '<=', 'violation': 0.022241173515531676, 'scaled_violation': 0.022241173515531676}]",maximum scale-free violation at first failed capacity,"[1450.0, 1500.0]","[[0.0, 1450.0]]",False,2000.0,
198,1.2918536026127398,4.46669596024153,0.0038304741700307177,1350.0,1400.0,max_daily_average_grid_connection_ratio,0.03652456743032495,"[{'constraint': 'max_daily_average_grid_connection_ratio', 'actual': 1.036524567430325, 'target': 1.0, 'operator': '<=', 'violation': 0.03652456743032495, 'scaled_violation': 0.03652456743032495}]",maximum scale-free violation at first failed capacity,"[1350.0, 1400.0]","[[0.0, 1350.0]]",False,1900.0,reclaimed_water_substitution_ratio
199,1.304990960587635,5.8107674075936755,0.0031991963511694833,1300.0,1350.0,max_daily_average_grid_connection_ratio,0.005099889707018024,"[{'constraint': 'max_daily_average_grid_connection_ratio', 'actual': 1.005099889707018, 'target': 1.0, 'operator': '<=', 'violation': 0.005099889707018024, 'scaled_violation': 0.005099889707018024}]",maximum scale-free violation at first failed capacity,"[1300.0, 1350.0]","[[0.0, 1300.0]]",False,1950.0,reclaimed_water_substitution_ratio
200,1.2867712249714571,3.8878865196908468,0.0032330279544044724,1350.0,1400.0,max_daily_average_grid_connection_ratio,0.02832839491864747,"[{'constraint': 'max_daily_average_grid_connection_ratio', 'actual': 1.0283283949186475, 'target': 1.0, 'operator': '<=', 'violation': 0.02832839491864747, 'scaled_violation': 0.02832839491864747}, {'constraint': 'max_local_connection_ratio', 'actual': 1.019291626227164, 'target': 1.0, 'operator': '<=', 'violation': 0.01929162622716407, 'scaled_violation': 0.01929162622716407}]",maximum scale-free violation at first failed capacity,"[1350.0, 1400.0]","[[0.0, 1350.0]]",False,1850.0,reclaimed_water_substitution_ratio
201,1.1272436567009905,6.70314572226363,0.007772392913208059,1450.0,1500.0,max_daily_average_grid_connection_ratio,0.0026171678798563303,"[{'constraint': 'max_daily_average_grid_connection_ratio', 'actual': 1.0026171678798563, 'target': 1.0, 'operator': '<=', 'violation': 0.0026171678798563303, 'scaled_violation': 0.0026171678798563303}]",maximum scale-free violation at first failed capacity,"[1450.0, 1500.0]","[[0.0, 1450.0]]",False,2000.0,
202,1.2719619159968956,8.42751107134394,0.0017835075238049009,1350.0,1400.0,max_daily_average_grid_connection_ratio,0.006506243108718612,"[{'constraint': 'max_daily_average_grid_connection_ratio', 'actual': 1.0065062431087186, 'target': 1.0, 'operator': '<=', 'violation': 0.006506243108718612, 'scaled_violation': 0.006506243108718612}]",maximum scale-free violation at first failed capacity,"[1350.0, 1400.0]","[[0.0, 1350.0]]",False,1950.0,reclaimed_water_substitution_ratio
203,1.3335644293314275,6.666245815795213,0.002290148795046535,1300.0,1350.0,max_daily_average_grid_connection_ratio,0.020430637105173455,"[{'constraint': 'max_daily_average_grid_connection_ratio', 'actual': 1.0204306371051735, 'target': 1.0, 'operator': '<=', 'violation': 0.020430637105173455, 'scaled_violation': 0.020430637105173455}]",maximum scale-free violation at first failed capacity,"[1300.0, 1350.0]","[[0.0, 1300.0]]",False,1900.0,reclaimed_water_substitution_ratio
204,1.2359260119376692,8.611067632198164,0.003609694564144876,1400.0,1450.0,max_daily_average_grid_connection_ratio,0.026664462756904372,"[{'constraint': 'max_daily_average_grid_connection_ratio', 'actual': 1.0266644627569044, 'target': 1.0, 'operator': '<=', 'violation': 0.026664462756904372, 'scaled_violation': 0.026664462756904372}]",maximum scale-free violation at first failed capacity,"[1400.0, 1450.0]","[[0.0, 1400.0]]",False,2000.0,
205,1.2297933165744124,8.70059256112097,0.006324740340973552,1350.0,1400.0,max_daily_average_grid_connection_ratio,0.0056698136687429734,"[{'constraint': 'max_daily_average_grid_connection_ratio', 'actual': 1.005669813668743, 'target': 1.0, 'operator': '<=', 'violation': 0.0056698136687429734, 'scaled_violation': 0.0056698136687429734}]",maximum scale-free violation at first failed capacity,"[1350.0, 1400.0]","[[0.0, 1350.0]]",False,2000.0,
206,1.1370205076671924,4.676205669670207,0.0033165568589246814,1500.0,1550.0,max_daily_average_grid_connection_ratio,0.009610059133371207,"[{'constraint': 'max_daily_average_grid_connection_ratio', 'actual': 1.0096100591333712, 'target': 1.0, 'operator': '<=', 'violation': 0.009610059133371207, 'scaled_violation': 0.009610059133371207}]",maximum scale-free violation at first failed capacity,"[1500.0, 1550.0]","[[0.0, 1500.0]]",False,2000.0,
207,1.1947838602218295,8.675079937273773,0.0024633049958716386,1450.0,1500.0,max_daily_average_grid_connection_ratio,0.01893667220773665,"[{'constraint': 'max_daily_average_grid_connection_ratio', 'actual': 1.0189366722077366, 'target': 1.0, 'operator': '<=', 'violation': 0.01893667220773665, 'scaled_violation': 0.01893667220773665}]",maximum scale-free violation at first failed capacity,"[1450.0, 1500.0]","[[0.0, 1450.0]]",False,2000.0,
208,1.2853600159136942,3.8636975023672084,0.0038574593756957234,1350.0,1400.0,max_daily_average_grid_connection_ratio,0.031641392577976823,"[{'constraint': 'max_daily_average_grid_connection_ratio', 'actual': 1.0316413925779768, 'target': 1.0, 'operator': '<=', 'violation': 0.031641392577976823, 'scaled_violation': 0.031641392577976823}, {'constraint': 'max_local_connection_ratio', 'actual': 1.0246277716298653, 'target': 1.0, 'operator': '<=', 'violation': 0.02462777162986529, 'scaled_violation': 0.02462777162986529}, {'constraint': 'max_wtw_utilization', 'actual': 0.9506507406218858, 'target': 0.95, 'operator': '<=', 'violation': 0.0006507406218858591, 'scaled_violation': 0.0006849901283009044}]",maximum scale-free violation at first failed capacity,"[1350.0, 1400.0]","[[0.0, 1350.0]]",False,1850.0,reclaimed_water_substitution_ratio
209,1.2673461518685523,4.321939760364648,0.006708579645391555,1300.0,1350.0,max_daily_average_grid_connection_ratio,0.0006657428603638049,"[{'constraint': 'max_daily_average_grid_connection_ratio', 'actual': 1.0006657428603638, 'target': 1.0, 'operator': '<=', 'violation': 0.0006657428603638049, 'scaled_violation': 0.0006657428603638049}]",maximum scale-free violation at first failed capacity,"[1300.0, 1350.0]","[[0.0, 1300.0]]",False,1950.0,reclaimed_water_substitution_ratio
210,1.230981300271629,4.938988583469703,0.0016415095854538549,1400.0,1450.0,max_daily_average_grid_connection_ratio,0.008247547783027942,"[{'constraint': 'max_daily_average_grid_connection_ratio', 'actual': 1.008247547783028, 'target': 1.0, 'operator': '<=', 'violation': 0.008247547783027942, 'scaled_violation': 0.008247547783027942}]",maximum scale-free violation at first failed capacity,"[1400.0, 1450.0]","[[0.0, 1400.0]]",False,2000.0,
211,1.1773489770759835,7.049660235986861,0.007510363709884149,1400.0,1450.0,max_daily_average_grid_connection_ratio,0.007827368050339567,"[{'constraint': 'max_daily_average_grid_connection_ratio', 'actual': 1.0078273680503396, 'target': 1.0, 'operator': '<=', 'violation': 0.007827368050339567, 'scaled_violation': 0.007827368050339567}]",maximum scale-free violation at first failed capacity,"[1400.0, 1450.0]","[[0.0, 1400.0]]",False,2000.0,
212,1.2345854242369614,6.367283278049372,0.006959113029588992,1350.0,1400.0,max_daily_average_grid_connection_ratio,0.013900300464753323,"[{'constraint': 'max_daily_average_grid_connection_ratio', 'actual': 1.0139003004647533, 'target': 1.0, 'operator': '<=', 'violation': 0.013900300464753323, 'scaled_violation': 0.013900300464753323}]",maximum scale-free violation at first failed capacity,"[1350.0, 1400.0]","[[0.0, 1350.0]]",False,2000.0,
213,1.1798783517105356,6.127122235777199,0.0064634957544866395,1400.0,1450.0,max_daily_average_grid_connection_ratio,0.0022070036020740424,"[{'constraint': 'max_daily_average_grid_connection_ratio', 'actual': 1.002207003602074, 'target': 1.0, 'operator': '<=', 'violation': 0.0022070036020740424, 'scaled_violation': 0.0022070036020740424}]",maximum scale-free violation at first failed capacity,"[1400.0, 1450.0]","[[0.0, 1400.0]]",False,2000.0,
214,1.2266916565169974,5.896448083003107,0.004120663241386569,1400.0,1450.0,max_daily_average_grid_connection_ratio,0.022933548550830407,"[{'constraint': 'max_daily_average_grid_connection_ratio', 'actual': 1.0229335485508304, 'target': 1.0, 'operator': '<=', 'violation': 0.022933548550830407, 'scaled_violation': 0.022933548550830407}]",maximum scale-free violation at first failed capacity,"[1400.0, 1450.0]","[[0.0, 1400.0]]",False,2000.0,
215,1.3042532595109888,6.3225726899997445,0.005100339940613586,1300.0,1350.0,max_daily_average_grid_connection_ratio,0.017507933429344202,"[{'constraint': 'max_daily_average_grid_connection_ratio', 'actual': 1.0175079334293442, 'target': 1.0, 'operator': '<=', 'violation': 0.017507933429344202, 'scaled_violation': 0.017507933429344202}]",maximum scale-free violation at first failed capacity,"[1300.0, 1350.0]","[[0.0, 1300.0]]",False,1950.0,reclaimed_water_substitution_ratio
216,1.1246356826903448,5.756601846518194,0.002092251980810299,1550.0,1600.0,max_daily_average_grid_connection_ratio,0.021223760470701736,"[{'constraint': 'max_daily_average_grid_connection_ratio', 'actual': 1.0212237604707017, 'target': 1.0, 'operator': '<=', 'violation': 0.021223760470701736, 'scaled_violation': 0.021223760470701736}]",maximum scale-free violation at first failed capacity,"[1550.0, 1600.0]","[[0.0, 1550.0]]",False,2000.0,
217,1.2675612924347794,3.4400795327843405,0.007486083745562212,1250.0,1300.0,max_local_connection_ratio,0.002227182063093691,"[{'constraint': 'max_local_connection_ratio', 'actual': 1.0022271820630937, 'target': 1.0, 'operator': '<=', 'violation': 0.002227182063093691, 'scaled_violation': 0.002227182063093691}]",maximum scale-free violation at first failed capacity,"[1250.0, 1300.0]","[[0.0, 1250.0]]",False,1900.0,reclaimed_water_substitution_ratio
218,1.235638777776906,7.472535118020163,0.0069845451402484725,1350.0,1400.0,max_daily_average_grid_connection_ratio,0.014903221301331593,"[{'constraint': 'max_daily_average_grid_connection_ratio', 'actual': 1.0149032213013316, 'target': 1.0, 'operator': '<=', 'violation': 0.014903221301331593, 'scaled_violation': 0.014903221301331593}]",maximum scale-free violation at first failed capacity,"[1350.0, 1400.0]","[[0.0, 1350.0]]",False,2000.0,
219,1.168349257667609,3.4311256353997965,0.0051534473751343405,1400.0,1450.0,max_local_connection_ratio,0.018149071145910023,"[{'constraint': 'max_local_connection_ratio', 'actual': 1.01814907114591, 'target': 1.0, 'operator': '<=', 'violation': 0.018149071145910023, 'scaled_violation': 0.018149071145910023}]",maximum scale-free violation at first failed capacity,"[1400.0, 1450.0]","[[0.0, 1400.0]]",False,2000.0,
220,1.1665851427916958,8.641759558837109,0.005530558414323332,1450.0,1500.0,max_daily_average_grid_connection_ratio,0.018568242260674994,"[{'constraint': 'max_daily_average_grid_connection_ratio', 'actual': 1.018568242260675, 'target': 1.0, 'operator': '<=', 'violation': 0.018568242260674994, 'scaled_violation': 0.018568242260674994}]",maximum scale-free violation at first failed capacity,"[1450.0, 1500.0]","[[0.0, 1450.0]]",False,2000.0,
221,1.2876879221074025,4.711599890695172,0.005655298323114016,1300.0,1350.0,max_daily_average_grid_connection_ratio,0.008810540883010143,"[{'constraint': 'max_daily_average_grid_connection_ratio', 'actual': 1.0088105408830101, 'target': 1.0, 'operator': '<=', 'violation': 0.008810540883010143, 'scaled_violation': 0.008810540883010143}]",maximum scale-free violation at first failed capacity,"[1300.0, 1350.0]","[[0.0, 1300.0]]",False,1950.0,reclaimed_water_substitution_ratio
222,1.1395927473657232,5.744475493535105,0.0075593169677732035,1450.0,1500.0,max_daily_average_grid_connection_ratio,0.0113414225916324,"[{'constraint': 'max_daily_average_grid_connection_ratio', 'actual': 1.0113414225916324, 'target': 1.0, 'operator': '<=', 'violation': 0.0113414225916324, 'scaled_violation': 0.0113414225916324}]",maximum scale-free violation at first failed capacity,"[1450.0, 1500.0]","[[0.0, 1450.0]]",False,2000.0,
223,1.2017520502733607,8.300852523333043,0.004355073477254144,1400.0,1450.0,max_daily_average_grid_connection_ratio,0.004466936584329062,"[{'constraint': 'max_daily_average_grid_connection_ratio', 'actual': 1.004466936584329, 'target': 1.0, 'operator': '<=', 'violation': 0.004466936584329062, 'scaled_violation': 0.004466936584329062}]",maximum scale-free violation at first failed capacity,"[1400.0, 1450.0]","[[0.0, 1400.0]]",False,2000.0,
224,1.1763734734798328,8.996554673804752,0.007451958828083999,1400.0,1450.0,max_daily_average_grid_connection_ratio,0.006610136025983371,"[{'constraint': 'max_daily_average_grid_connection_ratio', 'actual': 1.0066101360259834, 'target': 1.0, 'operator': '<=', 'violation': 0.006610136025983371, 'scaled_violation': 0.006610136025983371}]",maximum scale-free violation at first failed capacity,"[1400.0, 1450.0]","[[0.0, 1400.0]]",False,2000.0,
225,1.3241220186209262,6.827849055214909,0.0038280498257957382,1300.0,1350.0,max_daily_average_grid_connection_ratio,0.023802907384297578,"[{'constraint': 'max_daily_average_grid_connection_ratio', 'actual': 1.0238029073842976, 'target': 1.0, 'operator': '<=', 'violation': 0.023802907384297578, 'scaled_violation': 0.023802907384297578}]",maximum scale-free violation at first failed capacity,"[1300.0, 1350.0]","[[0.0, 1300.0]]",False,1900.0,reclaimed_water_substitution_ratio
226,1.1920317750635405,8.712051647350322,0.0051274382610428364,1400.0,1450.0,max_daily_average_grid_connection_ratio,0.0022572631761721418,"[{'constraint': 'max_daily_average_grid_connection_ratio', 'actual': 1.0022572631761721, 'target': 1.0, 'operator': '<=', 'violation': 0.0022572631761721418, 'scaled_violation': 0.0022572631761721418}]",maximum scale-free violation at first failed capacity,"[1400.0, 1450.0]","[[0.0, 1400.0]]",False,2000.0,
227,1.226917696076727,3.2994168597092464,0.0013657706025605653,1350.0,1400.0,max_local_connection_ratio,0.01821070907843869,"[{'constraint': 'max_local_connection_ratio', 'actual': 1.0182107090784387, 'target': 1.0, 'operator': '<=', 'violation': 0.01821070907843869, 'scaled_violation': 0.01821070907843869}]",maximum scale-free violation at first failed capacity,"[1350.0, 1400.0]","[[0.0, 1350.0]]",False,1850.0,reclaimed_water_substitution_ratio
228,1.332039900449056,5.585054648519369,0.0014477076600746415,1300.0,1350.0,max_daily_average_grid_connection_ratio,0.013537334038157711,"[{'constraint': 'max_daily_average_grid_connection_ratio', 'actual': 1.0135373340381577, 'target': 1.0, 'operator': '<=', 'violation': 0.013537334038157711, 'scaled_violation': 0.013537334038157711}]",maximum scale-free violation at first failed capacity,"[1300.0, 1350.0]","[[0.0, 1300.0]]",False,1850.0,reclaimed_water_substitution_ratio
229,1.1534826258060455,5.7841503362117095,0.0021116543244352783,1500.0,1550.0,max_daily_average_grid_connection_ratio,0.014418105884550503,"[{'constraint': 'max_daily_average_grid_connection_ratio', 'actual': 1.0144181058845505, 'target': 1.0, 'operator': '<=', 'violation': 0.014418105884550503, 'scaled_violation': 0.014418105884550503}]",maximum scale-free violation at first failed capacity,"[1500.0, 1550.0]","[[0.0, 1500.0]]",False,2000.0,
230,1.1947883151653889,5.699233145270986,0.002731727477394788,1450.0,1500.0,max_daily_average_grid_connection_ratio,0.02097414776534179,"[{'constraint': 'max_daily_average_grid_connection_ratio', 'actual': 1.0209741477653418, 'target': 1.0, 'operator': '<=', 'violation': 0.02097414776534179, 'scaled_violation': 0.02097414776534179}]",maximum scale-free violation at first failed capacity,"[1450.0, 1500.0]","[[0.0, 1450.0]]",False,2000.0,
231,1.2774615880821234,4.10343927923945,0.0037056404248502735,1350.0,1400.0,max_daily_average_grid_connection_ratio,0.02439607118212006,"[{'constraint': 'max_daily_average_grid_connection_ratio', 'actual': 1.02439607118212, 'target': 1.0, 'operator': '<=', 'violation': 0.02439607118212006, 'scaled_violation': 0.02439607118212006}]",maximum scale-free violation at first failed capacity,"[1350.0, 1400.0]","[[0.0, 1350.0]]",False,1900.0,reclaimed_water_substitution_ratio
232,1.2383548763161643,6.727401502311117,0.007450714649356522,1350.0,1400.0,max_daily_average_grid_connection_ratio,0.020322085166614157,"[{'constraint': 'max_daily_average_grid_connection_ratio', 'actual': 1.0203220851666142, 'target': 1.0, 'operator': '<=', 'violation': 0.020322085166614157, 'scaled_violation': 0.020322085166614157}]",maximum scale-free violation at first failed capacity,"[1350.0, 1400.0]","[[0.0, 1350.0]]",False,2000.0,
233,1.353724349279826,3.0720583801328383,0.006206166540113701,1150.0,1200.0,max_local_connection_ratio,0.02355147580660666,"[{'constraint': 'max_local_connection_ratio', 'actual': 1.0235514758066067, 'target': 1.0, 'operator': '<=', 'violation': 0.02355147580660666, 'scaled_violation': 0.02355147580660666}]",maximum scale-free violation at first failed capacity,"[1150.0, 1200.0]","[[0.0, 1150.0]]",False,1700.0,reclaimed_water_substitution_ratio
234,1.2722904786147902,4.7946362465057435,0.005294381771294997,1350.0,1400.0,max_daily_average_grid_connection_ratio,0.031590298001762385,"[{'constraint': 'max_daily_average_grid_connection_ratio', 'actual': 1.0315902980017624, 'target': 1.0, 'operator': '<=', 'violation': 0.031590298001762385, 'scaled_violation': 0.031590298001762385}]",maximum scale-free violation at first failed capacity,"[1350.0, 1400.0]","[[0.0, 1350.0]]",False,1950.0,reclaimed_water_substitution_ratio
235,1.2804362647997494,8.174149528625414,0.006617575820783084,1300.0,1350.0,max_daily_average_grid_connection_ratio,0.009908326617779961,"[{'constraint': 'max_daily_average_grid_connection_ratio', 'actual': 1.00990832661778, 'target': 1.0, 'operator': '<=', 'violation': 0.009908326617779961, 'scaled_violation': 0.009908326617779961}]",maximum scale-free violation at first failed capacity,"[1300.0, 1350.0]","[[0.0, 1300.0]]",False,2000.0,
236,1.121046965386767,6.024935723364561,0.0008604098117737805,1550.0,1600.0,max_daily_average_grid_connection_ratio,0.008063522161360082,"[{'constraint': 'max_daily_average_grid_connection_ratio', 'actual': 1.00806352216136, 'target': 1.0, 'operator': '<=', 'violation': 0.008063522161360082, 'scaled_violation': 0.008063522161360082}]",maximum scale-free violation at first failed capacity,"[1550.0, 1600.0]","[[0.0, 1550.0]]",False,2000.0,
237,1.3391847220345294,8.73578998895543,0.0031916641532074076,1300.0,1350.0,max_daily_average_grid_connection_ratio,0.030812843069313756,"[{'constraint': 'max_daily_average_grid_connection_ratio', 'actual': 1.0308128430693138, 'target': 1.0, 'operator': '<=', 'violation': 0.030812843069313756, 'scaled_violation': 0.030812843069313756}]",maximum scale-free violation at first failed capacity,"[1300.0, 1350.0]","[[0.0, 1300.0]]",False,1900.0,reclaimed_water_substitution_ratio
238,1.3245152598836496,3.876752559865965,0.0021470796965760725,1300.0,1350.0,max_daily_average_grid_connection_ratio,0.01263668158560649,"[{'constraint': 'max_daily_average_grid_connection_ratio', 'actual': 1.0126366815856065, 'target': 1.0, 'operator': '<=', 'violation': 0.01263668158560649, 'scaled_violation': 0.01263668158560649}, {'constraint': 'max_local_connection_ratio', 'actual': 1.0046608344297527, 'target': 1.0, 'operator': '<=', 'violation': 0.004660834429752736, 'scaled_violation': 0.004660834429752736}]",maximum scale-free violation at first failed capacity,"[1300.0, 1350.0]","[[0.0, 1300.0]]",False,1750.0,reclaimed_water_substitution_ratio
239,1.145411820451079,3.9270308190811902,0.0011846366698859611,1500.0,1550.0,max_daily_average_grid_connection_ratio,0.00017817753133164693,"[{'constraint': 'max_daily_average_grid_connection_ratio', 'actual': 1.0001781775313316, 'target': 1.0, 'operator': '<=', 'violation': 0.00017817753133164693, 'scaled_violation': 0.00017817753133164693}]",maximum scale-free violation at first failed capacity,"[1500.0, 1550.0]","[[0.0, 1500.0]]",False,2000.0,
240,1.1503345700934087,6.74934830779858,0.006999303241581892,1450.0,1500.0,max_daily_average_grid_connection_ratio,0.01609144298056564,"[{'constraint': 'max_daily_average_grid_connection_ratio', 'actual': 1.0160914429805656, 'target': 1.0, 'operator': '<=', 'violation': 0.01609144298056564, 'scaled_violation': 0.01609144298056564}]",maximum scale-free violation at first failed capacity,"[1450.0, 1500.0]","[[0.0, 1450.0]]",False,2000.0,
241,1.1224397686995058,7.2107721276616,0.005831860659143307,1500.0,1550.0,max_daily_average_grid_connection_ratio,0.01668901972816217,"[{'constraint': 'max_daily_average_grid_connection_ratio', 'actual': 1.0166890197281622, 'target': 1.0, 'operator': '<=', 'violation': 0.01668901972816217, 'scaled_violation': 0.01668901972816217}]",maximum scale-free violation at first failed capacity,"[1500.0, 1550.0]","[[0.0, 1500.0]]",False,2000.0,
242,1.357674207021493,3.2992647462177027,0.0009510986302598105,1200.0,1250.0,max_local_connection_ratio,0.0023034919023667833,"[{'constraint': 'max_local_connection_ratio', 'actual': 1.0023034919023668, 'target': 1.0, 'operator': '<=', 'violation': 0.0023034919023667833, 'scaled_violation': 0.0023034919023667833}]",maximum scale-free violation at first failed capacity,"[1200.0, 1250.0]","[[0.0, 1200.0]]",False,1650.0,reclaimed_water_substitution_ratio
243,1.2822923539851112,4.479312648835144,0.004285371642642078,1350.0,1400.0,max_daily_average_grid_connection_ratio,0.03227036515519077,"[{'constraint': 'max_daily_average_grid_connection_ratio', 'actual': 1.0322703651551908, 'target': 1.0, 'operator': '<=', 'violation': 0.03227036515519077, 'scaled_violation': 0.03227036515519077}]",maximum scale-free violation at first failed capacity,"[1350.0, 1400.0]","[[0.0, 1350.0]]",False,1900.0,reclaimed_water_substitution_ratio
244,1.2436567098168985,8.646635204350197,0.0033347106422484504,1400.0,1450.0,max_daily_average_grid_connection_ratio,0.030906853986958804,"[{'constraint': 'max_daily_average_grid_connection_ratio', 'actual': 1.0309068539869588, 'target': 1.0, 'operator': '<=', 'violation': 0.030906853986958804, 'scaled_violation': 0.030906853986958804}]",maximum scale-free violation at first failed capacity,"[1400.0, 1450.0]","[[0.0, 1400.0]]",False,2000.0,
245,1.2692910818424545,4.028281274942469,0.003418194236989798,1350.0,1400.0,max_daily_average_grid_connection_ratio,0.01597905664839172,"[{'constraint': 'max_daily_average_grid_connection_ratio', 'actual': 1.0159790566483917, 'target': 1.0, 'operator': '<=', 'violation': 0.01597905664839172, 'scaled_violation': 0.01597905664839172}]",maximum scale-free violation at first failed capacity,"[1350.0, 1400.0]","[[0.0, 1350.0]]",False,1900.0,reclaimed_water_substitution_ratio
246,1.1211526956169802,5.695753423252224,0.0015003953970593538,1550.0,1600.0,max_daily_average_grid_connection_ratio,0.013330157396927556,"[{'constraint': 'max_daily_average_grid_connection_ratio', 'actual': 1.0133301573969276, 'target': 1.0, 'operator': '<=', 'violation': 0.013330157396927556, 'scaled_violation': 0.013330157396927556}]",maximum scale-free violation at first failed capacity,"[1550.0, 1600.0]","[[0.0, 1550.0]]",False,2000.0,
247,1.2491100674511175,5.251801873751168,0.0007733229186096378,1400.0,1450.0,max_daily_average_grid_connection_ratio,0.016560348184768925,"[{'constraint': 'max_daily_average_grid_connection_ratio', 'actual': 1.016560348184769, 'target': 1.0, 'operator': '<=', 'violation': 0.016560348184768925, 'scaled_violation': 0.016560348184768925}]",maximum scale-free violation at first failed capacity,"[1400.0, 1450.0]","[[0.0, 1400.0]]",False,1950.0,reclaimed_water_substitution_ratio
248,1.203337457987235,8.796312570092764,0.006482248964212121,1400.0,1450.0,max_daily_average_grid_connection_ratio,0.021329652388630382,"[{'constraint': 'max_daily_average_grid_connection_ratio', 'actual': 1.0213296523886304, 'target': 1.0, 'operator': '<=', 'violation': 0.021329652388630382, 'scaled_violation': 0.021329652388630382}]",maximum scale-free violation at first failed capacity,"[1400.0, 1450.0]","[[0.0, 1400.0]]",False,2000.0,
249,1.126942739709013,3.420150654812439,0.0027374852956626957,1500.0,1550.0,max_local_connection_ratio,0.03295319350875081,"[{'constraint': 'max_local_connection_ratio', 'actual': 1.0329531935087508, 'target': 1.0, 'operator': '<=', 'violation': 0.03295319350875081, 'scaled_violation': 0.03295319350875081}, {'constraint': 'max_wtw_utilization', 'actual': 0.9512938906166456, 'target': 0.95, 'operator': '<=', 'violation': 0.0012938906166456432, 'scaled_violation': 0.0013619901227848877}]",maximum scale-free violation at first failed capacity,"[1500.0, 1550.0]","[[0.0, 1500.0]]",False,2000.0,
250,1.1264151715108661,6.353018669020792,0.006274871477560562,1500.0,1550.0,max_daily_average_grid_connection_ratio,0.023596594295340223,"[{'constraint': 'max_daily_average_grid_connection_ratio', 'actual': 1.0235965942953402, 'target': 1.0, 'operator': '<=', 'violation': 0.023596594295340223, 'scaled_violation': 0.023596594295340223}]",maximum scale-free violation at first failed capacity,"[1500.0, 1550.0]","[[0.0, 1500.0]]",False,2000.0,
251,1.318826295260334,8.266683878014046,0.006871732613645761,1250.0,1300.0,max_daily_average_grid_connection_ratio,0.002028001880929331,"[{'constraint': 'max_daily_average_grid_connection_ratio', 'actual': 1.0020280018809293, 'target': 1.0, 'operator': '<=', 'violation': 0.002028001880929331, 'scaled_violation': 0.002028001880929331}]",maximum scale-free violation at first failed capacity,"[1250.0, 1300.0]","[[0.0, 1250.0]]",False,1950.0,reclaimed_water_substitution_ratio
252,1.2686590430717688,8.256967994160508,0.004972947455686832,1350.0,1400.0,max_daily_average_grid_connection_ratio,0.026479704067336796,"[{'constraint': 'max_daily_average_grid_connection_ratio', 'actual': 1.0264797040673368, 'target': 1.0, 'operator': '<=', 'violation': 0.026479704067336796, 'scaled_violation': 0.026479704067336796}]",maximum scale-free violation at first failed capacity,"[1350.0, 1400.0]","[[0.0, 1350.0]]",False,2000.0,
253,1.284648092009893,8.336852390670439,0.007079140525331373,1300.0,1350.0,max_daily_average_grid_connection_ratio,0.016229261135005668,"[{'constraint': 'max_daily_average_grid_connection_ratio', 'actual': 1.0162292611350057, 'target': 1.0, 'operator': '<=', 'violation': 0.016229261135005668, 'scaled_violation': 0.016229261135005668}]",maximum scale-free violation at first failed capacity,"[1300.0, 1350.0]","[[0.0, 1300.0]]",False,2000.0,
254,1.1433963883350153,5.05715198230961,0.0033471910280866903,1500.0,1550.0,max_daily_average_grid_connection_ratio,0.015365717511902854,"[{'constraint': 'max_daily_average_grid_connection_ratio', 'actual': 1.0153657175119029, 'target': 1.0, 'operator': '<=', 'violation': 0.015365717511902854, 'scaled_violation': 0.015365717511902854}]",maximum scale-free violation at first failed capacity,"[1500.0, 1550.0]","[[0.0, 1500.0]]",False,2000.0,
255,1.3201343248500126,5.4117058540725065,0.004469406150794013,1300.0,1350.0,max_daily_average_grid_connection_ratio,0.025171664813814942,"[{'constraint': 'max_daily_average_grid_connection_ratio', 'actual': 1.025171664813815, 'target': 1.0, 'operator': '<=', 'violation': 0.025171664813814942, 'scaled_violation': 0.025171664813814942}]",maximum scale-free violation at first failed capacity,"[1300.0, 1350.0]","[[0.0, 1300.0]]",False,1900.0,reclaimed_water_substitution_ratio
