sample_id,components.AI_DC1.base_pue,components.AI_DC1.cooling.cycles_of_concentration,components.AI_DC1.temperature_coefficient,maximum_safe_ai_capacity_mw,first_failed_capacity_mw,limiting_constraint,constraint_margin,failed_constraints,limiting_constraint_basis,threshold_interval_mw,feasible_intervals_mw,reentrant_feasibility,policy_maximum_safe_ai_capacity_mw,policy_limiting_constraint
0,1.350547802490836,3.518997545148146,0.007216524188131672,1200.0,1250.0,max_local_connection_ratio,0.013184025670077038,"[{'constraint': 'max_local_connection_ratio', 'actual': 1.013184025670077, 'target': 1.0, 'operator': '<=', 'violation': 0.013184025670077038, 'scaled_violation': 0.013184025670077038}]",maximum scale-free violation at first failed capacity,"[1200.0, 1250.0]","[[0.0, 1200.0]]",False,1750.0,reclaimed_water_substitution_ratio
1,1.3434312891655673,8.844553314883335,0.007854074086055913,1250.0,1300.0,max_daily_average_grid_connection_ratio,0.026331214353700227,"[{'constraint': 'max_daily_average_grid_connection_ratio', 'actual': 1.0263312143537002, 'target': 1.0, 'operator': '<=', 'violation': 0.026331214353700227, 'scaled_violation': 0.026331214353700227}]",maximum scale-free violation at first failed capacity,"[1250.0, 1300.0]","[[0.0, 1250.0]]",False,1950.0,reclaimed_water_substitution_ratio
2,1.3507006254888227,4.631715063987052,0.0077688041371753395,1250.0,1300.0,max_daily_average_grid_connection_ratio,0.031045731051451586,"[{'constraint': 'max_daily_average_grid_connection_ratio', 'actual': 1.0310457310514516, 'target': 1.0, 'operator': '<=', 'violation': 0.031045731051451586, 'scaled_violation': 0.031045731051451586}]",maximum scale-free violation at first failed capacity,"[1250.0, 1300.0]","[[0.0, 1250.0]]",False,1900.0,reclaimed_water_substitution_ratio
3,1.1527951589938052,3.784412457203942,0.007449709658884109,1450.0,1500.0,max_daily_average_grid_connection_ratio,0.02156402429369475,"[{'constraint': 'max_daily_average_grid_connection_ratio', 'actual': 1.0215640242936948, 'target': 1.0, 'operator': '<=', 'violation': 0.02156402429369475, 'scaled_violation': 0.02156402429369475}, {'constraint': 'max_local_connection_ratio', 'actual': 1.0215275008577647, 'target': 1.0, 'operator': '<=', 'violation': 0.02152750085776467, 'scaled_violation': 0.02152750085776467}]",maximum scale-free violation at first failed capacity,"[1450.0, 1500.0]","[[0.0, 1450.0]]",False,2000.0,
4,1.2483308964271582,3.8521632045468817,0.006352656469587003,1350.0,1400.0,max_daily_average_grid_connection_ratio,0.02035224167863281,"[{'constraint': 'max_daily_average_grid_connection_ratio', 'actual': 1.0203522416786328, 'target': 1.0, 'operator': '<=', 'violation': 0.02035224167863281, 'scaled_violation': 0.02035224167863281}, {'constraint': 'max_local_connection_ratio', 'actual': 1.0143953852901535, 'target': 1.0, 'operator': '<=', 'violation': 0.014395385290153495, 'scaled_violation': 0.014395385290153495}]",maximum scale-free violation at first failed capacity,"[1350.0, 1400.0]","[[0.0, 1350.0]]",False,1950.0,reclaimed_water_substitution_ratio
5,1.1962657544102153,3.25275685502995,0.0022827843914330972,1350.0,1400.0,max_local_connection_ratio,0.005670683087258821,"[{'constraint': 'max_local_connection_ratio', 'actual': 1.0056706830872588, 'target': 1.0, 'operator': '<=', 'violation': 0.005670683087258821, 'scaled_violation': 0.005670683087258821}]",maximum scale-free violation at first failed capacity,"[1350.0, 1400.0]","[[0.0, 1350.0]]",False,1900.0,reclaimed_water_substitution_ratio
6,1.3506348104532715,3.430375818622956,0.00736160952042955,1200.0,1250.0,max_local_connection_ratio,0.02392072263766032,"[{'constraint': 'max_local_connection_ratio', 'actual': 1.0239207226376603, 'target': 1.0, 'operator': '<=', 'violation': 0.02392072263766032, 'scaled_violation': 0.02392072263766032}]",maximum scale-free violation at first failed capacity,"[1200.0, 1250.0]","[[0.0, 1200.0]]",False,1750.0,reclaimed_water_substitution_ratio
7,1.2547657814381696,6.1178299625151435,0.0008215830758164248,1400.0,1450.0,max_daily_average_grid_connection_ratio,0.021490942252342604,"[{'constraint': 'max_daily_average_grid_connection_ratio', 'actual': 1.0214909422523426, 'target': 1.0, 'operator': '<=', 'violation': 0.021490942252342604, 'scaled_violation': 0.021490942252342604}]",maximum scale-free violation at first failed capacity,"[1400.0, 1450.0]","[[0.0, 1400.0]]",False,2000.0,
8,1.3597338773818568,4.908806853235658,0.006517139518065741,1250.0,1300.0,max_daily_average_grid_connection_ratio,0.02938103878570031,"[{'constraint': 'max_daily_average_grid_connection_ratio', 'actual': 1.0293810387857003, 'target': 1.0, 'operator': '<=', 'violation': 0.02938103878570031, 'scaled_violation': 0.02938103878570031}]",maximum scale-free violation at first failed capacity,"[1250.0, 1300.0]","[[0.0, 1250.0]]",False,1850.0,reclaimed_water_substitution_ratio
9,1.1741395813807167,4.170554990739367,0.0008807231249121729,1500.0,1550.0,max_daily_average_grid_connection_ratio,0.022651350443650964,"[{'constraint': 'max_daily_average_grid_connection_ratio', 'actual': 1.022651350443651, 'target': 1.0, 'operator': '<=', 'violation': 0.022651350443650964, 'scaled_violation': 0.022651350443650964}]",maximum scale-free violation at first failed capacity,"[1500.0, 1550.0]","[[0.0, 1500.0]]",False,2000.0,
10,1.2045767630819852,8.091786411099513,0.004367595302342335,1400.0,1450.0,max_daily_average_grid_connection_ratio,0.006844668986493607,"[{'constraint': 'max_daily_average_grid_connection_ratio', 'actual': 1.0068446689864936, 'target': 1.0, 'operator': '<=', 'violation': 0.006844668986493607, 'scaled_violation': 0.006844668986493607}]",maximum scale-free violation at first failed capacity,"[1400.0, 1450.0]","[[0.0, 1400.0]]",False,2000.0,
11,1.2179946801508055,5.711451451939739,0.0031595723634699415,1400.0,1450.0,max_daily_average_grid_connection_ratio,0.008856013373473859,"[{'constraint': 'max_daily_average_grid_connection_ratio', 'actual': 1.0088560133734739, 'target': 1.0, 'operator': '<=', 'violation': 0.008856013373473859, 'scaled_violation': 0.008856013373473859}]",maximum scale-free violation at first failed capacity,"[1400.0, 1450.0]","[[0.0, 1400.0]]",False,2000.0,
12,1.2071054944027784,5.402550061812484,0.001057993338344651,1450.0,1500.0,max_daily_average_grid_connection_ratio,0.018604775720908462,"[{'constraint': 'max_daily_average_grid_connection_ratio', 'actual': 1.0186047757209085, 'target': 1.0, 'operator': '<=', 'violation': 0.018604775720908462, 'scaled_violation': 0.018604775720908462}]",maximum scale-free violation at first failed capacity,"[1450.0, 1500.0]","[[0.0, 1450.0]]",False,2000.0,
13,1.2572250200606916,3.426105047575522,0.006515292716816187,1300.0,1350.0,max_local_connection_ratio,0.02746249586474292,"[{'constraint': 'max_local_connection_ratio', 'actual': 1.027462495864743, 'target': 1.0, 'operator': '<=', 'violation': 0.02746249586474292, 'scaled_violation': 0.02746249586474292}, {'constraint': 'max_wtw_utilization', 'actual': 0.9502703164378774, 'target': 0.95, 'operator': '<=', 'violation': 0.0002703164378774492, 'scaled_violation': 0.0002845436188183676}]",maximum scale-free violation at first failed capacity,"[1300.0, 1350.0]","[[0.0, 1300.0]]",False,1900.0,reclaimed_water_substitution_ratio
14,1.346241170778046,5.808106864480147,0.0026584935218112965,1300.0,1350.0,max_daily_average_grid_connection_ratio,0.032494048732112146,"[{'constraint': 'max_daily_average_grid_connection_ratio', 'actual': 1.0324940487321121, 'target': 1.0, 'operator': '<=', 'violation': 0.032494048732112146, 'scaled_violation': 0.032494048732112146}]",maximum scale-free violation at first failed capacity,"[1300.0, 1350.0]","[[0.0, 1300.0]]",False,1850.0,reclaimed_water_substitution_ratio
15,1.236248052513507,5.344974549478962,0.0014461939169717543,1400.0,1450.0,max_daily_average_grid_connection_ratio,0.011079382861695297,"[{'constraint': 'max_daily_average_grid_connection_ratio', 'actual': 1.0110793828616953, 'target': 1.0, 'operator': '<=', 'violation': 0.011079382861695297, 'scaled_violation': 0.011079382861695297}]",maximum scale-free violation at first failed capacity,"[1400.0, 1450.0]","[[0.0, 1400.0]]",False,2000.0,
16,1.3166723210763425,5.492341064893763,0.0076086228922812305,1250.0,1300.0,max_daily_average_grid_connection_ratio,0.005303880471059452,"[{'constraint': 'max_daily_average_grid_connection_ratio', 'actual': 1.0053038804710595, 'target': 1.0, 'operator': '<=', 'violation': 0.005303880471059452, 'scaled_violation': 0.005303880471059452}]",maximum scale-free violation at first failed capacity,"[1250.0, 1300.0]","[[0.0, 1250.0]]",False,2000.0,
17,1.1759654024261714,4.672807101858886,0.003923537539199582,1450.0,1500.0,max_daily_average_grid_connection_ratio,0.014245544842942826,"[{'constraint': 'max_daily_average_grid_connection_ratio', 'actual': 1.0142455448429428, 'target': 1.0, 'operator': '<=', 'violation': 0.014245544842942826, 'scaled_violation': 0.014245544842942826}]",maximum scale-free violation at first failed capacity,"[1450.0, 1500.0]","[[0.0, 1450.0]]",False,2000.0,
18,1.3343651682776214,3.251044198307013,0.005880825588066307,1200.0,1250.0,max_local_connection_ratio,0.024067054275475064,"[{'constraint': 'max_local_connection_ratio', 'actual': 1.024067054275475, 'target': 1.0, 'operator': '<=', 'violation': 0.024067054275475064, 'scaled_violation': 0.024067054275475064}]",maximum scale-free violation at first failed capacity,"[1200.0, 1250.0]","[[0.0, 1200.0]]",False,1750.0,reclaimed_water_substitution_ratio
19,1.2565258110777813,4.098541921295184,0.0045721141038216374,1350.0,1400.0,max_daily_average_grid_connection_ratio,0.014164445541501314,"[{'constraint': 'max_daily_average_grid_connection_ratio', 'actual': 1.0141644455415013, 'target': 1.0, 'operator': '<=', 'violation': 0.014164445541501314, 'scaled_violation': 0.014164445541501314}]",maximum scale-free violation at first failed capacity,"[1350.0, 1400.0]","[[0.0, 1350.0]]",False,1950.0,reclaimed_water_substitution_ratio
20,1.1608358202650417,5.325787940572167,0.0052443578003633085,1450.0,1500.0,max_daily_average_grid_connection_ratio,0.011586464697593835,"[{'constraint': 'max_daily_average_grid_connection_ratio', 'actual': 1.0115864646975938, 'target': 1.0, 'operator': '<=', 'violation': 0.011586464697593835, 'scaled_violation': 0.011586464697593835}]",maximum scale-free violation at first failed capacity,"[1450.0, 1500.0]","[[0.0, 1450.0]]",False,2000.0,
21,1.2204806514715432,7.799193569463259,0.0035159461430836134,1400.0,1450.0,max_daily_average_grid_connection_ratio,0.01347801225255063,"[{'constraint': 'max_daily_average_grid_connection_ratio', 'actual': 1.0134780122525506, 'target': 1.0, 'operator': '<=', 'violation': 0.01347801225255063, 'scaled_violation': 0.01347801225255063}]",maximum scale-free violation at first failed capacity,"[1400.0, 1450.0]","[[0.0, 1400.0]]",False,2000.0,
22,1.16952003909512,5.4891705775996185,0.0068882889031720036,1450.0,1500.0,max_daily_average_grid_connection_ratio,0.03131239973154165,"[{'constraint': 'max_daily_average_grid_connection_ratio', 'actual': 1.0313123997315417, 'target': 1.0, 'operator': '<=', 'violation': 0.03131239973154165, 'scaled_violation': 0.03131239973154165}]",maximum scale-free violation at first failed capacity,"[1450.0, 1500.0]","[[0.0, 1450.0]]",False,2000.0,
23,1.2679924290327036,4.719866165251827,0.00579199137947649,1350.0,1400.0,max_daily_average_grid_connection_ratio,0.03175073025864372,"[{'constraint': 'max_daily_average_grid_connection_ratio', 'actual': 1.0317507302586437, 'target': 1.0, 'operator': '<=', 'violation': 0.03175073025864372, 'scaled_violation': 0.03175073025864372}]",maximum scale-free violation at first failed capacity,"[1350.0, 1400.0]","[[0.0, 1350.0]]",False,2000.0,
24,1.3200236007421233,6.241563703306038,0.004029279041126004,1300.0,1350.0,max_daily_average_grid_connection_ratio,0.02208701229293908,"[{'constraint': 'max_daily_average_grid_connection_ratio', 'actual': 1.022087012292939, 'target': 1.0, 'operator': '<=', 'violation': 0.02208701229293908, 'scaled_violation': 0.02208701229293908}]",maximum scale-free violation at first failed capacity,"[1300.0, 1350.0]","[[0.0, 1300.0]]",False,1950.0,reclaimed_water_substitution_ratio
25,1.2627955564601856,6.148016768021126,0.006721201623477014,1350.0,1400.0,max_daily_average_grid_connection_ratio,0.034260919403600765,"[{'constraint': 'max_daily_average_grid_connection_ratio', 'actual': 1.0342609194036008, 'target': 1.0, 'operator': '<=', 'violation': 0.034260919403600765, 'scaled_violation': 0.034260919403600765}]",maximum scale-free violation at first failed capacity,"[1350.0, 1400.0]","[[0.0, 1350.0]]",False,2000.0,
26,1.1626673159806562,8.574336882571142,0.0038076368620596317,1450.0,1500.0,max_daily_average_grid_connection_ratio,0.00223424684629836,"[{'constraint': 'max_daily_average_grid_connection_ratio', 'actual': 1.0022342468462984, 'target': 1.0, 'operator': '<=', 'violation': 0.00223424684629836, 'scaled_violation': 0.00223424684629836}]",maximum scale-free violation at first failed capacity,"[1450.0, 1500.0]","[[0.0, 1450.0]]",False,2000.0,
27,1.2215934979128178,5.237661139914209,0.0014357544152622502,1450.0,1500.0,max_daily_average_grid_connection_ratio,0.033596299500552096,"[{'constraint': 'max_daily_average_grid_connection_ratio', 'actual': 1.033596299500552, 'target': 1.0, 'operator': '<=', 'violation': 0.033596299500552096, 'scaled_violation': 0.033596299500552096}]",maximum scale-free violation at first failed capacity,"[1450.0, 1500.0]","[[0.0, 1450.0]]",False,2000.0,
28,1.2160557258526572,8.733035607013168,0.002338427644886381,1400.0,1450.0,max_daily_average_grid_connection_ratio,0.001272680720957764,"[{'constraint': 'max_daily_average_grid_connection_ratio', 'actual': 1.0012726807209578, 'target': 1.0, 'operator': '<=', 'violation': 0.001272680720957764, 'scaled_violation': 0.001272680720957764}]",maximum scale-free violation at first failed capacity,"[1400.0, 1450.0]","[[0.0, 1400.0]]",False,2000.0,
29,1.21427290957426,5.955922336170511,0.00440452300048076,1400.0,1450.0,max_daily_average_grid_connection_ratio,0.014962158027979955,"[{'constraint': 'max_daily_average_grid_connection_ratio', 'actual': 1.01496215802798, 'target': 1.0, 'operator': '<=', 'violation': 0.014962158027979955, 'scaled_violation': 0.014962158027979955}]",maximum scale-free violation at first failed capacity,"[1400.0, 1450.0]","[[0.0, 1400.0]]",False,2000.0,
30,1.15846462837584,8.592545557948078,0.004303882782899121,1450.0,1500.0,max_daily_average_grid_connection_ratio,0.002475643402133798,"[{'constraint': 'max_daily_average_grid_connection_ratio', 'actual': 1.0024756434021338, 'target': 1.0, 'operator': '<=', 'violation': 0.002475643402133798, 'scaled_violation': 0.002475643402133798}]",maximum scale-free violation at first failed capacity,"[1450.0, 1500.0]","[[0.0, 1450.0]]",False,2000.0,
31,1.1520961559531824,6.419444397708393,0.0021552627612207737,1500.0,1550.0,max_daily_average_grid_connection_ratio,0.013560081413649838,"[{'constraint': 'max_daily_average_grid_connection_ratio', 'actual': 1.0135600814136498, 'target': 1.0, 'operator': '<=', 'violation': 0.013560081413649838, 'scaled_violation': 0.013560081413649838}]",maximum scale-free violation at first failed capacity,"[1500.0, 1550.0]","[[0.0, 1500.0]]",False,2000.0,
32,1.2982200008344418,4.308316535320393,0.005093514927813337,1300.0,1350.0,max_daily_average_grid_connection_ratio,0.012915453960404832,"[{'constraint': 'max_daily_average_grid_connection_ratio', 'actual': 1.0129154539604048, 'target': 1.0, 'operator': '<=', 'violation': 0.012915453960404832, 'scaled_violation': 0.012915453960404832}]",maximum scale-free violation at first failed capacity,"[1300.0, 1350.0]","[[0.0, 1300.0]]",False,1900.0,reclaimed_water_substitution_ratio
33,1.172254399812599,6.548526559982124,0.00796115620509617,1400.0,1450.0,max_daily_average_grid_connection_ratio,0.007006012052811261,"[{'constraint': 'max_daily_average_grid_connection_ratio', 'actual': 1.0070060120528113, 'target': 1.0, 'operator': '<=', 'violation': 0.007006012052811261, 'scaled_violation': 0.007006012052811261}]",maximum scale-free violation at first failed capacity,"[1400.0, 1450.0]","[[0.0, 1400.0]]",False,2000.0,
34,1.2243583851963118,4.995778623371492,0.007510661476205051,1350.0,1400.0,max_daily_average_grid_connection_ratio,0.009809330568879115,"[{'constraint': 'max_daily_average_grid_connection_ratio', 'actual': 1.0098093305688791, 'target': 1.0, 'operator': '<=', 'violation': 0.009809330568879115, 'scaled_violation': 0.009809330568879115}]",maximum scale-free violation at first failed capacity,"[1350.0, 1400.0]","[[0.0, 1350.0]]",False,2000.0,
35,1.2186646653350002,4.502735253730625,0.005753904623665226,1400.0,1450.0,max_daily_average_grid_connection_ratio,0.028399388930254732,"[{'constraint': 'max_daily_average_grid_connection_ratio', 'actual': 1.0283993889302547, 'target': 1.0, 'operator': '<=', 'violation': 0.028399388930254732, 'scaled_violation': 0.028399388930254732}]",maximum scale-free violation at first failed capacity,"[1400.0, 1450.0]","[[0.0, 1400.0]]",False,2000.0,
36,1.184354132692652,8.183639784676565,0.006537109409531979,1400.0,1450.0,max_daily_average_grid_connection_ratio,0.006368377426809069,"[{'constraint': 'max_daily_average_grid_connection_ratio', 'actual': 1.006368377426809, 'target': 1.0, 'operator': '<=', 'violation': 0.006368377426809069, 'scaled_violation': 0.006368377426809069}]",maximum scale-free violation at first failed capacity,"[1400.0, 1450.0]","[[0.0, 1400.0]]",False,2000.0,
37,1.3004402700782622,4.337241324245135,0.0014594224172049869,1350.0,1400.0,max_daily_average_grid_connection_ratio,0.026467065456990957,"[{'constraint': 'max_daily_average_grid_connection_ratio', 'actual': 1.026467065456991, 'target': 1.0, 'operator': '<=', 'violation': 0.026467065456990957, 'scaled_violation': 0.026467065456990957}]",maximum scale-free violation at first failed capacity,"[1350.0, 1400.0]","[[0.0, 1350.0]]",False,1850.0,reclaimed_water_substitution_ratio
38,1.242694558484366,3.5975847322883316,0.005707967466487558,1350.0,1400.0,max_local_connection_ratio,0.029121414830328485,"[{'constraint': 'max_local_connection_ratio', 'actual': 1.0291214148303285, 'target': 1.0, 'operator': '<=', 'violation': 0.029121414830328485, 'scaled_violation': 0.029121414830328485}, {'constraint': 'max_daily_average_grid_connection_ratio', 'actual': 1.0113891322712323, 'target': 1.0, 'operator': '<=', 'violation': 0.011389132271232283, 'scaled_violation': 0.011389132271232283}, {'constraint': 'max_wtw_utilization', 'actual': 0.9510162274331453, 'target': 0.95, 'operator': '<=', 'violation': 0.0010162274331453336, 'scaled_violation': 0.0010697130875214039}]",maximum scale-free violation at first failed capacity,"[1350.0, 1400.0]","[[0.0, 1350.0]]",False,1900.0,reclaimed_water_substitution_ratio
39,1.18966241100378,8.48888570961246,0.007989789312788974,1400.0,1450.0,max_daily_average_grid_connection_ratio,0.021303911334100256,"[{'constraint': 'max_daily_average_grid_connection_ratio', 'actual': 1.0213039113341003, 'target': 1.0, 'operator': '<=', 'violation': 0.021303911334100256, 'scaled_violation': 0.021303911334100256}]",maximum scale-free violation at first failed capacity,"[1400.0, 1450.0]","[[0.0, 1400.0]]",False,2000.0,
40,1.2912444692971374,5.472215831700627,0.005391908480636776,1300.0,1350.0,max_daily_average_grid_connection_ratio,0.009694274304018258,"[{'constraint': 'max_daily_average_grid_connection_ratio', 'actual': 1.0096942743040183, 'target': 1.0, 'operator': '<=', 'violation': 0.009694274304018258, 'scaled_violation': 0.009694274304018258}]",maximum scale-free violation at first failed capacity,"[1300.0, 1350.0]","[[0.0, 1300.0]]",False,2000.0,
41,1.3031683989235419,5.411384141508466,0.00650790565544615,1300.0,1350.0,max_daily_average_grid_connection_ratio,0.0262886948379637,"[{'constraint': 'max_daily_average_grid_connection_ratio', 'actual': 1.0262886948379637, 'target': 1.0, 'operator': '<=', 'violation': 0.0262886948379637, 'scaled_violation': 0.0262886948379637}]",maximum scale-free violation at first failed capacity,"[1300.0, 1350.0]","[[0.0, 1300.0]]",False,2000.0,
42,1.1273994922493586,7.009944986783361,0.0007180510477645748,1550.0,1600.0,max_daily_average_grid_connection_ratio,0.01258590246690039,"[{'constraint': 'max_daily_average_grid_connection_ratio', 'actual': 1.0125859024669004, 'target': 1.0, 'operator': '<=', 'violation': 0.01258590246690039, 'scaled_violation': 0.01258590246690039}]",maximum scale-free violation at first failed capacity,"[1550.0, 1600.0]","[[0.0, 1550.0]]",False,2000.0,
43,1.2791821219960815,4.618675606692059,0.0067427285034027725,1300.0,1350.0,max_daily_average_grid_connection_ratio,0.009816770489939897,"[{'constraint': 'max_daily_average_grid_connection_ratio', 'actual': 1.00981677048994, 'target': 1.0, 'operator': '<=', 'violation': 0.009816770489939897, 'scaled_violation': 0.009816770489939897}]",maximum scale-free violation at first failed capacity,"[1300.0, 1350.0]","[[0.0, 1300.0]]",False,1950.0,reclaimed_water_substitution_ratio
44,1.121312596993929,6.087558923751896,0.00514682639762281,1500.0,1550.0,max_daily_average_grid_connection_ratio,0.010350615227034732,"[{'constraint': 'max_daily_average_grid_connection_ratio', 'actual': 1.0103506152270347, 'target': 1.0, 'operator': '<=', 'violation': 0.010350615227034732, 'scaled_violation': 0.010350615227034732}]",maximum scale-free violation at first failed capacity,"[1500.0, 1550.0]","[[0.0, 1500.0]]",False,2000.0,
45,1.2045947188663924,8.268521403459237,0.007574160725542315,1400.0,1450.0,max_daily_average_grid_connection_ratio,0.030344421263140076,"[{'constraint': 'max_daily_average_grid_connection_ratio', 'actual': 1.03034442126314, 'target': 1.0, 'operator': '<=', 'violation': 0.030344421263140076, 'scaled_violation': 0.030344421263140076}]",maximum scale-free violation at first failed capacity,"[1400.0, 1450.0]","[[0.0, 1400.0]]",False,2000.0,
46,1.2242132816905316,8.327760935961628,0.0009868145215832327,1450.0,1500.0,max_daily_average_grid_connection_ratio,0.032388117544412065,"[{'constraint': 'max_daily_average_grid_connection_ratio', 'actual': 1.032388117544412, 'target': 1.0, 'operator': '<=', 'violation': 0.032388117544412065, 'scaled_violation': 0.032388117544412065}]",maximum scale-free violation at first failed capacity,"[1450.0, 1500.0]","[[0.0, 1450.0]]",False,2000.0,
47,1.3134031977392229,3.7248183750677715,0.005573578015374746,1300.0,1350.0,max_local_connection_ratio,0.0330823590710998,"[{'constraint': 'max_local_connection_ratio', 'actual': 1.0330823590710998, 'target': 1.0, 'operator': '<=', 'violation': 0.0330823590710998, 'scaled_violation': 0.0330823590710998}, {'constraint': 'max_daily_average_grid_connection_ratio', 'actual': 1.027629236477922, 'target': 1.0, 'operator': '<=', 'violation': 0.027629236477922037, 'scaled_violation': 0.027629236477922037}, {'constraint': 'max_wtw_utilization', 'actual': 0.9521011643498051, 'target': 0.95, 'operator': '<=', 'violation': 0.002101164349805118, 'scaled_violation': 0.0022117519471632823}]",maximum scale-free violation at first failed capacity,"[1300.0, 1350.0]","[[0.0, 1300.0]]",False,1800.0,reclaimed_water_substitution_ratio
48,1.2015036458283501,5.514634243026196,0.0077431067888533624,1400.0,1450.0,max_daily_average_grid_connection_ratio,0.02908021511131742,"[{'constraint': 'max_daily_average_grid_connection_ratio', 'actual': 1.0290802151113174, 'target': 1.0, 'operator': '<=', 'violation': 0.02908021511131742, 'scaled_violation': 0.02908021511131742}]",maximum scale-free violation at first failed capacity,"[1400.0, 1450.0]","[[0.0, 1400.0]]",False,2000.0,
49,1.233780563030649,6.756044645652141,0.006474235064813054,1350.0,1400.0,max_daily_average_grid_connection_ratio,0.009842554201064502,"[{'constraint': 'max_daily_average_grid_connection_ratio', 'actual': 1.0098425542010645, 'target': 1.0, 'operator': '<=', 'violation': 0.009842554201064502, 'scaled_violation': 0.009842554201064502}]",maximum scale-free violation at first failed capacity,"[1350.0, 1400.0]","[[0.0, 1350.0]]",False,2000.0,
50,1.2874250880161822,5.4085535896654235,0.0022344993885579385,1350.0,1400.0,max_daily_average_grid_connection_ratio,0.021778170769495286,"[{'constraint': 'max_daily_average_grid_connection_ratio', 'actual': 1.0217781707694953, 'target': 1.0, 'operator': '<=', 'violation': 0.021778170769495286, 'scaled_violation': 0.021778170769495286}]",maximum scale-free violation at first failed capacity,"[1350.0, 1400.0]","[[0.0, 1350.0]]",False,1950.0,reclaimed_water_substitution_ratio
51,1.3398269031326655,7.109496243358267,0.006188691032128615,1250.0,1300.0,max_daily_average_grid_connection_ratio,0.012780332285067919,"[{'constraint': 'max_daily_average_grid_connection_ratio', 'actual': 1.012780332285068, 'target': 1.0, 'operator': '<=', 'violation': 0.012780332285067919, 'scaled_violation': 0.012780332285067919}]",maximum scale-free violation at first failed capacity,"[1250.0, 1300.0]","[[0.0, 1250.0]]",False,1950.0,reclaimed_water_substitution_ratio
52,1.2058588204642147,4.645666520317482,0.004476337648814072,1400.0,1450.0,max_daily_average_grid_connection_ratio,0.008678669806140737,"[{'constraint': 'max_daily_average_grid_connection_ratio', 'actual': 1.0086786698061407, 'target': 1.0, 'operator': '<=', 'violation': 0.008678669806140737, 'scaled_violation': 0.008678669806140737}]",maximum scale-free violation at first failed capacity,"[1400.0, 1450.0]","[[0.0, 1400.0]]",False,2000.0,
53,1.35515753809134,3.983143608964821,0.004046544945680219,1250.0,1300.0,max_daily_average_grid_connection_ratio,0.009837561302446618,"[{'constraint': 'max_daily_average_grid_connection_ratio', 'actual': 1.0098375613024466, 'target': 1.0, 'operator': '<=', 'violation': 0.009837561302446618, 'scaled_violation': 0.009837561302446618}]",maximum scale-free violation at first failed capacity,"[1250.0, 1300.0]","[[0.0, 1250.0]]",False,1750.0,reclaimed_water_substitution_ratio
54,1.2684924481386597,8.439193749818044,0.0041864570637566495,1350.0,1400.0,max_daily_average_grid_connection_ratio,0.020787823401144045,"[{'constraint': 'max_daily_average_grid_connection_ratio', 'actual': 1.020787823401144, 'target': 1.0, 'operator': '<=', 'violation': 0.020787823401144045, 'scaled_violation': 0.020787823401144045}]",maximum scale-free violation at first failed capacity,"[1350.0, 1400.0]","[[0.0, 1350.0]]",False,2000.0,
55,1.27139888670093,3.804125114535771,0.006382848875625348,1300.0,1350.0,max_daily_average_grid_connection_ratio,0.001498241337212658,"[{'constraint': 'max_daily_average_grid_connection_ratio', 'actual': 1.0014982413372127, 'target': 1.0, 'operator': '<=', 'violation': 0.001498241337212658, 'scaled_violation': 0.001498241337212658}]",maximum scale-free violation at first failed capacity,"[1300.0, 1350.0]","[[0.0, 1300.0]]",False,1900.0,reclaimed_water_substitution_ratio
56,1.3203307928397754,4.753812899495892,0.006932670105924115,1250.0,1300.0,max_daily_average_grid_connection_ratio,0.003519767510183014,"[{'constraint': 'max_daily_average_grid_connection_ratio', 'actual': 1.003519767510183, 'target': 1.0, 'operator': '<=', 'violation': 0.003519767510183014, 'scaled_violation': 0.003519767510183014}]",maximum scale-free violation at first failed capacity,"[1250.0, 1300.0]","[[0.0, 1250.0]]",False,1900.0,reclaimed_water_substitution_ratio
57,1.3052949140322987,7.52294530009255,0.0069823273213759415,1300.0,1350.0,max_daily_average_grid_connection_ratio,0.03112605993555495,"[{'constraint': 'max_daily_average_grid_connection_ratio', 'actual': 1.031126059935555, 'target': 1.0, 'operator': '<=', 'violation': 0.03112605993555495, 'scaled_violation': 0.03112605993555495}]",maximum scale-free violation at first failed capacity,"[1300.0, 1350.0]","[[0.0, 1300.0]]",False,2000.0,
58,1.299102045186029,8.046412766758284,0.004869123416373432,1300.0,1350.0,max_daily_average_grid_connection_ratio,0.012049932368279004,"[{'constraint': 'max_daily_average_grid_connection_ratio', 'actual': 1.012049932368279, 'target': 1.0, 'operator': '<=', 'violation': 0.012049932368279004, 'scaled_violation': 0.012049932368279004}]",maximum scale-free violation at first failed capacity,"[1300.0, 1350.0]","[[0.0, 1300.0]]",False,1950.0,reclaimed_water_substitution_ratio
59,1.2175432430238777,5.660031693665331,0.0036671104141304278,1400.0,1450.0,max_daily_average_grid_connection_ratio,0.012207930121585608,"[{'constraint': 'max_daily_average_grid_connection_ratio', 'actual': 1.0122079301215856, 'target': 1.0, 'operator': '<=', 'violation': 0.012207930121585608, 'scaled_violation': 0.012207930121585608}]",maximum scale-free violation at first failed capacity,"[1400.0, 1450.0]","[[0.0, 1400.0]]",False,2000.0,
60,1.3033393491966057,7.675893741908033,0.0040618630810511595,1300.0,1350.0,max_daily_average_grid_connection_ratio,0.009737952811167627,"[{'constraint': 'max_daily_average_grid_connection_ratio', 'actual': 1.0097379528111676, 'target': 1.0, 'operator': '<=', 'violation': 0.009737952811167627, 'scaled_violation': 0.009737952811167627}]",maximum scale-free violation at first failed capacity,"[1300.0, 1350.0]","[[0.0, 1300.0]]",False,1950.0,reclaimed_water_substitution_ratio
61,1.128842289987105,8.41587246298463,0.003946550830295728,1500.0,1550.0,max_daily_average_grid_connection_ratio,0.007467386957441757,"[{'constraint': 'max_daily_average_grid_connection_ratio', 'actual': 1.0074673869574418, 'target': 1.0, 'operator': '<=', 'violation': 0.007467386957441757, 'scaled_violation': 0.007467386957441757}]",maximum scale-free violation at first failed capacity,"[1500.0, 1550.0]","[[0.0, 1500.0]]",False,2000.0,
62,1.3449865798753922,5.99018833070121,0.002835660938559944,1300.0,1350.0,max_daily_average_grid_connection_ratio,0.032756843130585134,"[{'constraint': 'max_daily_average_grid_connection_ratio', 'actual': 1.0327568431305851, 'target': 1.0, 'operator': '<=', 'violation': 0.032756843130585134, 'scaled_violation': 0.032756843130585134}]",maximum scale-free violation at first failed capacity,"[1300.0, 1350.0]","[[0.0, 1300.0]]",False,1850.0,reclaimed_water_substitution_ratio
63,1.1959424346365148,5.044748610775882,0.00505347977059031,1400.0,1450.0,max_daily_average_grid_connection_ratio,0.004880454172453419,"[{'constraint': 'max_daily_average_grid_connection_ratio', 'actual': 1.0048804541724534, 'target': 1.0, 'operator': '<=', 'violation': 0.004880454172453419, 'scaled_violation': 0.004880454172453419}]",maximum scale-free violation at first failed capacity,"[1400.0, 1450.0]","[[0.0, 1400.0]]",False,2000.0,
64,1.1573383905835937,5.838110374882451,0.003352496445068242,1500.0,1550.0,max_daily_average_grid_connection_ratio,0.027468573855811362,"[{'constraint': 'max_daily_average_grid_connection_ratio', 'actual': 1.0274685738558114, 'target': 1.0, 'operator': '<=', 'violation': 0.027468573855811362, 'scaled_violation': 0.027468573855811362}]",maximum scale-free violation at first failed capacity,"[1500.0, 1550.0]","[[0.0, 1500.0]]",False,2000.0,
65,1.3339557788240342,8.621080686945,0.006084449697428612,1250.0,1300.0,max_daily_average_grid_connection_ratio,0.007835906719200869,"[{'constraint': 'max_daily_average_grid_connection_ratio', 'actual': 1.0078359067192009, 'target': 1.0, 'operator': '<=', 'violation': 0.007835906719200869, 'scaled_violation': 0.007835906719200869}]",maximum scale-free violation at first failed capacity,"[1250.0, 1300.0]","[[0.0, 1250.0]]",False,1950.0,reclaimed_water_substitution_ratio
66,1.1822305150485293,3.690429701850751,0.0013871038361903507,1450.0,1500.0,max_local_connection_ratio,0.008772259072919342,"[{'constraint': 'max_local_connection_ratio', 'actual': 1.0087722590729193, 'target': 1.0, 'operator': '<=', 'violation': 0.008772259072919342, 'scaled_violation': 0.008772259072919342}, {'constraint': 'max_daily_average_grid_connection_ratio', 'actual': 1.0002730013501389, 'target': 1.0, 'operator': '<=', 'violation': 0.0002730013501388573, 'scaled_violation': 0.0002730013501388573}]",maximum scale-free violation at first failed capacity,"[1450.0, 1500.0]","[[0.0, 1450.0]]",False,1950.0,reclaimed_water_substitution_ratio
67,1.2987275257728605,8.045001979524207,0.0009514401951024028,1350.0,1400.0,max_daily_average_grid_connection_ratio,0.021536528549286116,"[{'constraint': 'max_daily_average_grid_connection_ratio', 'actual': 1.0215365285492861, 'target': 1.0, 'operator': '<=', 'violation': 0.021536528549286116, 'scaled_violation': 0.021536528549286116}]",maximum scale-free violation at first failed capacity,"[1350.0, 1400.0]","[[0.0, 1350.0]]",False,1900.0,reclaimed_water_substitution_ratio
68,1.3435324805334814,4.4729259464453985,0.0006762021040570638,1300.0,1350.0,max_daily_average_grid_connection_ratio,0.016935871522720136,"[{'constraint': 'max_daily_average_grid_connection_ratio', 'actual': 1.0169358715227201, 'target': 1.0, 'operator': '<=', 'violation': 0.016935871522720136, 'scaled_violation': 0.016935871522720136}]",maximum scale-free violation at first failed capacity,"[1300.0, 1350.0]","[[0.0, 1300.0]]",False,1800.0,reclaimed_water_substitution_ratio
69,1.140470549573687,5.128166048885205,0.0019218326296955848,1500.0,1550.0,max_daily_average_grid_connection_ratio,0.0016751170657069991,"[{'constraint': 'max_daily_average_grid_connection_ratio', 'actual': 1.001675117065707, 'target': 1.0, 'operator': '<=', 'violation': 0.0016751170657069991, 'scaled_violation': 0.0016751170657069991}]",maximum scale-free violation at first failed capacity,"[1500.0, 1550.0]","[[0.0, 1500.0]]",False,2000.0,
70,1.2020054509790876,7.292737232679526,0.007696211188946969,1400.0,1450.0,max_daily_average_grid_connection_ratio,0.029142854392321116,"[{'constraint': 'max_daily_average_grid_connection_ratio', 'actual': 1.0291428543923211, 'target': 1.0, 'operator': '<=', 'violation': 0.029142854392321116, 'scaled_violation': 0.029142854392321116}]",maximum scale-free violation at first failed capacity,"[1400.0, 1450.0]","[[0.0, 1400.0]]",False,2000.0,
71,1.2610411457680735,7.765777781833891,0.006595046650720507,1350.0,1400.0,max_daily_average_grid_connection_ratio,0.03199793516743421,"[{'constraint': 'max_daily_average_grid_connection_ratio', 'actual': 1.0319979351674342, 'target': 1.0, 'operator': '<=', 'violation': 0.03199793516743421, 'scaled_violation': 0.03199793516743421}]",maximum scale-free violation at first failed capacity,"[1350.0, 1400.0]","[[0.0, 1350.0]]",False,2000.0,
72,1.200015140213914,6.044909494109765,0.006978856836165552,1400.0,1450.0,max_daily_average_grid_connection_ratio,0.02227813079594476,"[{'constraint': 'max_daily_average_grid_connection_ratio', 'actual': 1.0222781307959448, 'target': 1.0, 'operator': '<=', 'violation': 0.02227813079594476, 'scaled_violation': 0.02227813079594476}]",maximum scale-free violation at first failed capacity,"[1400.0, 1450.0]","[[0.0, 1400.0]]",False,2000.0,
73,1.3104484630065316,5.929786844036387,0.002217385144647901,1300.0,1350.0,max_daily_average_grid_connection_ratio,0.0025170439032045078,"[{'constraint': 'max_daily_average_grid_connection_ratio', 'actual': 1.0025170439032045, 'target': 1.0, 'operator': '<=', 'violation': 0.0025170439032045078, 'scaled_violation': 0.0025170439032045078}]",maximum scale-free violation at first failed capacity,"[1300.0, 1350.0]","[[0.0, 1300.0]]",False,1900.0,reclaimed_water_substitution_ratio
74,1.2324123993942586,7.708747469894154,0.00568036710161976,1350.0,1400.0,max_daily_average_grid_connection_ratio,0.003159612911896481,"[{'constraint': 'max_daily_average_grid_connection_ratio', 'actual': 1.0031596129118965, 'target': 1.0, 'operator': '<=', 'violation': 0.003159612911896481, 'scaled_violation': 0.003159612911896481}]",maximum scale-free violation at first failed capacity,"[1350.0, 1400.0]","[[0.0, 1350.0]]",False,2000.0,
75,1.3079154859023483,4.246779477175305,0.0032474842421467524,1300.0,1350.0,max_daily_average_grid_connection_ratio,0.007632735879994579,"[{'constraint': 'max_daily_average_grid_connection_ratio', 'actual': 1.0076327358799946, 'target': 1.0, 'operator': '<=', 'violation': 0.007632735879994579, 'scaled_violation': 0.007632735879994579}]",maximum scale-free violation at first failed capacity,"[1300.0, 1350.0]","[[0.0, 1300.0]]",False,1850.0,reclaimed_water_substitution_ratio
76,1.2782103127746327,7.580386531731496,0.0016575622890905371,1350.0,1400.0,max_daily_average_grid_connection_ratio,0.010498029098304551,"[{'constraint': 'max_daily_average_grid_connection_ratio', 'actual': 1.0104980290983046, 'target': 1.0, 'operator': '<=', 'violation': 0.010498029098304551, 'scaled_violation': 0.010498029098304551}]",maximum scale-free violation at first failed capacity,"[1350.0, 1400.0]","[[0.0, 1350.0]]",False,1950.0,reclaimed_water_substitution_ratio
77,1.3583870364103305,4.378626646353787,0.005372435682699815,1250.0,1300.0,max_daily_average_grid_connection_ratio,0.020887179366091635,"[{'constraint': 'max_daily_average_grid_connection_ratio', 'actual': 1.0208871793660916, 'target': 1.0, 'operator': '<=', 'violation': 0.020887179366091635, 'scaled_violation': 0.020887179366091635}]",maximum scale-free violation at first failed capacity,"[1250.0, 1300.0]","[[0.0, 1250.0]]",False,1800.0,reclaimed_water_substitution_ratio
78,1.1536309651385608,6.396262141547655,0.006365339450793244,1450.0,1500.0,max_daily_average_grid_connection_ratio,0.014047856817250626,"[{'constraint': 'max_daily_average_grid_connection_ratio', 'actual': 1.0140478568172506, 'target': 1.0, 'operator': '<=', 'violation': 0.014047856817250626, 'scaled_violation': 0.014047856817250626}]",maximum scale-free violation at first failed capacity,"[1450.0, 1500.0]","[[0.0, 1450.0]]",False,2000.0,
79,1.1302141582434455,5.0197942784185745,0.004955349139158707,1500.0,1550.0,max_daily_average_grid_connection_ratio,0.01655229851978124,"[{'constraint': 'max_daily_average_grid_connection_ratio', 'actual': 1.0165522985197812, 'target': 1.0, 'operator': '<=', 'violation': 0.01655229851978124, 'scaled_violation': 0.01655229851978124}]",maximum scale-free violation at first failed capacity,"[1500.0, 1550.0]","[[0.0, 1500.0]]",False,2000.0,
80,1.2551889247085792,6.893240482883377,0.005775334143098136,1350.0,1400.0,max_daily_average_grid_connection_ratio,0.021628450224357554,"[{'constraint': 'max_daily_average_grid_connection_ratio', 'actual': 1.0216284502243576, 'target': 1.0, 'operator': '<=', 'violation': 0.021628450224357554, 'scaled_violation': 0.021628450224357554}]",maximum scale-free violation at first failed capacity,"[1350.0, 1400.0]","[[0.0, 1350.0]]",False,2000.0,
81,1.3359785262668091,6.52084976252187,0.004486518769648883,1300.0,1350.0,max_daily_average_grid_connection_ratio,0.037226644542638354,"[{'constraint': 'max_daily_average_grid_connection_ratio', 'actual': 1.0372266445426384, 'target': 1.0, 'operator': '<=', 'violation': 0.037226644542638354, 'scaled_violation': 0.037226644542638354}]",maximum scale-free violation at first failed capacity,"[1300.0, 1350.0]","[[0.0, 1300.0]]",False,1900.0,reclaimed_water_substitution_ratio
82,1.3275788466730527,6.46998646563843,0.0009242631859429982,1300.0,1350.0,max_daily_average_grid_connection_ratio,0.006606654510577847,"[{'constraint': 'max_daily_average_grid_connection_ratio', 'actual': 1.0066066545105778, 'target': 1.0, 'operator': '<=', 'violation': 0.006606654510577847, 'scaled_violation': 0.006606654510577847}]",maximum scale-free violation at first failed capacity,"[1300.0, 1350.0]","[[0.0, 1300.0]]",False,1850.0,reclaimed_water_substitution_ratio
83,1.2138826050726361,6.354911094661855,0.0031845506690237548,1400.0,1450.0,max_daily_average_grid_connection_ratio,0.005711082150817504,"[{'constraint': 'max_daily_average_grid_connection_ratio', 'actual': 1.0057110821508175, 'target': 1.0, 'operator': '<=', 'violation': 0.005711082150817504, 'scaled_violation': 0.005711082150817504}]",maximum scale-free violation at first failed capacity,"[1400.0, 1450.0]","[[0.0, 1400.0]]",False,2000.0,
84,1.2309602395374566,8.541215730085085,0.0024916914483246472,1400.0,1450.0,max_daily_average_grid_connection_ratio,0.014457324420634743,"[{'constraint': 'max_daily_average_grid_connection_ratio', 'actual': 1.0144573244206347, 'target': 1.0, 'operator': '<=', 'violation': 0.014457324420634743, 'scaled_violation': 0.014457324420634743}]",maximum scale-free violation at first failed capacity,"[1400.0, 1450.0]","[[0.0, 1400.0]]",False,2000.0,
85,1.2384437193993256,8.452567437177109,0.001153856327875851,1400.0,1450.0,max_daily_average_grid_connection_ratio,0.010715210334069969,"[{'constraint': 'max_daily_average_grid_connection_ratio', 'actual': 1.01071521033407, 'target': 1.0, 'operator': '<=', 'violation': 0.010715210334069969, 'scaled_violation': 0.010715210334069969}]",maximum scale-free violation at first failed capacity,"[1400.0, 1450.0]","[[0.0, 1400.0]]",False,2000.0,
86,1.3172199222531185,4.743205276740839,0.001405528106615332,1300.0,1350.0,max_daily_average_grid_connection_ratio,0.0020831547451209964,"[{'constraint': 'max_daily_average_grid_connection_ratio', 'actual': 1.002083154745121, 'target': 1.0, 'operator': '<=', 'violation': 0.0020831547451209964, 'scaled_violation': 0.0020831547451209964}]",maximum scale-free violation at first failed capacity,"[1300.0, 1350.0]","[[0.0, 1300.0]]",False,1850.0,reclaimed_water_substitution_ratio
87,1.160733112816714,6.370933025958346,0.0044885199487032686,1450.0,1500.0,max_daily_average_grid_connection_ratio,0.0057737516046951765,"[{'constraint': 'max_daily_average_grid_connection_ratio', 'actual': 1.0057737516046952, 'target': 1.0, 'operator': '<=', 'violation': 0.0057737516046951765, 'scaled_violation': 0.0057737516046951765}]",maximum scale-free violation at first failed capacity,"[1450.0, 1500.0]","[[0.0, 1450.0]]",False,2000.0,
88,1.175108278012356,5.505337947298369,0.000519779096318957,1500.0,1550.0,max_daily_average_grid_connection_ratio,0.020663467834522553,"[{'constraint': 'max_daily_average_grid_connection_ratio', 'actual': 1.0206634678345226, 'target': 1.0, 'operator': '<=', 'violation': 0.020663467834522553, 'scaled_violation': 0.020663467834522553}]",maximum scale-free violation at first failed capacity,"[1500.0, 1550.0]","[[0.0, 1500.0]]",False,2000.0,
89,1.2899269817082377,5.4720130035111865,0.003510294486593095,1350.0,1400.0,max_daily_average_grid_connection_ratio,0.032754965116865264,"[{'constraint': 'max_daily_average_grid_connection_ratio', 'actual': 1.0327549651168653, 'target': 1.0, 'operator': '<=', 'violation': 0.032754965116865264, 'scaled_violation': 0.032754965116865264}]",maximum scale-free violation at first failed capacity,"[1350.0, 1400.0]","[[0.0, 1350.0]]",False,1950.0,reclaimed_water_substitution_ratio
90,1.2399765672264405,8.67784882278638,0.006139142175753376,1350.0,1400.0,max_daily_average_grid_connection_ratio,0.012314403370031757,"[{'constraint': 'max_daily_average_grid_connection_ratio', 'actual': 1.0123144033700318, 'target': 1.0, 'operator': '<=', 'violation': 0.012314403370031757, 'scaled_violation': 0.012314403370031757}]",maximum scale-free violation at first failed capacity,"[1350.0, 1400.0]","[[0.0, 1350.0]]",False,2000.0,
91,1.2703750831742917,4.147279471401659,0.006814874732437035,1300.0,1350.0,max_daily_average_grid_connection_ratio,0.00367280758140498,"[{'constraint': 'max_daily_average_grid_connection_ratio', 'actual': 1.003672807581405, 'target': 1.0, 'operator': '<=', 'violation': 0.00367280758140498, 'scaled_violation': 0.00367280758140498}]",maximum scale-free violation at first failed capacity,"[1300.0, 1350.0]","[[0.0, 1300.0]]",False,1950.0,reclaimed_water_substitution_ratio
92,1.3329120312855713,6.387821312075265,0.004433705826114192,1300.0,1350.0,max_daily_average_grid_connection_ratio,0.03455597075908989,"[{'constraint': 'max_daily_average_grid_connection_ratio', 'actual': 1.03455597075909, 'target': 1.0, 'operator': '<=', 'violation': 0.03455597075908989, 'scaled_violation': 0.03455597075908989}]",maximum scale-free violation at first failed capacity,"[1300.0, 1350.0]","[[0.0, 1300.0]]",False,1900.0,reclaimed_water_substitution_ratio
93,1.1242364453747018,3.7086750435525744,0.0012310007400644408,1550.0,1600.0,max_local_connection_ratio,0.020795412686804626,"[{'constraint': 'max_local_connection_ratio', 'actual': 1.0207954126868046, 'target': 1.0, 'operator': '<=', 'violation': 0.020795412686804626, 'scaled_violation': 0.020795412686804626}, {'constraint': 'max_daily_average_grid_connection_ratio', 'actual': 1.013906801210578, 'target': 1.0, 'operator': '<=', 'violation': 0.01390680121057808, 'scaled_violation': 0.01390680121057808}]",maximum scale-free violation at first failed capacity,"[1550.0, 1600.0]","[[0.0, 1550.0]]",False,2000.0,
94,1.197229762434908,5.823724822576866,0.003946239848285394,1450.0,1500.0,max_daily_average_grid_connection_ratio,0.03222007471941524,"[{'constraint': 'max_daily_average_grid_connection_ratio', 'actual': 1.0322200747194152, 'target': 1.0, 'operator': '<=', 'violation': 0.03222007471941524, 'scaled_violation': 0.03222007471941524}]",maximum scale-free violation at first failed capacity,"[1450.0, 1500.0]","[[0.0, 1450.0]]",False,2000.0,
95,1.1742271750848612,4.051079490716671,0.005190897250829255,1450.0,1500.0,max_daily_average_grid_connection_ratio,0.022392654545513757,"[{'constraint': 'max_daily_average_grid_connection_ratio', 'actual': 1.0223926545455138, 'target': 1.0, 'operator': '<=', 'violation': 0.022392654545513757, 'scaled_violation': 0.022392654545513757}, {'constraint': 'max_local_connection_ratio', 'actual': 1.000529154322185, 'target': 1.0, 'operator': '<=', 'violation': 0.0005291543221850326, 'scaled_violation': 0.0005291543221850326}]",maximum scale-free violation at first failed capacity,"[1450.0, 1500.0]","[[0.0, 1450.0]]",False,2000.0,
96,1.196714669579999,5.513396419155649,0.0048236929184648555,1400.0,1450.0,max_daily_average_grid_connection_ratio,0.0038224358079914644,"[{'constraint': 'max_daily_average_grid_connection_ratio', 'actual': 1.0038224358079915, 'target': 1.0, 'operator': '<=', 'violation': 0.0038224358079914644, 'scaled_violation': 0.0038224358079914644}]",maximum scale-free violation at first failed capacity,"[1400.0, 1450.0]","[[0.0, 1400.0]]",False,2000.0,
97,1.1748823091207528,7.90497341201732,0.006723527582037436,1400.0,1450.0,max_daily_average_grid_connection_ratio,6.823996276028588e-05,"[{'constraint': 'max_daily_average_grid_connection_ratio', 'actual': 1.0000682399627603, 'target': 1.0, 'operator': '<=', 'violation': 6.823996276028588e-05, 'scaled_violation': 6.823996276028588e-05}]",maximum scale-free violation at first failed capacity,"[1400.0, 1450.0]","[[0.0, 1400.0]]",False,2000.0,
98,1.2686924957678882,8.459973956241843,0.0005061481603694358,1400.0,1450.0,max_daily_average_grid_connection_ratio,0.030451460978366818,"[{'constraint': 'max_daily_average_grid_connection_ratio', 'actual': 1.0304514609783668, 'target': 1.0, 'operator': '<=', 'violation': 0.030451460978366818, 'scaled_violation': 0.030451460978366818}]",maximum scale-free violation at first failed capacity,"[1400.0, 1450.0]","[[0.0, 1400.0]]",False,1950.0,reclaimed_water_substitution_ratio
99,1.1550143327826354,5.281645885908073,0.004902372172202133,1450.0,1500.0,max_daily_average_grid_connection_ratio,0.004121606547859535,"[{'constraint': 'max_daily_average_grid_connection_ratio', 'actual': 1.0041216065478595, 'target': 1.0, 'operator': '<=', 'violation': 0.004121606547859535, 'scaled_violation': 0.004121606547859535}]",maximum scale-free violation at first failed capacity,"[1450.0, 1500.0]","[[0.0, 1450.0]]",False,2000.0,
100,1.169198143526001,6.033461460318842,0.006937296358555341,1450.0,1500.0,max_daily_average_grid_connection_ratio,0.03141422158798024,"[{'constraint': 'max_daily_average_grid_connection_ratio', 'actual': 1.0314142215879802, 'target': 1.0, 'operator': '<=', 'violation': 0.03141422158798024, 'scaled_violation': 0.03141422158798024}]",maximum scale-free violation at first failed capacity,"[1450.0, 1500.0]","[[0.0, 1450.0]]",False,2000.0,
101,1.2767745896839433,4.667349474972695,0.00760485010950354,1300.0,1350.0,max_daily_average_grid_connection_ratio,0.013881545102661486,"[{'constraint': 'max_daily_average_grid_connection_ratio', 'actual': 1.0138815451026615, 'target': 1.0, 'operator': '<=', 'violation': 0.013881545102661486, 'scaled_violation': 0.013881545102661486}]",maximum scale-free violation at first failed capacity,"[1300.0, 1350.0]","[[0.0, 1300.0]]",False,2000.0,
102,1.2256915048597432,4.180996403222428,0.0023096807814112115,1400.0,1450.0,max_daily_average_grid_connection_ratio,0.00886030739593524,"[{'constraint': 'max_daily_average_grid_connection_ratio', 'actual': 1.0088603073959352, 'target': 1.0, 'operator': '<=', 'violation': 0.00886030739593524, 'scaled_violation': 0.00886030739593524}]",maximum scale-free violation at first failed capacity,"[1400.0, 1450.0]","[[0.0, 1400.0]]",False,1950.0,reclaimed_water_substitution_ratio
103,1.281708133887523,5.170943314545386,0.005267871277090049,1300.0,1350.0,max_daily_average_grid_connection_ratio,0.001663027352819979,"[{'constraint': 'max_daily_average_grid_connection_ratio', 'actual': 1.00166302735282, 'target': 1.0, 'operator': '<=', 'violation': 0.001663027352819979, 'scaled_violation': 0.001663027352819979}]",maximum scale-free violation at first failed capacity,"[1300.0, 1350.0]","[[0.0, 1300.0]]",False,2000.0,
104,1.1429501038559093,7.749605389548142,0.005414225439417495,1500.0,1550.0,max_daily_average_grid_connection_ratio,0.03116289134151695,"[{'constraint': 'max_daily_average_grid_connection_ratio', 'actual': 1.031162891341517, 'target': 1.0, 'operator': '<=', 'violation': 0.03116289134151695, 'scaled_violation': 0.03116289134151695}]",maximum scale-free violation at first failed capacity,"[1500.0, 1550.0]","[[0.0, 1500.0]]",False,2000.0,
105,1.135297327725408,5.806735798950818,0.0044003728344750555,1500.0,1550.0,max_daily_average_grid_connection_ratio,0.016604753332157607,"[{'constraint': 'max_daily_average_grid_connection_ratio', 'actual': 1.0166047533321576, 'target': 1.0, 'operator': '<=', 'violation': 0.016604753332157607, 'scaled_violation': 0.016604753332157607}]",maximum scale-free violation at first failed capacity,"[1500.0, 1550.0]","[[0.0, 1500.0]]",False,2000.0,
106,1.2683714117804128,6.185442782458198,0.0032205322436178797,1350.0,1400.0,max_daily_average_grid_connection_ratio,0.013862662186725494,"[{'constraint': 'max_daily_average_grid_connection_ratio', 'actual': 1.0138626621867255, 'target': 1.0, 'operator': '<=', 'violation': 0.013862662186725494, 'scaled_violation': 0.013862662186725494}]",maximum scale-free violation at first failed capacity,"[1350.0, 1400.0]","[[0.0, 1350.0]]",False,2000.0,
107,1.356082805419195,3.6301834324868754,0.0025471399800336587,1250.0,1300.0,max_local_connection_ratio,0.014960065343597284,"[{'constraint': 'max_local_connection_ratio', 'actual': 1.0149600653435973, 'target': 1.0, 'operator': '<=', 'violation': 0.014960065343597284, 'scaled_violation': 0.014960065343597284}, {'constraint': 'max_daily_average_grid_connection_ratio', 'actual': 1.000663159858329, 'target': 1.0, 'operator': '<=', 'violation': 0.0006631598583290987, 'scaled_violation': 0.0006631598583290987}]",maximum scale-free violation at first failed capacity,"[1250.0, 1300.0]","[[0.0, 1250.0]]",False,1700.0,reclaimed_water_substitution_ratio
108,1.3153382027184892,7.161934814099278,0.004707963304948548,1300.0,1350.0,max_daily_average_grid_connection_ratio,0.023184602512991592,"[{'constraint': 'max_daily_average_grid_connection_ratio', 'actual': 1.0231846025129916, 'target': 1.0, 'operator': '<=', 'violation': 0.023184602512991592, 'scaled_violation': 0.023184602512991592}]",maximum scale-free violation at first failed capacity,"[1300.0, 1350.0]","[[0.0, 1300.0]]",False,1950.0,reclaimed_water_substitution_ratio
109,1.1231332778712186,7.506814724697668,0.0015871536341909602,1550.0,1600.0,max_daily_average_grid_connection_ratio,0.01580000393366765,"[{'constraint': 'max_daily_average_grid_connection_ratio', 'actual': 1.0158000039336677, 'target': 1.0, 'operator': '<=', 'violation': 0.01580000393366765, 'scaled_violation': 0.01580000393366765}]",maximum scale-free violation at first failed capacity,"[1550.0, 1600.0]","[[0.0, 1550.0]]",False,2000.0,
110,1.2336064746165014,8.464248776463819,0.0020662004417545347,1400.0,1450.0,max_daily_average_grid_connection_ratio,0.013482564161693578,"[{'constraint': 'max_daily_average_grid_connection_ratio', 'actual': 1.0134825641616936, 'target': 1.0, 'operator': '<=', 'violation': 0.013482564161693578, 'scaled_violation': 0.013482564161693578}]",maximum scale-free violation at first failed capacity,"[1400.0, 1450.0]","[[0.0, 1400.0]]",False,2000.0,
111,1.200761401412184,8.197139522997912,0.007452094638878196,1400.0,1450.0,max_daily_average_grid_connection_ratio,0.0263481182079206,"[{'constraint': 'max_daily_average_grid_connection_ratio', 'actual': 1.0263481182079206, 'target': 1.0, 'operator': '<=', 'violation': 0.0263481182079206, 'scaled_violation': 0.0263481182079206}]",maximum scale-free violation at first failed capacity,"[1400.0, 1450.0]","[[0.0, 1400.0]]",False,2000.0,
112,1.3009831868395156,4.014453069875648,0.006138307518905605,1300.0,1350.0,max_daily_average_grid_connection_ratio,0.022121893761410494,"[{'constraint': 'max_daily_average_grid_connection_ratio', 'actual': 1.0221218937614105, 'target': 1.0, 'operator': '<=', 'violation': 0.022121893761410494, 'scaled_violation': 0.022121893761410494}, {'constraint': 'max_local_connection_ratio', 'actual': 1.0030325793220856, 'target': 1.0, 'operator': '<=', 'violation': 0.00303257932208556, 'scaled_violation': 0.00303257932208556}]",maximum scale-free violation at first failed capacity,"[1300.0, 1350.0]","[[0.0, 1300.0]]",False,1900.0,reclaimed_water_substitution_ratio
113,1.1401941782888296,5.446014596817335,0.00269745593204741,1500.0,1550.0,max_daily_average_grid_connection_ratio,0.007508548276365046,"[{'constraint': 'max_daily_average_grid_connection_ratio', 'actual': 1.007508548276365, 'target': 1.0, 'operator': '<=', 'violation': 0.007508548276365046, 'scaled_violation': 0.007508548276365046}]",maximum scale-free violation at first failed capacity,"[1500.0, 1550.0]","[[0.0, 1500.0]]",False,2000.0,
114,1.2768506754880438,8.17751245032926,0.004842912261373823,1350.0,1400.0,max_daily_average_grid_connection_ratio,0.03196098612399445,"[{'constraint': 'max_daily_average_grid_connection_ratio', 'actual': 1.0319609861239945, 'target': 1.0, 'operator': '<=', 'violation': 0.03196098612399445, 'scaled_violation': 0.03196098612399445}]",maximum scale-free violation at first failed capacity,"[1350.0, 1400.0]","[[0.0, 1350.0]]",False,2000.0,
115,1.1255822416424235,4.465619390238414,0.001776260800473245,1550.0,1600.0,max_daily_average_grid_connection_ratio,0.019515281983520483,"[{'constraint': 'max_daily_average_grid_connection_ratio', 'actual': 1.0195152819835205, 'target': 1.0, 'operator': '<=', 'violation': 0.019515281983520483, 'scaled_violation': 0.019515281983520483}]",maximum scale-free violation at first failed capacity,"[1550.0, 1600.0]","[[0.0, 1550.0]]",False,2000.0,
116,1.1219282513702962,3.5121565829107384,0.005079566741372327,1450.0,1500.0,max_local_connection_ratio,0.003613100886201037,"[{'constraint': 'max_local_connection_ratio', 'actual': 1.003613100886201, 'target': 1.0, 'operator': '<=', 'violation': 0.003613100886201037, 'scaled_violation': 0.003613100886201037}]",maximum scale-free violation at first failed capacity,"[1450.0, 1500.0]","[[0.0, 1450.0]]",False,2000.0,
117,1.2770762858574507,6.773793429551421,0.005235773786398943,1350.0,1400.0,max_daily_average_grid_connection_ratio,0.034915414713894366,"[{'constraint': 'max_daily_average_grid_connection_ratio', 'actual': 1.0349154147138944, 'target': 1.0, 'operator': '<=', 'violation': 0.034915414713894366, 'scaled_violation': 0.034915414713894366}]",maximum scale-free violation at first failed capacity,"[1350.0, 1400.0]","[[0.0, 1350.0]]",False,2000.0,
118,1.3110630039621667,8.204800401132061,0.004449076704511921,1300.0,1350.0,max_daily_average_grid_connection_ratio,0.01819797957901992,"[{'constraint': 'max_daily_average_grid_connection_ratio', 'actual': 1.01819797957902, 'target': 1.0, 'operator': '<=', 'violation': 0.01819797957901992, 'scaled_violation': 0.01819797957901992}]",maximum scale-free violation at first failed capacity,"[1300.0, 1350.0]","[[0.0, 1300.0]]",False,1950.0,reclaimed_water_substitution_ratio
119,1.1636861370500915,8.956493598835639,0.004441401909461235,1450.0,1500.0,max_daily_average_grid_connection_ratio,0.007889026129675347,"[{'constraint': 'max_daily_average_grid_connection_ratio', 'actual': 1.0078890261296753, 'target': 1.0, 'operator': '<=', 'violation': 0.007889026129675347, 'scaled_violation': 0.007889026129675347}]",maximum scale-free violation at first failed capacity,"[1450.0, 1500.0]","[[0.0, 1450.0]]",False,2000.0,
120,1.3008872900045945,8.358470962974089,0.0018682876154866696,1350.0,1400.0,max_daily_average_grid_connection_ratio,0.029707671287493298,"[{'constraint': 'max_daily_average_grid_connection_ratio', 'actual': 1.0297076712874933, 'target': 1.0, 'operator': '<=', 'violation': 0.029707671287493298, 'scaled_violation': 0.029707671287493298}]",maximum scale-free violation at first failed capacity,"[1350.0, 1400.0]","[[0.0, 1350.0]]",False,1900.0,reclaimed_water_substitution_ratio
121,1.264902841363055,5.6674750374906875,0.007867038830545632,1300.0,1350.0,max_daily_average_grid_connection_ratio,0.006724283493492411,"[{'constraint': 'max_daily_average_grid_connection_ratio', 'actual': 1.0067242834934924, 'target': 1.0, 'operator': '<=', 'violation': 0.006724283493492411, 'scaled_violation': 0.006724283493492411}]",maximum scale-free violation at first failed capacity,"[1300.0, 1350.0]","[[0.0, 1300.0]]",False,2000.0,
122,1.3116806168938668,3.1555856383238696,0.0010522248286955992,1250.0,1300.0,max_local_connection_ratio,0.026904300651548807,"[{'constraint': 'max_local_connection_ratio', 'actual': 1.0269043006515488, 'target': 1.0, 'operator': '<=', 'violation': 0.026904300651548807, 'scaled_violation': 0.026904300651548807}]",maximum scale-free violation at first failed capacity,"[1250.0, 1300.0]","[[0.0, 1250.0]]",False,1700.0,reclaimed_water_substitution_ratio
123,1.3501418693582046,8.661365798774758,0.0006111760287638838,1300.0,1350.0,max_daily_average_grid_connection_ratio,0.021472501397104438,"[{'constraint': 'max_daily_average_grid_connection_ratio', 'actual': 1.0214725013971044, 'target': 1.0, 'operator': '<=', 'violation': 0.021472501397104438, 'scaled_violation': 0.021472501397104438}]",maximum scale-free violation at first failed capacity,"[1300.0, 1350.0]","[[0.0, 1300.0]]",False,1850.0,reclaimed_water_substitution_ratio
124,1.1715030113489233,8.617784706449928,0.006369841654242651,1450.0,1500.0,max_daily_average_grid_connection_ratio,0.029044445569352817,"[{'constraint': 'max_daily_average_grid_connection_ratio', 'actual': 1.0290444455693528, 'target': 1.0, 'operator': '<=', 'violation': 0.029044445569352817, 'scaled_violation': 0.029044445569352817}]",maximum scale-free violation at first failed capacity,"[1450.0, 1500.0]","[[0.0, 1450.0]]",False,2000.0,
125,1.3355067930540325,8.063291004863792,0.001860603356109745,1300.0,1350.0,max_daily_average_grid_connection_ratio,0.01896510155204445,"[{'constraint': 'max_daily_average_grid_connection_ratio', 'actual': 1.0189651015520444, 'target': 1.0, 'operator': '<=', 'violation': 0.01896510155204445, 'scaled_violation': 0.01896510155204445}]",maximum scale-free violation at first failed capacity,"[1300.0, 1350.0]","[[0.0, 1300.0]]",False,1850.0,reclaimed_water_substitution_ratio
126,1.3424114705738759,6.934718010003117,0.005913892543030959,1250.0,1300.0,max_daily_average_grid_connection_ratio,0.012851178074259284,"[{'constraint': 'max_daily_average_grid_connection_ratio', 'actual': 1.0128511780742593, 'target': 1.0, 'operator': '<=', 'violation': 0.012851178074259284, 'scaled_violation': 0.012851178074259284}]",maximum scale-free violation at first failed capacity,"[1250.0, 1300.0]","[[0.0, 1250.0]]",False,1900.0,reclaimed_water_substitution_ratio
127,1.3599696797884622,6.97326414364017,0.007440952260682058,1250.0,1300.0,max_daily_average_grid_connection_ratio,0.035618290437744005,"[{'constraint': 'max_daily_average_grid_connection_ratio', 'actual': 1.035618290437744, 'target': 1.0, 'operator': '<=', 'violation': 0.035618290437744005, 'scaled_violation': 0.035618290437744005}]",maximum scale-free violation at first failed capacity,"[1250.0, 1300.0]","[[0.0, 1250.0]]",False,1900.0,reclaimed_water_substitution_ratio
128,1.2624505815510787,3.571032369929548,0.006659931126096308,1300.0,1350.0,max_local_connection_ratio,0.016814084191178136,"[{'constraint': 'max_local_connection_ratio', 'actual': 1.0168140841911781, 'target': 1.0, 'operator': '<=', 'violation': 0.016814084191178136, 'scaled_violation': 0.016814084191178136}]",maximum scale-free violation at first failed capacity,"[1300.0, 1350.0]","[[0.0, 1300.0]]",False,1900.0,reclaimed_water_substitution_ratio
129,1.135309257564222,8.877031134817676,0.006351933994641269,1500.0,1550.0,max_daily_average_grid_connection_ratio,0.03189426647435911,"[{'constraint': 'max_daily_average_grid_connection_ratio', 'actual': 1.0318942664743591, 'target': 1.0, 'operator': '<=', 'violation': 0.03189426647435911, 'scaled_violation': 0.03189426647435911}]",maximum scale-free violation at first failed capacity,"[1500.0, 1550.0]","[[0.0, 1500.0]]",False,2000.0,
130,1.136229285525013,6.765188827574176,0.003511221799516735,1500.0,1550.0,max_daily_average_grid_connection_ratio,0.010449641321103043,"[{'constraint': 'max_daily_average_grid_connection_ratio', 'actual': 1.010449641321103, 'target': 1.0, 'operator': '<=', 'violation': 0.010449641321103043, 'scaled_violation': 0.010449641321103043}]",maximum scale-free violation at first failed capacity,"[1500.0, 1550.0]","[[0.0, 1500.0]]",False,2000.0,
131,1.169027772424938,3.988223280401748,0.0031338290124292047,1450.0,1500.0,max_daily_average_grid_connection_ratio,0.0024540079994701536,"[{'constraint': 'max_daily_average_grid_connection_ratio', 'actual': 1.0024540079994702, 'target': 1.0, 'operator': '<=', 'violation': 0.0024540079994701536, 'scaled_violation': 0.0024540079994701536}]",maximum scale-free violation at first failed capacity,"[1450.0, 1500.0]","[[0.0, 1450.0]]",False,2000.0,
132,1.2803083957693229,5.315374815713523,0.003914749375792244,1350.0,1400.0,max_daily_average_grid_connection_ratio,0.028099253014089554,"[{'constraint': 'max_daily_average_grid_connection_ratio', 'actual': 1.0280992530140896, 'target': 1.0, 'operator': '<=', 'violation': 0.028099253014089554, 'scaled_violation': 0.028099253014089554}]",maximum scale-free violation at first failed capacity,"[1350.0, 1400.0]","[[0.0, 1350.0]]",False,1950.0,reclaimed_water_substitution_ratio
133,1.3514451385937494,5.191983424579608,0.0014172404163464072,1300.0,1350.0,max_daily_average_grid_connection_ratio,0.027951036923241857,"[{'constraint': 'max_daily_average_grid_connection_ratio', 'actual': 1.0279510369232419, 'target': 1.0, 'operator': '<=', 'violation': 0.027951036923241857, 'scaled_violation': 0.027951036923241857}]",maximum scale-free violation at first failed capacity,"[1300.0, 1350.0]","[[0.0, 1300.0]]",False,1800.0,reclaimed_water_substitution_ratio
134,1.2834431201970213,7.230507611655618,0.004983636827886549,1300.0,1350.0,max_daily_average_grid_connection_ratio,0.0010321118335891999,"[{'constraint': 'max_daily_average_grid_connection_ratio', 'actual': 1.0010321118335892, 'target': 1.0, 'operator': '<=', 'violation': 0.0010321118335891999, 'scaled_violation': 0.0010321118335891999}]",maximum scale-free violation at first failed capacity,"[1300.0, 1350.0]","[[0.0, 1300.0]]",False,2000.0,
135,1.267913705755773,3.732082403329513,0.0012653254684053623,1350.0,1400.0,max_local_connection_ratio,0.004320041435272426,"[{'constraint': 'max_local_connection_ratio', 'actual': 1.0043200414352724, 'target': 1.0, 'operator': '<=', 'violation': 0.004320041435272426, 'scaled_violation': 0.004320041435272426}]",maximum scale-free violation at first failed capacity,"[1350.0, 1400.0]","[[0.0, 1350.0]]",False,1800.0,reclaimed_water_substitution_ratio
136,1.2842643134200484,6.255866277221519,0.003818939930961531,1350.0,1400.0,max_daily_average_grid_connection_ratio,0.03051283310507813,"[{'constraint': 'max_daily_average_grid_connection_ratio', 'actual': 1.0305128331050781, 'target': 1.0, 'operator': '<=', 'violation': 0.03051283310507813, 'scaled_violation': 0.03051283310507813}]",maximum scale-free violation at first failed capacity,"[1350.0, 1400.0]","[[0.0, 1350.0]]",False,2000.0,
137,1.283026426102483,5.421478858130559,0.007148351925117095,1300.0,1350.0,max_daily_average_grid_connection_ratio,0.015479320426960763,"[{'constraint': 'max_daily_average_grid_connection_ratio', 'actual': 1.0154793204269608, 'target': 1.0, 'operator': '<=', 'violation': 0.015479320426960763, 'scaled_violation': 0.015479320426960763}]",maximum scale-free violation at first failed capacity,"[1300.0, 1350.0]","[[0.0, 1300.0]]",False,2000.0,
138,1.1556503335762955,7.67224461883717,0.007511611511638493,1450.0,1500.0,max_daily_average_grid_connection_ratio,0.024423385745845794,"[{'constraint': 'max_daily_average_grid_connection_ratio', 'actual': 1.0244233857458458, 'target': 1.0, 'operator': '<=', 'violation': 0.024423385745845794, 'scaled_violation': 0.024423385745845794}]",maximum scale-free violation at first failed capacity,"[1450.0, 1500.0]","[[0.0, 1450.0]]",False,2000.0,
139,1.2598241253322107,6.029400001713917,0.003330328417995784,1350.0,1400.0,max_daily_average_grid_connection_ratio,0.007960355583644274,"[{'constraint': 'max_daily_average_grid_connection_ratio', 'actual': 1.0079603555836443, 'target': 1.0, 'operator': '<=', 'violation': 0.007960355583644274, 'scaled_violation': 0.007960355583644274}]",maximum scale-free violation at first failed capacity,"[1350.0, 1400.0]","[[0.0, 1350.0]]",False,2000.0,
140,1.2815790651866044,4.912512281880115,0.001773549926997441,1350.0,1400.0,max_daily_average_grid_connection_ratio,0.013950539619835833,"[{'constraint': 'max_daily_average_grid_connection_ratio', 'actual': 1.0139505396198358, 'target': 1.0, 'operator': '<=', 'violation': 0.013950539619835833, 'scaled_violation': 0.013950539619835833}]",maximum scale-free violation at first failed capacity,"[1350.0, 1400.0]","[[0.0, 1350.0]]",False,1900.0,reclaimed_water_substitution_ratio
141,1.3544027265942329,8.904734936613487,0.003022160175424191,1250.0,1300.0,max_daily_average_grid_connection_ratio,0.002563330443498435,"[{'constraint': 'max_daily_average_grid_connection_ratio', 'actual': 1.0025633304434984, 'target': 1.0, 'operator': '<=', 'violation': 0.002563330443498435, 'scaled_violation': 0.002563330443498435}]",maximum scale-free violation at first failed capacity,"[1250.0, 1300.0]","[[0.0, 1250.0]]",False,1850.0,reclaimed_water_substitution_ratio
142,1.3463066985001428,8.239994525926928,0.0013967733792134862,1300.0,1350.0,max_daily_average_grid_connection_ratio,0.0239397604781042,"[{'constraint': 'max_daily_average_grid_connection_ratio', 'actual': 1.0239397604781042, 'target': 1.0, 'operator': '<=', 'violation': 0.0239397604781042, 'scaled_violation': 0.0239397604781042}]",maximum scale-free violation at first failed capacity,"[1300.0, 1350.0]","[[0.0, 1300.0]]",False,1850.0,reclaimed_water_substitution_ratio
143,1.1419290158795161,5.572935437824067,0.0057335221667359805,1500.0,1550.0,max_daily_average_grid_connection_ratio,0.03277938415929116,"[{'constraint': 'max_daily_average_grid_connection_ratio', 'actual': 1.0327793841592912, 'target': 1.0, 'operator': '<=', 'violation': 0.03277938415929116, 'scaled_violation': 0.03277938415929116}]",maximum scale-free violation at first failed capacity,"[1500.0, 1550.0]","[[0.0, 1500.0]]",False,2000.0,
144,1.2561684647755753,5.671369453799523,0.0043324872259519615,1350.0,1400.0,max_daily_average_grid_connection_ratio,0.012190686617126856,"[{'constraint': 'max_daily_average_grid_connection_ratio', 'actual': 1.0121906866171269, 'target': 1.0, 'operator': '<=', 'violation': 0.012190686617126856, 'scaled_violation': 0.012190686617126856}]",maximum scale-free violation at first failed capacity,"[1350.0, 1400.0]","[[0.0, 1350.0]]",False,2000.0,
145,1.1424550993298568,4.320484767127479,0.007037496194947182,1450.0,1500.0,max_daily_average_grid_connection_ratio,0.00978412507936488,"[{'constraint': 'max_daily_average_grid_connection_ratio', 'actual': 1.0097841250793649, 'target': 1.0, 'operator': '<=', 'violation': 0.00978412507936488, 'scaled_violation': 0.00978412507936488}]",maximum scale-free violation at first failed capacity,"[1450.0, 1500.0]","[[0.0, 1450.0]]",False,2000.0,
146,1.2373324685068607,5.393715869179525,0.006177408319837825,1350.0,1400.0,max_daily_average_grid_connection_ratio,0.01051894081089122,"[{'constraint': 'max_daily_average_grid_connection_ratio', 'actual': 1.0105189408108912, 'target': 1.0, 'operator': '<=', 'violation': 0.01051894081089122, 'scaled_violation': 0.01051894081089122}]",maximum scale-free violation at first failed capacity,"[1350.0, 1400.0]","[[0.0, 1350.0]]",False,2000.0,
147,1.1577267877819588,5.43544012395731,0.001011069933569172,1500.0,1550.0,max_daily_average_grid_connection_ratio,0.00947304651573,"[{'constraint': 'max_daily_average_grid_connection_ratio', 'actual': 1.00947304651573, 'target': 1.0, 'operator': '<=', 'violation': 0.00947304651573, 'scaled_violation': 0.00947304651573}]",maximum scale-free violation at first failed capacity,"[1500.0, 1550.0]","[[0.0, 1500.0]]",False,2000.0,
148,1.2926387106374468,5.519882478801313,0.00616936674114282,1300.0,1350.0,max_daily_average_grid_connection_ratio,0.016046290482755854,"[{'constraint': 'max_daily_average_grid_connection_ratio', 'actual': 1.0160462904827559, 'target': 1.0, 'operator': '<=', 'violation': 0.016046290482755854, 'scaled_violation': 0.016046290482755854}]",maximum scale-free violation at first failed capacity,"[1300.0, 1350.0]","[[0.0, 1300.0]]",False,2000.0,
149,1.3554936362066985,5.1749525439881285,0.000518977046634821,1300.0,1350.0,max_daily_average_grid_connection_ratio,0.024876246376163813,"[{'constraint': 'max_daily_average_grid_connection_ratio', 'actual': 1.0248762463761638, 'target': 1.0, 'operator': '<=', 'violation': 0.024876246376163813, 'scaled_violation': 0.024876246376163813}]",maximum scale-free violation at first failed capacity,"[1300.0, 1350.0]","[[0.0, 1300.0]]",False,1800.0,reclaimed_water_substitution_ratio
150,1.2004174366368217,4.229355304255906,0.004676321602026327,1400.0,1450.0,max_daily_average_grid_connection_ratio,0.005739697555503964,"[{'constraint': 'max_daily_average_grid_connection_ratio', 'actual': 1.005739697555504, 'target': 1.0, 'operator': '<=', 'violation': 0.005739697555503964, 'scaled_violation': 0.005739697555503964}]",maximum scale-free violation at first failed capacity,"[1400.0, 1450.0]","[[0.0, 1400.0]]",False,2000.0,
151,1.3359713126865902,4.011845531134844,0.005238994995605312,1250.0,1300.0,max_daily_average_grid_connection_ratio,0.0037466978973341725,"[{'constraint': 'max_daily_average_grid_connection_ratio', 'actual': 1.0037466978973342, 'target': 1.0, 'operator': '<=', 'violation': 0.0037466978973341725, 'scaled_violation': 0.0037466978973341725}]",maximum scale-free violation at first failed capacity,"[1250.0, 1300.0]","[[0.0, 1250.0]]",False,1800.0,reclaimed_water_substitution_ratio
152,1.1936290300414827,5.297295827070523,0.0036980056764157904,1450.0,1500.0,max_daily_average_grid_connection_ratio,0.02732475563900194,"[{'constraint': 'max_daily_average_grid_connection_ratio', 'actual': 1.027324755639002, 'target': 1.0, 'operator': '<=', 'violation': 0.02732475563900194, 'scaled_violation': 0.02732475563900194}]",maximum scale-free violation at first failed capacity,"[1450.0, 1500.0]","[[0.0, 1450.0]]",False,2000.0,
153,1.1713752525499856,7.3953033851641,0.006302315555894264,1450.0,1500.0,max_daily_average_grid_connection_ratio,0.02842586361457,"[{'constraint': 'max_daily_average_grid_connection_ratio', 'actual': 1.02842586361457, 'target': 1.0, 'operator': '<=', 'violation': 0.02842586361457, 'scaled_violation': 0.02842586361457}]",maximum scale-free violation at first failed capacity,"[1450.0, 1500.0]","[[0.0, 1450.0]]",False,2000.0,
154,1.3023008792302957,5.819954874184497,0.004183409898336479,1300.0,1350.0,max_daily_average_grid_connection_ratio,0.009784313478740092,"[{'constraint': 'max_daily_average_grid_connection_ratio', 'actual': 1.00978431347874, 'target': 1.0, 'operator': '<=', 'violation': 0.009784313478740092, 'scaled_violation': 0.009784313478740092}]",maximum scale-free violation at first failed capacity,"[1300.0, 1350.0]","[[0.0, 1300.0]]",False,1950.0,reclaimed_water_substitution_ratio
155,1.2718044549019212,8.004720928981705,0.005189997212398155,1350.0,1400.0,max_daily_average_grid_connection_ratio,0.030472364994965417,"[{'constraint': 'max_daily_average_grid_connection_ratio', 'actual': 1.0304723649949654, 'target': 1.0, 'operator': '<=', 'violation': 0.030472364994965417, 'scaled_violation': 0.030472364994965417}]",maximum scale-free violation at first failed capacity,"[1350.0, 1400.0]","[[0.0, 1350.0]]",False,2000.0,
156,1.2074560854589769,5.069893593381908,0.0011402936041951057,1450.0,1500.0,max_daily_average_grid_connection_ratio,0.019521851685416536,"[{'constraint': 'max_daily_average_grid_connection_ratio', 'actual': 1.0195218516854165, 'target': 1.0, 'operator': '<=', 'violation': 0.019521851685416536, 'scaled_violation': 0.019521851685416536}]",maximum scale-free violation at first failed capacity,"[1450.0, 1500.0]","[[0.0, 1450.0]]",False,2000.0,
157,1.2579830470639088,5.13211594528799,0.007753773059305474,1300.0,1350.0,max_daily_average_grid_connection_ratio,0.0007379982704796006,"[{'constraint': 'max_daily_average_grid_connection_ratio', 'actual': 1.0007379982704796, 'target': 1.0, 'operator': '<=', 'violation': 0.0007379982704796006, 'scaled_violation': 0.0007379982704796006}]",maximum scale-free violation at first failed capacity,"[1300.0, 1350.0]","[[0.0, 1300.0]]",False,2000.0,
158,1.3047630054549382,4.103205456219213,0.0038169054232202416,1300.0,1350.0,max_daily_average_grid_connection_ratio,0.009140284529693066,"[{'constraint': 'max_daily_average_grid_connection_ratio', 'actual': 1.009140284529693, 'target': 1.0, 'operator': '<=', 'violation': 0.009140284529693066, 'scaled_violation': 0.009140284529693066}]",maximum scale-free violation at first failed capacity,"[1300.0, 1350.0]","[[0.0, 1300.0]]",False,1850.0,reclaimed_water_substitution_ratio
159,1.2422567207753692,3.8995681592494496,0.004317702544255432,1350.0,1400.0,max_daily_average_grid_connection_ratio,0.001215684739291234,"[{'constraint': 'max_daily_average_grid_connection_ratio', 'actual': 1.0012156847392912, 'target': 1.0, 'operator': '<=', 'violation': 0.001215684739291234, 'scaled_violation': 0.001215684739291234}]",maximum scale-free violation at first failed capacity,"[1350.0, 1400.0]","[[0.0, 1350.0]]",False,1950.0,reclaimed_water_substitution_ratio
160,1.2330171110723644,4.988079467058436,0.0038139924903664037,1400.0,1450.0,max_daily_average_grid_connection_ratio,0.025806608074114834,"[{'constraint': 'max_daily_average_grid_connection_ratio', 'actual': 1.0258066080741148, 'target': 1.0, 'operator': '<=', 'violation': 0.025806608074114834, 'scaled_violation': 0.025806608074114834}]",maximum scale-free violation at first failed capacity,"[1400.0, 1450.0]","[[0.0, 1400.0]]",False,2000.0,
161,1.2252035558215644,5.880466145885888,0.005176557878112118,1400.0,1450.0,max_daily_average_grid_connection_ratio,0.029462721415037585,"[{'constraint': 'max_daily_average_grid_connection_ratio', 'actual': 1.0294627214150376, 'target': 1.0, 'operator': '<=', 'violation': 0.029462721415037585, 'scaled_violation': 0.029462721415037585}]",maximum scale-free violation at first failed capacity,"[1400.0, 1450.0]","[[0.0, 1400.0]]",False,2000.0,
162,1.2341795418798631,4.677241653121333,0.006311193631745066,1350.0,1400.0,max_daily_average_grid_connection_ratio,0.00900135541680469,"[{'constraint': 'max_daily_average_grid_connection_ratio', 'actual': 1.0090013554168047, 'target': 1.0, 'operator': '<=', 'violation': 0.00900135541680469, 'scaled_violation': 0.00900135541680469}]",maximum scale-free violation at first failed capacity,"[1350.0, 1400.0]","[[0.0, 1350.0]]",False,2000.0,
163,1.212789251081691,5.220638603829341,0.0037666787229220585,1400.0,1450.0,max_daily_average_grid_connection_ratio,0.009089804851126315,"[{'constraint': 'max_daily_average_grid_connection_ratio', 'actual': 1.0090898048511263, 'target': 1.0, 'operator': '<=', 'violation': 0.009089804851126315, 'scaled_violation': 0.009089804851126315}]",maximum scale-free violation at first failed capacity,"[1400.0, 1450.0]","[[0.0, 1400.0]]",False,2000.0,
164,1.2225854468577526,4.3784516075669915,0.0011263971678654974,1450.0,1500.0,max_daily_average_grid_connection_ratio,0.03208286447519049,"[{'constraint': 'max_daily_average_grid_connection_ratio', 'actual': 1.0320828644751905, 'target': 1.0, 'operator': '<=', 'violation': 0.03208286447519049, 'scaled_violation': 0.03208286447519049}]",maximum scale-free violation at first failed capacity,"[1450.0, 1500.0]","[[0.0, 1450.0]]",False,1950.0,reclaimed_water_substitution_ratio
165,1.2267122303213343,4.910725484964433,0.003154362363150607,1400.0,1450.0,max_daily_average_grid_connection_ratio,0.015872910021829334,"[{'constraint': 'max_daily_average_grid_connection_ratio', 'actual': 1.0158729100218293, 'target': 1.0, 'operator': '<=', 'violation': 0.015872910021829334, 'scaled_violation': 0.015872910021829334}]",maximum scale-free violation at first failed capacity,"[1400.0, 1450.0]","[[0.0, 1400.0]]",False,2000.0,
166,1.1811037173511345,4.7451373325538055,0.007540928007397633,1400.0,1450.0,max_daily_average_grid_connection_ratio,0.01108991043746932,"[{'constraint': 'max_daily_average_grid_connection_ratio', 'actual': 1.0110899104374693, 'target': 1.0, 'operator': '<=', 'violation': 0.01108991043746932, 'scaled_violation': 0.01108991043746932}]",maximum scale-free violation at first failed capacity,"[1400.0, 1450.0]","[[0.0, 1400.0]]",False,2000.0,
167,1.2501277946603255,5.8638877277727985,0.002505514633600748,1400.0,1450.0,max_daily_average_grid_connection_ratio,0.030070741453660732,"[{'constraint': 'max_daily_average_grid_connection_ratio', 'actual': 1.0300707414536607, 'target': 1.0, 'operator': '<=', 'violation': 0.030070741453660732, 'scaled_violation': 0.030070741453660732}]",maximum scale-free violation at first failed capacity,"[1400.0, 1450.0]","[[0.0, 1400.0]]",False,2000.0,
168,1.2267858013655588,6.471042072739529,0.0015007503038897922,1400.0,1450.0,max_daily_average_grid_connection_ratio,0.003821222777358413,"[{'constraint': 'max_daily_average_grid_connection_ratio', 'actual': 1.0038212227773584, 'target': 1.0, 'operator': '<=', 'violation': 0.003821222777358413, 'scaled_violation': 0.003821222777358413}]",maximum scale-free violation at first failed capacity,"[1400.0, 1450.0]","[[0.0, 1400.0]]",False,2000.0,
169,1.1269126453805258,6.48126378522638,0.0019158660257459648,1550.0,1600.0,max_daily_average_grid_connection_ratio,0.021831607674885012,"[{'constraint': 'max_daily_average_grid_connection_ratio', 'actual': 1.021831607674885, 'target': 1.0, 'operator': '<=', 'violation': 0.021831607674885012, 'scaled_violation': 0.021831607674885012}]",maximum scale-free violation at first failed capacity,"[1550.0, 1600.0]","[[0.0, 1550.0]]",False,2000.0,
170,1.1540478298995522,8.41179266192287,0.0015654950288026346,1500.0,1550.0,max_daily_average_grid_connection_ratio,0.010631068982060787,"[{'constraint': 'max_daily_average_grid_connection_ratio', 'actual': 1.0106310689820608, 'target': 1.0, 'operator': '<=', 'violation': 0.010631068982060787, 'scaled_violation': 0.010631068982060787}]",maximum scale-free violation at first failed capacity,"[1500.0, 1550.0]","[[0.0, 1500.0]]",False,2000.0,
171,1.2811654984418257,6.692137080361862,0.001981639879498575,1350.0,1400.0,max_daily_average_grid_connection_ratio,0.015098902444571793,"[{'constraint': 'max_daily_average_grid_connection_ratio', 'actual': 1.0150989024445718, 'target': 1.0, 'operator': '<=', 'violation': 0.015098902444571793, 'scaled_violation': 0.015098902444571793}]",maximum scale-free violation at first failed capacity,"[1350.0, 1400.0]","[[0.0, 1350.0]]",False,1950.0,reclaimed_water_substitution_ratio
172,1.2079533510022338,3.3948605641608873,0.000744572071928296,1400.0,1450.0,max_local_connection_ratio,0.02206536438833062,"[{'constraint': 'max_local_connection_ratio', 'actual': 1.0220653643883306, 'target': 1.0, 'operator': '<=', 'violation': 0.02206536438833062, 'scaled_violation': 0.02206536438833062}]",maximum scale-free violation at first failed capacity,"[1400.0, 1450.0]","[[0.0, 1400.0]]",False,1850.0,reclaimed_water_substitution_ratio
173,1.263160991818971,5.1938847951400255,0.005374378838135494,1350.0,1400.0,max_daily_average_grid_connection_ratio,0.025022341950684313,"[{'constraint': 'max_daily_average_grid_connection_ratio', 'actual': 1.0250223419506843, 'target': 1.0, 'operator': '<=', 'violation': 0.025022341950684313, 'scaled_violation': 0.025022341950684313}]",maximum scale-free violation at first failed capacity,"[1350.0, 1400.0]","[[0.0, 1350.0]]",False,2000.0,
174,1.176462414744871,5.093196077404965,0.0023180641756411534,1450.0,1500.0,max_daily_average_grid_connection_ratio,0.002497517741419486,"[{'constraint': 'max_daily_average_grid_connection_ratio', 'actual': 1.0024975177414195, 'target': 1.0, 'operator': '<=', 'violation': 0.002497517741419486, 'scaled_violation': 0.002497517741419486}]",maximum scale-free violation at first failed capacity,"[1450.0, 1500.0]","[[0.0, 1450.0]]",False,2000.0,
175,1.196804318287961,6.290717873195064,0.007304824411264581,1400.0,1450.0,max_daily_average_grid_connection_ratio,0.022067054654715257,"[{'constraint': 'max_daily_average_grid_connection_ratio', 'actual': 1.0220670546547153, 'target': 1.0, 'operator': '<=', 'violation': 0.022067054654715257, 'scaled_violation': 0.022067054654715257}]",maximum scale-free violation at first failed capacity,"[1400.0, 1450.0]","[[0.0, 1400.0]]",False,2000.0,
176,1.174364734948,6.7954939354015504,0.0060765880484461715,1450.0,1500.0,max_daily_average_grid_connection_ratio,0.029218397701606058,"[{'constraint': 'max_daily_average_grid_connection_ratio', 'actual': 1.029218397701606, 'target': 1.0, 'operator': '<=', 'violation': 0.029218397701606058, 'scaled_violation': 0.029218397701606058}]",maximum scale-free violation at first failed capacity,"[1450.0, 1500.0]","[[0.0, 1450.0]]",False,2000.0,
177,1.2244960680870982,8.5722702706084,0.003855509911559858,1400.0,1450.0,max_daily_average_grid_connection_ratio,0.019214662731403154,"[{'constraint': 'max_daily_average_grid_connection_ratio', 'actual': 1.0192146627314032, 'target': 1.0, 'operator': '<=', 'violation': 0.019214662731403154, 'scaled_violation': 0.019214662731403154}]",maximum scale-free violation at first failed capacity,"[1400.0, 1450.0]","[[0.0, 1400.0]]",False,2000.0,
178,1.2159599731371513,4.8104394527820205,0.004684831930289093,1400.0,1450.0,max_daily_average_grid_connection_ratio,0.018380499263255023,"[{'constraint': 'max_daily_average_grid_connection_ratio', 'actual': 1.018380499263255, 'target': 1.0, 'operator': '<=', 'violation': 0.018380499263255023, 'scaled_violation': 0.018380499263255023}]",maximum scale-free violation at first failed capacity,"[1400.0, 1450.0]","[[0.0, 1400.0]]",False,2000.0,
179,1.2830697090258358,6.8416969169757085,0.004743381759362102,1350.0,1400.0,max_daily_average_grid_connection_ratio,0.0361166211548305,"[{'constraint': 'max_daily_average_grid_connection_ratio', 'actual': 1.0361166211548305, 'target': 1.0, 'operator': '<=', 'violation': 0.0361166211548305, 'scaled_violation': 0.0361166211548305}]",maximum scale-free violation at first failed capacity,"[1350.0, 1400.0]","[[0.0, 1350.0]]",False,2000.0,
180,1.2374442380815225,4.545166833414279,0.002370301196036096,1400.0,1450.0,max_daily_average_grid_connection_ratio,0.018815706302415913,"[{'constraint': 'max_daily_average_grid_connection_ratio', 'actual': 1.018815706302416, 'target': 1.0, 'operator': '<=', 'violation': 0.018815706302415913, 'scaled_violation': 0.018815706302415913}]",maximum scale-free violation at first failed capacity,"[1400.0, 1450.0]","[[0.0, 1400.0]]",False,1950.0,reclaimed_water_substitution_ratio
181,1.161405903980387,7.95268290849732,0.004318199801675637,1450.0,1500.0,max_daily_average_grid_connection_ratio,0.005046554521744184,"[{'constraint': 'max_daily_average_grid_connection_ratio', 'actual': 1.0050465545217442, 'target': 1.0, 'operator': '<=', 'violation': 0.005046554521744184, 'scaled_violation': 0.005046554521744184}]",maximum scale-free violation at first failed capacity,"[1450.0, 1500.0]","[[0.0, 1450.0]]",False,2000.0,
182,1.1299414390734734,3.4734721563385085,0.005167373956685895,1450.0,1500.0,max_local_connection_ratio,0.015353279899476213,"[{'constraint': 'max_local_connection_ratio', 'actual': 1.0153532798994762, 'target': 1.0, 'operator': '<=', 'violation': 0.015353279899476213, 'scaled_violation': 0.015353279899476213}]",maximum scale-free violation at first failed capacity,"[1450.0, 1500.0]","[[0.0, 1450.0]]",False,2000.0,
183,1.2675252075703543,5.0374628870530325,0.0029182517075939515,1350.0,1400.0,max_daily_average_grid_connection_ratio,0.01106385777670904,"[{'constraint': 'max_daily_average_grid_connection_ratio', 'actual': 1.011063857776709, 'target': 1.0, 'operator': '<=', 'violation': 0.01106385777670904, 'scaled_violation': 0.01106385777670904}]",maximum scale-free violation at first failed capacity,"[1350.0, 1400.0]","[[0.0, 1350.0]]",False,1950.0,reclaimed_water_substitution_ratio
184,1.357267790586654,4.454324556814843,0.004766350145629657,1250.0,1300.0,max_daily_average_grid_connection_ratio,0.01609526093706215,"[{'constraint': 'max_daily_average_grid_connection_ratio', 'actual': 1.0160952609370622, 'target': 1.0, 'operator': '<=', 'violation': 0.01609526093706215, 'scaled_violation': 0.01609526093706215}]",maximum scale-free violation at first failed capacity,"[1250.0, 1300.0]","[[0.0, 1250.0]]",False,1800.0,reclaimed_water_substitution_ratio
185,1.2415313137767852,7.286750295874121,0.005837477273754096,1350.0,1400.0,max_daily_average_grid_connection_ratio,0.011396023357894025,"[{'constraint': 'max_daily_average_grid_connection_ratio', 'actual': 1.011396023357894, 'target': 1.0, 'operator': '<=', 'violation': 0.011396023357894025, 'scaled_violation': 0.011396023357894025}]",maximum scale-free violation at first failed capacity,"[1350.0, 1400.0]","[[0.0, 1350.0]]",False,2000.0,
186,1.2670684226263185,3.270305929494805,0.0027536700922248707,1300.0,1350.0,max_local_connection_ratio,0.0272998334641934,"[{'constraint': 'max_local_connection_ratio', 'actual': 1.0272998334641934, 'target': 1.0, 'operator': '<=', 'violation': 0.0272998334641934, 'scaled_violation': 0.0272998334641934}]",maximum scale-free violation at first failed capacity,"[1300.0, 1350.0]","[[0.0, 1300.0]]",False,1800.0,reclaimed_water_substitution_ratio
187,1.129418173693981,4.308819886754346,0.006512766870813393,1500.0,1550.0,max_daily_average_grid_connection_ratio,0.028057045764551924,"[{'constraint': 'max_daily_average_grid_connection_ratio', 'actual': 1.028057045764552, 'target': 1.0, 'operator': '<=', 'violation': 0.028057045764551924, 'scaled_violation': 0.028057045764551924}]",maximum scale-free violation at first failed capacity,"[1500.0, 1550.0]","[[0.0, 1500.0]]",False,2000.0,
188,1.2419852585322018,6.265098060721159,0.0013094680693012863,1400.0,1450.0,max_daily_average_grid_connection_ratio,0.014721071025607824,"[{'constraint': 'max_daily_average_grid_connection_ratio', 'actual': 1.0147210710256078, 'target': 1.0, 'operator': '<=', 'violation': 0.014721071025607824, 'scaled_violation': 0.014721071025607824}]",maximum scale-free violation at first failed capacity,"[1400.0, 1450.0]","[[0.0, 1400.0]]",False,2000.0,
189,1.2067874406976762,4.05202973122011,0.0061492140851267234,1400.0,1450.0,max_daily_average_grid_connection_ratio,0.021682518084233937,"[{'constraint': 'max_daily_average_grid_connection_ratio', 'actual': 1.021682518084234, 'target': 1.0, 'operator': '<=', 'violation': 0.021682518084233937, 'scaled_violation': 0.021682518084233937}]",maximum scale-free violation at first failed capacity,"[1400.0, 1450.0]","[[0.0, 1400.0]]",False,2000.0,
190,1.3330939589905313,6.27187963628367,0.0027208297706366787,1300.0,1350.0,max_daily_average_grid_connection_ratio,0.023012958101178427,"[{'constraint': 'max_daily_average_grid_connection_ratio', 'actual': 1.0230129581011784, 'target': 1.0, 'operator': '<=', 'violation': 0.023012958101178427, 'scaled_violation': 0.023012958101178427}]",maximum scale-free violation at first failed capacity,"[1300.0, 1350.0]","[[0.0, 1300.0]]",False,1900.0,reclaimed_water_substitution_ratio
191,1.256690654016872,7.555306319513436,0.0007200503382718932,1400.0,1450.0,max_daily_average_grid_connection_ratio,0.022305092400933146,"[{'constraint': 'max_daily_average_grid_connection_ratio', 'actual': 1.0223050924009331, 'target': 1.0, 'operator': '<=', 'violation': 0.022305092400933146, 'scaled_violation': 0.022305092400933146}]",maximum scale-free violation at first failed capacity,"[1400.0, 1450.0]","[[0.0, 1400.0]]",False,1950.0,reclaimed_water_substitution_ratio
192,1.1234335055906661,5.433377452449495,0.0065305131363397675,1500.0,1550.0,max_daily_average_grid_connection_ratio,0.023018608824755482,"[{'constraint': 'max_daily_average_grid_connection_ratio', 'actual': 1.0230186088247555, 'target': 1.0, 'operator': '<=', 'violation': 0.023018608824755482, 'scaled_violation': 0.023018608824755482}]",maximum scale-free violation at first failed capacity,"[1500.0, 1550.0]","[[0.0, 1500.0]]",False,2000.0,
193,1.306455242950914,3.7180919037763864,0.0016831331812130498,1300.0,1350.0,max_local_connection_ratio,0.0017648852355749423,"[{'constraint': 'max_local_connection_ratio', 'actual': 1.001764885235575, 'target': 1.0, 'operator': '<=', 'violation': 0.0017648852355749423, 'scaled_violation': 0.0017648852355749423}]",maximum scale-free violation at first failed capacity,"[1300.0, 1350.0]","[[0.0, 1300.0]]",False,1750.0,reclaimed_water_substitution_ratio
194,1.2075800228340157,6.2753895322624444,0.0018015998382288631,1450.0,1500.0,max_daily_average_grid_connection_ratio,0.024636104546953197,"[{'constraint': 'max_daily_average_grid_connection_ratio', 'actual': 1.0246361045469532, 'target': 1.0, 'operator': '<=', 'violation': 0.024636104546953197, 'scaled_violation': 0.024636104546953197}]",maximum scale-free violation at first failed capacity,"[1450.0, 1500.0]","[[0.0, 1450.0]]",False,2000.0,
195,1.3155175719704777,6.520944935190548,0.0019486732752278123,1300.0,1350.0,max_daily_average_grid_connection_ratio,0.0045041715000544436,"[{'constraint': 'max_daily_average_grid_connection_ratio', 'actual': 1.0045041715000544, 'target': 1.0, 'operator': '<=', 'violation': 0.0045041715000544436, 'scaled_violation': 0.0045041715000544436}]",maximum scale-free violation at first failed capacity,"[1300.0, 1350.0]","[[0.0, 1300.0]]",False,1900.0,reclaimed_water_substitution_ratio
196,1.2544826104579316,6.0783569906658,0.000853874306305166,1400.0,1450.0,max_daily_average_grid_connection_ratio,0.021498278217757516,"[{'constraint': 'max_daily_average_grid_connection_ratio', 'actual': 1.0214982782177575, 'target': 1.0, 'operator': '<=', 'violation': 0.021498278217757516, 'scaled_violation': 0.021498278217757516}]",maximum scale-free violation at first failed capacity,"[1400.0, 1450.0]","[[0.0, 1400.0]]",False,2000.0,
197,1.1611373998856633,5.382756553057794,0.006617288136362748,1450.0,1500.0,max_daily_average_grid_connection_ratio,0.022241173515531676,"[{'constraint': 'max_daily_average_grid_connection_ratio', 'actual': 1.0222411735155317, 'target': 1.0, 'operator': '<=', 'violation': 0.022241173515531676, 'scaled_violation': 0.022241173515531676}]",maximum scale-free violation at first failed capacity,"[1450.0, 1500.0]","[[0.0, 1450.0]]",False,2000.0,
198,1.2918536026127398,4.46669596024153,0.0038304741700307177,1350.0,1400.0,max_daily_average_grid_connection_ratio,0.03652456743032495,"[{'constraint': 'max_daily_average_grid_connection_ratio', 'actual': 1.036524567430325, 'target': 1.0, 'operator': '<=', 'violation': 0.03652456743032495, 'scaled_violation': 0.03652456743032495}]",maximum scale-free violation at first failed capacity,"[1350.0, 1400.0]","[[0.0, 1350.0]]",False,1900.0,reclaimed_water_substitution_ratio
199,1.304990960587635,5.8107674075936755,0.0031991963511694833,1300.0,1350.0,max_daily_average_grid_connection_ratio,0.005099889707018024,"[{'constraint': 'max_daily_average_grid_connection_ratio', 'actual': 1.005099889707018, 'target': 1.0, 'operator': '<=', 'violation': 0.005099889707018024, 'scaled_violation': 0.005099889707018024}]",maximum scale-free violation at first failed capacity,"[1300.0, 1350.0]","[[0.0, 1300.0]]",False,1950.0,reclaimed_water_substitution_ratio
200,1.2867712249714571,3.8878865196908468,0.0032330279544044724,1350.0,1400.0,max_daily_average_grid_connection_ratio,0.02832839491864747,"[{'constraint': 'max_daily_average_grid_connection_ratio', 'actual': 1.0283283949186475, 'target': 1.0, 'operator': '<=', 'violation': 0.02832839491864747, 'scaled_violation': 0.02832839491864747}, {'constraint': 'max_local_connection_ratio', 'actual': 1.019291626227164, 'target': 1.0, 'operator': '<=', 'violation': 0.01929162622716407, 'scaled_violation': 0.01929162622716407}]",maximum scale-free violation at first failed capacity,"[1350.0, 1400.0]","[[0.0, 1350.0]]",False,1850.0,reclaimed_water_substitution_ratio
201,1.1272436567009905,6.70314572226363,0.007772392913208059,1450.0,1500.0,max_daily_average_grid_connection_ratio,0.0026171678798563303,"[{'constraint': 'max_daily_average_grid_connection_ratio', 'actual': 1.0026171678798563, 'target': 1.0, 'operator': '<=', 'violation': 0.0026171678798563303, 'scaled_violation': 0.0026171678798563303}]",maximum scale-free violation at first failed capacity,"[1450.0, 1500.0]","[[0.0, 1450.0]]",False,2000.0,
202,1.2719619159968956,8.42751107134394,0.0017835075238049009,1350.0,1400.0,max_daily_average_grid_connection_ratio,0.006506243108718612,"[{'constraint': 'max_daily_average_grid_connection_ratio', 'actual': 1.0065062431087186, 'target': 1.0, 'operator': '<=', 'violation': 0.006506243108718612, 'scaled_violation': 0.006506243108718612}]",maximum scale-free violation at first failed capacity,"[1350.0, 1400.0]","[[0.0, 1350.0]]",False,1950.0,reclaimed_water_substitution_ratio
203,1.3335644293314275,6.666245815795213,0.002290148795046535,1300.0,1350.0,max_daily_average_grid_connection_ratio,0.020430637105173455,"[{'constraint': 'max_daily_average_grid_connection_ratio', 'actual': 1.0204306371051735, 'target': 1.0, 'operator': '<=', 'violation': 0.020430637105173455, 'scaled_violation': 0.020430637105173455}]",maximum scale-free violation at first failed capacity,"[1300.0, 1350.0]","[[0.0, 1300.0]]",False,1900.0,reclaimed_water_substitution_ratio
204,1.2359260119376692,8.611067632198164,0.003609694564144876,1400.0,1450.0,max_daily_average_grid_connection_ratio,0.026664462756904372,"[{'constraint': 'max_daily_average_grid_connection_ratio', 'actual': 1.0266644627569044, 'target': 1.0, 'operator': '<=', 'violation': 0.026664462756904372, 'scaled_violation': 0.026664462756904372}]",maximum scale-free violation at first failed capacity,"[1400.0, 1450.0]","[[0.0, 1400.0]]",False,2000.0,
205,1.2297933165744124,8.70059256112097,0.006324740340973552,1350.0,1400.0,max_daily_average_grid_connection_ratio,0.0056698136687429734,"[{'constraint': 'max_daily_average_grid_connection_ratio', 'actual': 1.005669813668743, 'target': 1.0, 'operator': '<=', 'violation': 0.0056698136687429734, 'scaled_violation': 0.0056698136687429734}]",maximum scale-free violation at first failed capacity,"[1350.0, 1400.0]","[[0.0, 1350.0]]",False,2000.0,
206,1.1370205076671924,4.676205669670207,0.0033165568589246814,1500.0,1550.0,max_daily_average_grid_connection_ratio,0.009610059133371207,"[{'constraint': 'max_daily_average_grid_connection_ratio', 'actual': 1.0096100591333712, 'target': 1.0, 'operator': '<=', 'violation': 0.009610059133371207, 'scaled_violation': 0.009610059133371207}]",maximum scale-free violation at first failed capacity,"[1500.0, 1550.0]","[[0.0, 1500.0]]",False,2000.0,
207,1.1947838602218295,8.675079937273773,0.0024633049958716386,1450.0,1500.0,max_daily_average_grid_connection_ratio,0.01893667220773665,"[{'constraint': 'max_daily_average_grid_connection_ratio', 'actual': 1.0189366722077366, 'target': 1.0, 'operator': '<=', 'violation': 0.01893667220773665, 'scaled_violation': 0.01893667220773665}]",maximum scale-free violation at first failed capacity,"[1450.0, 1500.0]","[[0.0, 1450.0]]",False,2000.0,
208,1.2853600159136942,3.8636975023672084,0.0038574593756957234,1350.0,1400.0,max_daily_average_grid_connection_ratio,0.031641392577976823,"[{'constraint': 'max_daily_average_grid_connection_ratio', 'actual': 1.0316413925779768, 'target': 1.0, 'operator': '<=', 'violation': 0.031641392577976823, 'scaled_violation': 0.031641392577976823}, {'constraint': 'max_local_connection_ratio', 'actual': 1.0246277716298653, 'target': 1.0, 'operator': '<=', 'violation': 0.02462777162986529, 'scaled_violation': 0.02462777162986529}, {'constraint': 'max_wtw_utilization', 'actual': 0.9506507406218858, 'target': 0.95, 'operator': '<=', 'violation': 0.0006507406218858591, 'scaled_violation': 0.0006849901283009044}]",maximum scale-free violation at first failed capacity,"[1350.0, 1400.0]","[[0.0, 1350.0]]",False,1850.0,reclaimed_water_substitution_ratio
209,1.2673461518685523,4.321939760364648,0.006708579645391555,1300.0,1350.0,max_daily_average_grid_connection_ratio,0.0006657428603638049,"[{'constraint': 'max_daily_average_grid_connection_ratio', 'actual': 1.0006657428603638, 'target': 1.0, 'operator': '<=', 'violation': 0.0006657428603638049, 'scaled_violation': 0.0006657428603638049}]",maximum scale-free violation at first failed capacity,"[1300.0, 1350.0]","[[0.0, 1300.0]]",False,1950.0,reclaimed_water_substitution_ratio
210,1.230981300271629,4.938988583469703,0.0016415095854538549,1400.0,1450.0,max_daily_average_grid_connection_ratio,0.008247547783027942,"[{'constraint': 'max_daily_average_grid_connection_ratio', 'actual': 1.008247547783028, 'target': 1.0, 'operator': '<=', 'violation': 0.008247547783027942, 'scaled_violation': 0.008247547783027942}]",maximum scale-free violation at first failed capacity,"[1400.0, 1450.0]","[[0.0, 1400.0]]",False,2000.0,
211,1.1773489770759835,7.049660235986861,0.007510363709884149,1400.0,1450.0,max_daily_average_grid_connection_ratio,0.007827368050339567,"[{'constraint': 'max_daily_average_grid_connection_ratio', 'actual': 1.0078273680503396, 'target': 1.0, 'operator': '<=', 'violation': 0.007827368050339567, 'scaled_violation': 0.007827368050339567}]",maximum scale-free violation at first failed capacity,"[1400.0, 1450.0]","[[0.0, 1400.0]]",False,2000.0,
212,1.2345854242369614,6.367283278049372,0.006959113029588992,1350.0,1400.0,max_daily_average_grid_connection_ratio,0.013900300464753323,"[{'constraint': 'max_daily_average_grid_connection_ratio', 'actual': 1.0139003004647533, 'target': 1.0, 'operator': '<=', 'violation': 0.013900300464753323, 'scaled_violation': 0.013900300464753323}]",maximum scale-free violation at first failed capacity,"[1350.0, 1400.0]","[[0.0, 1350.0]]",False,2000.0,
213,1.1798783517105356,6.127122235777199,0.0064634957544866395,1400.0,1450.0,max_daily_average_grid_connection_ratio,0.0022070036020740424,"[{'constraint': 'max_daily_average_grid_connection_ratio', 'actual': 1.002207003602074, 'target': 1.0, 'operator': '<=', 'violation': 0.0022070036020740424, 'scaled_violation': 0.0022070036020740424}]",maximum scale-free violation at first failed capacity,"[1400.0, 1450.0]","[[0.0, 1400.0]]",False,2000.0,
214,1.2266916565169974,5.896448083003107,0.004120663241386569,1400.0,1450.0,max_daily_average_grid_connection_ratio,0.022933548550830407,"[{'constraint': 'max_daily_average_grid_connection_ratio', 'actual': 1.0229335485508304, 'target': 1.0, 'operator': '<=', 'violation': 0.022933548550830407, 'scaled_violation': 0.022933548550830407}]",maximum scale-free violation at first failed capacity,"[1400.0, 1450.0]","[[0.0, 1400.0]]",False,2000.0,
215,1.3042532595109888,6.3225726899997445,0.005100339940613586,1300.0,1350.0,max_daily_average_grid_connection_ratio,0.017507933429344202,"[{'constraint': 'max_daily_average_grid_connection_ratio', 'actual': 1.0175079334293442, 'target': 1.0, 'operator': '<=', 'violation': 0.017507933429344202, 'scaled_violation': 0.017507933429344202}]",maximum scale-free violation at first failed capacity,"[1300.0, 1350.0]","[[0.0, 1300.0]]",False,1950.0,reclaimed_water_substitution_ratio
216,1.1246356826903448,5.756601846518194,0.002092251980810299,1550.0,1600.0,max_daily_average_grid_connection_ratio,0.021223760470701736,"[{'constraint': 'max_daily_average_grid_connection_ratio', 'actual': 1.0212237604707017, 'target': 1.0, 'operator': '<=', 'violation': 0.021223760470701736, 'scaled_violation': 0.021223760470701736}]",maximum scale-free violation at first failed capacity,"[1550.0, 1600.0]","[[0.0, 1550.0]]",False,2000.0,
217,1.2675612924347794,3.4400795327843405,0.007486083745562212,1250.0,1300.0,max_local_connection_ratio,0.002227182063093691,"[{'constraint': 'max_local_connection_ratio', 'actual': 1.0022271820630937, 'target': 1.0, 'operator': '<=', 'violation': 0.002227182063093691, 'scaled_violation': 0.002227182063093691}]",maximum scale-free violation at first failed capacity,"[1250.0, 1300.0]","[[0.0, 1250.0]]",False,1900.0,reclaimed_water_substitution_ratio
218,1.235638777776906,7.472535118020163,0.0069845451402484725,1350.0,1400.0,max_daily_average_grid_connection_ratio,0.014903221301331593,"[{'constraint': 'max_daily_average_grid_connection_ratio', 'actual': 1.0149032213013316, 'target': 1.0, 'operator': '<=', 'violation': 0.014903221301331593, 'scaled_violation': 0.014903221301331593}]",maximum scale-free violation at first failed capacity,"[1350.0, 1400.0]","[[0.0, 1350.0]]",False,2000.0,
219,1.168349257667609,3.4311256353997965,0.0051534473751343405,1400.0,1450.0,max_local_connection_ratio,0.018149071145910023,"[{'constraint': 'max_local_connection_ratio', 'actual': 1.01814907114591, 'target': 1.0, 'operator': '<=', 'violation': 0.018149071145910023, 'scaled_violation': 0.018149071145910023}]",maximum scale-free violation at first failed capacity,"[1400.0, 1450.0]","[[0.0, 1400.0]]",False,2000.0,
220,1.1665851427916958,8.641759558837109,0.005530558414323332,1450.0,1500.0,max_daily_average_grid_connection_ratio,0.018568242260674994,"[{'constraint': 'max_daily_average_grid_connection_ratio', 'actual': 1.018568242260675, 'target': 1.0, 'operator': '<=', 'violation': 0.018568242260674994, 'scaled_violation': 0.018568242260674994}]",maximum scale-free violation at first failed capacity,"[1450.0, 1500.0]","[[0.0, 1450.0]]",False,2000.0,
221,1.2876879221074025,4.711599890695172,0.005655298323114016,1300.0,1350.0,max_daily_average_grid_connection_ratio,0.008810540883010143,"[{'constraint': 'max_daily_average_grid_connection_ratio', 'actual': 1.0088105408830101, 'target': 1.0, 'operator': '<=', 'violation': 0.008810540883010143, 'scaled_violation': 0.008810540883010143}]",maximum scale-free violation at first failed capacity,"[1300.0, 1350.0]","[[0.0, 1300.0]]",False,1950.0,reclaimed_water_substitution_ratio
222,1.1395927473657232,5.744475493535105,0.0075593169677732035,1450.0,1500.0,max_daily_average_grid_connection_ratio,0.0113414225916324,"[{'constraint': 'max_daily_average_grid_connection_ratio', 'actual': 1.0113414225916324, 'target': 1.0, 'operator': '<=', 'violation': 0.0113414225916324, 'scaled_violation': 0.0113414225916324}]",maximum scale-free violation at first failed capacity,"[1450.0, 1500.0]","[[0.0, 1450.0]]",False,2000.0,
223,1.2017520502733607,8.300852523333043,0.004355073477254144,1400.0,1450.0,max_daily_average_grid_connection_ratio,0.004466936584329062,"[{'constraint': 'max_daily_average_grid_connection_ratio', 'actual': 1.004466936584329, 'target': 1.0, 'operator': '<=', 'violation': 0.004466936584329062, 'scaled_violation': 0.004466936584329062}]",maximum scale-free violation at first failed capacity,"[1400.0, 1450.0]","[[0.0, 1400.0]]",False,2000.0,
224,1.1763734734798328,8.996554673804752,0.007451958828083999,1400.0,1450.0,max_daily_average_grid_connection_ratio,0.006610136025983371,"[{'constraint': 'max_daily_average_grid_connection_ratio', 'actual': 1.0066101360259834, 'target': 1.0, 'operator': '<=', 'violation': 0.006610136025983371, 'scaled_violation': 0.006610136025983371}]",maximum scale-free violation at first failed capacity,"[1400.0, 1450.0]","[[0.0, 1400.0]]",False,2000.0,
225,1.3241220186209262,6.827849055214909,0.0038280498257957382,1300.0,1350.0,max_daily_average_grid_connection_ratio,0.023802907384297578,"[{'constraint': 'max_daily_average_grid_connection_ratio', 'actual': 1.0238029073842976, 'target': 1.0, 'operator': '<=', 'violation': 0.023802907384297578, 'scaled_violation': 0.023802907384297578}]",maximum scale-free violation at first failed capacity,"[1300.0, 1350.0]","[[0.0, 1300.0]]",False,1900.0,reclaimed_water_substitution_ratio
226,1.1920317750635405,8.712051647350322,0.0051274382610428364,1400.0,1450.0,max_daily_average_grid_connection_ratio,0.0022572631761721418,"[{'constraint': 'max_daily_average_grid_connection_ratio', 'actual': 1.0022572631761721, 'target': 1.0, 'operator': '<=', 'violation': 0.0022572631761721418, 'scaled_violation': 0.0022572631761721418}]",maximum scale-free violation at first failed capacity,"[1400.0, 1450.0]","[[0.0, 1400.0]]",False,2000.0,
227,1.226917696076727,3.2994168597092464,0.0013657706025605653,1350.0,1400.0,max_local_connection_ratio,0.01821070907843869,"[{'constraint': 'max_local_connection_ratio', 'actual': 1.0182107090784387, 'target': 1.0, 'operator': '<=', 'violation': 0.01821070907843869, 'scaled_violation': 0.01821070907843869}]",maximum scale-free violation at first failed capacity,"[1350.0, 1400.0]","[[0.0, 1350.0]]",False,1850.0,reclaimed_water_substitution_ratio
228,1.332039900449056,5.585054648519369,0.0014477076600746415,1300.0,1350.0,max_daily_average_grid_connection_ratio,0.013537334038157711,"[{'constraint': 'max_daily_average_grid_connection_ratio', 'actual': 1.0135373340381577, 'target': 1.0, 'operator': '<=', 'violation': 0.013537334038157711, 'scaled_violation': 0.013537334038157711}]",maximum scale-free violation at first failed capacity,"[1300.0, 1350.0]","[[0.0, 1300.0]]",False,1850.0,reclaimed_water_substitution_ratio
229,1.1534826258060455,5.7841503362117095,0.0021116543244352783,1500.0,1550.0,max_daily_average_grid_connection_ratio,0.014418105884550503,"[{'constraint': 'max_daily_average_grid_connection_ratio', 'actual': 1.0144181058845505, 'target': 1.0, 'operator': '<=', 'violation': 0.014418105884550503, 'scaled_violation': 0.014418105884550503}]",maximum scale-free violation at first failed capacity,"[1500.0, 1550.0]","[[0.0, 1500.0]]",False,2000.0,
230,1.1947883151653889,5.699233145270986,0.002731727477394788,1450.0,1500.0,max_daily_average_grid_connection_ratio,0.02097414776534179,"[{'constraint': 'max_daily_average_grid_connection_ratio', 'actual': 1.0209741477653418, 'target': 1.0, 'operator': '<=', 'violation': 0.02097414776534179, 'scaled_violation': 0.02097414776534179}]",maximum scale-free violation at first failed capacity,"[1450.0, 1500.0]","[[0.0, 1450.0]]",False,2000.0,
231,1.2774615880821234,4.10343927923945,0.0037056404248502735,1350.0,1400.0,max_daily_average_grid_connection_ratio,0.02439607118212006,"[{'constraint': 'max_daily_average_grid_connection_ratio', 'actual': 1.02439607118212, 'target': 1.0, 'operator': '<=', 'violation': 0.02439607118212006, 'scaled_violation': 0.02439607118212006}]",maximum scale-free violation at first failed capacity,"[1350.0, 1400.0]","[[0.0, 1350.0]]",False,1900.0,reclaimed_water_substitution_ratio
232,1.2383548763161643,6.727401502311117,0.007450714649356522,1350.0,1400.0,max_daily_average_grid_connection_ratio,0.020322085166614157,"[{'constraint': 'max_daily_average_grid_connection_ratio', 'actual': 1.0203220851666142, 'target': 1.0, 'operator': '<=', 'violation': 0.020322085166614157, 'scaled_violation': 0.020322085166614157}]",maximum scale-free violation at first failed capacity,"[1350.0, 1400.0]","[[0.0, 1350.0]]",False,2000.0,
233,1.353724349279826,3.0720583801328383,0.006206166540113701,1150.0,1200.0,max_local_connection_ratio,0.02355147580660666,"[{'constraint': 'max_local_connection_ratio', 'actual': 1.0235514758066067, 'target': 1.0, 'operator': '<=', 'violation': 0.02355147580660666, 'scaled_violation': 0.02355147580660666}]",maximum scale-free violation at first failed capacity,"[1150.0, 1200.0]","[[0.0, 1150.0]]",False,1700.0,reclaimed_water_substitution_ratio
234,1.2722904786147902,4.7946362465057435,0.005294381771294997,1350.0,1400.0,max_daily_average_grid_connection_ratio,0.031590298001762385,"[{'constraint': 'max_daily_average_grid_connection_ratio', 'actual': 1.0315902980017624, 'target': 1.0, 'operator': '<=', 'violation': 0.031590298001762385, 'scaled_violation': 0.031590298001762385}]",maximum scale-free violation at first failed capacity,"[1350.0, 1400.0]","[[0.0, 1350.0]]",False,1950.0,reclaimed_water_substitution_ratio
235,1.2804362647997494,8.174149528625414,0.006617575820783084,1300.0,1350.0,max_daily_average_grid_connection_ratio,0.009908326617779961,"[{'constraint': 'max_daily_average_grid_connection_ratio', 'actual': 1.00990832661778, 'target': 1.0, 'operator': '<=', 'violation': 0.009908326617779961, 'scaled_violation': 0.009908326617779961}]",maximum scale-free violation at first failed capacity,"[1300.0, 1350.0]","[[0.0, 1300.0]]",False,2000.0,
236,1.121046965386767,6.024935723364561,0.0008604098117737805,1550.0,1600.0,max_daily_average_grid_connection_ratio,0.008063522161360082,"[{'constraint': 'max_daily_average_grid_connection_ratio', 'actual': 1.00806352216136, 'target': 1.0, 'operator': '<=', 'violation': 0.008063522161360082, 'scaled_violation': 0.008063522161360082}]",maximum scale-free violation at first failed capacity,"[1550.0, 1600.0]","[[0.0, 1550.0]]",False,2000.0,
237,1.3391847220345294,8.73578998895543,0.0031916641532074076,1300.0,1350.0,max_daily_average_grid_connection_ratio,0.030812843069313756,"[{'constraint': 'max_daily_average_grid_connection_ratio', 'actual': 1.0308128430693138, 'target': 1.0, 'operator': '<=', 'violation': 0.030812843069313756, 'scaled_violation': 0.030812843069313756}]",maximum scale-free violation at first failed capacity,"[1300.0, 1350.0]","[[0.0, 1300.0]]",False,1900.0,reclaimed_water_substitution_ratio
238,1.3245152598836496,3.876752559865965,0.0021470796965760725,1300.0,1350.0,max_daily_average_grid_connection_ratio,0.01263668158560649,"[{'constraint': 'max_daily_average_grid_connection_ratio', 'actual': 1.0126366815856065, 'target': 1.0, 'operator': '<=', 'violation': 0.01263668158560649, 'scaled_violation': 0.01263668158560649}, {'constraint': 'max_local_connection_ratio', 'actual': 1.0046608344297527, 'target': 1.0, 'operator': '<=', 'violation': 0.004660834429752736, 'scaled_violation': 0.004660834429752736}]",maximum scale-free violation at first failed capacity,"[1300.0, 1350.0]","[[0.0, 1300.0]]",False,1750.0,reclaimed_water_substitution_ratio
239,1.145411820451079,3.9270308190811902,0.0011846366698859611,1500.0,1550.0,max_daily_average_grid_connection_ratio,0.00017817753133164693,"[{'constraint': 'max_daily_average_grid_connection_ratio', 'actual': 1.0001781775313316, 'target': 1.0, 'operator': '<=', 'violation': 0.00017817753133164693, 'scaled_violation': 0.00017817753133164693}]",maximum scale-free violation at first failed capacity,"[1500.0, 1550.0]","[[0.0, 1500.0]]",False,2000.0,
240,1.1503345700934087,6.74934830779858,0.006999303241581892,1450.0,1500.0,max_daily_average_grid_connection_ratio,0.01609144298056564,"[{'constraint': 'max_daily_average_grid_connection_ratio', 'actual': 1.0160914429805656, 'target': 1.0, 'operator': '<=', 'violation': 0.01609144298056564, 'scaled_violation': 0.01609144298056564}]",maximum scale-free violation at first failed capacity,"[1450.0, 1500.0]","[[0.0, 1450.0]]",False,2000.0,
241,1.1224397686995058,7.2107721276616,0.005831860659143307,1500.0,1550.0,max_daily_average_grid_connection_ratio,0.01668901972816217,"[{'constraint': 'max_daily_average_grid_connection_ratio', 'actual': 1.0166890197281622, 'target': 1.0, 'operator': '<=', 'violation': 0.01668901972816217, 'scaled_violation': 0.01668901972816217}]",maximum scale-free violation at first failed capacity,"[1500.0, 1550.0]","[[0.0, 1500.0]]",False,2000.0,
242,1.357674207021493,3.2992647462177027,0.0009510986302598105,1200.0,1250.0,max_local_connection_ratio,0.0023034919023667833,"[{'constraint': 'max_local_connection_ratio', 'actual': 1.0023034919023668, 'target': 1.0, 'operator': '<=', 'violation': 0.0023034919023667833, 'scaled_violation': 0.0023034919023667833}]",maximum scale-free violation at first failed capacity,"[1200.0, 1250.0]","[[0.0, 1200.0]]",False,1650.0,reclaimed_water_substitution_ratio
243,1.2822923539851112,4.479312648835144,0.004285371642642078,1350.0,1400.0,max_daily_average_grid_connection_ratio,0.03227036515519077,"[{'constraint': 'max_daily_average_grid_connection_ratio', 'actual': 1.0322703651551908, 'target': 1.0, 'operator': '<=', 'violation': 0.03227036515519077, 'scaled_violation': 0.03227036515519077}]",maximum scale-free violation at first failed capacity,"[1350.0, 1400.0]","[[0.0, 1350.0]]",False,1900.0,reclaimed_water_substitution_ratio
244,1.2436567098168985,8.646635204350197,0.0033347106422484504,1400.0,1450.0,max_daily_average_grid_connection_ratio,0.030906853986958804,"[{'constraint': 'max_daily_average_grid_connection_ratio', 'actual': 1.0309068539869588, 'target': 1.0, 'operator': '<=', 'violation': 0.030906853986958804, 'scaled_violation': 0.030906853986958804}]",maximum scale-free violation at first failed capacity,"[1400.0, 1450.0]","[[0.0, 1400.0]]",False,2000.0,
245,1.2692910818424545,4.028281274942469,0.003418194236989798,1350.0,1400.0,max_daily_average_grid_connection_ratio,0.01597905664839172,"[{'constraint': 'max_daily_average_grid_connection_ratio', 'actual': 1.0159790566483917, 'target': 1.0, 'operator': '<=', 'violation': 0.01597905664839172, 'scaled_violation': 0.01597905664839172}]",maximum scale-free violation at first failed capacity,"[1350.0, 1400.0]","[[0.0, 1350.0]]",False,1900.0,reclaimed_water_substitution_ratio
246,1.1211526956169802,5.695753423252224,0.0015003953970593538,1550.0,1600.0,max_daily_average_grid_connection_ratio,0.013330157396927556,"[{'constraint': 'max_daily_average_grid_connection_ratio', 'actual': 1.0133301573969276, 'target': 1.0, 'operator': '<=', 'violation': 0.013330157396927556, 'scaled_violation': 0.013330157396927556}]",maximum scale-free violation at first failed capacity,"[1550.0, 1600.0]","[[0.0, 1550.0]]",False,2000.0,
247,1.2491100674511175,5.251801873751168,0.0007733229186096378,1400.0,1450.0,max_daily_average_grid_connection_ratio,0.016560348184768925,"[{'constraint': 'max_daily_average_grid_connection_ratio', 'actual': 1.016560348184769, 'target': 1.0, 'operator': '<=', 'violation': 0.016560348184768925, 'scaled_violation': 0.016560348184768925}]",maximum scale-free violation at first failed capacity,"[1400.0, 1450.0]","[[0.0, 1400.0]]",False,1950.0,reclaimed_water_substitution_ratio
248,1.203337457987235,8.796312570092764,0.006482248964212121,1400.0,1450.0,max_daily_average_grid_connection_ratio,0.021329652388630382,"[{'constraint': 'max_daily_average_grid_connection_ratio', 'actual': 1.0213296523886304, 'target': 1.0, 'operator': '<=', 'violation': 0.021329652388630382, 'scaled_violation': 0.021329652388630382}]",maximum scale-free violation at first failed capacity,"[1400.0, 1450.0]","[[0.0, 1400.0]]",False,2000.0,
249,1.126942739709013,3.420150654812439,0.0027374852956626957,1500.0,1550.0,max_local_connection_ratio,0.03295319350875081,"[{'constraint': 'max_local_connection_ratio', 'actual': 1.0329531935087508, 'target': 1.0, 'operator': '<=', 'violation': 0.03295319350875081, 'scaled_violation': 0.03295319350875081}, {'constraint': 'max_wtw_utilization', 'actual': 0.9512938906166456, 'target': 0.95, 'operator': '<=', 'violation': 0.0012938906166456432, 'scaled_violation': 0.0013619901227848877}]",maximum scale-free violation at first failed capacity,"[1500.0, 1550.0]","[[0.0, 1500.0]]",False,2000.0,
250,1.1264151715108661,6.353018669020792,0.006274871477560562,1500.0,1550.0,max_daily_average_grid_connection_ratio,0.023596594295340223,"[{'constraint': 'max_daily_average_grid_connection_ratio', 'actual': 1.0235965942953402, 'target': 1.0, 'operator': '<=', 'violation': 0.023596594295340223, 'scaled_violation': 0.023596594295340223}]",maximum scale-free violation at first failed capacity,"[1500.0, 1550.0]","[[0.0, 1500.0]]",False,2000.0,
251,1.318826295260334,8.266683878014046,0.006871732613645761,1250.0,1300.0,max_daily_average_grid_connection_ratio,0.002028001880929331,"[{'constraint': 'max_daily_average_grid_connection_ratio', 'actual': 1.0020280018809293, 'target': 1.0, 'operator': '<=', 'violation': 0.002028001880929331, 'scaled_violation': 0.002028001880929331}]",maximum scale-free violation at first failed capacity,"[1250.0, 1300.0]","[[0.0, 1250.0]]",False,1950.0,reclaimed_water_substitution_ratio
252,1.2686590430717688,8.256967994160508,0.004972947455686832,1350.0,1400.0,max_daily_average_grid_connection_ratio,0.026479704067336796,"[{'constraint': 'max_daily_average_grid_connection_ratio', 'actual': 1.0264797040673368, 'target': 1.0, 'operator': '<=', 'violation': 0.026479704067336796, 'scaled_violation': 0.026479704067336796}]",maximum scale-free violation at first failed capacity,"[1350.0, 1400.0]","[[0.0, 1350.0]]",False,2000.0,
253,1.284648092009893,8.336852390670439,0.007079140525331373,1300.0,1350.0,max_daily_average_grid_connection_ratio,0.016229261135005668,"[{'constraint': 'max_daily_average_grid_connection_ratio', 'actual': 1.0162292611350057, 'target': 1.0, 'operator': '<=', 'violation': 0.016229261135005668, 'scaled_violation': 0.016229261135005668}]",maximum scale-free violation at first failed capacity,"[1300.0, 1350.0]","[[0.0, 1300.0]]",False,2000.0,
254,1.1433963883350153,5.05715198230961,0.0033471910280866903,1500.0,1550.0,max_daily_average_grid_connection_ratio,0.015365717511902854,"[{'constraint': 'max_daily_average_grid_connection_ratio', 'actual': 1.0153657175119029, 'target': 1.0, 'operator': '<=', 'violation': 0.015365717511902854, 'scaled_violation': 0.015365717511902854}]",maximum scale-free violation at first failed capacity,"[1500.0, 1550.0]","[[0.0, 1500.0]]",False,2000.0,
255,1.3201343248500126,5.4117058540725065,0.004469406150794013,1300.0,1350.0,max_daily_average_grid_connection_ratio,0.025171664813814942,"[{'constraint': 'max_daily_average_grid_connection_ratio', 'actual': 1.025171664813815, 'target': 1.0, 'operator': '<=', 'violation': 0.025171664813814942, 'scaled_violation': 0.025171664813814942}]",maximum scale-free violation at first failed capacity,"[1300.0, 1350.0]","[[0.0, 1300.0]]",False,1900.0,reclaimed_water_substitution_ratio
256,1.2266678193703069,5.093929449509592,0.0006176754103489414,1450.0,1500.0,max_daily_average_grid_connection_ratio,0.03164621495139541,"[{'constraint': 'max_daily_average_grid_connection_ratio', 'actual': 1.0316462149513954, 'target': 1.0, 'operator': '<=', 'violation': 0.03164621495139541, 'scaled_violation': 0.03164621495139541}]",maximum scale-free violation at first failed capacity,"[1450.0, 1500.0]","[[0.0, 1450.0]]",False,2000.0,
257,1.2093251511452967,8.057538556682974,0.005292804560909397,1400.0,1450.0,max_daily_average_grid_connection_ratio,0.017463837238525626,"[{'constraint': 'max_daily_average_grid_connection_ratio', 'actual': 1.0174638372385256, 'target': 1.0, 'operator': '<=', 'violation': 0.017463837238525626, 'scaled_violation': 0.017463837238525626}]",maximum scale-free violation at first failed capacity,"[1400.0, 1450.0]","[[0.0, 1400.0]]",False,2000.0,
258,1.3419634542373098,3.7787868319599744,0.006709317620496372,1250.0,1300.0,max_local_connection_ratio,0.01821611942175272,"[{'constraint': 'max_local_connection_ratio', 'actual': 1.0182161194217527, 'target': 1.0, 'operator': '<=', 'violation': 0.01821611942175272, 'scaled_violation': 0.01821611942175272}, {'constraint': 'max_daily_average_grid_connection_ratio', 'actual': 1.0177492193526545, 'target': 1.0, 'operator': '<=', 'violation': 0.0177492193526545, 'scaled_violation': 0.0177492193526545}]",maximum scale-free violation at first failed capacity,"[1250.0, 1300.0]","[[0.0, 1250.0]]",False,1800.0,reclaimed_water_substitution_ratio
259,1.1250163704602028,6.238001259215188,0.001322811007498544,1550.0,1600.0,max_daily_average_grid_connection_ratio,0.015345274237179352,"[{'constraint': 'max_daily_average_grid_connection_ratio', 'actual': 1.0153452742371794, 'target': 1.0, 'operator': '<=', 'violation': 0.015345274237179352, 'scaled_violation': 0.015345274237179352}]",maximum scale-free violation at first failed capacity,"[1550.0, 1600.0]","[[0.0, 1550.0]]",False,2000.0,
260,1.349236024807635,7.895422774903503,0.0028361796278179243,1300.0,1350.0,max_daily_average_grid_connection_ratio,0.03596225183706947,"[{'constraint': 'max_daily_average_grid_connection_ratio', 'actual': 1.0359622518370695, 'target': 1.0, 'operator': '<=', 'violation': 0.03596225183706947, 'scaled_violation': 0.03596225183706947}]",maximum scale-free violation at first failed capacity,"[1300.0, 1350.0]","[[0.0, 1300.0]]",False,1850.0,reclaimed_water_substitution_ratio
261,1.2917443041465697,6.121383317022481,0.0015427389481653452,1350.0,1400.0,max_daily_average_grid_connection_ratio,0.020261330583147164,"[{'constraint': 'max_daily_average_grid_connection_ratio', 'actual': 1.0202613305831472, 'target': 1.0, 'operator': '<=', 'violation': 0.020261330583147164, 'scaled_violation': 0.020261330583147164}]",maximum scale-free violation at first failed capacity,"[1350.0, 1400.0]","[[0.0, 1350.0]]",False,1950.0,reclaimed_water_substitution_ratio
262,1.175950700684867,8.574041274342676,0.00115225153273437,1500.0,1550.0,max_daily_average_grid_connection_ratio,0.026344016201757192,"[{'constraint': 'max_daily_average_grid_connection_ratio', 'actual': 1.0263440162017572, 'target': 1.0, 'operator': '<=', 'violation': 0.026344016201757192, 'scaled_violation': 0.026344016201757192}]",maximum scale-free violation at first failed capacity,"[1500.0, 1550.0]","[[0.0, 1500.0]]",False,2000.0,
263,1.342401187129663,3.3026777723473675,0.0024896154058477297,1200.0,1250.0,max_local_connection_ratio,0.0008960286104011672,"[{'constraint': 'max_local_connection_ratio', 'actual': 1.0008960286104012, 'target': 1.0, 'operator': '<=', 'violation': 0.0008960286104011672, 'scaled_violation': 0.0008960286104011672}]",maximum scale-free violation at first failed capacity,"[1200.0, 1250.0]","[[0.0, 1200.0]]",False,1700.0,reclaimed_water_substitution_ratio
264,1.1862044393953903,4.284465499813311,0.007475928391239834,1400.0,1450.0,max_daily_average_grid_connection_ratio,0.014741826791039081,"[{'constraint': 'max_daily_average_grid_connection_ratio', 'actual': 1.014741826791039, 'target': 1.0, 'operator': '<=', 'violation': 0.014741826791039081, 'scaled_violation': 0.014741826791039081}]",maximum scale-free violation at first failed capacity,"[1400.0, 1450.0]","[[0.0, 1400.0]]",False,2000.0,
265,1.3466324489911377,4.491164833585772,0.004955832347407197,1250.0,1300.0,max_daily_average_grid_connection_ratio,0.009622763940861923,"[{'constraint': 'max_daily_average_grid_connection_ratio', 'actual': 1.009622763940862, 'target': 1.0, 'operator': '<=', 'violation': 0.009622763940861923, 'scaled_violation': 0.009622763940861923}]",maximum scale-free violation at first failed capacity,"[1250.0, 1300.0]","[[0.0, 1250.0]]",False,1850.0,reclaimed_water_substitution_ratio
266,1.1816723611485613,6.007583496511816,0.0028455906435433053,1450.0,1500.0,max_daily_average_grid_connection_ratio,0.010856173558884574,"[{'constraint': 'max_daily_average_grid_connection_ratio', 'actual': 1.0108561735588846, 'target': 1.0, 'operator': '<=', 'violation': 0.010856173558884574, 'scaled_violation': 0.010856173558884574}]",maximum scale-free violation at first failed capacity,"[1450.0, 1500.0]","[[0.0, 1450.0]]",False,2000.0,
267,1.2905294541042571,7.359828317848628,0.0007379754824228486,1350.0,1400.0,max_daily_average_grid_connection_ratio,0.013621138408422162,"[{'constraint': 'max_daily_average_grid_connection_ratio', 'actual': 1.0136211384084222, 'target': 1.0, 'operator': '<=', 'violation': 0.013621138408422162, 'scaled_violation': 0.013621138408422162}]",maximum scale-free violation at first failed capacity,"[1350.0, 1400.0]","[[0.0, 1350.0]]",False,1900.0,reclaimed_water_substitution_ratio
268,1.172157157888632,5.9220724350257505,0.0009656537174550626,1500.0,1550.0,max_daily_average_grid_connection_ratio,0.02160128256189764,"[{'constraint': 'max_daily_average_grid_connection_ratio', 'actual': 1.0216012825618976, 'target': 1.0, 'operator': '<=', 'violation': 0.02160128256189764, 'scaled_violation': 0.02160128256189764}]",maximum scale-free violation at first failed capacity,"[1500.0, 1550.0]","[[0.0, 1500.0]]",False,2000.0,
269,1.3413167178689005,5.560456629034763,0.002654342725052148,1300.0,1350.0,max_daily_average_grid_connection_ratio,0.028755267695933284,"[{'constraint': 'max_daily_average_grid_connection_ratio', 'actual': 1.0287552676959333, 'target': 1.0, 'operator': '<=', 'violation': 0.028755267695933284, 'scaled_violation': 0.028755267695933284}]",maximum scale-free violation at first failed capacity,"[1300.0, 1350.0]","[[0.0, 1300.0]]",False,1850.0,reclaimed_water_substitution_ratio
270,1.338265335766779,4.008171666014149,0.006239982121273207,1250.0,1300.0,max_daily_average_grid_connection_ratio,0.011984100437191447,"[{'constraint': 'max_daily_average_grid_connection_ratio', 'actual': 1.0119841004371914, 'target': 1.0, 'operator': '<=', 'violation': 0.011984100437191447, 'scaled_violation': 0.011984100437191447}]",maximum scale-free violation at first failed capacity,"[1250.0, 1300.0]","[[0.0, 1250.0]]",False,1800.0,reclaimed_water_substitution_ratio
271,1.263671647586338,4.579309106643489,0.004776352625086964,1350.0,1400.0,max_daily_average_grid_connection_ratio,0.0211923896903623,"[{'constraint': 'max_daily_average_grid_connection_ratio', 'actual': 1.0211923896903623, 'target': 1.0, 'operator': '<=', 'violation': 0.0211923896903623, 'scaled_violation': 0.0211923896903623}]",maximum scale-free violation at first failed capacity,"[1350.0, 1400.0]","[[0.0, 1350.0]]",False,1950.0,reclaimed_water_substitution_ratio
272,1.2707201709792546,6.561975392740347,0.0050370415753932946,1350.0,1400.0,max_daily_average_grid_connection_ratio,0.028543486662021555,"[{'constraint': 'max_daily_average_grid_connection_ratio', 'actual': 1.0285434866620216, 'target': 1.0, 'operator': '<=', 'violation': 0.028543486662021555, 'scaled_violation': 0.028543486662021555}]",maximum scale-free violation at first failed capacity,"[1350.0, 1400.0]","[[0.0, 1350.0]]",False,2000.0,
273,1.1594553349331829,8.484210150088387,0.00471851228555273,1450.0,1500.0,max_daily_average_grid_connection_ratio,0.0064465696995168464,"[{'constraint': 'max_daily_average_grid_connection_ratio', 'actual': 1.0064465696995168, 'target': 1.0, 'operator': '<=', 'violation': 0.0064465696995168464, 'scaled_violation': 0.0064465696995168464}]",maximum scale-free violation at first failed capacity,"[1450.0, 1500.0]","[[0.0, 1450.0]]",False,2000.0,
274,1.1333376513597115,7.817760474018062,0.00621556549165478,1500.0,1550.0,max_daily_average_grid_connection_ratio,0.029120958428230148,"[{'constraint': 'max_daily_average_grid_connection_ratio', 'actual': 1.0291209584282301, 'target': 1.0, 'operator': '<=', 'violation': 0.029120958428230148, 'scaled_violation': 0.029120958428230148}]",maximum scale-free violation at first failed capacity,"[1500.0, 1550.0]","[[0.0, 1500.0]]",False,2000.0,
275,1.1804516638179503,8.632105411795266,0.007214218884029698,1400.0,1450.0,max_daily_average_grid_connection_ratio,0.008169356044985143,"[{'constraint': 'max_daily_average_grid_connection_ratio', 'actual': 1.0081693560449851, 'target': 1.0, 'operator': '<=', 'violation': 0.008169356044985143, 'scaled_violation': 0.008169356044985143}]",maximum scale-free violation at first failed capacity,"[1400.0, 1450.0]","[[0.0, 1400.0]]",False,2000.0,
276,1.242629801320323,7.291963698977932,0.005808279604403499,1350.0,1400.0,max_daily_average_grid_connection_ratio,0.01204789411868279,"[{'constraint': 'max_daily_average_grid_connection_ratio', 'actual': 1.0120478941186828, 'target': 1.0, 'operator': '<=', 'violation': 0.01204789411868279, 'scaled_violation': 0.01204789411868279}]",maximum scale-free violation at first failed capacity,"[1350.0, 1400.0]","[[0.0, 1350.0]]",False,2000.0,
277,1.1524523015804795,3.617762573241736,0.0006272064246957752,1500.0,1550.0,max_local_connection_ratio,0.017448638501082137,"[{'constraint': 'max_local_connection_ratio', 'actual': 1.0174486385010821, 'target': 1.0, 'operator': '<=', 'violation': 0.017448638501082137, 'scaled_violation': 0.017448638501082137}, {'constraint': 'max_daily_average_grid_connection_ratio', 'actual': 1.0019047032700101, 'target': 1.0, 'operator': '<=', 'violation': 0.001904703270010133, 'scaled_violation': 0.001904703270010133}]",maximum scale-free violation at first failed capacity,"[1500.0, 1550.0]","[[0.0, 1500.0]]",False,2000.0,
278,1.1524712258118937,3.2122434282660506,0.0024349016958841235,1400.0,1450.0,max_local_connection_ratio,0.01053670139237628,"[{'constraint': 'max_local_connection_ratio', 'actual': 1.0105367013923763, 'target': 1.0, 'operator': '<=', 'violation': 0.01053670139237628, 'scaled_violation': 0.01053670139237628}]",maximum scale-free violation at first failed capacity,"[1400.0, 1450.0]","[[0.0, 1400.0]]",False,1950.0,reclaimed_water_substitution_ratio
279,1.2043519866259131,6.664447872991942,0.0016785144841735182,1450.0,1500.0,max_daily_average_grid_connection_ratio,0.02100101675487287,"[{'constraint': 'max_daily_average_grid_connection_ratio', 'actual': 1.0210010167548729, 'target': 1.0, 'operator': '<=', 'violation': 0.02100101675487287, 'scaled_violation': 0.02100101675487287}]",maximum scale-free violation at first failed capacity,"[1450.0, 1500.0]","[[0.0, 1450.0]]",False,2000.0,
280,1.2147204926176713,4.1784238352313965,0.005684121052475588,1400.0,1450.0,max_daily_average_grid_connection_ratio,0.02469629406519891,"[{'constraint': 'max_daily_average_grid_connection_ratio', 'actual': 1.024696294065199, 'target': 1.0, 'operator': '<=', 'violation': 0.02469629406519891, 'scaled_violation': 0.02469629406519891}]",maximum scale-free violation at first failed capacity,"[1400.0, 1450.0]","[[0.0, 1400.0]]",False,2000.0,
281,1.2090855699758438,5.8365131756990385,0.004121715719977485,1400.0,1450.0,max_daily_average_grid_connection_ratio,0.008692768550344399,"[{'constraint': 'max_daily_average_grid_connection_ratio', 'actual': 1.0086927685503444, 'target': 1.0, 'operator': '<=', 'violation': 0.008692768550344399, 'scaled_violation': 0.008692768550344399}]",maximum scale-free violation at first failed capacity,"[1400.0, 1450.0]","[[0.0, 1400.0]]",False,2000.0,
282,1.1212470158106491,6.270948208137444,0.002395049331292253,1550.0,1600.0,max_daily_average_grid_connection_ratio,0.020644774509977815,"[{'constraint': 'max_daily_average_grid_connection_ratio', 'actual': 1.0206447745099778, 'target': 1.0, 'operator': '<=', 'violation': 0.020644774509977815, 'scaled_violation': 0.020644774509977815}]",maximum scale-free violation at first failed capacity,"[1550.0, 1600.0]","[[0.0, 1550.0]]",False,2000.0,
283,1.1718064318633061,3.9127399372626583,0.004249664964531524,1450.0,1500.0,max_daily_average_grid_connection_ratio,0.013234611306127464,"[{'constraint': 'max_daily_average_grid_connection_ratio', 'actual': 1.0132346113061275, 'target': 1.0, 'operator': '<=', 'violation': 0.013234611306127464, 'scaled_violation': 0.013234611306127464}, {'constraint': 'max_local_connection_ratio', 'actual': 1.002294345527261, 'target': 1.0, 'operator': '<=', 'violation': 0.0022943455272610436, 'scaled_violation': 0.0022943455272610436}]",maximum scale-free violation at first failed capacity,"[1450.0, 1500.0]","[[0.0, 1450.0]]",False,2000.0,
284,1.2989529380667397,5.578426757587092,0.0044973450479263224,1300.0,1350.0,max_daily_average_grid_connection_ratio,0.009402428672266483,"[{'constraint': 'max_daily_average_grid_connection_ratio', 'actual': 1.0094024286722665, 'target': 1.0, 'operator': '<=', 'violation': 0.009402428672266483, 'scaled_violation': 0.009402428672266483}]",maximum scale-free violation at first failed capacity,"[1300.0, 1350.0]","[[0.0, 1300.0]]",False,1950.0,reclaimed_water_substitution_ratio
285,1.2173184821283205,3.368785263228957,0.006401473318087181,1300.0,1350.0,max_local_connection_ratio,0.002024192552229076,"[{'constraint': 'max_local_connection_ratio', 'actual': 1.002024192552229, 'target': 1.0, 'operator': '<=', 'violation': 0.002024192552229076, 'scaled_violation': 0.002024192552229076}]",maximum scale-free violation at first failed capacity,"[1300.0, 1350.0]","[[0.0, 1300.0]]",False,1950.0,reclaimed_water_substitution_ratio
286,1.3125963222384727,6.276344819555066,0.003024864899699841,1300.0,1350.0,max_daily_average_grid_connection_ratio,0.00964161248210793,"[{'constraint': 'max_daily_average_grid_connection_ratio', 'actual': 1.009641612482108, 'target': 1.0, 'operator': '<=', 'violation': 0.00964161248210793, 'scaled_violation': 0.00964161248210793}]",maximum scale-free violation at first failed capacity,"[1300.0, 1350.0]","[[0.0, 1300.0]]",False,1900.0,reclaimed_water_substitution_ratio
287,1.20759956910809,4.661453666229275,0.004585089500800197,1400.0,1450.0,max_daily_average_grid_connection_ratio,0.010883956025278252,"[{'constraint': 'max_daily_average_grid_connection_ratio', 'actual': 1.0108839560252783, 'target': 1.0, 'operator': '<=', 'violation': 0.010883956025278252, 'scaled_violation': 0.010883956025278252}]",maximum scale-free violation at first failed capacity,"[1400.0, 1450.0]","[[0.0, 1400.0]]",False,2000.0,
288,1.2066658381667672,5.654720727526765,0.0019807522502307694,1450.0,1500.0,max_daily_average_grid_connection_ratio,0.025228126057451172,"[{'constraint': 'max_daily_average_grid_connection_ratio', 'actual': 1.0252281260574512, 'target': 1.0, 'operator': '<=', 'violation': 0.025228126057451172, 'scaled_violation': 0.025228126057451172}]",maximum scale-free violation at first failed capacity,"[1450.0, 1500.0]","[[0.0, 1450.0]]",False,2000.0,
289,1.206657601187259,6.77634708484375,0.006239172946387147,1400.0,1450.0,max_daily_average_grid_connection_ratio,0.022236307949615286,"[{'constraint': 'max_daily_average_grid_connection_ratio', 'actual': 1.0222363079496153, 'target': 1.0, 'operator': '<=', 'violation': 0.022236307949615286, 'scaled_violation': 0.022236307949615286}]",maximum scale-free violation at first failed capacity,"[1400.0, 1450.0]","[[0.0, 1400.0]]",False,2000.0,
290,1.249004507451258,8.068608757838648,0.0030642608737096715,1400.0,1450.0,max_daily_average_grid_connection_ratio,0.03325398854860784,"[{'constraint': 'max_daily_average_grid_connection_ratio', 'actual': 1.0332539885486078, 'target': 1.0, 'operator': '<=', 'violation': 0.03325398854860784, 'scaled_violation': 0.03325398854860784}]",maximum scale-free violation at first failed capacity,"[1400.0, 1450.0]","[[0.0, 1400.0]]",False,2000.0,
291,1.1665665382419497,4.967529878508964,0.005750219641128922,1450.0,1500.0,max_daily_average_grid_connection_ratio,0.020216964962316286,"[{'constraint': 'max_daily_average_grid_connection_ratio', 'actual': 1.0202169649623163, 'target': 1.0, 'operator': '<=', 'violation': 0.020216964962316286, 'scaled_violation': 0.020216964962316286}]",maximum scale-free violation at first failed capacity,"[1450.0, 1500.0]","[[0.0, 1450.0]]",False,2000.0,
292,1.339609151900668,6.664263228368825,0.004621781120285481,1250.0,1300.0,max_daily_average_grid_connection_ratio,0.0023333199655202197,"[{'constraint': 'max_daily_average_grid_connection_ratio', 'actual': 1.0023333199655202, 'target': 1.0, 'operator': '<=', 'violation': 0.0023333199655202197, 'scaled_violation': 0.0023333199655202197}]",maximum scale-free violation at first failed capacity,"[1250.0, 1300.0]","[[0.0, 1250.0]]",False,1900.0,reclaimed_water_substitution_ratio
293,1.1326499179558667,5.370025694161352,0.006847015478740875,1450.0,1500.0,max_daily_average_grid_connection_ratio,0.00013201960980868677,"[{'constraint': 'max_daily_average_grid_connection_ratio', 'actual': 1.0001320196098087, 'target': 1.0, 'operator': '<=', 'violation': 0.00013201960980868677, 'scaled_violation': 0.00013201960980868677}]",maximum scale-free violation at first failed capacity,"[1450.0, 1500.0]","[[0.0, 1450.0]]",False,2000.0,
294,1.2196750882186724,3.0781627565310448,0.005262992504243606,1300.0,1350.0,max_local_connection_ratio,0.03412172335519714,"[{'constraint': 'max_local_connection_ratio', 'actual': 1.0341217233551971, 'target': 1.0, 'operator': '<=', 'violation': 0.03412172335519714, 'scaled_violation': 0.03412172335519714}, {'constraint': 'max_wtw_utilization', 'actual': 0.950575458150797, 'target': 0.95, 'operator': '<=', 'violation': 0.0005754581507970702, 'scaled_violation': 0.0006057454218916529}]",maximum scale-free violation at first failed capacity,"[1300.0, 1350.0]","[[0.0, 1300.0]]",False,1850.0,reclaimed_water_substitution_ratio
295,1.348402275078576,3.476474450779606,0.0021054675666532397,1250.0,1300.0,max_local_connection_ratio,0.022290560180459718,"[{'constraint': 'max_local_connection_ratio', 'actual': 1.0222905601804597, 'target': 1.0, 'operator': '<=', 'violation': 0.022290560180459718, 'scaled_violation': 0.022290560180459718}]",maximum scale-free violation at first failed capacity,"[1250.0, 1300.0]","[[0.0, 1250.0]]",False,1700.0,reclaimed_water_substitution_ratio
296,1.2763589462927272,8.252780575919353,0.007413817509047269,1300.0,1350.0,max_daily_average_grid_connection_ratio,0.012265715963932333,"[{'constraint': 'max_daily_average_grid_connection_ratio', 'actual': 1.0122657159639323, 'target': 1.0, 'operator': '<=', 'violation': 0.012265715963932333, 'scaled_violation': 0.012265715963932333}]",maximum scale-free violation at first failed capacity,"[1300.0, 1350.0]","[[0.0, 1300.0]]",False,2000.0,
297,1.2885291467736175,6.875452183026055,0.007579375805520065,1300.0,1350.0,max_daily_average_grid_connection_ratio,0.022564659652571706,"[{'constraint': 'max_daily_average_grid_connection_ratio', 'actual': 1.0225646596525717, 'target': 1.0, 'operator': '<=', 'violation': 0.022564659652571706, 'scaled_violation': 0.022564659652571706}]",maximum scale-free violation at first failed capacity,"[1300.0, 1350.0]","[[0.0, 1300.0]]",False,2000.0,
298,1.2564257507328689,5.612368625412975,0.006904948214702229,1350.0,1400.0,max_daily_average_grid_connection_ratio,0.030583011223699552,"[{'constraint': 'max_daily_average_grid_connection_ratio', 'actual': 1.0305830112236996, 'target': 1.0, 'operator': '<=', 'violation': 0.030583011223699552, 'scaled_violation': 0.030583011223699552}]",maximum scale-free violation at first failed capacity,"[1350.0, 1400.0]","[[0.0, 1350.0]]",False,2000.0,
299,1.3486916285123565,6.63626078376846,0.006186918801428109,1250.0,1300.0,max_daily_average_grid_connection_ratio,0.01920070338369695,"[{'constraint': 'max_daily_average_grid_connection_ratio', 'actual': 1.019200703383697, 'target': 1.0, 'operator': '<=', 'violation': 0.01920070338369695, 'scaled_violation': 0.01920070338369695}]",maximum scale-free violation at first failed capacity,"[1250.0, 1300.0]","[[0.0, 1250.0]]",False,1900.0,reclaimed_water_substitution_ratio
300,1.1962574093042453,4.832920671113434,0.0025948698961796735,1450.0,1500.0,max_daily_average_grid_connection_ratio,0.02116715001710312,"[{'constraint': 'max_daily_average_grid_connection_ratio', 'actual': 1.0211671500171031, 'target': 1.0, 'operator': '<=', 'violation': 0.02116715001710312, 'scaled_violation': 0.02116715001710312}]",maximum scale-free violation at first failed capacity,"[1450.0, 1500.0]","[[0.0, 1450.0]]",False,2000.0,
301,1.2830852626630196,6.48555667102568,0.002244510199875585,1350.0,1400.0,max_daily_average_grid_connection_ratio,0.018457881048971503,"[{'constraint': 'max_daily_average_grid_connection_ratio', 'actual': 1.0184578810489715, 'target': 1.0, 'operator': '<=', 'violation': 0.018457881048971503, 'scaled_violation': 0.018457881048971503}]",maximum scale-free violation at first failed capacity,"[1350.0, 1400.0]","[[0.0, 1350.0]]",False,1950.0,reclaimed_water_substitution_ratio
302,1.1303218002624984,4.824135280691466,0.007746450155923061,1450.0,1500.0,max_daily_average_grid_connection_ratio,0.004997630218139815,"[{'constraint': 'max_daily_average_grid_connection_ratio', 'actual': 1.0049976302181398, 'target': 1.0, 'operator': '<=', 'violation': 0.004997630218139815, 'scaled_violation': 0.004997630218139815}]",maximum scale-free violation at first failed capacity,"[1450.0, 1500.0]","[[0.0, 1450.0]]",False,2000.0,
303,1.2243603156674965,7.043681794663919,0.00726868865633838,1350.0,1400.0,max_daily_average_grid_connection_ratio,0.008099716280310476,"[{'constraint': 'max_daily_average_grid_connection_ratio', 'actual': 1.0080997162803105, 'target': 1.0, 'operator': '<=', 'violation': 0.008099716280310476, 'scaled_violation': 0.008099716280310476}]",maximum scale-free violation at first failed capacity,"[1350.0, 1400.0]","[[0.0, 1350.0]]",False,2000.0,
304,1.3450903133594285,5.940603310308479,0.0014178948488049268,1300.0,1350.0,max_daily_average_grid_connection_ratio,0.023167265776693924,"[{'constraint': 'max_daily_average_grid_connection_ratio', 'actual': 1.023167265776694, 'target': 1.0, 'operator': '<=', 'violation': 0.023167265776693924, 'scaled_violation': 0.023167265776693924}]",maximum scale-free violation at first failed capacity,"[1300.0, 1350.0]","[[0.0, 1300.0]]",False,1850.0,reclaimed_water_substitution_ratio
305,1.3467894699904528,8.050665514335746,0.002194350302745279,1300.0,1350.0,max_daily_average_grid_connection_ratio,0.029742191396724627,"[{'constraint': 'max_daily_average_grid_connection_ratio', 'actual': 1.0297421913967246, 'target': 1.0, 'operator': '<=', 'violation': 0.029742191396724627, 'scaled_violation': 0.029742191396724627}]",maximum scale-free violation at first failed capacity,"[1300.0, 1350.0]","[[0.0, 1300.0]]",False,1850.0,reclaimed_water_substitution_ratio
306,1.3088570561820378,8.562698133023044,0.00795259976884547,1250.0,1300.0,max_daily_average_grid_connection_ratio,0.001892035733526365,"[{'constraint': 'max_daily_average_grid_connection_ratio', 'actual': 1.0018920357335264, 'target': 1.0, 'operator': '<=', 'violation': 0.001892035733526365, 'scaled_violation': 0.001892035733526365}]",maximum scale-free violation at first failed capacity,"[1250.0, 1300.0]","[[0.0, 1250.0]]",False,2000.0,
307,1.2956937405200482,6.489951814602962,0.0022943406929568358,1350.0,1400.0,max_daily_average_grid_connection_ratio,0.02866235632354397,"[{'constraint': 'max_daily_average_grid_connection_ratio', 'actual': 1.028662356323544, 'target': 1.0, 'operator': '<=', 'violation': 0.02866235632354397, 'scaled_violation': 0.02866235632354397}]",maximum scale-free violation at first failed capacity,"[1350.0, 1400.0]","[[0.0, 1350.0]]",False,1950.0,reclaimed_water_substitution_ratio
308,1.3179087484917262,4.061396434889801,0.0007500290474949842,1350.0,1400.0,max_daily_average_grid_connection_ratio,0.0351001913655824,"[{'constraint': 'max_daily_average_grid_connection_ratio', 'actual': 1.0351001913655824, 'target': 1.0, 'operator': '<=', 'violation': 0.0351001913655824, 'scaled_violation': 0.0351001913655824}, {'constraint': 'max_local_connection_ratio', 'actual': 1.0121873501096477, 'target': 1.0, 'operator': '<=', 'violation': 0.012187350109647666, 'scaled_violation': 0.012187350109647666}]",maximum scale-free violation at first failed capacity,"[1350.0, 1400.0]","[[0.0, 1350.0]]",False,1800.0,reclaimed_water_substitution_ratio
309,1.181855193107911,7.706289880903286,0.002589676174662981,1450.0,1500.0,max_daily_average_grid_connection_ratio,0.009070263555465141,"[{'constraint': 'max_daily_average_grid_connection_ratio', 'actual': 1.0090702635554651, 'target': 1.0, 'operator': '<=', 'violation': 0.009070263555465141, 'scaled_violation': 0.009070263555465141}]",maximum scale-free violation at first failed capacity,"[1450.0, 1500.0]","[[0.0, 1450.0]]",False,2000.0,
310,1.3411756557260666,5.023769825498443,0.007749257892612176,1250.0,1300.0,max_daily_average_grid_connection_ratio,0.024006317774701635,"[{'constraint': 'max_daily_average_grid_connection_ratio', 'actual': 1.0240063177747016, 'target': 1.0, 'operator': '<=', 'violation': 0.024006317774701635, 'scaled_violation': 0.024006317774701635}]",maximum scale-free violation at first failed capacity,"[1250.0, 1300.0]","[[0.0, 1250.0]]",False,1900.0,reclaimed_water_substitution_ratio
311,1.3434215183320026,6.613591725002809,0.004649719479316861,1250.0,1300.0,max_daily_average_grid_connection_ratio,0.0052829269060183925,"[{'constraint': 'max_daily_average_grid_connection_ratio', 'actual': 1.0052829269060184, 'target': 1.0, 'operator': '<=', 'violation': 0.0052829269060183925, 'scaled_violation': 0.0052829269060183925}]",maximum scale-free violation at first failed capacity,"[1250.0, 1300.0]","[[0.0, 1250.0]]",False,1900.0,reclaimed_water_substitution_ratio
312,1.1797785879342522,8.100485094484123,0.006234078504299264,1400.0,1450.0,max_daily_average_grid_connection_ratio,0.000445989490308607,"[{'constraint': 'max_daily_average_grid_connection_ratio', 'actual': 1.0004459894903086, 'target': 1.0, 'operator': '<=', 'violation': 0.000445989490308607, 'scaled_violation': 0.000445989490308607}]",maximum scale-free violation at first failed capacity,"[1400.0, 1450.0]","[[0.0, 1400.0]]",False,2000.0,
313,1.3223227615605848,4.100361277619879,0.006375771015484394,1250.0,1300.0,max_daily_average_grid_connection_ratio,0.0013082431739415146,"[{'constraint': 'max_daily_average_grid_connection_ratio', 'actual': 1.0013082431739415, 'target': 1.0, 'operator': '<=', 'violation': 0.0013082431739415146, 'scaled_violation': 0.0013082431739415146}]",maximum scale-free violation at first failed capacity,"[1250.0, 1300.0]","[[0.0, 1250.0]]",False,1850.0,reclaimed_water_substitution_ratio
314,1.1366756273407048,3.654254951134736,0.006477264408856164,1450.0,1500.0,max_local_connection_ratio,0.01265153091214799,"[{'constraint': 'max_local_connection_ratio', 'actual': 1.012651530912148, 'target': 1.0, 'operator': '<=', 'violation': 0.01265153091214799, 'scaled_violation': 0.01265153091214799}, {'constraint': 'max_daily_average_grid_connection_ratio', 'actual': 1.0007008653656422, 'target': 1.0, 'operator': '<=', 'violation': 0.0007008653656421782, 'scaled_violation': 0.0007008653656421782}]",maximum scale-free violation at first failed capacity,"[1450.0, 1500.0]","[[0.0, 1450.0]]",False,2000.0,
315,1.3075421071312832,3.196317957413692,0.0051571366966415046,1200.0,1250.0,max_local_connection_ratio,0.006550381356511981,"[{'constraint': 'max_local_connection_ratio', 'actual': 1.006550381356512, 'target': 1.0, 'operator': '<=', 'violation': 0.006550381356511981, 'scaled_violation': 0.006550381356511981}]",maximum scale-free violation at first failed capacity,"[1200.0, 1250.0]","[[0.0, 1200.0]]",False,1750.0,reclaimed_water_substitution_ratio
316,1.3024173037449558,5.219098872794916,0.002946080959329753,1300.0,1350.0,max_daily_average_grid_connection_ratio,0.0014346984109330219,"[{'constraint': 'max_daily_average_grid_connection_ratio', 'actual': 1.001434698410933, 'target': 1.0, 'operator': '<=', 'violation': 0.0014346984109330219, 'scaled_violation': 0.0014346984109330219}]",maximum scale-free violation at first failed capacity,"[1300.0, 1350.0]","[[0.0, 1300.0]]",False,1900.0,reclaimed_water_substitution_ratio
317,1.3020065049512228,7.87657989607261,0.0008266875152769516,1350.0,1400.0,max_daily_average_grid_connection_ratio,0.023216484429684714,"[{'constraint': 'max_daily_average_grid_connection_ratio', 'actual': 1.0232164844296847, 'target': 1.0, 'operator': '<=', 'violation': 0.023216484429684714, 'scaled_violation': 0.023216484429684714}]",maximum scale-free violation at first failed capacity,"[1350.0, 1400.0]","[[0.0, 1350.0]]",False,1900.0,reclaimed_water_substitution_ratio
318,1.203611660773386,7.109833247490081,0.0010673985203170306,1450.0,1500.0,max_daily_average_grid_connection_ratio,0.015750998072423972,"[{'constraint': 'max_daily_average_grid_connection_ratio', 'actual': 1.015750998072424, 'target': 1.0, 'operator': '<=', 'violation': 0.015750998072423972, 'scaled_violation': 0.015750998072423972}]",maximum scale-free violation at first failed capacity,"[1450.0, 1500.0]","[[0.0, 1450.0]]",False,2000.0,
319,1.3560099681674713,4.477614661793353,0.004738838648595419,1250.0,1300.0,max_daily_average_grid_connection_ratio,0.015001965973730824,"[{'constraint': 'max_daily_average_grid_connection_ratio', 'actual': 1.0150019659737308, 'target': 1.0, 'operator': '<=', 'violation': 0.015001965973730824, 'scaled_violation': 0.015001965973730824}]",maximum scale-free violation at first failed capacity,"[1250.0, 1300.0]","[[0.0, 1250.0]]",False,1800.0,reclaimed_water_substitution_ratio
320,1.3087504502307306,7.215659820328338,0.006968094514833984,1300.0,1350.0,max_daily_average_grid_connection_ratio,0.03363268392793661,"[{'constraint': 'max_daily_average_grid_connection_ratio', 'actual': 1.0336326839279366, 'target': 1.0, 'operator': '<=', 'violation': 0.03363268392793661, 'scaled_violation': 0.03363268392793661}]",maximum scale-free violation at first failed capacity,"[1300.0, 1350.0]","[[0.0, 1300.0]]",False,2000.0,
321,1.2938123314613825,6.871939044631767,0.00665842091923902,1300.0,1350.0,max_daily_average_grid_connection_ratio,0.020265447807287895,"[{'constraint': 'max_daily_average_grid_connection_ratio', 'actual': 1.020265447807288, 'target': 1.0, 'operator': '<=', 'violation': 0.020265447807287895, 'scaled_violation': 0.020265447807287895}]",maximum scale-free violation at first failed capacity,"[1300.0, 1350.0]","[[0.0, 1300.0]]",False,2000.0,
322,1.2882664851478982,4.290305624569196,0.0021308430184210484,1350.0,1400.0,max_daily_average_grid_connection_ratio,0.02170261613445268,"[{'constraint': 'max_daily_average_grid_connection_ratio', 'actual': 1.0217026161344527, 'target': 1.0, 'operator': '<=', 'violation': 0.02170261613445268, 'scaled_violation': 0.02170261613445268}]",maximum scale-free violation at first failed capacity,"[1350.0, 1400.0]","[[0.0, 1350.0]]",False,1850.0,reclaimed_water_substitution_ratio
323,1.2336280226862693,3.6677592578453933,0.00700994288869497,1350.0,1400.0,max_local_connection_ratio,0.02430066736069514,"[{'constraint': 'max_local_connection_ratio', 'actual': 1.0243006673606951, 'target': 1.0, 'operator': '<=', 'violation': 0.02430066736069514, 'scaled_violation': 0.02430066736069514}, {'constraint': 'max_daily_average_grid_connection_ratio', 'actual': 1.0135116455146709, 'target': 1.0, 'operator': '<=', 'violation': 0.013511645514670878, 'scaled_violation': 0.013511645514670878}, {'constraint': 'max_wtw_utilization', 'actual': 0.9502264440079494, 'target': 0.95, 'operator': '<=', 'violation': 0.00022644400794946673, 'scaled_violation': 0.00023836211363101762}]",maximum scale-free violation at first failed capacity,"[1350.0, 1400.0]","[[0.0, 1350.0]]",False,1950.0,reclaimed_water_substitution_ratio
324,1.1602992224136877,6.007098396632282,0.002839992516225118,1500.0,1550.0,max_daily_average_grid_connection_ratio,0.02601750559281224,"[{'constraint': 'max_daily_average_grid_connection_ratio', 'actual': 1.0260175055928122, 'target': 1.0, 'operator': '<=', 'violation': 0.02601750559281224, 'scaled_violation': 0.02601750559281224}]",maximum scale-free violation at first failed capacity,"[1500.0, 1550.0]","[[0.0, 1500.0]]",False,2000.0,
325,1.3372390819779478,8.960891665201384,0.0019212937068376233,1300.0,1350.0,max_daily_average_grid_connection_ratio,0.020684193747907642,"[{'constraint': 'max_daily_average_grid_connection_ratio', 'actual': 1.0206841937479076, 'target': 1.0, 'operator': '<=', 'violation': 0.020684193747907642, 'scaled_violation': 0.020684193747907642}]",maximum scale-free violation at first failed capacity,"[1300.0, 1350.0]","[[0.0, 1300.0]]",False,1850.0,reclaimed_water_substitution_ratio
326,1.150289756705047,8.282308353172294,0.00799451422073758,1450.0,1500.0,max_daily_average_grid_connection_ratio,0.023594300429159,"[{'constraint': 'max_daily_average_grid_connection_ratio', 'actual': 1.023594300429159, 'target': 1.0, 'operator': '<=', 'violation': 0.023594300429159, 'scaled_violation': 0.023594300429159}]",maximum scale-free violation at first failed capacity,"[1450.0, 1500.0]","[[0.0, 1450.0]]",False,2000.0,
327,1.1777965145248976,8.141250993680451,0.005468917899311794,1450.0,1500.0,max_daily_average_grid_connection_ratio,0.027487373451243968,"[{'constraint': 'max_daily_average_grid_connection_ratio', 'actual': 1.027487373451244, 'target': 1.0, 'operator': '<=', 'violation': 0.027487373451243968, 'scaled_violation': 0.027487373451243968}]",maximum scale-free violation at first failed capacity,"[1450.0, 1500.0]","[[0.0, 1450.0]]",False,2000.0,
328,1.2057976921137754,5.04994754902363,0.007354290392107865,1400.0,1450.0,max_daily_average_grid_connection_ratio,0.02970762615725664,"[{'constraint': 'max_daily_average_grid_connection_ratio', 'actual': 1.0297076261572566, 'target': 1.0, 'operator': '<=', 'violation': 0.02970762615725664, 'scaled_violation': 0.02970762615725664}]",maximum scale-free violation at first failed capacity,"[1400.0, 1450.0]","[[0.0, 1400.0]]",False,2000.0,
329,1.1432974260353135,5.354180861714449,0.005093019190897205,1500.0,1550.0,max_daily_average_grid_connection_ratio,0.028948569188323336,"[{'constraint': 'max_daily_average_grid_connection_ratio', 'actual': 1.0289485691883233, 'target': 1.0, 'operator': '<=', 'violation': 0.028948569188323336, 'scaled_violation': 0.028948569188323336}]",maximum scale-free violation at first failed capacity,"[1500.0, 1550.0]","[[0.0, 1500.0]]",False,2000.0,
330,1.2058347496272823,7.151141654838359,0.0036940743466087516,1400.0,1450.0,max_daily_average_grid_connection_ratio,0.0029298111360396284,"[{'constraint': 'max_daily_average_grid_connection_ratio', 'actual': 1.0029298111360396, 'target': 1.0, 'operator': '<=', 'violation': 0.0029298111360396284, 'scaled_violation': 0.0029298111360396284}]",maximum scale-free violation at first failed capacity,"[1400.0, 1450.0]","[[0.0, 1400.0]]",False,2000.0,
331,1.3125604323837583,4.905605815291106,0.0016601937887833365,1300.0,1350.0,max_daily_average_grid_connection_ratio,0.00030888607706502924,"[{'constraint': 'max_daily_average_grid_connection_ratio', 'actual': 1.000308886077065, 'target': 1.0, 'operator': '<=', 'violation': 0.00030888607706502924, 'scaled_violation': 0.00030888607706502924}]",maximum scale-free violation at first failed capacity,"[1300.0, 1350.0]","[[0.0, 1300.0]]",False,1850.0,reclaimed_water_substitution_ratio
332,1.3477544397084404,4.188037806362653,0.0030556249742029196,1300.0,1350.0,max_daily_average_grid_connection_ratio,0.03634230359685553,"[{'constraint': 'max_daily_average_grid_connection_ratio', 'actual': 1.0363423035968555, 'target': 1.0, 'operator': '<=', 'violation': 0.03634230359685553, 'scaled_violation': 0.03634230359685553}, {'constraint': 'max_local_connection_ratio', 'actual': 1.0042560168736294, 'target': 1.0, 'operator': '<=', 'violation': 0.00425601687362942, 'scaled_violation': 0.00425601687362942}]",maximum scale-free violation at first failed capacity,"[1300.0, 1350.0]","[[0.0, 1300.0]]",False,1800.0,reclaimed_water_substitution_ratio
333,1.3571134486779726,3.040933379038459,0.002246124911556671,1150.0,1200.0,max_local_connection_ratio,0.004612067452406832,"[{'constraint': 'max_local_connection_ratio', 'actual': 1.0046120674524068, 'target': 1.0, 'operator': '<=', 'violation': 0.004612067452406832, 'scaled_violation': 0.004612067452406832}]",maximum scale-free violation at first failed capacity,"[1150.0, 1200.0]","[[0.0, 1150.0]]",False,1600.0,reclaimed_water_substitution_ratio
334,1.2042887830318512,6.257217451965474,0.004980930328031765,1400.0,1450.0,max_daily_average_grid_connection_ratio,0.011103738575669153,"[{'constraint': 'max_daily_average_grid_connection_ratio', 'actual': 1.0111037385756692, 'target': 1.0, 'operator': '<=', 'violation': 0.011103738575669153, 'scaled_violation': 0.011103738575669153}]",maximum scale-free violation at first failed capacity,"[1400.0, 1450.0]","[[0.0, 1400.0]]",False,2000.0,
335,1.1209825544416363,5.05131183970791,0.004438410098779514,1500.0,1550.0,max_daily_average_grid_connection_ratio,0.00451874946547548,"[{'constraint': 'max_daily_average_grid_connection_ratio', 'actual': 1.0045187494654755, 'target': 1.0, 'operator': '<=', 'violation': 0.00451874946547548, 'scaled_violation': 0.00451874946547548}]",maximum scale-free violation at first failed capacity,"[1500.0, 1550.0]","[[0.0, 1500.0]]",False,2000.0,
336,1.26265825342711,7.717386294680555,0.005482086548008341,1350.0,1400.0,max_daily_average_grid_connection_ratio,0.025391169258409008,"[{'constraint': 'max_daily_average_grid_connection_ratio', 'actual': 1.025391169258409, 'target': 1.0, 'operator': '<=', 'violation': 0.025391169258409008, 'scaled_violation': 0.025391169258409008}]",maximum scale-free violation at first failed capacity,"[1350.0, 1400.0]","[[0.0, 1350.0]]",False,2000.0,
337,1.1612600541469316,7.361738600008009,0.004138633881665128,1450.0,1500.0,max_daily_average_grid_connection_ratio,0.003563939117668058,"[{'constraint': 'max_daily_average_grid_connection_ratio', 'actual': 1.003563939117668, 'target': 1.0, 'operator': '<=', 'violation': 0.003563939117668058, 'scaled_violation': 0.003563939117668058}]",maximum scale-free violation at first failed capacity,"[1450.0, 1500.0]","[[0.0, 1450.0]]",False,2000.0,
338,1.12484133624086,8.110468274875307,0.0030519074155108826,1550.0,1600.0,max_daily_average_grid_connection_ratio,0.029163126975629616,"[{'constraint': 'max_daily_average_grid_connection_ratio', 'actual': 1.0291631269756296, 'target': 1.0, 'operator': '<=', 'violation': 0.029163126975629616, 'scaled_violation': 0.029163126975629616}]",maximum scale-free violation at first failed capacity,"[1550.0, 1600.0]","[[0.0, 1550.0]]",False,2000.0,
339,1.309437124485622,8.04932966218691,0.0059928641725523184,1300.0,1350.0,max_daily_average_grid_connection_ratio,0.027499989392875568,"[{'constraint': 'max_daily_average_grid_connection_ratio', 'actual': 1.0274999893928756, 'target': 1.0, 'operator': '<=', 'violation': 0.027499989392875568, 'scaled_violation': 0.027499989392875568}]",maximum scale-free violation at first failed capacity,"[1300.0, 1350.0]","[[0.0, 1300.0]]",False,1950.0,reclaimed_water_substitution_ratio
340,1.2528105933090041,4.030996645051259,0.006024580079820579,1350.0,1400.0,max_daily_average_grid_connection_ratio,0.021532608717480306,"[{'constraint': 'max_daily_average_grid_connection_ratio', 'actual': 1.0215326087174803, 'target': 1.0, 'operator': '<=', 'violation': 0.021532608717480306, 'scaled_violation': 0.021532608717480306}, {'constraint': 'max_local_connection_ratio', 'actual': 1.001196299810804, 'target': 1.0, 'operator': '<=', 'violation': 0.0011962998108039358, 'scaled_violation': 0.0011962998108039358}]",maximum scale-free violation at first failed capacity,"[1350.0, 1400.0]","[[0.0, 1350.0]]",False,1950.0,reclaimed_water_substitution_ratio
341,1.3201502083554018,3.500929227086194,0.0027365266293485563,1250.0,1300.0,max_local_connection_ratio,0.002818670637002585,"[{'constraint': 'max_local_connection_ratio', 'actual': 1.0028186706370026, 'target': 1.0, 'operator': '<=', 'violation': 0.002818670637002585, 'scaled_violation': 0.002818670637002585}]",maximum scale-free violation at first failed capacity,"[1250.0, 1300.0]","[[0.0, 1250.0]]",False,1750.0,reclaimed_water_substitution_ratio
342,1.3094739628740848,8.44585378194295,0.003980091427583293,1300.0,1350.0,max_daily_average_grid_connection_ratio,0.01380266111050732,"[{'constraint': 'max_daily_average_grid_connection_ratio', 'actual': 1.0138026611105073, 'target': 1.0, 'operator': '<=', 'violation': 0.01380266111050732, 'scaled_violation': 0.01380266111050732}]",maximum scale-free violation at first failed capacity,"[1300.0, 1350.0]","[[0.0, 1300.0]]",False,1950.0,reclaimed_water_substitution_ratio
343,1.1209743521437503,8.396618157985788,0.004672038689075968,1500.0,1550.0,max_daily_average_grid_connection_ratio,0.006340782144346191,"[{'constraint': 'max_daily_average_grid_connection_ratio', 'actual': 1.0063407821443462, 'target': 1.0, 'operator': '<=', 'violation': 0.006340782144346191, 'scaled_violation': 0.006340782144346191}]",maximum scale-free violation at first failed capacity,"[1500.0, 1550.0]","[[0.0, 1500.0]]",False,2000.0,
344,1.1814206812768435,8.35230924644988,0.0023252128266796684,1450.0,1500.0,max_daily_average_grid_connection_ratio,0.006702741380364197,"[{'constraint': 'max_daily_average_grid_connection_ratio', 'actual': 1.0067027413803642, 'target': 1.0, 'operator': '<=', 'violation': 0.006702741380364197, 'scaled_violation': 0.006702741380364197}]",maximum scale-free violation at first failed capacity,"[1450.0, 1500.0]","[[0.0, 1450.0]]",False,2000.0,
345,1.1284820127384603,6.083165036079357,0.006517744371618978,1500.0,1550.0,max_daily_average_grid_connection_ratio,0.02728613660648671,"[{'constraint': 'max_daily_average_grid_connection_ratio', 'actual': 1.0272861366064867, 'target': 1.0, 'operator': '<=', 'violation': 0.02728613660648671, 'scaled_violation': 0.02728613660648671}]",maximum scale-free violation at first failed capacity,"[1500.0, 1550.0]","[[0.0, 1500.0]]",False,2000.0,
346,1.2853400563969282,5.821518805040135,0.00560411182302956,1300.0,1350.0,max_daily_average_grid_connection_ratio,0.006692430590525156,"[{'constraint': 'max_daily_average_grid_connection_ratio', 'actual': 1.0066924305905252, 'target': 1.0, 'operator': '<=', 'violation': 0.006692430590525156, 'scaled_violation': 0.006692430590525156}]",maximum scale-free violation at first failed capacity,"[1300.0, 1350.0]","[[0.0, 1300.0]]",False,2000.0,
347,1.1491318399017492,4.559571458172359,0.0014834598091388292,1500.0,1550.0,max_daily_average_grid_connection_ratio,0.0057359418620295255,"[{'constraint': 'max_daily_average_grid_connection_ratio', 'actual': 1.0057359418620295, 'target': 1.0, 'operator': '<=', 'violation': 0.0057359418620295255, 'scaled_violation': 0.0057359418620295255}]",maximum scale-free violation at first failed capacity,"[1500.0, 1550.0]","[[0.0, 1500.0]]",False,2000.0,
348,1.1500644952790742,5.6536042321601565,0.0017678047019993963,1500.0,1550.0,max_daily_average_grid_connection_ratio,0.008768985641794735,"[{'constraint': 'max_daily_average_grid_connection_ratio', 'actual': 1.0087689856417947, 'target': 1.0, 'operator': '<=', 'violation': 0.008768985641794735, 'scaled_violation': 0.008768985641794735}]",maximum scale-free violation at first failed capacity,"[1500.0, 1550.0]","[[0.0, 1500.0]]",False,2000.0,
349,1.2834294305034843,6.485742888141278,0.005377142542079107,1300.0,1350.0,max_daily_average_grid_connection_ratio,0.0037051100273475246,"[{'constraint': 'max_daily_average_grid_connection_ratio', 'actual': 1.0037051100273475, 'target': 1.0, 'operator': '<=', 'violation': 0.0037051100273475246, 'scaled_violation': 0.0037051100273475246}]",maximum scale-free violation at first failed capacity,"[1300.0, 1350.0]","[[0.0, 1300.0]]",False,2000.0,
350,1.278752917967405,5.12476751545587,0.0015285660635060822,1350.0,1400.0,max_daily_average_grid_connection_ratio,0.010009810388166507,"[{'constraint': 'max_daily_average_grid_connection_ratio', 'actual': 1.0100098103881665, 'target': 1.0, 'operator': '<=', 'violation': 0.010009810388166507, 'scaled_violation': 0.010009810388166507}]",maximum scale-free violation at first failed capacity,"[1350.0, 1400.0]","[[0.0, 1350.0]]",False,1900.0,reclaimed_water_substitution_ratio
351,1.2908695425810444,5.5154342090244475,0.007235620660294281,1300.0,1350.0,max_daily_average_grid_connection_ratio,0.021984036812787933,"[{'constraint': 'max_daily_average_grid_connection_ratio', 'actual': 1.021984036812788, 'target': 1.0, 'operator': '<=', 'violation': 0.021984036812787933, 'scaled_violation': 0.021984036812787933}]",maximum scale-free violation at first failed capacity,"[1300.0, 1350.0]","[[0.0, 1300.0]]",False,2000.0,
352,1.3182535004018439,7.290244645080737,0.003710969067678276,1300.0,1350.0,max_daily_average_grid_connection_ratio,0.018582723289465086,"[{'constraint': 'max_daily_average_grid_connection_ratio', 'actual': 1.018582723289465, 'target': 1.0, 'operator': '<=', 'violation': 0.018582723289465086, 'scaled_violation': 0.018582723289465086}]",maximum scale-free violation at first failed capacity,"[1300.0, 1350.0]","[[0.0, 1300.0]]",False,1900.0,reclaimed_water_substitution_ratio
353,1.2791445373019348,7.2154888670562665,0.0030741127878935095,1350.0,1400.0,max_daily_average_grid_connection_ratio,0.021245226423054264,"[{'constraint': 'max_daily_average_grid_connection_ratio', 'actual': 1.0212452264230543, 'target': 1.0, 'operator': '<=', 'violation': 0.021245226423054264, 'scaled_violation': 0.021245226423054264}]",maximum scale-free violation at first failed capacity,"[1350.0, 1400.0]","[[0.0, 1350.0]]",False,1950.0,reclaimed_water_substitution_ratio
354,1.3522339214487473,3.840315574233573,0.002217107320622457,1300.0,1350.0,max_daily_average_grid_connection_ratio,0.03399965664988258,"[{'constraint': 'max_daily_average_grid_connection_ratio', 'actual': 1.0339996566498826, 'target': 1.0, 'operator': '<=', 'violation': 0.03399965664988258, 'scaled_violation': 0.03399965664988258}, {'constraint': 'max_local_connection_ratio', 'actual': 1.0289916253179796, 'target': 1.0, 'operator': '<=', 'violation': 0.028991625317979608, 'scaled_violation': 0.028991625317979608}, {'constraint': 'max_wtw_utilization', 'actual': 0.9514571069349116, 'target': 0.95, 'operator': '<=', 'violation': 0.001457106934911634, 'scaled_violation': 0.0015337967735911937}]",maximum scale-free violation at first failed capacity,"[1300.0, 1350.0]","[[0.0, 1300.0]]",False,1750.0,reclaimed_water_substitution_ratio
355,1.349312837161593,3.3680115596347466,0.007013606015780903,1200.0,1250.0,max_local_connection_ratio,0.027954618681630627,"[{'constraint': 'max_local_connection_ratio', 'actual': 1.0279546186816306, 'target': 1.0, 'operator': '<=', 'violation': 0.027954618681630627, 'scaled_violation': 0.027954618681630627}, {'constraint': 'max_wtw_utilization', 'actual': 0.9502164394905903, 'target': 0.95, 'operator': '<=', 'violation': 0.00021643949059035883, 'scaled_violation': 0.0002278310427266935}]",maximum scale-free violation at first failed capacity,"[1200.0, 1250.0]","[[0.0, 1200.0]]",False,1750.0,reclaimed_water_substitution_ratio
356,1.281778295365176,5.976044835683154,0.0033508202869590884,1350.0,1400.0,max_daily_average_grid_connection_ratio,0.02525996058744262,"[{'constraint': 'max_daily_average_grid_connection_ratio', 'actual': 1.0252599605874426, 'target': 1.0, 'operator': '<=', 'violation': 0.02525996058744262, 'scaled_violation': 0.02525996058744262}]",maximum scale-free violation at first failed capacity,"[1350.0, 1400.0]","[[0.0, 1350.0]]",False,1950.0,reclaimed_water_substitution_ratio
357,1.255676305349807,7.910190050943349,0.0013451500673893062,1400.0,1450.0,max_daily_average_grid_connection_ratio,0.026062482630162753,"[{'constraint': 'max_daily_average_grid_connection_ratio', 'actual': 1.0260624826301628, 'target': 1.0, 'operator': '<=', 'violation': 0.026062482630162753, 'scaled_violation': 0.026062482630162753}]",maximum scale-free violation at first failed capacity,"[1400.0, 1450.0]","[[0.0, 1400.0]]",False,2000.0,
358,1.3462103354549937,4.601247241401277,0.0033452417292963287,1300.0,1350.0,max_daily_average_grid_connection_ratio,0.03715374683924999,"[{'constraint': 'max_daily_average_grid_connection_ratio', 'actual': 1.03715374683925, 'target': 1.0, 'operator': '<=', 'violation': 0.03715374683924999, 'scaled_violation': 0.03715374683924999}]",maximum scale-free violation at first failed capacity,"[1300.0, 1350.0]","[[0.0, 1300.0]]",False,1800.0,reclaimed_water_substitution_ratio
359,1.313156301049034,8.88556459038347,0.007055525421139682,1300.0,1350.0,max_daily_average_grid_connection_ratio,0.037548595228025006,"[{'constraint': 'max_daily_average_grid_connection_ratio', 'actual': 1.037548595228025, 'target': 1.0, 'operator': '<=', 'violation': 0.037548595228025006, 'scaled_violation': 0.037548595228025006}]",maximum scale-free violation at first failed capacity,"[1300.0, 1350.0]","[[0.0, 1300.0]]",False,2000.0,
360,1.1731500439608067,5.377084370596743,0.0017913585309228307,1500.0,1550.0,max_daily_average_grid_connection_ratio,0.028924855708585495,"[{'constraint': 'max_daily_average_grid_connection_ratio', 'actual': 1.0289248557085855, 'target': 1.0, 'operator': '<=', 'violation': 0.028924855708585495, 'scaled_violation': 0.028924855708585495}]",maximum scale-free violation at first failed capacity,"[1500.0, 1550.0]","[[0.0, 1500.0]]",False,2000.0,
361,1.2200169188562746,7.108404851220453,0.0051118081705201265,1400.0,1450.0,max_daily_average_grid_connection_ratio,0.024790977061068364,"[{'constraint': 'max_daily_average_grid_connection_ratio', 'actual': 1.0247909770610684, 'target': 1.0, 'operator': '<=', 'violation': 0.024790977061068364, 'scaled_violation': 0.024790977061068364}]",maximum scale-free violation at first failed capacity,"[1400.0, 1450.0]","[[0.0, 1400.0]]",False,2000.0,
362,1.1620805017879527,6.271394412486054,0.0066113744347735415,1450.0,1500.0,max_daily_average_grid_connection_ratio,0.022985932321845537,"[{'constraint': 'max_daily_average_grid_connection_ratio', 'actual': 1.0229859323218455, 'target': 1.0, 'operator': '<=', 'violation': 0.022985932321845537, 'scaled_violation': 0.022985932321845537}]",maximum scale-free violation at first failed capacity,"[1450.0, 1500.0]","[[0.0, 1450.0]]",False,2000.0,
363,1.1287290564044523,8.888451918371144,0.004637832874231994,1500.0,1550.0,max_daily_average_grid_connection_ratio,0.012781623808242548,"[{'constraint': 'max_daily_average_grid_connection_ratio', 'actual': 1.0127816238082425, 'target': 1.0, 'operator': '<=', 'violation': 0.012781623808242548, 'scaled_violation': 0.012781623808242548}]",maximum scale-free violation at first failed capacity,"[1500.0, 1550.0]","[[0.0, 1500.0]]",False,2000.0,
364,1.140708632378154,6.792996308849036,0.0064398703819965875,1450.0,1500.0,max_daily_average_grid_connection_ratio,0.0037939753554487865,"[{'constraint': 'max_daily_average_grid_connection_ratio', 'actual': 1.0037939753554488, 'target': 1.0, 'operator': '<=', 'violation': 0.0037939753554487865, 'scaled_violation': 0.0037939753554487865}]",maximum scale-free violation at first failed capacity,"[1450.0, 1500.0]","[[0.0, 1450.0]]",False,2000.0,
365,1.1559529209428654,7.549714724985022,0.004899236005771468,1450.0,1500.0,max_daily_average_grid_connection_ratio,0.004883630888855572,"[{'constraint': 'max_daily_average_grid_connection_ratio', 'actual': 1.0048836308888556, 'target': 1.0, 'operator': '<=', 'violation': 0.004883630888855572, 'scaled_violation': 0.004883630888855572}]",maximum scale-free violation at first failed capacity,"[1450.0, 1500.0]","[[0.0, 1450.0]]",False,2000.0,
366,1.2572288166415573,3.0440217142279935,0.005724459406995425,1250.0,1300.0,max_local_connection_ratio,0.03380348307751224,"[{'constraint': 'max_local_connection_ratio', 'actual': 1.0338034830775122, 'target': 1.0, 'operator': '<=', 'violation': 0.03380348307751224, 'scaled_violation': 0.03380348307751224}, {'constraint': 'max_wtw_utilization', 'actual': 0.9504053293729263, 'target': 0.95, 'operator': '<=', 'violation': 0.0004053293729263663, 'scaled_violation': 0.00042666249781722767}]",maximum scale-free violation at first failed capacity,"[1250.0, 1300.0]","[[0.0, 1250.0]]",False,1800.0,reclaimed_water_substitution_ratio
367,1.1361896638125695,8.466540180421125,0.0008161661340323472,1550.0,1600.0,max_daily_average_grid_connection_ratio,0.021228586501291336,"[{'constraint': 'max_daily_average_grid_connection_ratio', 'actual': 1.0212285865012913, 'target': 1.0, 'operator': '<=', 'violation': 0.021228586501291336, 'scaled_violation': 0.021228586501291336}]",maximum scale-free violation at first failed capacity,"[1550.0, 1600.0]","[[0.0, 1550.0]]",False,2000.0,
368,1.1630775341740893,3.205691167342664,0.007507165940452134,1350.0,1400.0,max_local_connection_ratio,0.023513530781167802,"[{'constraint': 'max_local_connection_ratio', 'actual': 1.0235135307811678, 'target': 1.0, 'operator': '<=', 'violation': 0.023513530781167802, 'scaled_violation': 0.023513530781167802}]",maximum scale-free violation at first failed capacity,"[1350.0, 1400.0]","[[0.0, 1350.0]]",False,2000.0,
369,1.284035420867868,5.277537963462348,0.0017558335207962098,1350.0,1400.0,max_daily_average_grid_connection_ratio,0.015744620757304872,"[{'constraint': 'max_daily_average_grid_connection_ratio', 'actual': 1.0157446207573049, 'target': 1.0, 'operator': '<=', 'violation': 0.015744620757304872, 'scaled_violation': 0.015744620757304872}]",maximum scale-free violation at first failed capacity,"[1350.0, 1400.0]","[[0.0, 1350.0]]",False,1950.0,reclaimed_water_substitution_ratio
370,1.2755229789029883,8.341085887189063,0.0052478675961798,1350.0,1400.0,max_daily_average_grid_connection_ratio,0.03378720334293006,"[{'constraint': 'max_daily_average_grid_connection_ratio', 'actual': 1.03378720334293, 'target': 1.0, 'operator': '<=', 'violation': 0.03378720334293006, 'scaled_violation': 0.03378720334293006}]",maximum scale-free violation at first failed capacity,"[1350.0, 1400.0]","[[0.0, 1350.0]]",False,2000.0,
371,1.3201875590387437,6.499419276541725,0.005587150095992385,1300.0,1350.0,max_daily_average_grid_connection_ratio,0.032833664966184006,"[{'constraint': 'max_daily_average_grid_connection_ratio', 'actual': 1.032833664966184, 'target': 1.0, 'operator': '<=', 'violation': 0.032833664966184006, 'scaled_violation': 0.032833664966184006}]",maximum scale-free violation at first failed capacity,"[1300.0, 1350.0]","[[0.0, 1300.0]]",False,1950.0,reclaimed_water_substitution_ratio
372,1.1963149144674896,6.797003994586205,0.004322755895203643,1450.0,1500.0,max_daily_average_grid_connection_ratio,0.03430689807313603,"[{'constraint': 'max_daily_average_grid_connection_ratio', 'actual': 1.034306898073136, 'target': 1.0, 'operator': '<=', 'violation': 0.03430689807313603, 'scaled_violation': 0.03430689807313603}]",maximum scale-free violation at first failed capacity,"[1450.0, 1500.0]","[[0.0, 1450.0]]",False,2000.0,
373,1.2027955126034229,4.02283703582108,0.0032453303652729463,1450.0,1500.0,max_daily_average_grid_connection_ratio,0.03156916791693454,"[{'constraint': 'max_daily_average_grid_connection_ratio', 'actual': 1.0315691679169345, 'target': 1.0, 'operator': '<=', 'violation': 0.03156916791693454, 'scaled_violation': 0.03156916791693454}, {'constraint': 'max_local_connection_ratio', 'actual': 1.011657882861229, 'target': 1.0, 'operator': '<=', 'violation': 0.01165788286122904, 'scaled_violation': 0.01165788286122904}]",maximum scale-free violation at first failed capacity,"[1450.0, 1500.0]","[[0.0, 1450.0]]",False,2000.0,
374,1.3181256583672831,7.507668807886541,0.006895869796550609,1250.0,1300.0,max_daily_average_grid_connection_ratio,0.0016781337661129214,"[{'constraint': 'max_daily_average_grid_connection_ratio', 'actual': 1.001678133766113, 'target': 1.0, 'operator': '<=', 'violation': 0.0016781337661129214, 'scaled_violation': 0.0016781337661129214}]",maximum scale-free violation at first failed capacity,"[1250.0, 1300.0]","[[0.0, 1250.0]]",False,1950.0,reclaimed_water_substitution_ratio
375,1.260268887176452,4.868857169549733,0.00593626685421236,1350.0,1400.0,max_daily_average_grid_connection_ratio,0.02673590876991172,"[{'constraint': 'max_daily_average_grid_connection_ratio', 'actual': 1.0267359087699117, 'target': 1.0, 'operator': '<=', 'violation': 0.02673590876991172, 'scaled_violation': 0.02673590876991172}]",maximum scale-free violation at first failed capacity,"[1350.0, 1400.0]","[[0.0, 1350.0]]",False,2000.0,
376,1.3090162589174221,5.411700629232958,0.003512218750502028,1300.0,1350.0,max_daily_average_grid_connection_ratio,0.010267369355460021,"[{'constraint': 'max_daily_average_grid_connection_ratio', 'actual': 1.01026736935546, 'target': 1.0, 'operator': '<=', 'violation': 0.010267369355460021, 'scaled_violation': 0.010267369355460021}]",maximum scale-free violation at first failed capacity,"[1300.0, 1350.0]","[[0.0, 1300.0]]",False,1900.0,reclaimed_water_substitution_ratio
377,1.248425799027952,4.336248401122154,0.004883367795687871,1350.0,1400.0,max_daily_average_grid_connection_ratio,0.010036249963139454,"[{'constraint': 'max_daily_average_grid_connection_ratio', 'actual': 1.0100362499631395, 'target': 1.0, 'operator': '<=', 'violation': 0.010036249963139454, 'scaled_violation': 0.010036249963139454}]",maximum scale-free violation at first failed capacity,"[1350.0, 1400.0]","[[0.0, 1350.0]]",False,1950.0,reclaimed_water_substitution_ratio
378,1.1969612455297258,6.702400789040681,0.002280568277680128,1450.0,1500.0,max_daily_average_grid_connection_ratio,0.019375045204254482,"[{'constraint': 'max_daily_average_grid_connection_ratio', 'actual': 1.0193750452042545, 'target': 1.0, 'operator': '<=', 'violation': 0.019375045204254482, 'scaled_violation': 0.019375045204254482}]",maximum scale-free violation at first failed capacity,"[1450.0, 1500.0]","[[0.0, 1450.0]]",False,2000.0,
379,1.2156303767378576,3.2311749675429353,0.003867501382044292,1350.0,1400.0,max_local_connection_ratio,0.03637952776117115,"[{'constraint': 'max_local_connection_ratio', 'actual': 1.0363795277611711, 'target': 1.0, 'operator': '<=', 'violation': 0.03637952776117115, 'scaled_violation': 0.03637952776117115}, {'constraint': 'max_wtw_utilization', 'actual': 0.9514757433540489, 'target': 0.95, 'operator': '<=', 'violation': 0.0014757433540489862, 'scaled_violation': 0.0015534140568936696}]",maximum scale-free violation at first failed capacity,"[1350.0, 1400.0]","[[0.0, 1350.0]]",False,1900.0,reclaimed_water_substitution_ratio
380,1.2789502098443883,6.6680200847951685,0.0015339498001956733,1350.0,1400.0,max_daily_average_grid_connection_ratio,0.010202042989881255,"[{'constraint': 'max_daily_average_grid_connection_ratio', 'actual': 1.0102020429898813, 'target': 1.0, 'operator': '<=', 'violation': 0.010202042989881255, 'scaled_violation': 0.010202042989881255}]",maximum scale-free violation at first failed capacity,"[1350.0, 1400.0]","[[0.0, 1350.0]]",False,1950.0,reclaimed_water_substitution_ratio
381,1.2213550318725956,6.486441787334568,0.0030615173593923463,1400.0,1450.0,max_daily_average_grid_connection_ratio,0.010857358506618953,"[{'constraint': 'max_daily_average_grid_connection_ratio', 'actual': 1.010857358506619, 'target': 1.0, 'operator': '<=', 'violation': 0.010857358506618953, 'scaled_violation': 0.010857358506618953}]",maximum scale-free violation at first failed capacity,"[1400.0, 1450.0]","[[0.0, 1400.0]]",False,2000.0,
382,1.1770676527832655,5.499275216602078,0.005015900921906034,1450.0,1500.0,max_daily_average_grid_connection_ratio,0.02344481478911864,"[{'constraint': 'max_daily_average_grid_connection_ratio', 'actual': 1.0234448147891186, 'target': 1.0, 'operator': '<=', 'violation': 0.02344481478911864, 'scaled_violation': 0.02344481478911864}]",maximum scale-free violation at first failed capacity,"[1450.0, 1500.0]","[[0.0, 1450.0]]",False,2000.0,
383,1.250639643684102,7.589367548141132,0.006807383891690709,1350.0,1400.0,max_daily_average_grid_connection_ratio,0.025371893400538026,"[{'constraint': 'max_daily_average_grid_connection_ratio', 'actual': 1.025371893400538, 'target': 1.0, 'operator': '<=', 'violation': 0.025371893400538026, 'scaled_violation': 0.025371893400538026}]",maximum scale-free violation at first failed capacity,"[1350.0, 1400.0]","[[0.0, 1350.0]]",False,2000.0,
384,1.1730982227240718,3.046774960273229,0.004654502558240894,1350.0,1400.0,max_local_connection_ratio,0.03311380233631511,"[{'constraint': 'max_local_connection_ratio', 'actual': 1.0331138023363151, 'target': 1.0, 'operator': '<=', 'violation': 0.03311380233631511, 'scaled_violation': 0.03311380233631511}, {'constraint': 'max_wtw_utilization', 'actual': 0.9502589751723136, 'target': 0.95, 'operator': '<=', 'violation': 0.00025897517231365796, 'scaled_violation': 0.0002726054445406926}]",maximum scale-free violation at first failed capacity,"[1350.0, 1400.0]","[[0.0, 1350.0]]",False,1950.0,reclaimed_water_substitution_ratio
385,1.1569755787864202,6.897834686575074,0.0062147904798778835,1450.0,1500.0,max_daily_average_grid_connection_ratio,0.01570730899726258,"[{'constraint': 'max_daily_average_grid_connection_ratio', 'actual': 1.0157073089972626, 'target': 1.0, 'operator': '<=', 'violation': 0.01570730899726258, 'scaled_violation': 0.01570730899726258}]",maximum scale-free violation at first failed capacity,"[1450.0, 1500.0]","[[0.0, 1450.0]]",False,2000.0,
386,1.17925690724544,5.176708741361736,0.006505105839924977,1400.0,1450.0,max_daily_average_grid_connection_ratio,0.002008829360374831,"[{'constraint': 'max_daily_average_grid_connection_ratio', 'actual': 1.0020088293603748, 'target': 1.0, 'operator': '<=', 'violation': 0.002008829360374831, 'scaled_violation': 0.002008829360374831}]",maximum scale-free violation at first failed capacity,"[1400.0, 1450.0]","[[0.0, 1400.0]]",False,2000.0,
387,1.3365380312727675,4.348030080583082,0.0009665049318202199,1300.0,1350.0,max_daily_average_grid_connection_ratio,0.013645267134457129,"[{'constraint': 'max_daily_average_grid_connection_ratio', 'actual': 1.0136452671344571, 'target': 1.0, 'operator': '<=', 'violation': 0.013645267134457129, 'scaled_violation': 0.013645267134457129}]",maximum scale-free violation at first failed capacity,"[1300.0, 1350.0]","[[0.0, 1300.0]]",False,1800.0,reclaimed_water_substitution_ratio
388,1.1280211430960794,3.8354250869303184,0.002833987631130728,1550.0,1600.0,max_daily_average_grid_connection_ratio,0.030241559173675325,"[{'constraint': 'max_daily_average_grid_connection_ratio', 'actual': 1.0302415591736753, 'target': 1.0, 'operator': '<=', 'violation': 0.030241559173675325, 'scaled_violation': 0.030241559173675325}, {'constraint': 'max_local_connection_ratio', 'actual': 1.0256772295593297, 'target': 1.0, 'operator': '<=', 'violation': 0.025677229559329717, 'scaled_violation': 0.025677229559329717}, {'constraint': 'max_wtw_utilization', 'actual': 0.9507944747144267, 'target': 0.95, 'operator': '<=', 'violation': 0.0007944747144267295, 'scaled_violation': 0.0008362891730807679}]",maximum scale-free violation at first failed capacity,"[1550.0, 1600.0]","[[0.0, 1550.0]]",False,2000.0,
389,1.2301844679064557,5.085653663463021,0.003217989671776801,1400.0,1450.0,max_daily_average_grid_connection_ratio,0.019148981819254285,"[{'constraint': 'max_daily_average_grid_connection_ratio', 'actual': 1.0191489818192543, 'target': 1.0, 'operator': '<=', 'violation': 0.019148981819254285, 'scaled_violation': 0.019148981819254285}]",maximum scale-free violation at first failed capacity,"[1400.0, 1450.0]","[[0.0, 1400.0]]",False,2000.0,
390,1.333669558191673,4.48030810359016,0.0054433278319317765,1250.0,1300.0,max_daily_average_grid_connection_ratio,0.0034183452532658976,"[{'constraint': 'max_daily_average_grid_connection_ratio', 'actual': 1.003418345253266, 'target': 1.0, 'operator': '<=', 'violation': 0.0034183452532658976, 'scaled_violation': 0.0034183452532658976}]",maximum scale-free violation at first failed capacity,"[1250.0, 1300.0]","[[0.0, 1250.0]]",False,1850.0,reclaimed_water_substitution_ratio
391,1.2110191095448044,4.767548230649103,0.004807904930686092,1400.0,1450.0,max_daily_average_grid_connection_ratio,0.015283290833607577,"[{'constraint': 'max_daily_average_grid_connection_ratio', 'actual': 1.0152832908336076, 'target': 1.0, 'operator': '<=', 'violation': 0.015283290833607577, 'scaled_violation': 0.015283290833607577}]",maximum scale-free violation at first failed capacity,"[1400.0, 1450.0]","[[0.0, 1400.0]]",False,2000.0,
392,1.2520955424907567,5.3407095429496225,0.003736926721734665,1350.0,1400.0,max_daily_average_grid_connection_ratio,0.00479662396284275,"[{'constraint': 'max_daily_average_grid_connection_ratio', 'actual': 1.0047966239628427, 'target': 1.0, 'operator': '<=', 'violation': 0.00479662396284275, 'scaled_violation': 0.00479662396284275}]",maximum scale-free violation at first failed capacity,"[1350.0, 1400.0]","[[0.0, 1350.0]]",False,2000.0,
393,1.3564629523703182,7.128367018178119,0.00303546769639915,1250.0,1300.0,max_daily_average_grid_connection_ratio,0.004145558347559364,"[{'constraint': 'max_daily_average_grid_connection_ratio', 'actual': 1.0041455583475594, 'target': 1.0, 'operator': '<=', 'violation': 0.004145558347559364, 'scaled_violation': 0.004145558347559364}]",maximum scale-free violation at first failed capacity,"[1250.0, 1300.0]","[[0.0, 1250.0]]",False,1850.0,reclaimed_water_substitution_ratio
394,1.1303265530357038,4.2673222299276485,0.0037601501103382328,1500.0,1550.0,max_daily_average_grid_connection_ratio,0.007292061441036113,"[{'constraint': 'max_daily_average_grid_connection_ratio', 'actual': 1.0072920614410361, 'target': 1.0, 'operator': '<=', 'violation': 0.007292061441036113, 'scaled_violation': 0.007292061441036113}]",maximum scale-free violation at first failed capacity,"[1500.0, 1550.0]","[[0.0, 1500.0]]",False,2000.0,
395,1.1885152671332058,8.649272449893717,0.0014524641331200047,1450.0,1500.0,max_daily_average_grid_connection_ratio,0.006029808542765247,"[{'constraint': 'max_daily_average_grid_connection_ratio', 'actual': 1.0060298085427652, 'target': 1.0, 'operator': '<=', 'violation': 0.006029808542765247, 'scaled_violation': 0.006029808542765247}]",maximum scale-free violation at first failed capacity,"[1450.0, 1500.0]","[[0.0, 1450.0]]",False,2000.0,
396,1.271958316142872,4.291233404192864,0.0006177487998735221,1400.0,1450.0,max_daily_average_grid_connection_ratio,0.03391184240030021,"[{'constraint': 'max_daily_average_grid_connection_ratio', 'actual': 1.0339118424003002, 'target': 1.0, 'operator': '<=', 'violation': 0.03391184240030021, 'scaled_violation': 0.03391184240030021}]",maximum scale-free violation at first failed capacity,"[1400.0, 1450.0]","[[0.0, 1400.0]]",False,1850.0,reclaimed_water_substitution_ratio
397,1.3419553186203896,6.4387540193165265,0.007576345826849884,1250.0,1300.0,max_daily_average_grid_connection_ratio,0.02343660390525737,"[{'constraint': 'max_daily_average_grid_connection_ratio', 'actual': 1.0234366039052574, 'target': 1.0, 'operator': '<=', 'violation': 0.02343660390525737, 'scaled_violation': 0.02343660390525737}]",maximum scale-free violation at first failed capacity,"[1250.0, 1300.0]","[[0.0, 1250.0]]",False,1950.0,reclaimed_water_substitution_ratio
398,1.3216048239567486,7.814313572762219,0.007561438171334242,1250.0,1300.0,max_daily_average_grid_connection_ratio,0.00857293745156995,"[{'constraint': 'max_daily_average_grid_connection_ratio', 'actual': 1.00857293745157, 'target': 1.0, 'operator': '<=', 'violation': 0.00857293745156995, 'scaled_violation': 0.00857293745156995}]",maximum scale-free violation at first failed capacity,"[1250.0, 1300.0]","[[0.0, 1250.0]]",False,2000.0,
399,1.1430992798343147,7.088679179857852,0.0008225587601496812,1550.0,1600.0,max_daily_average_grid_connection_ratio,0.027450629475161525,"[{'constraint': 'max_daily_average_grid_connection_ratio', 'actual': 1.0274506294751615, 'target': 1.0, 'operator': '<=', 'violation': 0.027450629475161525, 'scaled_violation': 0.027450629475161525}]",maximum scale-free violation at first failed capacity,"[1550.0, 1600.0]","[[0.0, 1550.0]]",False,2000.0,
400,1.2552349931288391,3.8199919119927803,0.003151670709663909,1350.0,1400.0,max_daily_average_grid_connection_ratio,0.003111082070110127,"[{'constraint': 'max_daily_average_grid_connection_ratio', 'actual': 1.0031110820701101, 'target': 1.0, 'operator': '<=', 'violation': 0.003111082070110127, 'scaled_violation': 0.003111082070110127}]",maximum scale-free violation at first failed capacity,"[1350.0, 1400.0]","[[0.0, 1350.0]]",False,1900.0,reclaimed_water_substitution_ratio
401,1.244979307090334,4.938928320137332,0.0020934598464501975,1400.0,1450.0,max_daily_average_grid_connection_ratio,0.022886172397025284,"[{'constraint': 'max_daily_average_grid_connection_ratio', 'actual': 1.0228861723970253, 'target': 1.0, 'operator': '<=', 'violation': 0.022886172397025284, 'scaled_violation': 0.022886172397025284}]",maximum scale-free violation at first failed capacity,"[1400.0, 1450.0]","[[0.0, 1400.0]]",False,2000.0,
402,1.1865079683943764,4.343743535990582,0.006667459809878122,1400.0,1450.0,max_daily_average_grid_connection_ratio,0.009066162276787137,"[{'constraint': 'max_daily_average_grid_connection_ratio', 'actual': 1.0090661622767871, 'target': 1.0, 'operator': '<=', 'violation': 0.009066162276787137, 'scaled_violation': 0.009066162276787137}]",maximum scale-free violation at first failed capacity,"[1400.0, 1450.0]","[[0.0, 1400.0]]",False,2000.0,
403,1.3316069079873263,5.009694512982399,0.007371316181552118,1250.0,1300.0,max_daily_average_grid_connection_ratio,0.014581758516827081,"[{'constraint': 'max_daily_average_grid_connection_ratio', 'actual': 1.014581758516827, 'target': 1.0, 'operator': '<=', 'violation': 0.014581758516827081, 'scaled_violation': 0.014581758516827081}]",maximum scale-free violation at first failed capacity,"[1250.0, 1300.0]","[[0.0, 1250.0]]",False,1950.0,reclaimed_water_substitution_ratio
404,1.228430306497279,8.752929761379846,0.0065104759709031425,1350.0,1400.0,max_daily_average_grid_connection_ratio,0.005918214437943492,"[{'constraint': 'max_daily_average_grid_connection_ratio', 'actual': 1.0059182144379435, 'target': 1.0, 'operator': '<=', 'violation': 0.005918214437943492, 'scaled_violation': 0.005918214437943492}]",maximum scale-free violation at first failed capacity,"[1350.0, 1400.0]","[[0.0, 1350.0]]",False,2000.0,
405,1.2491751303308403,4.0758478491031775,0.003645149841580843,1350.0,1400.0,max_daily_average_grid_connection_ratio,0.0018656481042453876,"[{'constraint': 'max_daily_average_grid_connection_ratio', 'actual': 1.0018656481042454, 'target': 1.0, 'operator': '<=', 'violation': 0.0018656481042453876, 'scaled_violation': 0.0018656481042453876}]",maximum scale-free violation at first failed capacity,"[1350.0, 1400.0]","[[0.0, 1350.0]]",False,1950.0,reclaimed_water_substitution_ratio
406,1.242938879189835,7.838668125048507,0.002278606141854148,1400.0,1450.0,max_daily_average_grid_connection_ratio,0.02259089854618823,"[{'constraint': 'max_daily_average_grid_connection_ratio', 'actual': 1.0225908985461882, 'target': 1.0, 'operator': '<=', 'violation': 0.02259089854618823, 'scaled_violation': 0.02259089854618823}]",maximum scale-free violation at first failed capacity,"[1400.0, 1450.0]","[[0.0, 1400.0]]",False,2000.0,
407,1.1432982000477674,7.272276881149369,0.0013710348509500332,1550.0,1600.0,max_daily_average_grid_connection_ratio,0.03206092586004261,"[{'constraint': 'max_daily_average_grid_connection_ratio', 'actual': 1.0320609258600426, 'target': 1.0, 'operator': '<=', 'violation': 0.03206092586004261, 'scaled_violation': 0.03206092586004261}]",maximum scale-free violation at first failed capacity,"[1550.0, 1600.0]","[[0.0, 1550.0]]",False,2000.0,
408,1.2190973307745139,3.249078127538206,0.005451929434557521,1300.0,1350.0,max_local_connection_ratio,0.011275447271341443,"[{'constraint': 'max_local_connection_ratio', 'actual': 1.0112754472713414, 'target': 1.0, 'operator': '<=', 'violation': 0.011275447271341443, 'scaled_violation': 0.011275447271341443}]",maximum scale-free violation at first failed capacity,"[1300.0, 1350.0]","[[0.0, 1300.0]]",False,1900.0,reclaimed_water_substitution_ratio
409,1.3163191836079216,6.583327840601386,0.0008916285198080543,1350.0,1400.0,max_daily_average_grid_connection_ratio,0.03485945421361181,"[{'constraint': 'max_daily_average_grid_connection_ratio', 'actual': 1.0348594542136118, 'target': 1.0, 'operator': '<=', 'violation': 0.03485945421361181, 'scaled_violation': 0.03485945421361181}]",maximum scale-free violation at first failed capacity,"[1350.0, 1400.0]","[[0.0, 1350.0]]",False,1900.0,reclaimed_water_substitution_ratio
410,1.28120527516976,5.585630869590585,0.0014145907355673797,1350.0,1400.0,max_daily_average_grid_connection_ratio,0.01112006745368932,"[{'constraint': 'max_daily_average_grid_connection_ratio', 'actual': 1.0111200674536893, 'target': 1.0, 'operator': '<=', 'violation': 0.01112006745368932, 'scaled_violation': 0.01112006745368932}]",maximum scale-free violation at first failed capacity,"[1350.0, 1400.0]","[[0.0, 1350.0]]",False,1950.0,reclaimed_water_substitution_ratio
411,1.2837864210405425,4.609258313014752,0.006111499612919463,1300.0,1350.0,max_daily_average_grid_connection_ratio,0.008981671717128048,"[{'constraint': 'max_daily_average_grid_connection_ratio', 'actual': 1.008981671717128, 'target': 1.0, 'operator': '<=', 'violation': 0.008981671717128048, 'scaled_violation': 0.008981671717128048}]",maximum scale-free violation at first failed capacity,"[1300.0, 1350.0]","[[0.0, 1300.0]]",False,1950.0,reclaimed_water_substitution_ratio
412,1.3061774717782735,3.1845986204172796,0.0023380378949619147,1250.0,1300.0,max_local_connection_ratio,0.027635904757998597,"[{'constraint': 'max_local_connection_ratio', 'actual': 1.0276359047579986, 'target': 1.0, 'operator': '<=', 'violation': 0.027635904757998597, 'scaled_violation': 0.027635904757998597}]",maximum scale-free violation at first failed capacity,"[1250.0, 1300.0]","[[0.0, 1250.0]]",False,1700.0,reclaimed_water_substitution_ratio
413,1.3434161755988363,6.637821607507234,0.0062898086134999896,1250.0,1300.0,max_daily_average_grid_connection_ratio,0.016048595068785865,"[{'constraint': 'max_daily_average_grid_connection_ratio', 'actual': 1.0160485950687859, 'target': 1.0, 'operator': '<=', 'violation': 0.016048595068785865, 'scaled_violation': 0.016048595068785865}]",maximum scale-free violation at first failed capacity,"[1250.0, 1300.0]","[[0.0, 1250.0]]",False,1900.0,reclaimed_water_substitution_ratio
414,1.1528553089037508,8.034776074121128,0.0019037171915489452,1500.0,1550.0,max_daily_average_grid_connection_ratio,0.012247425261099565,"[{'constraint': 'max_daily_average_grid_connection_ratio', 'actual': 1.0122474252610996, 'target': 1.0, 'operator': '<=', 'violation': 0.012247425261099565, 'scaled_violation': 0.012247425261099565}]",maximum scale-free violation at first failed capacity,"[1500.0, 1550.0]","[[0.0, 1500.0]]",False,2000.0,
415,1.316521990406785,3.493694175720638,0.0013200212543751086,1300.0,1350.0,max_local_connection_ratio,0.02944279304572195,"[{'constraint': 'max_local_connection_ratio', 'actual': 1.029442793045722, 'target': 1.0, 'operator': '<=', 'violation': 0.02944279304572195, 'scaled_violation': 0.02944279304572195}, {'constraint': 'max_daily_average_grid_connection_ratio', 'actual': 1.0009742063451608, 'target': 1.0, 'operator': '<=', 'violation': 0.0009742063451607663, 'scaled_violation': 0.0009742063451607663}, {'constraint': 'max_wtw_utilization', 'actual': 0.9507368516107824, 'target': 0.95, 'operator': '<=', 'violation': 0.0007368516107824075, 'scaled_violation': 0.0007756332745077973}]",maximum scale-free violation at first failed capacity,"[1300.0, 1350.0]","[[0.0, 1300.0]]",False,1750.0,reclaimed_water_substitution_ratio
416,1.2817049731482273,4.938650717791141,0.005047200547330311,1300.0,1350.0,max_daily_average_grid_connection_ratio,0.00015589341676847113,"[{'constraint': 'max_daily_average_grid_connection_ratio', 'actual': 1.0001558934167685, 'target': 1.0, 'operator': '<=', 'violation': 0.00015589341676847113, 'scaled_violation': 0.00015589341676847113}]",maximum scale-free violation at first failed capacity,"[1300.0, 1350.0]","[[0.0, 1300.0]]",False,1950.0,reclaimed_water_substitution_ratio
417,1.2002580601811739,3.9266775796732505,0.002157939436205459,1450.0,1500.0,max_daily_average_grid_connection_ratio,0.021206021392399244,"[{'constraint': 'max_daily_average_grid_connection_ratio', 'actual': 1.0212060213923992, 'target': 1.0, 'operator': '<=', 'violation': 0.021206021392399244, 'scaled_violation': 0.021206021392399244}, {'constraint': 'max_local_connection_ratio', 'actual': 1.0090441017243308, 'target': 1.0, 'operator': '<=', 'violation': 0.009044101724330789, 'scaled_violation': 0.009044101724330789}]",maximum scale-free violation at first failed capacity,"[1450.0, 1500.0]","[[0.0, 1450.0]]",False,1950.0,reclaimed_water_substitution_ratio
418,1.1456366454383389,6.763932910133462,0.00693372530117089,1450.0,1500.0,max_daily_average_grid_connection_ratio,0.011661478701346928,"[{'constraint': 'max_daily_average_grid_connection_ratio', 'actual': 1.011661478701347, 'target': 1.0, 'operator': '<=', 'violation': 0.011661478701346928, 'scaled_violation': 0.011661478701346928}]",maximum scale-free violation at first failed capacity,"[1450.0, 1500.0]","[[0.0, 1450.0]]",False,2000.0,
419,1.350069558189019,3.901344863201803,0.006987707515263088,1250.0,1300.0,max_daily_average_grid_connection_ratio,0.025458822386647872,"[{'constraint': 'max_daily_average_grid_connection_ratio', 'actual': 1.0254588223866479, 'target': 1.0, 'operator': '<=', 'violation': 0.025458822386647872, 'scaled_violation': 0.025458822386647872}, {'constraint': 'max_local_connection_ratio', 'actual': 1.0153269992147933, 'target': 1.0, 'operator': '<=', 'violation': 0.015326999214793302, 'scaled_violation': 0.015326999214793302}]",maximum scale-free violation at first failed capacity,"[1250.0, 1300.0]","[[0.0, 1250.0]]",False,1800.0,reclaimed_water_substitution_ratio
420,1.131687963520641,7.470778688038387,0.005459327972356966,1500.0,1550.0,max_daily_average_grid_connection_ratio,0.02177305609900282,"[{'constraint': 'max_daily_average_grid_connection_ratio', 'actual': 1.0217730560990028, 'target': 1.0, 'operator': '<=', 'violation': 0.02177305609900282, 'scaled_violation': 0.02177305609900282}]",maximum scale-free violation at first failed capacity,"[1500.0, 1550.0]","[[0.0, 1500.0]]",False,2000.0,
421,1.3226290624861043,8.435771685796642,0.006338441745792961,1250.0,1300.0,max_daily_average_grid_connection_ratio,0.0012853665975733897,"[{'constraint': 'max_daily_average_grid_connection_ratio', 'actual': 1.0012853665975734, 'target': 1.0, 'operator': '<=', 'violation': 0.0012853665975733897, 'scaled_violation': 0.0012853665975733897}]",maximum scale-free violation at first failed capacity,"[1250.0, 1300.0]","[[0.0, 1250.0]]",False,1950.0,reclaimed_water_substitution_ratio
422,1.3592220449405636,3.6645071492238763,0.004103678487132242,1250.0,1300.0,max_local_connection_ratio,0.02426238416736415,"[{'constraint': 'max_local_connection_ratio', 'actual': 1.0242623841673641, 'target': 1.0, 'operator': '<=', 'violation': 0.02426238416736415, 'scaled_violation': 0.02426238416736415}, {'constraint': 'max_daily_average_grid_connection_ratio', 'actual': 1.0131618229811483, 'target': 1.0, 'operator': '<=', 'violation': 0.013161822981148319, 'scaled_violation': 0.013161822981148319}, {'constraint': 'max_wtw_utilization', 'actual': 0.9501485635018089, 'target': 0.95, 'operator': '<=', 'violation': 0.0001485635018089182, 'scaled_violation': 0.0001563826334830718}]",maximum scale-free violation at first failed capacity,"[1250.0, 1300.0]","[[0.0, 1250.0]]",False,1750.0,reclaimed_water_substitution_ratio
423,1.3579597389211426,3.7403280834450277,0.0046394084965593295,1250.0,1300.0,max_local_connection_ratio,0.019718932732095684,"[{'constraint': 'max_local_connection_ratio', 'actual': 1.0197189327320957, 'target': 1.0, 'operator': '<=', 'violation': 0.019718932732095684, 'scaled_violation': 0.019718932732095684}, {'constraint': 'max_daily_average_grid_connection_ratio', 'actual': 1.0157637656437457, 'target': 1.0, 'operator': '<=', 'violation': 0.01576376564374571, 'scaled_violation': 0.01576376564374571}]",maximum scale-free violation at first failed capacity,"[1250.0, 1300.0]","[[0.0, 1250.0]]",False,1750.0,reclaimed_water_substitution_ratio
424,1.1613584817475398,6.735944585767553,0.0012576438025140605,1500.0,1550.0,max_daily_average_grid_connection_ratio,0.014545329092189974,"[{'constraint': 'max_daily_average_grid_connection_ratio', 'actual': 1.01454532909219, 'target': 1.0, 'operator': '<=', 'violation': 0.014545329092189974, 'scaled_violation': 0.014545329092189974}]",maximum scale-free violation at first failed capacity,"[1500.0, 1550.0]","[[0.0, 1500.0]]",False,2000.0,
425,1.317195232532001,7.450759633358327,0.004222663763393843,1300.0,1350.0,max_daily_average_grid_connection_ratio,0.021274582674812192,"[{'constraint': 'max_daily_average_grid_connection_ratio', 'actual': 1.0212745826748122, 'target': 1.0, 'operator': '<=', 'violation': 0.021274582674812192, 'scaled_violation': 0.021274582674812192}]",maximum scale-free violation at first failed capacity,"[1300.0, 1350.0]","[[0.0, 1300.0]]",False,1950.0,reclaimed_water_substitution_ratio
426,1.2366896893611703,8.354174428505006,0.006945987287341257,1350.0,1400.0,max_daily_average_grid_connection_ratio,0.015451725842100306,"[{'constraint': 'max_daily_average_grid_connection_ratio', 'actual': 1.0154517258421003, 'target': 1.0, 'operator': '<=', 'violation': 0.015451725842100306, 'scaled_violation': 0.015451725842100306}]",maximum scale-free violation at first failed capacity,"[1350.0, 1400.0]","[[0.0, 1350.0]]",False,2000.0,
427,1.1412610540052557,8.831722232659121,0.004717421958137598,1500.0,1550.0,max_daily_average_grid_connection_ratio,0.024246258555427724,"[{'constraint': 'max_daily_average_grid_connection_ratio', 'actual': 1.0242462585554277, 'target': 1.0, 'operator': '<=', 'violation': 0.024246258555427724, 'scaled_violation': 0.024246258555427724}]",maximum scale-free violation at first failed capacity,"[1500.0, 1550.0]","[[0.0, 1500.0]]",False,2000.0,
428,1.299334379783871,7.475493801417261,0.007869124315203192,1300.0,1350.0,max_daily_average_grid_connection_ratio,0.032681979970175856,"[{'constraint': 'max_daily_average_grid_connection_ratio', 'actual': 1.0326819799701759, 'target': 1.0, 'operator': '<=', 'violation': 0.032681979970175856, 'scaled_violation': 0.032681979970175856}]",maximum scale-free violation at first failed capacity,"[1300.0, 1350.0]","[[0.0, 1300.0]]",False,2000.0,
429,1.2691154136534515,6.734093408895822,0.007069497101096044,1300.0,1350.0,max_daily_average_grid_connection_ratio,0.00445994019499385,"[{'constraint': 'max_daily_average_grid_connection_ratio', 'actual': 1.0044599401949938, 'target': 1.0, 'operator': '<=', 'violation': 0.00445994019499385, 'scaled_violation': 0.00445994019499385}]",maximum scale-free violation at first failed capacity,"[1300.0, 1350.0]","[[0.0, 1300.0]]",False,2000.0,
430,1.3261412649571438,7.779027695566015,0.0013648271772839873,1300.0,1350.0,max_daily_average_grid_connection_ratio,0.008527668652845266,"[{'constraint': 'max_daily_average_grid_connection_ratio', 'actual': 1.0085276686528453, 'target': 1.0, 'operator': '<=', 'violation': 0.008527668652845266, 'scaled_violation': 0.008527668652845266}]",maximum scale-free violation at first failed capacity,"[1300.0, 1350.0]","[[0.0, 1300.0]]",False,1900.0,reclaimed_water_substitution_ratio
431,1.2965258688548533,4.801348320170623,0.005043495154036019,1300.0,1350.0,max_daily_average_grid_connection_ratio,0.011297874859155677,"[{'constraint': 'max_daily_average_grid_connection_ratio', 'actual': 1.0112978748591557, 'target': 1.0, 'operator': '<=', 'violation': 0.011297874859155677, 'scaled_violation': 0.011297874859155677}]",maximum scale-free violation at first failed capacity,"[1300.0, 1350.0]","[[0.0, 1300.0]]",False,1950.0,reclaimed_water_substitution_ratio
432,1.2093713658432548,5.008870121704511,0.0015739436270313086,1450.0,1500.0,max_daily_average_grid_connection_ratio,0.02441094320515602,"[{'constraint': 'max_daily_average_grid_connection_ratio', 'actual': 1.024410943205156, 'target': 1.0, 'operator': '<=', 'violation': 0.02441094320515602, 'scaled_violation': 0.02441094320515602}]",maximum scale-free violation at first failed capacity,"[1450.0, 1500.0]","[[0.0, 1450.0]]",False,2000.0,
433,1.3500741172835387,4.6861216825716125,0.0022764889188075397,1300.0,1350.0,max_daily_average_grid_connection_ratio,0.032777210169215865,"[{'constraint': 'max_daily_average_grid_connection_ratio', 'actual': 1.0327772101692159, 'target': 1.0, 'operator': '<=', 'violation': 0.032777210169215865, 'scaled_violation': 0.032777210169215865}]",maximum scale-free violation at first failed capacity,"[1300.0, 1350.0]","[[0.0, 1300.0]]",False,1800.0,reclaimed_water_substitution_ratio
434,1.1369649703832823,8.253150377506396,0.00487439737802209,1500.0,1550.0,max_daily_average_grid_connection_ratio,0.02175868233781708,"[{'constraint': 'max_daily_average_grid_connection_ratio', 'actual': 1.021758682337817, 'target': 1.0, 'operator': '<=', 'violation': 0.02175868233781708, 'scaled_violation': 0.02175868233781708}]",maximum scale-free violation at first failed capacity,"[1500.0, 1550.0]","[[0.0, 1500.0]]",False,2000.0,
435,1.1540712233104478,5.112899915977785,0.0019094031210179305,1500.0,1550.0,max_daily_average_grid_connection_ratio,0.013343837286611926,"[{'constraint': 'max_daily_average_grid_connection_ratio', 'actual': 1.013343837286612, 'target': 1.0, 'operator': '<=', 'violation': 0.013343837286611926, 'scaled_violation': 0.013343837286611926}]",maximum scale-free violation at first failed capacity,"[1500.0, 1550.0]","[[0.0, 1500.0]]",False,2000.0,
436,1.25105094271747,8.57011223917291,0.00588654045017465,1350.0,1400.0,max_daily_average_grid_connection_ratio,0.01918148715626744,"[{'constraint': 'max_daily_average_grid_connection_ratio', 'actual': 1.0191814871562674, 'target': 1.0, 'operator': '<=', 'violation': 0.01918148715626744, 'scaled_violation': 0.01918148715626744}]",maximum scale-free violation at first failed capacity,"[1350.0, 1400.0]","[[0.0, 1350.0]]",False,2000.0,
437,1.1396514952259973,5.640608004423921,0.004631910087973369,1500.0,1550.0,max_daily_average_grid_connection_ratio,0.022184327680027538,"[{'constraint': 'max_daily_average_grid_connection_ratio', 'actual': 1.0221843276800275, 'target': 1.0, 'operator': '<=', 'violation': 0.022184327680027538, 'scaled_violation': 0.022184327680027538}]",maximum scale-free violation at first failed capacity,"[1500.0, 1550.0]","[[0.0, 1500.0]]",False,2000.0,
438,1.1933397452799184,3.8592216162042265,0.006497376640140258,1400.0,1450.0,max_daily_average_grid_connection_ratio,0.01334936682787835,"[{'constraint': 'max_daily_average_grid_connection_ratio', 'actual': 1.0133493668278784, 'target': 1.0, 'operator': '<=', 'violation': 0.01334936682787835, 'scaled_violation': 0.01334936682787835}, {'constraint': 'max_local_connection_ratio', 'actual': 1.0068368569858812, 'target': 1.0, 'operator': '<=', 'violation': 0.006836856985881212, 'scaled_violation': 0.006836856985881212}]",maximum scale-free violation at first failed capacity,"[1400.0, 1450.0]","[[0.0, 1400.0]]",False,2000.0,
439,1.3391798456257729,3.7443265326793016,0.003923150947860853,1250.0,1300.0,max_local_connection_ratio,0.0009574236471256992,"[{'constraint': 'max_local_connection_ratio', 'actual': 1.0009574236471257, 'target': 1.0, 'operator': '<=', 'violation': 0.0009574236471256992, 'scaled_violation': 0.0009574236471256992}]",maximum scale-free violation at first failed capacity,"[1250.0, 1300.0]","[[0.0, 1250.0]]",False,1750.0,reclaimed_water_substitution_ratio
440,1.2145778438907535,3.388345107210112,0.004470570751170556,1350.0,1400.0,max_local_connection_ratio,0.020357807564381325,"[{'constraint': 'max_local_connection_ratio', 'actual': 1.0203578075643813, 'target': 1.0, 'operator': '<=', 'violation': 0.020357807564381325, 'scaled_violation': 0.020357807564381325}]",maximum scale-free violation at first failed capacity,"[1350.0, 1400.0]","[[0.0, 1350.0]]",False,1900.0,reclaimed_water_substitution_ratio
441,1.322394623182419,7.124364228327222,0.0014673970108073078,1300.0,1350.0,max_daily_average_grid_connection_ratio,0.006404072087802026,"[{'constraint': 'max_daily_average_grid_connection_ratio', 'actual': 1.006404072087802, 'target': 1.0, 'operator': '<=', 'violation': 0.006404072087802026, 'scaled_violation': 0.006404072087802026}]",maximum scale-free violation at first failed capacity,"[1300.0, 1350.0]","[[0.0, 1300.0]]",False,1900.0,reclaimed_water_substitution_ratio
442,1.3291667281766328,4.415011205963807,0.0013799252090549224,1300.0,1350.0,max_daily_average_grid_connection_ratio,0.010910248067523387,"[{'constraint': 'max_daily_average_grid_connection_ratio', 'actual': 1.0109102480675234, 'target': 1.0, 'operator': '<=', 'violation': 0.010910248067523387, 'scaled_violation': 0.010910248067523387}]",maximum scale-free violation at first failed capacity,"[1300.0, 1350.0]","[[0.0, 1300.0]]",False,1800.0,reclaimed_water_substitution_ratio
443,1.2113339636958103,5.619789098050877,0.0034291495944987305,1400.0,1450.0,max_daily_average_grid_connection_ratio,0.00543995180702761,"[{'constraint': 'max_daily_average_grid_connection_ratio', 'actual': 1.0054399518070276, 'target': 1.0, 'operator': '<=', 'violation': 0.00543995180702761, 'scaled_violation': 0.00543995180702761}]",maximum scale-free violation at first failed capacity,"[1400.0, 1450.0]","[[0.0, 1400.0]]",False,2000.0,
444,1.3293039962908129,3.9284733530269067,0.0023957806632400836,1300.0,1350.0,max_daily_average_grid_connection_ratio,0.017940789093151777,"[{'constraint': 'max_daily_average_grid_connection_ratio', 'actual': 1.0179407890931518, 'target': 1.0, 'operator': '<=', 'violation': 0.017940789093151777, 'scaled_violation': 0.017940789093151777}, {'constraint': 'max_local_connection_ratio', 'actual': 1.005672695197872, 'target': 1.0, 'operator': '<=', 'violation': 0.0056726951978720574, 'scaled_violation': 0.0056726951978720574}]",maximum scale-free violation at first failed capacity,"[1300.0, 1350.0]","[[0.0, 1300.0]]",False,1750.0,reclaimed_water_substitution_ratio
445,1.3276863553371703,3.556515964984206,0.0028738086489822415,1250.0,1300.0,max_local_connection_ratio,0.003556418573379405,"[{'constraint': 'max_local_connection_ratio', 'actual': 1.0035564185733794, 'target': 1.0, 'operator': '<=', 'violation': 0.003556418573379405, 'scaled_violation': 0.003556418573379405}]",maximum scale-free violation at first failed capacity,"[1250.0, 1300.0]","[[0.0, 1250.0]]",False,1750.0,reclaimed_water_substitution_ratio
446,1.2111685882315841,3.936560507260646,0.0011945428198935819,1450.0,1500.0,max_daily_average_grid_connection_ratio,0.023040986869257374,"[{'constraint': 'max_daily_average_grid_connection_ratio', 'actual': 1.0230409868692574, 'target': 1.0, 'operator': '<=', 'violation': 0.023040986869257374, 'scaled_violation': 0.023040986869257374}, {'constraint': 'max_local_connection_ratio', 'actual': 1.0100570889017995, 'target': 1.0, 'operator': '<=', 'violation': 0.01005708890179946, 'scaled_violation': 0.01005708890179946}]",maximum scale-free violation at first failed capacity,"[1450.0, 1500.0]","[[0.0, 1450.0]]",False,1950.0,reclaimed_water_substitution_ratio
447,1.2223545715041615,6.00714410337614,0.0014784123691258858,1400.0,1450.0,max_daily_average_grid_connection_ratio,7.14526198140053e-05,"[{'constraint': 'max_daily_average_grid_connection_ratio', 'actual': 1.000071452619814, 'target': 1.0, 'operator': '<=', 'violation': 7.14526198140053e-05, 'scaled_violation': 7.14526198140053e-05}]",maximum scale-free violation at first failed capacity,"[1400.0, 1450.0]","[[0.0, 1400.0]]",False,2000.0,
448,1.258970945286532,8.543942897995004,0.0008593871862445047,1400.0,1450.0,max_daily_average_grid_connection_ratio,0.025171034582002205,"[{'constraint': 'max_daily_average_grid_connection_ratio', 'actual': 1.0251710345820022, 'target': 1.0, 'operator': '<=', 'violation': 0.025171034582002205, 'scaled_violation': 0.025171034582002205}]",maximum scale-free violation at first failed capacity,"[1400.0, 1450.0]","[[0.0, 1400.0]]",False,1950.0,reclaimed_water_substitution_ratio
449,1.1240045669461272,4.291789047826667,0.006914754893435552,1500.0,1550.0,max_daily_average_grid_connection_ratio,0.02652094926680193,"[{'constraint': 'max_daily_average_grid_connection_ratio', 'actual': 1.026520949266802, 'target': 1.0, 'operator': '<=', 'violation': 0.02652094926680193, 'scaled_violation': 0.02652094926680193}]",maximum scale-free violation at first failed capacity,"[1500.0, 1550.0]","[[0.0, 1500.0]]",False,2000.0,
450,1.1245439851622627,5.152768726937514,0.005997046507820486,1500.0,1550.0,max_daily_average_grid_connection_ratio,0.019802666997515983,"[{'constraint': 'max_daily_average_grid_connection_ratio', 'actual': 1.019802666997516, 'target': 1.0, 'operator': '<=', 'violation': 0.019802666997515983, 'scaled_violation': 0.019802666997515983}]",maximum scale-free violation at first failed capacity,"[1500.0, 1550.0]","[[0.0, 1500.0]]",False,2000.0,
451,1.221630495087957,4.189410825289153,0.005870750642026572,1400.0,1450.0,max_daily_average_grid_connection_ratio,0.031655407645486244,"[{'constraint': 'max_daily_average_grid_connection_ratio', 'actual': 1.0316554076454862, 'target': 1.0, 'operator': '<=', 'violation': 0.031655407645486244, 'scaled_violation': 0.031655407645486244}]",maximum scale-free violation at first failed capacity,"[1400.0, 1450.0]","[[0.0, 1400.0]]",False,2000.0,
452,1.1271303176878036,3.5381351765461835,0.007561728184030673,1450.0,1500.0,max_local_connection_ratio,0.02461344155075662,"[{'constraint': 'max_local_connection_ratio', 'actual': 1.0246134415507566, 'target': 1.0, 'operator': '<=', 'violation': 0.02461344155075662, 'scaled_violation': 0.02461344155075662}, {'constraint': 'max_daily_average_grid_connection_ratio', 'actual': 1.0009261454310472, 'target': 1.0, 'operator': '<=', 'violation': 0.0009261454310471873, 'scaled_violation': 0.0009261454310471873}, {'constraint': 'max_wtw_utilization', 'actual': 0.9500115528101213, 'target': 0.95, 'operator': '<=', 'violation': 1.1552810121329138e-05, 'scaled_violation': 1.216085275929383e-05}]",maximum scale-free violation at first failed capacity,"[1450.0, 1500.0]","[[0.0, 1450.0]]",False,2000.0,
453,1.305604172993661,4.112854940088178,0.002592470620353417,1300.0,1350.0,max_daily_average_grid_connection_ratio,0.0014246738726297892,"[{'constraint': 'max_daily_average_grid_connection_ratio', 'actual': 1.0014246738726298, 'target': 1.0, 'operator': '<=', 'violation': 0.0014246738726297892, 'scaled_violation': 0.0014246738726297892}]",maximum scale-free violation at first failed capacity,"[1300.0, 1350.0]","[[0.0, 1300.0]]",False,1850.0,reclaimed_water_substitution_ratio
454,1.3035411982048248,4.395997854094524,0.0010572375270874632,1350.0,1400.0,max_daily_average_grid_connection_ratio,0.02604601905779136,"[{'constraint': 'max_daily_average_grid_connection_ratio', 'actual': 1.0260460190577914, 'target': 1.0, 'operator': '<=', 'violation': 0.02604601905779136, 'scaled_violation': 0.02604601905779136}]",maximum scale-free violation at first failed capacity,"[1350.0, 1400.0]","[[0.0, 1350.0]]",False,1850.0,reclaimed_water_substitution_ratio
455,1.2646604296665926,3.6241244431756567,0.004432641144661858,1350.0,1400.0,max_local_connection_ratio,0.034709695633830195,"[{'constraint': 'max_local_connection_ratio', 'actual': 1.0347096956338302, 'target': 1.0, 'operator': '<=', 'violation': 0.034709695633830195, 'scaled_violation': 0.034709695633830195}, {'constraint': 'max_daily_average_grid_connection_ratio', 'actual': 1.019534438133853, 'target': 1.0, 'operator': '<=', 'violation': 0.019534438133852916, 'scaled_violation': 0.019534438133852916}, {'constraint': 'max_wtw_utilization', 'actual': 0.9521844237971991, 'target': 0.95, 'operator': '<=', 'violation': 0.0021844237971991864, 'scaled_violation': 0.002299393470735986}]",maximum scale-free violation at first failed capacity,"[1350.0, 1400.0]","[[0.0, 1350.0]]",False,1850.0,reclaimed_water_substitution_ratio
456,1.1608721887035849,7.296486955911886,0.000965828666041995,1500.0,1550.0,max_daily_average_grid_connection_ratio,0.01183995019694506,"[{'constraint': 'max_daily_average_grid_connection_ratio', 'actual': 1.011839950196945, 'target': 1.0, 'operator': '<=', 'violation': 0.01183995019694506, 'scaled_violation': 0.01183995019694506}]",maximum scale-free violation at first failed capacity,"[1500.0, 1550.0]","[[0.0, 1500.0]]",False,2000.0,
457,1.1805262651483817,4.646845690216715,0.006785725488929768,1400.0,1450.0,max_daily_average_grid_connection_ratio,0.005091399929673779,"[{'constraint': 'max_daily_average_grid_connection_ratio', 'actual': 1.0050913999296738, 'target': 1.0, 'operator': '<=', 'violation': 0.005091399929673779, 'scaled_violation': 0.005091399929673779}]",maximum scale-free violation at first failed capacity,"[1400.0, 1450.0]","[[0.0, 1400.0]]",False,2000.0,
458,1.3098507763401601,4.904492666922565,0.0021903886554174713,1300.0,1350.0,max_daily_average_grid_connection_ratio,0.0018826100557436387,"[{'constraint': 'max_daily_average_grid_connection_ratio', 'actual': 1.0018826100557436, 'target': 1.0, 'operator': '<=', 'violation': 0.0018826100557436387, 'scaled_violation': 0.0018826100557436387}]",maximum scale-free violation at first failed capacity,"[1300.0, 1350.0]","[[0.0, 1300.0]]",False,1900.0,reclaimed_water_substitution_ratio
459,1.1335454459975087,3.844975930504078,0.007017692895509003,1450.0,1500.0,max_daily_average_grid_connection_ratio,0.0021749204428016533,"[{'constraint': 'max_daily_average_grid_connection_ratio', 'actual': 1.0021749204428017, 'target': 1.0, 'operator': '<=', 'violation': 0.0021749204428016533, 'scaled_violation': 0.0021749204428016533}]",maximum scale-free violation at first failed capacity,"[1450.0, 1500.0]","[[0.0, 1450.0]]",False,2000.0,
460,1.236570687435249,3.595822122596032,0.004068333852366153,1350.0,1400.0,max_local_connection_ratio,0.012631273637107476,"[{'constraint': 'max_local_connection_ratio', 'actual': 1.0126312736371075, 'target': 1.0, 'operator': '<=', 'violation': 0.012631273637107476, 'scaled_violation': 0.012631273637107476}]",maximum scale-free violation at first failed capacity,"[1350.0, 1400.0]","[[0.0, 1350.0]]",False,1900.0,reclaimed_water_substitution_ratio
461,1.3047058902411681,4.058408791823539,0.0039907693585510455,1300.0,1350.0,max_daily_average_grid_connection_ratio,0.010282826490258579,"[{'constraint': 'max_daily_average_grid_connection_ratio', 'actual': 1.0102828264902586, 'target': 1.0, 'operator': '<=', 'violation': 0.010282826490258579, 'scaled_violation': 0.010282826490258579}]",maximum scale-free violation at first failed capacity,"[1300.0, 1350.0]","[[0.0, 1300.0]]",False,1850.0,reclaimed_water_substitution_ratio
462,1.3449549533924372,4.417670323930333,0.002317691407849553,1300.0,1350.0,max_daily_average_grid_connection_ratio,0.029200982086111216,"[{'constraint': 'max_daily_average_grid_connection_ratio', 'actual': 1.0292009820861112, 'target': 1.0, 'operator': '<=', 'violation': 0.029200982086111216, 'scaled_violation': 0.029200982086111216}]",maximum scale-free violation at first failed capacity,"[1300.0, 1350.0]","[[0.0, 1300.0]]",False,1800.0,reclaimed_water_substitution_ratio
463,1.3377989208336367,6.721548132201441,0.004951804195073725,1250.0,1300.0,max_daily_average_grid_connection_ratio,0.003186940855292253,"[{'constraint': 'max_daily_average_grid_connection_ratio', 'actual': 1.0031869408552923, 'target': 1.0, 'operator': '<=', 'violation': 0.003186940855292253, 'scaled_violation': 0.003186940855292253}]",maximum scale-free violation at first failed capacity,"[1250.0, 1300.0]","[[0.0, 1250.0]]",False,1900.0,reclaimed_water_substitution_ratio
464,1.1252523129777936,8.065725811337359,0.004946675008225005,1500.0,1550.0,max_daily_average_grid_connection_ratio,0.012191861462587994,"[{'constraint': 'max_daily_average_grid_connection_ratio', 'actual': 1.012191861462588, 'target': 1.0, 'operator': '<=', 'violation': 0.012191861462587994, 'scaled_violation': 0.012191861462587994}]",maximum scale-free violation at first failed capacity,"[1500.0, 1550.0]","[[0.0, 1500.0]]",False,2000.0,
465,1.2949720902792028,8.950659219711095,0.0024691284075933997,1350.0,1400.0,max_daily_average_grid_connection_ratio,0.02933448839426389,"[{'constraint': 'max_daily_average_grid_connection_ratio', 'actual': 1.029334488394264, 'target': 1.0, 'operator': '<=', 'violation': 0.02933448839426389, 'scaled_violation': 0.02933448839426389}]",maximum scale-free violation at first failed capacity,"[1350.0, 1400.0]","[[0.0, 1350.0]]",False,1950.0,reclaimed_water_substitution_ratio
466,1.1444101361929278,6.0794410546055175,0.007767436048886663,1450.0,1500.0,max_daily_average_grid_connection_ratio,0.016951388034877057,"[{'constraint': 'max_daily_average_grid_connection_ratio', 'actual': 1.016951388034877, 'target': 1.0, 'operator': '<=', 'violation': 0.016951388034877057, 'scaled_violation': 0.016951388034877057}]",maximum scale-free violation at first failed capacity,"[1450.0, 1500.0]","[[0.0, 1450.0]]",False,2000.0,
467,1.1285327940542442,5.302091792171751,0.0006854817858462127,1550.0,1600.0,max_daily_average_grid_connection_ratio,0.013334738783747024,"[{'constraint': 'max_daily_average_grid_connection_ratio', 'actual': 1.013334738783747, 'target': 1.0, 'operator': '<=', 'violation': 0.013334738783747024, 'scaled_violation': 0.013334738783747024}]",maximum scale-free violation at first failed capacity,"[1550.0, 1600.0]","[[0.0, 1550.0]]",False,2000.0,
468,1.149104713281027,6.866789527202921,0.005351050517424611,1450.0,1500.0,max_daily_average_grid_connection_ratio,0.0025735563722262267,"[{'constraint': 'max_daily_average_grid_connection_ratio', 'actual': 1.0025735563722262, 'target': 1.0, 'operator': '<=', 'violation': 0.0025735563722262267, 'scaled_violation': 0.0025735563722262267}]",maximum scale-free violation at first failed capacity,"[1450.0, 1500.0]","[[0.0, 1450.0]]",False,2000.0,
469,1.2755891682704092,3.264391291036743,0.0037835657266178245,1250.0,1300.0,max_local_connection_ratio,0.00365611153405232,"[{'constraint': 'max_local_connection_ratio', 'actual': 1.0036561115340523, 'target': 1.0, 'operator': '<=', 'violation': 0.00365611153405232, 'scaled_violation': 0.00365611153405232}]",maximum scale-free violation at first failed capacity,"[1250.0, 1300.0]","[[0.0, 1250.0]]",False,1800.0,reclaimed_water_substitution_ratio
470,1.3264091969060416,6.1759625691833095,0.0036767064838205007,1300.0,1350.0,max_daily_average_grid_connection_ratio,0.02449424113769716,"[{'constraint': 'max_daily_average_grid_connection_ratio', 'actual': 1.0244942411376972, 'target': 1.0, 'operator': '<=', 'violation': 0.02449424113769716, 'scaled_violation': 0.02449424113769716}]",maximum scale-free violation at first failed capacity,"[1300.0, 1350.0]","[[0.0, 1300.0]]",False,1900.0,reclaimed_water_substitution_ratio
471,1.1248268551635987,5.5135051809119,0.006967184566715506,1500.0,1550.0,max_daily_average_grid_connection_ratio,0.027642799487622938,"[{'constraint': 'max_daily_average_grid_connection_ratio', 'actual': 1.027642799487623, 'target': 1.0, 'operator': '<=', 'violation': 0.027642799487622938, 'scaled_violation': 0.027642799487622938}]",maximum scale-free violation at first failed capacity,"[1500.0, 1550.0]","[[0.0, 1500.0]]",False,2000.0,
472,1.2230780931131175,4.061165134857827,0.002959388567870795,1400.0,1450.0,max_daily_average_grid_connection_ratio,0.011503818522914377,"[{'constraint': 'max_daily_average_grid_connection_ratio', 'actual': 1.0115038185229144, 'target': 1.0, 'operator': '<=', 'violation': 0.011503818522914377, 'scaled_violation': 0.011503818522914377}]",maximum scale-free violation at first failed capacity,"[1400.0, 1450.0]","[[0.0, 1400.0]]",False,1950.0,reclaimed_water_substitution_ratio
473,1.3092638403699517,6.467025239532797,0.0008241494930294197,1350.0,1400.0,max_daily_average_grid_connection_ratio,0.028869321811874737,"[{'constraint': 'max_daily_average_grid_connection_ratio', 'actual': 1.0288693218118747, 'target': 1.0, 'operator': '<=', 'violation': 0.028869321811874737, 'scaled_violation': 0.028869321811874737}]",maximum scale-free violation at first failed capacity,"[1350.0, 1400.0]","[[0.0, 1350.0]]",False,1900.0,reclaimed_water_substitution_ratio
474,1.2909301588444053,7.1966805317763765,0.004343266862308678,1300.0,1350.0,max_daily_average_grid_connection_ratio,0.002306766760564294,"[{'constraint': 'max_daily_average_grid_connection_ratio', 'actual': 1.0023067667605643, 'target': 1.0, 'operator': '<=', 'violation': 0.002306766760564294, 'scaled_violation': 0.002306766760564294}]",maximum scale-free violation at first failed capacity,"[1300.0, 1350.0]","[[0.0, 1300.0]]",False,2000.0,
475,1.3220339814530893,8.843562363673438,0.005971166738687557,1300.0,1350.0,max_daily_average_grid_connection_ratio,0.036843514509383724,"[{'constraint': 'max_daily_average_grid_connection_ratio', 'actual': 1.0368435145093837, 'target': 1.0, 'operator': '<=', 'violation': 0.036843514509383724, 'scaled_violation': 0.036843514509383724}]",maximum scale-free violation at first failed capacity,"[1300.0, 1350.0]","[[0.0, 1300.0]]",False,1950.0,reclaimed_water_substitution_ratio
476,1.1886172448121561,4.11146003611386,0.0032709396696469955,1450.0,1500.0,max_daily_average_grid_connection_ratio,0.019893155114165006,"[{'constraint': 'max_daily_average_grid_connection_ratio', 'actual': 1.019893155114165, 'target': 1.0, 'operator': '<=', 'violation': 0.019893155114165006, 'scaled_violation': 0.019893155114165006}]",maximum scale-free violation at first failed capacity,"[1450.0, 1500.0]","[[0.0, 1450.0]]",False,2000.0,
477,1.1887345871917951,6.460677781007112,0.007750368082677379,1400.0,1450.0,max_daily_average_grid_connection_ratio,0.01879948355979355,"[{'constraint': 'max_daily_average_grid_connection_ratio', 'actual': 1.0187994835597936, 'target': 1.0, 'operator': '<=', 'violation': 0.01879948355979355, 'scaled_violation': 0.01879948355979355}]",maximum scale-free violation at first failed capacity,"[1400.0, 1450.0]","[[0.0, 1400.0]]",False,2000.0,
478,1.337600858220718,8.002117433494133,0.0032795949040047867,1300.0,1350.0,max_daily_average_grid_connection_ratio,0.030219032624985598,"[{'constraint': 'max_daily_average_grid_connection_ratio', 'actual': 1.0302190326249856, 'target': 1.0, 'operator': '<=', 'violation': 0.030219032624985598, 'scaled_violation': 0.030219032624985598}]",maximum scale-free violation at first failed capacity,"[1300.0, 1350.0]","[[0.0, 1300.0]]",False,1900.0,reclaimed_water_substitution_ratio
479,1.2436766407719908,4.525115138619914,0.0007691479479950203,1400.0,1450.0,max_daily_average_grid_connection_ratio,0.012132534274434503,"[{'constraint': 'max_daily_average_grid_connection_ratio', 'actual': 1.0121325342744345, 'target': 1.0, 'operator': '<=', 'violation': 0.012132534274434503, 'scaled_violation': 0.012132534274434503}]",maximum scale-free violation at first failed capacity,"[1400.0, 1450.0]","[[0.0, 1400.0]]",False,1950.0,reclaimed_water_substitution_ratio
480,1.186670924064108,5.803862222285444,0.0019207419363536469,1450.0,1500.0,max_daily_average_grid_connection_ratio,0.008033706225964554,"[{'constraint': 'max_daily_average_grid_connection_ratio', 'actual': 1.0080337062259646, 'target': 1.0, 'operator': '<=', 'violation': 0.008033706225964554, 'scaled_violation': 0.008033706225964554}]",maximum scale-free violation at first failed capacity,"[1450.0, 1500.0]","[[0.0, 1450.0]]",False,2000.0,
481,1.2108193546240722,4.829623394036065,0.004995412446963936,1400.0,1450.0,max_daily_average_grid_connection_ratio,0.016494955182964288,"[{'constraint': 'max_daily_average_grid_connection_ratio', 'actual': 1.0164949551829643, 'target': 1.0, 'operator': '<=', 'violation': 0.016494955182964288, 'scaled_violation': 0.016494955182964288}]",maximum scale-free violation at first failed capacity,"[1400.0, 1450.0]","[[0.0, 1400.0]]",False,2000.0,
482,1.3495405766728856,7.059654027400142,0.007214844486182188,1250.0,1300.0,max_daily_average_grid_connection_ratio,0.02656648849318821,"[{'constraint': 'max_daily_average_grid_connection_ratio', 'actual': 1.0265664884931882, 'target': 1.0, 'operator': '<=', 'violation': 0.02656648849318821, 'scaled_violation': 0.02656648849318821}]",maximum scale-free violation at first failed capacity,"[1250.0, 1300.0]","[[0.0, 1250.0]]",False,1950.0,reclaimed_water_substitution_ratio
483,1.3261970835071901,5.443916064713624,0.005979743716584092,1250.0,1300.0,max_daily_average_grid_connection_ratio,0.0015188588945920234,"[{'constraint': 'max_daily_average_grid_connection_ratio', 'actual': 1.001518858894592, 'target': 1.0, 'operator': '<=', 'violation': 0.0015188588945920234, 'scaled_violation': 0.0015188588945920234}]",maximum scale-free violation at first failed capacity,"[1250.0, 1300.0]","[[0.0, 1250.0]]",False,1950.0,reclaimed_water_substitution_ratio
484,1.1470362260631302,5.078718135911313,0.002354580378459637,1500.0,1550.0,max_daily_average_grid_connection_ratio,0.01074320287798991,"[{'constraint': 'max_daily_average_grid_connection_ratio', 'actual': 1.01074320287799, 'target': 1.0, 'operator': '<=', 'violation': 0.01074320287798991, 'scaled_violation': 0.01074320287798991}]",maximum scale-free violation at first failed capacity,"[1500.0, 1550.0]","[[0.0, 1500.0]]",False,2000.0,
485,1.1571985802817284,6.074986306948607,0.0031464223345109483,1500.0,1550.0,max_daily_average_grid_connection_ratio,0.02573422444542084,"[{'constraint': 'max_daily_average_grid_connection_ratio', 'actual': 1.0257342244454208, 'target': 1.0, 'operator': '<=', 'violation': 0.02573422444542084, 'scaled_violation': 0.02573422444542084}]",maximum scale-free violation at first failed capacity,"[1500.0, 1550.0]","[[0.0, 1500.0]]",False,2000.0,
486,1.1471022388885372,3.638206277496268,0.007330890390296262,1450.0,1500.0,max_local_connection_ratio,0.02961335478945548,"[{'constraint': 'max_local_connection_ratio', 'actual': 1.0296133547894555, 'target': 1.0, 'operator': '<=', 'violation': 0.02961335478945548, 'scaled_violation': 0.02961335478945548}, {'constraint': 'max_daily_average_grid_connection_ratio', 'actual': 1.0158976583820254, 'target': 1.0, 'operator': '<=', 'violation': 0.015897658382025392, 'scaled_violation': 0.015897658382025392}, {'constraint': 'max_wtw_utilization', 'actual': 0.9512527249586953, 'target': 0.95, 'operator': '<=', 'violation': 0.0012527249586953282, 'scaled_violation': 0.0013186578512582403}]",maximum scale-free violation at first failed capacity,"[1450.0, 1500.0]","[[0.0, 1450.0]]",False,2000.0,
487,1.3456359675111336,8.994542188261999,0.0012830456772085284,1300.0,1350.0,max_daily_average_grid_connection_ratio,0.02265886957489971,"[{'constraint': 'max_daily_average_grid_connection_ratio', 'actual': 1.0226588695748997, 'target': 1.0, 'operator': '<=', 'violation': 0.02265886957489971, 'scaled_violation': 0.02265886957489971}]",maximum scale-free violation at first failed capacity,"[1300.0, 1350.0]","[[0.0, 1300.0]]",False,1850.0,reclaimed_water_substitution_ratio
488,1.2942225676980126,8.836613912558171,0.0024704432535898845,1350.0,1400.0,max_daily_average_grid_connection_ratio,0.028758119441286256,"[{'constraint': 'max_daily_average_grid_connection_ratio', 'actual': 1.0287581194412863, 'target': 1.0, 'operator': '<=', 'violation': 0.028758119441286256, 'scaled_violation': 0.028758119441286256}]",maximum scale-free violation at first failed capacity,"[1350.0, 1400.0]","[[0.0, 1350.0]]",False,1950.0,reclaimed_water_substitution_ratio
489,1.2468575615980386,7.2510267220317255,0.003022107092907453,1400.0,1450.0,max_daily_average_grid_connection_ratio,0.031207740879878543,"[{'constraint': 'max_daily_average_grid_connection_ratio', 'actual': 1.0312077408798785, 'target': 1.0, 'operator': '<=', 'violation': 0.031207740879878543, 'scaled_violation': 0.031207740879878543}]",maximum scale-free violation at first failed capacity,"[1400.0, 1450.0]","[[0.0, 1400.0]]",False,2000.0,
490,1.151865912930882,8.933529570549641,0.0011286538425795837,1500.0,1550.0,max_daily_average_grid_connection_ratio,0.005323354352942067,"[{'constraint': 'max_daily_average_grid_connection_ratio', 'actual': 1.005323354352942, 'target': 1.0, 'operator': '<=', 'violation': 0.005323354352942067, 'scaled_violation': 0.005323354352942067}]",maximum scale-free violation at first failed capacity,"[1500.0, 1550.0]","[[0.0, 1500.0]]",False,2000.0,
491,1.167233551423451,7.694804400611105,0.0035204028950710183,1450.0,1500.0,max_daily_average_grid_connection_ratio,0.003880825050682324,"[{'constraint': 'max_daily_average_grid_connection_ratio', 'actual': 1.0038808250506823, 'target': 1.0, 'operator': '<=', 'violation': 0.003880825050682324, 'scaled_violation': 0.003880825050682324}]",maximum scale-free violation at first failed capacity,"[1450.0, 1500.0]","[[0.0, 1450.0]]",False,2000.0,
492,1.182406268540995,4.046724775657066,0.005482060507525378,1450.0,1500.0,max_daily_average_grid_connection_ratio,0.03144623658746837,"[{'constraint': 'max_daily_average_grid_connection_ratio', 'actual': 1.0314462365874684, 'target': 1.0, 'operator': '<=', 'violation': 0.03144623658746837, 'scaled_violation': 0.03144623658746837}, {'constraint': 'max_local_connection_ratio', 'actual': 1.0097177628627247, 'target': 1.0, 'operator': '<=', 'violation': 0.009717762862724744, 'scaled_violation': 0.009717762862724744}]",maximum scale-free violation at first failed capacity,"[1450.0, 1500.0]","[[0.0, 1450.0]]",False,2000.0,
493,1.3385835156565626,7.144473169159278,0.0069883690256910425,1250.0,1300.0,max_daily_average_grid_connection_ratio,0.017129199987217847,"[{'constraint': 'max_daily_average_grid_connection_ratio', 'actual': 1.0171291999872178, 'target': 1.0, 'operator': '<=', 'violation': 0.017129199987217847, 'scaled_violation': 0.017129199987217847}]",maximum scale-free violation at first failed capacity,"[1250.0, 1300.0]","[[0.0, 1250.0]]",False,1950.0,reclaimed_water_substitution_ratio
494,1.2162659327558971,8.680151285752416,0.002678860248702445,1400.0,1450.0,max_daily_average_grid_connection_ratio,0.003936163788665237,"[{'constraint': 'max_daily_average_grid_connection_ratio', 'actual': 1.0039361637886652, 'target': 1.0, 'operator': '<=', 'violation': 0.003936163788665237, 'scaled_violation': 0.003936163788665237}]",maximum scale-free violation at first failed capacity,"[1400.0, 1450.0]","[[0.0, 1400.0]]",False,2000.0,
495,1.2240399781217344,3.090361655255942,0.0032902489666133796,1300.0,1350.0,max_local_connection_ratio,0.02131080917493655,"[{'constraint': 'max_local_connection_ratio', 'actual': 1.0213108091749366, 'target': 1.0, 'operator': '<=', 'violation': 0.02131080917493655, 'scaled_violation': 0.02131080917493655}]",maximum scale-free violation at first failed capacity,"[1300.0, 1350.0]","[[0.0, 1300.0]]",False,1850.0,reclaimed_water_substitution_ratio
496,1.3348584981972766,6.033955717848604,0.007546618695566484,1250.0,1300.0,max_daily_average_grid_connection_ratio,0.018092138870482888,"[{'constraint': 'max_daily_average_grid_connection_ratio', 'actual': 1.0180921388704829, 'target': 1.0, 'operator': '<=', 'violation': 0.018092138870482888, 'scaled_violation': 0.018092138870482888}]",maximum scale-free violation at first failed capacity,"[1250.0, 1300.0]","[[0.0, 1250.0]]",False,1950.0,reclaimed_water_substitution_ratio
497,1.3108343926612673,4.968819227748992,0.005239499341587609,1300.0,1350.0,max_daily_average_grid_connection_ratio,0.023415612755701476,"[{'constraint': 'max_daily_average_grid_connection_ratio', 'actual': 1.0234156127557015, 'target': 1.0, 'operator': '<=', 'violation': 0.023415612755701476, 'scaled_violation': 0.023415612755701476}]",maximum scale-free violation at first failed capacity,"[1300.0, 1350.0]","[[0.0, 1300.0]]",False,1900.0,reclaimed_water_substitution_ratio
498,1.1669892587038848,8.641586540338508,0.007227252715019599,1450.0,1500.0,max_daily_average_grid_connection_ratio,0.031761843942672785,"[{'constraint': 'max_daily_average_grid_connection_ratio', 'actual': 1.0317618439426728, 'target': 1.0, 'operator': '<=', 'violation': 0.031761843942672785, 'scaled_violation': 0.031761843942672785}]",maximum scale-free violation at first failed capacity,"[1450.0, 1500.0]","[[0.0, 1450.0]]",False,2000.0,
499,1.308288859327388,5.4804980693907694,0.004057425606359788,1300.0,1350.0,max_daily_average_grid_connection_ratio,0.013437050591214028,"[{'constraint': 'max_daily_average_grid_connection_ratio', 'actual': 1.013437050591214, 'target': 1.0, 'operator': '<=', 'violation': 0.013437050591214028, 'scaled_violation': 0.013437050591214028}]",maximum scale-free violation at first failed capacity,"[1300.0, 1350.0]","[[0.0, 1300.0]]",False,1950.0,reclaimed_water_substitution_ratio
500,1.1507160631359246,3.3802456814865662,0.0026244231242635633,1450.0,1500.0,max_local_connection_ratio,0.024010681130534728,"[{'constraint': 'max_local_connection_ratio', 'actual': 1.0240106811305347, 'target': 1.0, 'operator': '<=', 'violation': 0.024010681130534728, 'scaled_violation': 0.024010681130534728}]",maximum scale-free violation at first failed capacity,"[1450.0, 1500.0]","[[0.0, 1450.0]]",False,2000.0,
501,1.3208399284909151,8.834554754532036,0.004816390681226305,1300.0,1350.0,max_daily_average_grid_connection_ratio,0.028069408476272706,"[{'constraint': 'max_daily_average_grid_connection_ratio', 'actual': 1.0280694084762727, 'target': 1.0, 'operator': '<=', 'violation': 0.028069408476272706, 'scaled_violation': 0.028069408476272706}]",maximum scale-free violation at first failed capacity,"[1300.0, 1350.0]","[[0.0, 1300.0]]",False,1950.0,reclaimed_water_substitution_ratio
502,1.1821468024440378,4.248050538179901,0.0019073497092136605,1450.0,1500.0,max_daily_average_grid_connection_ratio,0.004144643253959579,"[{'constraint': 'max_daily_average_grid_connection_ratio', 'actual': 1.0041446432539596, 'target': 1.0, 'operator': '<=', 'violation': 0.004144643253959579, 'scaled_violation': 0.004144643253959579}]",maximum scale-free violation at first failed capacity,"[1450.0, 1500.0]","[[0.0, 1450.0]]",False,2000.0,
503,1.1681390991719776,3.2503671664652893,0.0043209869614508,1400.0,1450.0,max_local_connection_ratio,0.033614654743360894,"[{'constraint': 'max_local_connection_ratio', 'actual': 1.033614654743361, 'target': 1.0, 'operator': '<=', 'violation': 0.033614654743360894, 'scaled_violation': 0.033614654743360894}, {'constraint': 'max_wtw_utilization', 'actual': 0.9509891027620295, 'target': 0.95, 'operator': '<=', 'violation': 0.00098910276202957, 'scaled_violation': 0.0010411608021363896}]",maximum scale-free violation at first failed capacity,"[1400.0, 1450.0]","[[0.0, 1400.0]]",False,1950.0,reclaimed_water_substitution_ratio
504,1.1849170627237156,8.170131535503051,0.004411678323371103,1450.0,1500.0,max_daily_average_grid_connection_ratio,0.025438351597847797,"[{'constraint': 'max_daily_average_grid_connection_ratio', 'actual': 1.0254383515978478, 'target': 1.0, 'operator': '<=', 'violation': 0.025438351597847797, 'scaled_violation': 0.025438351597847797}]",maximum scale-free violation at first failed capacity,"[1450.0, 1500.0]","[[0.0, 1450.0]]",False,2000.0,
505,1.3410346475511117,8.219829671417234,0.007345110107819398,1250.0,1300.0,max_daily_average_grid_connection_ratio,0.021250194362061547,"[{'constraint': 'max_daily_average_grid_connection_ratio', 'actual': 1.0212501943620615, 'target': 1.0, 'operator': '<=', 'violation': 0.021250194362061547, 'scaled_violation': 0.021250194362061547}]",maximum scale-free violation at first failed capacity,"[1250.0, 1300.0]","[[0.0, 1250.0]]",False,1950.0,reclaimed_water_substitution_ratio
506,1.2280610696864138,5.565468414011831,0.0013090846763377365,1400.0,1450.0,max_daily_average_grid_connection_ratio,0.003449509810443896,"[{'constraint': 'max_daily_average_grid_connection_ratio', 'actual': 1.003449509810444, 'target': 1.0, 'operator': '<=', 'violation': 0.003449509810443896, 'scaled_violation': 0.003449509810443896}]",maximum scale-free violation at first failed capacity,"[1400.0, 1450.0]","[[0.0, 1400.0]]",False,2000.0,
507,1.1811711986351023,6.379533101669276,0.007078888380354639,1400.0,1450.0,max_daily_average_grid_connection_ratio,0.007760496002098716,"[{'constraint': 'max_daily_average_grid_connection_ratio', 'actual': 1.0077604960020987, 'target': 1.0, 'operator': '<=', 'violation': 0.007760496002098716, 'scaled_violation': 0.007760496002098716}]",maximum scale-free violation at first failed capacity,"[1400.0, 1450.0]","[[0.0, 1400.0]]",False,2000.0,
508,1.1972857600996958,5.905155822025865,0.004720930613643306,1400.0,1450.0,max_daily_average_grid_connection_ratio,0.0035319736820111913,"[{'constraint': 'max_daily_average_grid_connection_ratio', 'actual': 1.0035319736820112, 'target': 1.0, 'operator': '<=', 'violation': 0.0035319736820111913, 'scaled_violation': 0.0035319736820111913}]",maximum scale-free violation at first failed capacity,"[1400.0, 1450.0]","[[0.0, 1400.0]]",False,2000.0,
509,1.3350117331235976,6.429775785627022,0.0037125382452511094,1300.0,1350.0,max_daily_average_grid_connection_ratio,0.031220416693106046,"[{'constraint': 'max_daily_average_grid_connection_ratio', 'actual': 1.031220416693106, 'target': 1.0, 'operator': '<=', 'violation': 0.031220416693106046, 'scaled_violation': 0.031220416693106046}]",maximum scale-free violation at first failed capacity,"[1300.0, 1350.0]","[[0.0, 1300.0]]",False,1900.0,reclaimed_water_substitution_ratio
510,1.2239096189690255,7.12827431270121,0.007761783650456806,1350.0,1400.0,max_daily_average_grid_connection_ratio,0.011234493466342643,"[{'constraint': 'max_daily_average_grid_connection_ratio', 'actual': 1.0112344934663426, 'target': 1.0, 'operator': '<=', 'violation': 0.011234493466342643, 'scaled_violation': 0.011234493466342643}]",maximum scale-free violation at first failed capacity,"[1350.0, 1400.0]","[[0.0, 1350.0]]",False,2000.0,
511,1.2849832068123803,3.9076432692512597,0.006302381022742181,1300.0,1350.0,max_daily_average_grid_connection_ratio,0.011185045048784925,"[{'constraint': 'max_daily_average_grid_connection_ratio', 'actual': 1.011185045048785, 'target': 1.0, 'operator': '<=', 'violation': 0.011185045048784925, 'scaled_violation': 0.011185045048784925}, {'constraint': 'max_local_connection_ratio', 'actual': 1.0006807822763324, 'target': 1.0, 'operator': '<=', 'violation': 0.0006807822763323923, 'scaled_violation': 0.0006807822763323923}]",maximum scale-free violation at first failed capacity,"[1300.0, 1350.0]","[[0.0, 1300.0]]",False,1900.0,reclaimed_water_substitution_ratio
512,1.1775109291319554,7.189830360761656,0.004780715475659178,1450.0,1500.0,max_daily_average_grid_connection_ratio,0.022034005585081173,"[{'constraint': 'max_daily_average_grid_connection_ratio', 'actual': 1.0220340055850812, 'target': 1.0, 'operator': '<=', 'violation': 0.022034005585081173, 'scaled_violation': 0.022034005585081173}]",maximum scale-free violation at first failed capacity,"[1450.0, 1500.0]","[[0.0, 1450.0]]",False,2000.0,
513,1.273488867040158,3.3563510507933847,0.005377030908546196,1250.0,1300.0,max_local_connection_ratio,0.0018516661274190493,"[{'constraint': 'max_local_connection_ratio', 'actual': 1.001851666127419, 'target': 1.0, 'operator': '<=', 'violation': 0.0018516661274190493, 'scaled_violation': 0.0018516661274190493}]",maximum scale-free violation at first failed capacity,"[1250.0, 1300.0]","[[0.0, 1250.0]]",False,1850.0,reclaimed_water_substitution_ratio
514,1.3092785746188376,7.585280580396916,0.005868532859581617,1300.0,1350.0,max_daily_average_grid_connection_ratio,0.026532710762091627,"[{'constraint': 'max_daily_average_grid_connection_ratio', 'actual': 1.0265327107620916, 'target': 1.0, 'operator': '<=', 'violation': 0.026532710762091627, 'scaled_violation': 0.026532710762091627}]",maximum scale-free violation at first failed capacity,"[1300.0, 1350.0]","[[0.0, 1300.0]]",False,1950.0,reclaimed_water_substitution_ratio
515,1.2287725163752246,3.130777682522214,0.001845551427514954,1300.0,1350.0,max_local_connection_ratio,0.008724222277553428,"[{'constraint': 'max_local_connection_ratio', 'actual': 1.0087242222775534, 'target': 1.0, 'operator': '<=', 'violation': 0.008724222277553428, 'scaled_violation': 0.008724222277553428}]",maximum scale-free violation at first failed capacity,"[1300.0, 1350.0]","[[0.0, 1300.0]]",False,1800.0,reclaimed_water_substitution_ratio
516,1.20719798887216,5.956641607361039,0.005340426053259496,1400.0,1450.0,max_daily_average_grid_connection_ratio,0.016091123786312833,"[{'constraint': 'max_daily_average_grid_connection_ratio', 'actual': 1.0160911237863128, 'target': 1.0, 'operator': '<=', 'violation': 0.016091123786312833, 'scaled_violation': 0.016091123786312833}]",maximum scale-free violation at first failed capacity,"[1400.0, 1450.0]","[[0.0, 1400.0]]",False,2000.0,
517,1.294747389410506,6.011572774295312,0.0071684103342196,1300.0,1350.0,max_daily_average_grid_connection_ratio,0.024447610031609557,"[{'constraint': 'max_daily_average_grid_connection_ratio', 'actual': 1.0244476100316096, 'target': 1.0, 'operator': '<=', 'violation': 0.024447610031609557, 'scaled_violation': 0.024447610031609557}]",maximum scale-free violation at first failed capacity,"[1300.0, 1350.0]","[[0.0, 1300.0]]",False,2000.0,
518,1.352710556608788,3.531821385036411,0.0075761099634030354,1200.0,1250.0,max_local_connection_ratio,0.015704369785565664,"[{'constraint': 'max_local_connection_ratio', 'actual': 1.0157043697855657, 'target': 1.0, 'operator': '<=', 'violation': 0.015704369785565664, 'scaled_violation': 0.015704369785565664}]",maximum scale-free violation at first failed capacity,"[1200.0, 1250.0]","[[0.0, 1200.0]]",False,1750.0,reclaimed_water_substitution_ratio
519,1.2889927289719847,5.8056287203521135,0.0019502224030904134,1350.0,1400.0,max_daily_average_grid_connection_ratio,0.020992825783415103,"[{'constraint': 'max_daily_average_grid_connection_ratio', 'actual': 1.020992825783415, 'target': 1.0, 'operator': '<=', 'violation': 0.020992825783415103, 'scaled_violation': 0.020992825783415103}]",maximum scale-free violation at first failed capacity,"[1350.0, 1400.0]","[[0.0, 1350.0]]",False,1950.0,reclaimed_water_substitution_ratio
520,1.2029329035512482,8.812823184336683,0.006080491653519239,1400.0,1450.0,max_daily_average_grid_connection_ratio,0.018059736586502728,"[{'constraint': 'max_daily_average_grid_connection_ratio', 'actual': 1.0180597365865027, 'target': 1.0, 'operator': '<=', 'violation': 0.018059736586502728, 'scaled_violation': 0.018059736586502728}]",maximum scale-free violation at first failed capacity,"[1400.0, 1450.0]","[[0.0, 1400.0]]",False,2000.0,
521,1.247559904904632,7.492557507344522,0.00737878223186896,1350.0,1400.0,max_daily_average_grid_connection_ratio,0.027006098132998924,"[{'constraint': 'max_daily_average_grid_connection_ratio', 'actual': 1.027006098132999, 'target': 1.0, 'operator': '<=', 'violation': 0.027006098132998924, 'scaled_violation': 0.027006098132998924}]",maximum scale-free violation at first failed capacity,"[1350.0, 1400.0]","[[0.0, 1350.0]]",False,2000.0,
522,1.269564710194338,5.882140775388408,0.00722997372158839,1300.0,1350.0,max_daily_average_grid_connection_ratio,0.005892765264898792,"[{'constraint': 'max_daily_average_grid_connection_ratio', 'actual': 1.0058927652648988, 'target': 1.0, 'operator': '<=', 'violation': 0.005892765264898792, 'scaled_violation': 0.005892765264898792}]",maximum scale-free violation at first failed capacity,"[1300.0, 1350.0]","[[0.0, 1300.0]]",False,2000.0,
523,1.3525029953135992,6.738727128939736,0.00437015572808859,1250.0,1300.0,max_daily_average_grid_connection_ratio,0.010036466205281869,"[{'constraint': 'max_daily_average_grid_connection_ratio', 'actual': 1.0100364662052819, 'target': 1.0, 'operator': '<=', 'violation': 0.010036466205281869, 'scaled_violation': 0.010036466205281869}]",maximum scale-free violation at first failed capacity,"[1250.0, 1300.0]","[[0.0, 1250.0]]",False,1900.0,reclaimed_water_substitution_ratio
524,1.2873447496112724,5.439116367138135,0.0032077996367256777,1350.0,1400.0,max_daily_average_grid_connection_ratio,0.02859813613214146,"[{'constraint': 'max_daily_average_grid_connection_ratio', 'actual': 1.0285981361321415, 'target': 1.0, 'operator': '<=', 'violation': 0.02859813613214146, 'scaled_violation': 0.02859813613214146}]",maximum scale-free violation at first failed capacity,"[1350.0, 1400.0]","[[0.0, 1350.0]]",False,1950.0,reclaimed_water_substitution_ratio
525,1.2888354713440209,3.469645555535688,0.004188033475560441,1300.0,1350.0,max_local_connection_ratio,0.030756402531044058,"[{'constraint': 'max_local_connection_ratio', 'actual': 1.030756402531044, 'target': 1.0, 'operator': '<=', 'violation': 0.030756402531044058, 'scaled_violation': 0.030756402531044058}, {'constraint': 'max_wtw_utilization', 'actual': 0.9509997403608933, 'target': 0.95, 'operator': '<=', 'violation': 0.000999740360893342, 'scaled_violation': 0.0010523582746245705}]",maximum scale-free violation at first failed capacity,"[1300.0, 1350.0]","[[0.0, 1300.0]]",False,1800.0,reclaimed_water_substitution_ratio
526,1.1822619865527284,3.709511206358587,0.0017759740356471034,1450.0,1500.0,max_local_connection_ratio,0.009984125305966263,"[{'constraint': 'max_local_connection_ratio', 'actual': 1.0099841253059663, 'target': 1.0, 'operator': '<=', 'violation': 0.009984125305966263, 'scaled_violation': 0.009984125305966263}, {'constraint': 'max_daily_average_grid_connection_ratio', 'actual': 1.0032456865788704, 'target': 1.0, 'operator': '<=', 'violation': 0.003245686578870366, 'scaled_violation': 0.003245686578870366}]",maximum scale-free violation at first failed capacity,"[1450.0, 1500.0]","[[0.0, 1450.0]]",False,1950.0,reclaimed_water_substitution_ratio
527,1.2729722578087153,7.132664526586331,0.0016956534439836548,1350.0,1400.0,max_daily_average_grid_connection_ratio,0.006674446269659962,"[{'constraint': 'max_daily_average_grid_connection_ratio', 'actual': 1.00667444626966, 'target': 1.0, 'operator': '<=', 'violation': 0.006674446269659962, 'scaled_violation': 0.006674446269659962}]",maximum scale-free violation at first failed capacity,"[1350.0, 1400.0]","[[0.0, 1350.0]]",False,1950.0,reclaimed_water_substitution_ratio
528,1.2739506864082566,6.395468618033575,0.0032809177675306926,1350.0,1400.0,max_daily_average_grid_connection_ratio,0.018649252201962785,"[{'constraint': 'max_daily_average_grid_connection_ratio', 'actual': 1.0186492522019628, 'target': 1.0, 'operator': '<=', 'violation': 0.018649252201962785, 'scaled_violation': 0.018649252201962785}]",maximum scale-free violation at first failed capacity,"[1350.0, 1400.0]","[[0.0, 1350.0]]",False,2000.0,
529,1.2720402797253576,7.545684524458201,0.002593624738469582,1350.0,1400.0,max_daily_average_grid_connection_ratio,0.0122962593305731,"[{'constraint': 'max_daily_average_grid_connection_ratio', 'actual': 1.012296259330573, 'target': 1.0, 'operator': '<=', 'violation': 0.0122962593305731, 'scaled_violation': 0.0122962593305731}]",maximum scale-free violation at first failed capacity,"[1350.0, 1400.0]","[[0.0, 1350.0]]",False,2000.0,
530,1.2548104023925168,4.295006159755827,0.0024798135975729906,1400.0,1450.0,max_daily_average_grid_connection_ratio,0.03367210759602912,"[{'constraint': 'max_daily_average_grid_connection_ratio', 'actual': 1.0336721075960291, 'target': 1.0, 'operator': '<=', 'violation': 0.03367210759602912, 'scaled_violation': 0.03367210759602912}]",maximum scale-free violation at first failed capacity,"[1400.0, 1450.0]","[[0.0, 1400.0]]",False,1900.0,reclaimed_water_substitution_ratio
531,1.1664290373725312,6.105341925043577,0.001641489312146153,1500.0,1550.0,max_daily_average_grid_connection_ratio,0.021937109716716696,"[{'constraint': 'max_daily_average_grid_connection_ratio', 'actual': 1.0219371097167167, 'target': 1.0, 'operator': '<=', 'violation': 0.021937109716716696, 'scaled_violation': 0.021937109716716696}]",maximum scale-free violation at first failed capacity,"[1500.0, 1550.0]","[[0.0, 1500.0]]",False,2000.0,
532,1.1672733359368008,7.675888172487165,0.0016998421348192966,1500.0,1550.0,max_daily_average_grid_connection_ratio,0.023124374847339535,"[{'constraint': 'max_daily_average_grid_connection_ratio', 'actual': 1.0231243748473395, 'target': 1.0, 'operator': '<=', 'violation': 0.023124374847339535, 'scaled_violation': 0.023124374847339535}]",maximum scale-free violation at first failed capacity,"[1500.0, 1550.0]","[[0.0, 1500.0]]",False,2000.0,
533,1.222271521003575,4.004320325904035,0.0038765384135832238,1400.0,1450.0,max_daily_average_grid_connection_ratio,0.017568366556824255,"[{'constraint': 'max_daily_average_grid_connection_ratio', 'actual': 1.0175683665568243, 'target': 1.0, 'operator': '<=', 'violation': 0.017568366556824255, 'scaled_violation': 0.017568366556824255}]",maximum scale-free violation at first failed capacity,"[1400.0, 1450.0]","[[0.0, 1400.0]]",False,1950.0,reclaimed_water_substitution_ratio
534,1.2321591107132652,3.6146644534518173,0.0027041934074964946,1400.0,1450.0,max_local_connection_ratio,0.03307491266202223,"[{'constraint': 'max_local_connection_ratio', 'actual': 1.0330749126620222, 'target': 1.0, 'operator': '<=', 'violation': 0.03307491266202223, 'scaled_violation': 0.03307491266202223}, {'constraint': 'max_daily_average_grid_connection_ratio', 'actual': 1.0169839494615884, 'target': 1.0, 'operator': '<=', 'violation': 0.016983949461588432, 'scaled_violation': 0.016983949461588432}, {'constraint': 'max_wtw_utilization', 'actual': 0.9517985522182328, 'target': 0.95, 'operator': '<=', 'violation': 0.001798552218232885, 'scaled_violation': 0.0018932128612977738}]",maximum scale-free violation at first failed capacity,"[1400.0, 1450.0]","[[0.0, 1400.0]]",False,1900.0,reclaimed_water_substitution_ratio
535,1.181520519426039,3.92828575976357,0.0022425636804810365,1450.0,1500.0,max_daily_average_grid_connection_ratio,0.006160121398833374,"[{'constraint': 'max_daily_average_grid_connection_ratio', 'actual': 1.0061601213988334, 'target': 1.0, 'operator': '<=', 'violation': 0.006160121398833374, 'scaled_violation': 0.006160121398833374}]",maximum scale-free violation at first failed capacity,"[1450.0, 1500.0]","[[0.0, 1450.0]]",False,2000.0,
536,1.3096709329106284,8.101727449894872,0.0035971501031348578,1300.0,1350.0,max_daily_average_grid_connection_ratio,0.01133979949987629,"[{'constraint': 'max_daily_average_grid_connection_ratio', 'actual': 1.0113397994998763, 'target': 1.0, 'operator': '<=', 'violation': 0.01133979949987629, 'scaled_violation': 0.01133979949987629}]",maximum scale-free violation at first failed capacity,"[1300.0, 1350.0]","[[0.0, 1300.0]]",False,1950.0,reclaimed_water_substitution_ratio
537,1.2841708388805435,6.270319538082714,0.006304165711667335,1300.0,1350.0,max_daily_average_grid_connection_ratio,0.010585111842577266,"[{'constraint': 'max_daily_average_grid_connection_ratio', 'actual': 1.0105851118425773, 'target': 1.0, 'operator': '<=', 'violation': 0.010585111842577266, 'scaled_violation': 0.010585111842577266}]",maximum scale-free violation at first failed capacity,"[1300.0, 1350.0]","[[0.0, 1300.0]]",False,2000.0,
538,1.1340693607231087,3.5276253001206666,0.006964255725924726,1450.0,1500.0,max_local_connection_ratio,0.027042975081841947,"[{'constraint': 'max_local_connection_ratio', 'actual': 1.027042975081842, 'target': 1.0, 'operator': '<=', 'violation': 0.027042975081841947, 'scaled_violation': 0.027042975081841947}, {'constraint': 'max_daily_average_grid_connection_ratio', 'actual': 1.0022086665857717, 'target': 1.0, 'operator': '<=', 'violation': 0.002208666585771679, 'scaled_violation': 0.002208666585771679}, {'constraint': 'max_wtw_utilization', 'actual': 0.9504645195961757, 'target': 0.95, 'operator': '<=', 'violation': 0.000464519596175772, 'scaled_violation': 0.0004889679959744969}]",maximum scale-free violation at first failed capacity,"[1450.0, 1500.0]","[[0.0, 1450.0]]",False,2000.0,
539,1.2929911415937125,4.195039303567747,0.004837467085850634,1300.0,1350.0,max_daily_average_grid_connection_ratio,0.007229624401643431,"[{'constraint': 'max_daily_average_grid_connection_ratio', 'actual': 1.0072296244016434, 'target': 1.0, 'operator': '<=', 'violation': 0.007229624401643431, 'scaled_violation': 0.007229624401643431}]",maximum scale-free violation at first failed capacity,"[1300.0, 1350.0]","[[0.0, 1300.0]]",False,1900.0,reclaimed_water_substitution_ratio
540,1.159673347218971,8.037073107873667,0.007755682205441962,1450.0,1500.0,max_daily_average_grid_connection_ratio,0.02964069343040676,"[{'constraint': 'max_daily_average_grid_connection_ratio', 'actual': 1.0296406934304068, 'target': 1.0, 'operator': '<=', 'violation': 0.02964069343040676, 'scaled_violation': 0.02964069343040676}]",maximum scale-free violation at first failed capacity,"[1450.0, 1500.0]","[[0.0, 1450.0]]",False,2000.0,
541,1.2185670266152122,5.859186530516895,0.004417199895124341,1400.0,1450.0,max_daily_average_grid_connection_ratio,0.0185302052249936,"[{'constraint': 'max_daily_average_grid_connection_ratio', 'actual': 1.0185302052249936, 'target': 1.0, 'operator': '<=', 'violation': 0.0185302052249936, 'scaled_violation': 0.0185302052249936}]",maximum scale-free violation at first failed capacity,"[1400.0, 1450.0]","[[0.0, 1400.0]]",False,2000.0,
542,1.3440424228450065,4.005146912952815,0.005244151340522404,1250.0,1300.0,max_daily_average_grid_connection_ratio,0.00963673902131923,"[{'constraint': 'max_daily_average_grid_connection_ratio', 'actual': 1.0096367390213192, 'target': 1.0, 'operator': '<=', 'violation': 0.00963673902131923, 'scaled_violation': 0.00963673902131923}]",maximum scale-free violation at first failed capacity,"[1250.0, 1300.0]","[[0.0, 1250.0]]",False,1800.0,reclaimed_water_substitution_ratio
543,1.187915934240132,4.7241763272116755,0.002084926899993086,1450.0,1500.0,max_daily_average_grid_connection_ratio,0.010320002391940308,"[{'constraint': 'max_daily_average_grid_connection_ratio', 'actual': 1.0103200023919403, 'target': 1.0, 'operator': '<=', 'violation': 0.010320002391940308, 'scaled_violation': 0.010320002391940308}]",maximum scale-free violation at first failed capacity,"[1450.0, 1500.0]","[[0.0, 1450.0]]",False,2000.0,
544,1.1708514558449679,4.054929103804024,0.005698520114896962,1450.0,1500.0,max_daily_average_grid_connection_ratio,0.02341258824714254,"[{'constraint': 'max_daily_average_grid_connection_ratio', 'actual': 1.0234125882471425, 'target': 1.0, 'operator': '<=', 'violation': 0.02341258824714254, 'scaled_violation': 0.02341258824714254}, {'constraint': 'max_local_connection_ratio', 'actual': 1.001239798047741, 'target': 1.0, 'operator': '<=', 'violation': 0.001239798047740992, 'scaled_violation': 0.001239798047740992}]",maximum scale-free violation at first failed capacity,"[1450.0, 1500.0]","[[0.0, 1450.0]]",False,2000.0,
545,1.223800779643532,7.225441451882917,0.005620008562511422,1400.0,1450.0,max_daily_average_grid_connection_ratio,0.031575343233042785,"[{'constraint': 'max_daily_average_grid_connection_ratio', 'actual': 1.0315753432330428, 'target': 1.0, 'operator': '<=', 'violation': 0.031575343233042785, 'scaled_violation': 0.031575343233042785}]",maximum scale-free violation at first failed capacity,"[1400.0, 1450.0]","[[0.0, 1400.0]]",False,2000.0,
546,1.2191927931039912,4.065890390695762,0.004253233589477085,1400.0,1450.0,max_daily_average_grid_connection_ratio,0.0178357274882186,"[{'constraint': 'max_daily_average_grid_connection_ratio', 'actual': 1.0178357274882186, 'target': 1.0, 'operator': '<=', 'violation': 0.0178357274882186, 'scaled_violation': 0.0178357274882186}]",maximum scale-free violation at first failed capacity,"[1400.0, 1450.0]","[[0.0, 1400.0]]",False,2000.0,
547,1.261234720328465,3.48857607936914,0.007891965531541364,1300.0,1350.0,max_local_connection_ratio,0.033251999579651415,"[{'constraint': 'max_local_connection_ratio', 'actual': 1.0332519995796514, 'target': 1.0, 'operator': '<=', 'violation': 0.033251999579651415, 'scaled_violation': 0.033251999579651415}, {'constraint': 'max_daily_average_grid_connection_ratio', 'actual': 1.0041304026808793, 'target': 1.0, 'operator': '<=', 'violation': 0.004130402680879275, 'scaled_violation': 0.004130402680879275}, {'constraint': 'max_wtw_utilization', 'actual': 0.951627422120125, 'target': 0.95, 'operator': '<=', 'violation': 0.0016274221201250105, 'scaled_violation': 0.0017130759159210637}]",maximum scale-free violation at first failed capacity,"[1300.0, 1350.0]","[[0.0, 1300.0]]",False,1900.0,reclaimed_water_substitution_ratio
548,1.3529197139072209,5.699086746142789,0.00264498819817748,1300.0,1350.0,max_daily_average_grid_connection_ratio,0.03743410468825581,"[{'constraint': 'max_daily_average_grid_connection_ratio', 'actual': 1.0374341046882558, 'target': 1.0, 'operator': '<=', 'violation': 0.03743410468825581, 'scaled_violation': 0.03743410468825581}]",maximum scale-free violation at first failed capacity,"[1300.0, 1350.0]","[[0.0, 1300.0]]",False,1850.0,reclaimed_water_substitution_ratio
549,1.2246728571376289,4.340897422373742,0.006687490402112816,1350.0,1400.0,max_daily_average_grid_connection_ratio,0.004233959890648675,"[{'constraint': 'max_daily_average_grid_connection_ratio', 'actual': 1.0042339598906487, 'target': 1.0, 'operator': '<=', 'violation': 0.004233959890648675, 'scaled_violation': 0.004233959890648675}]",maximum scale-free violation at first failed capacity,"[1350.0, 1400.0]","[[0.0, 1350.0]]",False,2000.0,
550,1.1636893251494285,5.491092014944514,0.002760503241058846,1500.0,1550.0,max_daily_average_grid_connection_ratio,0.028327967418219302,"[{'constraint': 'max_daily_average_grid_connection_ratio', 'actual': 1.0283279674182193, 'target': 1.0, 'operator': '<=', 'violation': 0.028327967418219302, 'scaled_violation': 0.028327967418219302}]",maximum scale-free violation at first failed capacity,"[1500.0, 1550.0]","[[0.0, 1500.0]]",False,2000.0,
551,1.2379671780541122,7.900466907787431,0.0009939910031963434,1400.0,1450.0,max_daily_average_grid_connection_ratio,0.009158678229807649,"[{'constraint': 'max_daily_average_grid_connection_ratio', 'actual': 1.0091586782298076, 'target': 1.0, 'operator': '<=', 'violation': 0.009158678229807649, 'scaled_violation': 0.009158678229807649}]",maximum scale-free violation at first failed capacity,"[1400.0, 1450.0]","[[0.0, 1400.0]]",False,2000.0,
552,1.2103774028857188,6.878229701511383,0.0024963303597824523,1450.0,1500.0,max_daily_average_grid_connection_ratio,0.03224180807967336,"[{'constraint': 'max_daily_average_grid_connection_ratio', 'actual': 1.0322418080796734, 'target': 1.0, 'operator': '<=', 'violation': 0.03224180807967336, 'scaled_violation': 0.03224180807967336}]",maximum scale-free violation at first failed capacity,"[1450.0, 1500.0]","[[0.0, 1450.0]]",False,2000.0,
553,1.3585895993288415,4.33658322825109,0.0025773169534853684,1250.0,1300.0,max_daily_average_grid_connection_ratio,0.0026801779166472084,"[{'constraint': 'max_daily_average_grid_connection_ratio', 'actual': 1.0026801779166472, 'target': 1.0, 'operator': '<=', 'violation': 0.0026801779166472084, 'scaled_violation': 0.0026801779166472084}]",maximum scale-free violation at first failed capacity,"[1250.0, 1300.0]","[[0.0, 1250.0]]",False,1750.0,reclaimed_water_substitution_ratio
554,1.342563666275804,6.065678056305922,0.0007784125786704356,1300.0,1350.0,max_daily_average_grid_connection_ratio,0.01690286196897084,"[{'constraint': 'max_daily_average_grid_connection_ratio', 'actual': 1.0169028619689708, 'target': 1.0, 'operator': '<=', 'violation': 0.01690286196897084, 'scaled_violation': 0.01690286196897084}]",maximum scale-free violation at first failed capacity,"[1300.0, 1350.0]","[[0.0, 1300.0]]",False,1850.0,reclaimed_water_substitution_ratio
555,1.1893716313602987,5.715096088815097,0.0006770081671282442,1450.0,1500.0,max_daily_average_grid_connection_ratio,0.0008713904743962164,"[{'constraint': 'max_daily_average_grid_connection_ratio', 'actual': 1.0008713904743962, 'target': 1.0, 'operator': '<=', 'violation': 0.0008713904743962164, 'scaled_violation': 0.0008713904743962164}]",maximum scale-free violation at first failed capacity,"[1450.0, 1500.0]","[[0.0, 1450.0]]",False,2000.0,
556,1.3030548136962927,7.190720873658253,0.002706327811638604,1300.0,1350.0,max_daily_average_grid_connection_ratio,0.0002801741334794716,"[{'constraint': 'max_daily_average_grid_connection_ratio', 'actual': 1.0002801741334795, 'target': 1.0, 'operator': '<=', 'violation': 0.0002801741334794716, 'scaled_violation': 0.0002801741334794716}]",maximum scale-free violation at first failed capacity,"[1300.0, 1350.0]","[[0.0, 1300.0]]",False,1950.0,reclaimed_water_substitution_ratio
557,1.2649002660806345,8.748797490900763,0.005583468195135673,1350.0,1400.0,max_daily_average_grid_connection_ratio,0.02785997337152657,"[{'constraint': 'max_daily_average_grid_connection_ratio', 'actual': 1.0278599733715266, 'target': 1.0, 'operator': '<=', 'violation': 0.02785997337152657, 'scaled_violation': 0.02785997337152657}]",maximum scale-free violation at first failed capacity,"[1350.0, 1400.0]","[[0.0, 1350.0]]",False,2000.0,
558,1.2489601557113605,6.355172221979071,0.006044963020644832,1350.0,1400.0,max_daily_average_grid_connection_ratio,0.018668067089446794,"[{'constraint': 'max_daily_average_grid_connection_ratio', 'actual': 1.0186680670894468, 'target': 1.0, 'operator': '<=', 'violation': 0.018668067089446794, 'scaled_violation': 0.018668067089446794}]",maximum scale-free violation at first failed capacity,"[1350.0, 1400.0]","[[0.0, 1350.0]]",False,2000.0,
559,1.2430085199024827,8.44887742691957,0.0006873087456759065,1400.0,1450.0,max_daily_average_grid_connection_ratio,0.010992429625258815,"[{'constraint': 'max_daily_average_grid_connection_ratio', 'actual': 1.0109924296252588, 'target': 1.0, 'operator': '<=', 'violation': 0.010992429625258815, 'scaled_violation': 0.010992429625258815}]",maximum scale-free violation at first failed capacity,"[1400.0, 1450.0]","[[0.0, 1400.0]]",False,2000.0,
560,1.251965013682768,3.8712827221279755,0.005122071656727248,1350.0,1400.0,max_daily_average_grid_connection_ratio,0.0144897512342812,"[{'constraint': 'max_daily_average_grid_connection_ratio', 'actual': 1.0144897512342812, 'target': 1.0, 'operator': '<=', 'violation': 0.0144897512342812, 'scaled_violation': 0.0144897512342812}, {'constraint': 'max_local_connection_ratio', 'actual': 1.006956225044084, 'target': 1.0, 'operator': '<=', 'violation': 0.006956225044083997, 'scaled_violation': 0.006956225044083997}]",maximum scale-free violation at first failed capacity,"[1350.0, 1400.0]","[[0.0, 1350.0]]",False,1950.0,reclaimed_water_substitution_ratio
561,1.199130719487432,3.6160636838951437,0.005496594218123322,1400.0,1450.0,max_local_connection_ratio,0.026557143810782335,"[{'constraint': 'max_local_connection_ratio', 'actual': 1.0265571438107823, 'target': 1.0, 'operator': '<=', 'violation': 0.026557143810782335, 'scaled_violation': 0.026557143810782335}, {'constraint': 'max_daily_average_grid_connection_ratio', 'actual': 1.0107061284401122, 'target': 1.0, 'operator': '<=', 'violation': 0.010706128440112206, 'scaled_violation': 0.010706128440112206}, {'constraint': 'max_wtw_utilization', 'actual': 0.9505397772625223, 'target': 0.95, 'operator': '<=', 'violation': 0.0005397772625223007, 'scaled_violation': 0.0005681865921287377}]",maximum scale-free violation at first failed capacity,"[1400.0, 1450.0]","[[0.0, 1400.0]]",False,2000.0,
562,1.1206973609060003,4.952028231080512,0.0008557991087259557,1550.0,1600.0,max_daily_average_grid_connection_ratio,0.00771405805399783,"[{'constraint': 'max_daily_average_grid_connection_ratio', 'actual': 1.0077140580539978, 'target': 1.0, 'operator': '<=', 'violation': 0.00771405805399783, 'scaled_violation': 0.00771405805399783}]",maximum scale-free violation at first failed capacity,"[1550.0, 1600.0]","[[0.0, 1550.0]]",False,2000.0,
563,1.2007593644357388,6.715979426634703,0.00467353705460288,1400.0,1450.0,max_daily_average_grid_connection_ratio,0.005996023126870309,"[{'constraint': 'max_daily_average_grid_connection_ratio', 'actual': 1.0059960231268703, 'target': 1.0, 'operator': '<=', 'violation': 0.005996023126870309, 'scaled_violation': 0.005996023126870309}]",maximum scale-free violation at first failed capacity,"[1400.0, 1450.0]","[[0.0, 1400.0]]",False,2000.0,
564,1.3014678741617236,7.034233983555675,0.002670346789456382,1350.0,1400.0,max_daily_average_grid_connection_ratio,0.035833133023731145,"[{'constraint': 'max_daily_average_grid_connection_ratio', 'actual': 1.0358331330237311, 'target': 1.0, 'operator': '<=', 'violation': 0.035833133023731145, 'scaled_violation': 0.035833133023731145}]",maximum scale-free violation at first failed capacity,"[1350.0, 1400.0]","[[0.0, 1350.0]]",False,1950.0,reclaimed_water_substitution_ratio
565,1.2448561291236315,7.131093387650971,0.007907068639895909,1350.0,1400.0,max_daily_average_grid_connection_ratio,0.02862920718456108,"[{'constraint': 'max_daily_average_grid_connection_ratio', 'actual': 1.028629207184561, 'target': 1.0, 'operator': '<=', 'violation': 0.02862920718456108, 'scaled_violation': 0.02862920718456108}]",maximum scale-free violation at first failed capacity,"[1350.0, 1400.0]","[[0.0, 1350.0]]",False,2000.0,
566,1.300257115322982,7.364787561160204,0.004864717459894804,1300.0,1350.0,max_daily_average_grid_connection_ratio,0.012890210424278292,"[{'constraint': 'max_daily_average_grid_connection_ratio', 'actual': 1.0128902104242783, 'target': 1.0, 'operator': '<=', 'violation': 0.012890210424278292, 'scaled_violation': 0.012890210424278292}]",maximum scale-free violation at first failed capacity,"[1300.0, 1350.0]","[[0.0, 1300.0]]",False,1950.0,reclaimed_water_substitution_ratio
567,1.3460851988533438,6.803838758974981,0.0070554208458742836,1250.0,1300.0,max_daily_average_grid_connection_ratio,0.023012512934638574,"[{'constraint': 'max_daily_average_grid_connection_ratio', 'actual': 1.0230125129346386, 'target': 1.0, 'operator': '<=', 'violation': 0.023012512934638574, 'scaled_violation': 0.023012512934638574}]",maximum scale-free violation at first failed capacity,"[1250.0, 1300.0]","[[0.0, 1250.0]]",False,1950.0,reclaimed_water_substitution_ratio
568,1.156718775762296,8.803139855970272,0.0019949128089503665,1500.0,1550.0,max_daily_average_grid_connection_ratio,0.01630372632296484,"[{'constraint': 'max_daily_average_grid_connection_ratio', 'actual': 1.0163037263229648, 'target': 1.0, 'operator': '<=', 'violation': 0.01630372632296484, 'scaled_violation': 0.01630372632296484}]",maximum scale-free violation at first failed capacity,"[1500.0, 1550.0]","[[0.0, 1500.0]]",False,2000.0,
569,1.228079684860595,7.08416475692608,0.002265056294698734,1400.0,1450.0,max_daily_average_grid_connection_ratio,0.010466211138046466,"[{'constraint': 'max_daily_average_grid_connection_ratio', 'actual': 1.0104662111380465, 'target': 1.0, 'operator': '<=', 'violation': 0.010466211138046466, 'scaled_violation': 0.010466211138046466}]",maximum scale-free violation at first failed capacity,"[1400.0, 1450.0]","[[0.0, 1400.0]]",False,2000.0,
570,1.3256858186376275,5.580318604250918,0.004595994809544295,1300.0,1350.0,max_daily_average_grid_connection_ratio,0.030217811657393456,"[{'constraint': 'max_daily_average_grid_connection_ratio', 'actual': 1.0302178116573935, 'target': 1.0, 'operator': '<=', 'violation': 0.030217811657393456, 'scaled_violation': 0.030217811657393456}]",maximum scale-free violation at first failed capacity,"[1300.0, 1350.0]","[[0.0, 1300.0]]",False,1900.0,reclaimed_water_substitution_ratio
571,1.3516573111393306,3.226142791001471,0.004183544913273978,1200.0,1250.0,max_local_connection_ratio,0.028769091079851483,"[{'constraint': 'max_local_connection_ratio', 'actual': 1.0287690910798515, 'target': 1.0, 'operator': '<=', 'violation': 0.028769091079851483, 'scaled_violation': 0.028769091079851483}]",maximum scale-free violation at first failed capacity,"[1200.0, 1250.0]","[[0.0, 1200.0]]",False,1700.0,reclaimed_water_substitution_ratio
572,1.330857184150613,7.8584477188889466,0.004004642331472049,1300.0,1350.0,max_daily_average_grid_connection_ratio,0.030081903144257627,"[{'constraint': 'max_daily_average_grid_connection_ratio', 'actual': 1.0300819031442576, 'target': 1.0, 'operator': '<=', 'violation': 0.030081903144257627, 'scaled_violation': 0.030081903144257627}]",maximum scale-free violation at first failed capacity,"[1300.0, 1350.0]","[[0.0, 1300.0]]",False,1900.0,reclaimed_water_substitution_ratio
573,1.2801832151511265,3.0737610578043744,0.002305591545191577,1250.0,1300.0,max_local_connection_ratio,0.022991713428452965,"[{'constraint': 'max_local_connection_ratio', 'actual': 1.022991713428453, 'target': 1.0, 'operator': '<=', 'violation': 0.022991713428452965, 'scaled_violation': 0.022991713428452965}]",maximum scale-free violation at first failed capacity,"[1250.0, 1300.0]","[[0.0, 1250.0]]",False,1750.0,reclaimed_water_substitution_ratio
574,1.3406905439746775,4.026112628210286,0.005515012787612395,1250.0,1300.0,max_daily_average_grid_connection_ratio,0.008983300175925857,"[{'constraint': 'max_daily_average_grid_connection_ratio', 'actual': 1.0089833001759259, 'target': 1.0, 'operator': '<=', 'violation': 0.008983300175925857, 'scaled_violation': 0.008983300175925857}]",maximum scale-free violation at first failed capacity,"[1250.0, 1300.0]","[[0.0, 1250.0]]",False,1800.0,reclaimed_water_substitution_ratio
575,1.225563073768527,5.647859058470018,0.0015946331587514846,1400.0,1450.0,max_daily_average_grid_connection_ratio,0.0035192853400105584,"[{'constraint': 'max_daily_average_grid_connection_ratio', 'actual': 1.0035192853400106, 'target': 1.0, 'operator': '<=', 'violation': 0.0035192853400105584, 'scaled_violation': 0.0035192853400105584}]",maximum scale-free violation at first failed capacity,"[1400.0, 1450.0]","[[0.0, 1400.0]]",False,2000.0,
576,1.3460467323614596,8.89540532914975,0.0031196532553518894,1300.0,1350.0,max_daily_average_grid_connection_ratio,0.03549218873003768,"[{'constraint': 'max_daily_average_grid_connection_ratio', 'actual': 1.0354921887300377, 'target': 1.0, 'operator': '<=', 'violation': 0.03549218873003768, 'scaled_violation': 0.03549218873003768}]",maximum scale-free violation at first failed capacity,"[1300.0, 1350.0]","[[0.0, 1300.0]]",False,1850.0,reclaimed_water_substitution_ratio
577,1.1825199579338945,4.332532619085061,0.002180965757721175,1450.0,1500.0,max_daily_average_grid_connection_ratio,0.00653014480015246,"[{'constraint': 'max_daily_average_grid_connection_ratio', 'actual': 1.0065301448001525, 'target': 1.0, 'operator': '<=', 'violation': 0.00653014480015246, 'scaled_violation': 0.00653014480015246}]",maximum scale-free violation at first failed capacity,"[1450.0, 1500.0]","[[0.0, 1450.0]]",False,2000.0,
578,1.187026904790745,5.568320521401214,0.0014599064384094975,1450.0,1500.0,max_daily_average_grid_connection_ratio,0.004840139406451449,"[{'constraint': 'max_daily_average_grid_connection_ratio', 'actual': 1.0048401394064514, 'target': 1.0, 'operator': '<=', 'violation': 0.004840139406451449, 'scaled_violation': 0.004840139406451449}]",maximum scale-free violation at first failed capacity,"[1450.0, 1500.0]","[[0.0, 1450.0]]",False,2000.0,
579,1.1578571955078487,5.1136371090883275,0.002049573818784057,1500.0,1550.0,max_daily_average_grid_connection_ratio,0.01771653365063286,"[{'constraint': 'max_daily_average_grid_connection_ratio', 'actual': 1.0177165336506329, 'target': 1.0, 'operator': '<=', 'violation': 0.01771653365063286, 'scaled_violation': 0.01771653365063286}]",maximum scale-free violation at first failed capacity,"[1500.0, 1550.0]","[[0.0, 1500.0]]",False,2000.0,
580,1.2648452839567121,7.815500717945621,0.0034720168933732943,1350.0,1400.0,max_daily_average_grid_connection_ratio,0.012885779027645095,"[{'constraint': 'max_daily_average_grid_connection_ratio', 'actual': 1.012885779027645, 'target': 1.0, 'operator': '<=', 'violation': 0.012885779027645095, 'scaled_violation': 0.012885779027645095}]",maximum scale-free violation at first failed capacity,"[1350.0, 1400.0]","[[0.0, 1350.0]]",False,2000.0,
581,1.2575937215998287,4.150133773395968,0.006363279059893022,1350.0,1400.0,max_daily_average_grid_connection_ratio,0.027665207935618996,"[{'constraint': 'max_daily_average_grid_connection_ratio', 'actual': 1.027665207935619, 'target': 1.0, 'operator': '<=', 'violation': 0.027665207935618996, 'scaled_violation': 0.027665207935618996}]",maximum scale-free violation at first failed capacity,"[1350.0, 1400.0]","[[0.0, 1350.0]]",False,1950.0,reclaimed_water_substitution_ratio
582,1.347770365135693,4.693037240260119,0.00436658844744175,1250.0,1300.0,max_daily_average_grid_connection_ratio,0.0065791716220902074,"[{'constraint': 'max_daily_average_grid_connection_ratio', 'actual': 1.0065791716220902, 'target': 1.0, 'operator': '<=', 'violation': 0.0065791716220902074, 'scaled_violation': 0.0065791716220902074}]",maximum scale-free violation at first failed capacity,"[1250.0, 1300.0]","[[0.0, 1250.0]]",False,1850.0,reclaimed_water_substitution_ratio
583,1.1679015042535201,5.695752861063773,0.0032278429795750637,1450.0,1500.0,max_daily_average_grid_connection_ratio,0.002223408150674455,"[{'constraint': 'max_daily_average_grid_connection_ratio', 'actual': 1.0022234081506745, 'target': 1.0, 'operator': '<=', 'violation': 0.002223408150674455, 'scaled_violation': 0.002223408150674455}]",maximum scale-free violation at first failed capacity,"[1450.0, 1500.0]","[[0.0, 1450.0]]",False,2000.0,
584,1.1217809649848636,8.06053125082489,0.0005144661575118583,1550.0,1600.0,max_daily_average_grid_connection_ratio,0.005923156311788302,"[{'constraint': 'max_daily_average_grid_connection_ratio', 'actual': 1.0059231563117883, 'target': 1.0, 'operator': '<=', 'violation': 0.005923156311788302, 'scaled_violation': 0.005923156311788302}]",maximum scale-free violation at first failed capacity,"[1550.0, 1600.0]","[[0.0, 1550.0]]",False,2000.0,
585,1.2226754946034326,4.816520311214477,0.005504257160725905,1400.0,1450.0,max_daily_average_grid_connection_ratio,0.029816882170000003,"[{'constraint': 'max_daily_average_grid_connection_ratio', 'actual': 1.02981688217, 'target': 1.0, 'operator': '<=', 'violation': 0.029816882170000003, 'scaled_violation': 0.029816882170000003}]",maximum scale-free violation at first failed capacity,"[1400.0, 1450.0]","[[0.0, 1400.0]]",False,2000.0,
586,1.2437451252624674,3.05745428109648,0.001836778767718584,1300.0,1350.0,max_local_connection_ratio,0.03158920967221657,"[{'constraint': 'max_local_connection_ratio', 'actual': 1.0315892096722166, 'target': 1.0, 'operator': '<=', 'violation': 0.03158920967221657, 'scaled_violation': 0.03158920967221657}]",maximum scale-free violation at first failed capacity,"[1300.0, 1350.0]","[[0.0, 1300.0]]",False,1750.0,reclaimed_water_substitution_ratio
587,1.255543327518137,7.079469289419525,0.0020935216944070337,1400.0,1450.0,max_daily_average_grid_connection_ratio,0.0314360166833525,"[{'constraint': 'max_daily_average_grid_connection_ratio', 'actual': 1.0314360166833525, 'target': 1.0, 'operator': '<=', 'violation': 0.0314360166833525, 'scaled_violation': 0.0314360166833525}]",maximum scale-free violation at first failed capacity,"[1400.0, 1450.0]","[[0.0, 1400.0]]",False,2000.0,
588,1.317473475002597,5.871877843131875,0.002907575883169236,1300.0,1350.0,max_daily_average_grid_connection_ratio,0.012516656446832197,"[{'constraint': 'max_daily_average_grid_connection_ratio', 'actual': 1.0125166564468322, 'target': 1.0, 'operator': '<=', 'violation': 0.012516656446832197, 'scaled_violation': 0.012516656446832197}]",maximum scale-free violation at first failed capacity,"[1300.0, 1350.0]","[[0.0, 1300.0]]",False,1900.0,reclaimed_water_substitution_ratio
589,1.1700877989241922,8.403074533103975,0.003920887094625789,1450.0,1500.0,max_daily_average_grid_connection_ratio,0.009304733673701104,"[{'constraint': 'max_daily_average_grid_connection_ratio', 'actual': 1.009304733673701, 'target': 1.0, 'operator': '<=', 'violation': 0.009304733673701104, 'scaled_violation': 0.009304733673701104}]",maximum scale-free violation at first failed capacity,"[1450.0, 1500.0]","[[0.0, 1450.0]]",False,2000.0,
590,1.1640635890099569,7.965180534841273,0.004916563849411585,1450.0,1500.0,max_daily_average_grid_connection_ratio,0.011805169374418778,"[{'constraint': 'max_daily_average_grid_connection_ratio', 'actual': 1.0118051693744188, 'target': 1.0, 'operator': '<=', 'violation': 0.011805169374418778, 'scaled_violation': 0.011805169374418778}]",maximum scale-free violation at first failed capacity,"[1450.0, 1500.0]","[[0.0, 1450.0]]",False,2000.0,
591,1.1583883544097313,4.761230639906177,0.006158272713806961,1450.0,1500.0,max_daily_average_grid_connection_ratio,0.01646186885161982,"[{'constraint': 'max_daily_average_grid_connection_ratio', 'actual': 1.0164618688516198, 'target': 1.0, 'operator': '<=', 'violation': 0.01646186885161982, 'scaled_violation': 0.01646186885161982}]",maximum scale-free violation at first failed capacity,"[1450.0, 1500.0]","[[0.0, 1450.0]]",False,2000.0,
592,1.2123227407818753,7.901317302921387,0.0012340020759411523,1450.0,1500.0,max_daily_average_grid_connection_ratio,0.024306212751286305,"[{'constraint': 'max_daily_average_grid_connection_ratio', 'actual': 1.0243062127512863, 'target': 1.0, 'operator': '<=', 'violation': 0.024306212751286305, 'scaled_violation': 0.024306212751286305}]",maximum scale-free violation at first failed capacity,"[1450.0, 1500.0]","[[0.0, 1450.0]]",False,2000.0,
593,1.2445997568130016,5.7617030030996865,0.0033724999700810053,1400.0,1450.0,max_daily_average_grid_connection_ratio,0.03194682862625364,"[{'constraint': 'max_daily_average_grid_connection_ratio', 'actual': 1.0319468286262536, 'target': 1.0, 'operator': '<=', 'violation': 0.03194682862625364, 'scaled_violation': 0.03194682862625364}]",maximum scale-free violation at first failed capacity,"[1400.0, 1450.0]","[[0.0, 1400.0]]",False,2000.0,
594,1.2891859063615534,8.923950336794586,0.002007552259221833,1350.0,1400.0,max_daily_average_grid_connection_ratio,0.021549182925831856,"[{'constraint': 'max_daily_average_grid_connection_ratio', 'actual': 1.0215491829258319, 'target': 1.0, 'operator': '<=', 'violation': 0.021549182925831856, 'scaled_violation': 0.021549182925831856}]",maximum scale-free violation at first failed capacity,"[1350.0, 1400.0]","[[0.0, 1350.0]]",False,1950.0,reclaimed_water_substitution_ratio
595,1.3548023536436378,5.260193464947742,0.00325690308658956,1250.0,1300.0,max_daily_average_grid_connection_ratio,0.004394714102427422,"[{'constraint': 'max_daily_average_grid_connection_ratio', 'actual': 1.0043947141024274, 'target': 1.0, 'operator': '<=', 'violation': 0.004394714102427422, 'scaled_violation': 0.004394714102427422}]",maximum scale-free violation at first failed capacity,"[1250.0, 1300.0]","[[0.0, 1250.0]]",False,1850.0,reclaimed_water_substitution_ratio
596,1.1525771808293397,3.0377867032890276,0.0057646663735988635,1350.0,1400.0,max_local_connection_ratio,0.02558909289472977,"[{'constraint': 'max_local_connection_ratio', 'actual': 1.0255890928947298, 'target': 1.0, 'operator': '<=', 'violation': 0.02558909289472977, 'scaled_violation': 0.02558909289472977}]",maximum scale-free violation at first failed capacity,"[1350.0, 1400.0]","[[0.0, 1350.0]]",False,2000.0,
597,1.131946171939825,4.234541401723119,0.002602348164641362,1550.0,1600.0,max_daily_average_grid_connection_ratio,0.031874605219342156,"[{'constraint': 'max_daily_average_grid_connection_ratio', 'actual': 1.0318746052193422, 'target': 1.0, 'operator': '<=', 'violation': 0.031874605219342156, 'scaled_violation': 0.031874605219342156}]",maximum scale-free violation at first failed capacity,"[1550.0, 1600.0]","[[0.0, 1550.0]]",False,2000.0,
598,1.2842483968725513,5.7733155662635465,0.006394277351434219,1300.0,1350.0,max_daily_average_grid_connection_ratio,0.011258020969295623,"[{'constraint': 'max_daily_average_grid_connection_ratio', 'actual': 1.0112580209692956, 'target': 1.0, 'operator': '<=', 'violation': 0.011258020969295623, 'scaled_violation': 0.011258020969295623}]",maximum scale-free violation at first failed capacity,"[1300.0, 1350.0]","[[0.0, 1300.0]]",False,2000.0,
599,1.3448843845192178,5.854571699752299,0.0014023061836196896,1300.0,1350.0,max_daily_average_grid_connection_ratio,0.022905803499805533,"[{'constraint': 'max_daily_average_grid_connection_ratio', 'actual': 1.0229058034998055, 'target': 1.0, 'operator': '<=', 'violation': 0.022905803499805533, 'scaled_violation': 0.022905803499805533}]",maximum scale-free violation at first failed capacity,"[1300.0, 1350.0]","[[0.0, 1300.0]]",False,1850.0,reclaimed_water_substitution_ratio
600,1.136392915854105,4.718999485987997,0.0011270386719699397,1550.0,1600.0,max_daily_average_grid_connection_ratio,0.023922493842586157,"[{'constraint': 'max_daily_average_grid_connection_ratio', 'actual': 1.0239224938425862, 'target': 1.0, 'operator': '<=', 'violation': 0.023922493842586157, 'scaled_violation': 0.023922493842586157}]",maximum scale-free violation at first failed capacity,"[1550.0, 1600.0]","[[0.0, 1550.0]]",False,2000.0,
601,1.2035437602406582,5.712456676974683,0.004658533361573687,1400.0,1450.0,max_daily_average_grid_connection_ratio,0.008139527471020536,"[{'constraint': 'max_daily_average_grid_connection_ratio', 'actual': 1.0081395274710205, 'target': 1.0, 'operator': '<=', 'violation': 0.008139527471020536, 'scaled_violation': 0.008139527471020536}]",maximum scale-free violation at first failed capacity,"[1400.0, 1450.0]","[[0.0, 1400.0]]",False,2000.0,
602,1.3521478173238757,3.823359593647936,0.006737187503667287,1250.0,1300.0,max_daily_average_grid_connection_ratio,0.025321727503739844,"[{'constraint': 'max_daily_average_grid_connection_ratio', 'actual': 1.0253217275037398, 'target': 1.0, 'operator': '<=', 'violation': 0.025321727503739844, 'scaled_violation': 0.025321727503739844}, {'constraint': 'max_local_connection_ratio', 'actual': 1.0218302215447548, 'target': 1.0, 'operator': '<=', 'violation': 0.02183022154475478, 'scaled_violation': 0.02183022154475478}, {'constraint': 'max_wtw_utilization', 'actual': 0.950044562873736, 'target': 0.95, 'operator': '<=', 'violation': 4.456287373599821e-05, 'scaled_violation': 4.6908288143156015e-05}]",maximum scale-free violation at first failed capacity,"[1250.0, 1300.0]","[[0.0, 1250.0]]",False,1800.0,reclaimed_water_substitution_ratio
603,1.2240649167435342,4.675546538646241,0.003270603090574012,1400.0,1450.0,max_daily_average_grid_connection_ratio,0.014581816046251861,"[{'constraint': 'max_daily_average_grid_connection_ratio', 'actual': 1.0145818160462519, 'target': 1.0, 'operator': '<=', 'violation': 0.014581816046251861, 'scaled_violation': 0.014581816046251861}]",maximum scale-free violation at first failed capacity,"[1400.0, 1450.0]","[[0.0, 1400.0]]",False,2000.0,
604,1.323906256763492,4.160426639529507,0.0065452169397408055,1250.0,1300.0,max_daily_average_grid_connection_ratio,0.003569841335578694,"[{'constraint': 'max_daily_average_grid_connection_ratio', 'actual': 1.0035698413355787, 'target': 1.0, 'operator': '<=', 'violation': 0.003569841335578694, 'scaled_violation': 0.003569841335578694}]",maximum scale-free violation at first failed capacity,"[1250.0, 1300.0]","[[0.0, 1250.0]]",False,1850.0,reclaimed_water_substitution_ratio
605,1.3344504151749708,8.168137587693012,0.0046034568023605865,1300.0,1350.0,max_daily_average_grid_connection_ratio,0.0368726431405928,"[{'constraint': 'max_daily_average_grid_connection_ratio', 'actual': 1.0368726431405928, 'target': 1.0, 'operator': '<=', 'violation': 0.0368726431405928, 'scaled_violation': 0.0368726431405928}]",maximum scale-free violation at first failed capacity,"[1300.0, 1350.0]","[[0.0, 1300.0]]",False,1900.0,reclaimed_water_substitution_ratio
606,1.2831698466995047,5.117427909229235,0.0064265479237952654,1300.0,1350.0,max_daily_average_grid_connection_ratio,0.010665407824215212,"[{'constraint': 'max_daily_average_grid_connection_ratio', 'actual': 1.0106654078242152, 'target': 1.0, 'operator': '<=', 'violation': 0.010665407824215212, 'scaled_violation': 0.010665407824215212}]",maximum scale-free violation at first failed capacity,"[1300.0, 1350.0]","[[0.0, 1300.0]]",False,2000.0,
607,1.1241076526287903,7.818638792053267,0.001284521209202173,1550.0,1600.0,max_daily_average_grid_connection_ratio,0.014224327728786124,"[{'constraint': 'max_daily_average_grid_connection_ratio', 'actual': 1.0142243277287861, 'target': 1.0, 'operator': '<=', 'violation': 0.014224327728786124, 'scaled_violation': 0.014224327728786124}]",maximum scale-free violation at first failed capacity,"[1550.0, 1600.0]","[[0.0, 1550.0]]",False,2000.0,
608,1.2544268923521331,8.989879100923446,0.007894162666391556,1350.0,1400.0,max_daily_average_grid_connection_ratio,0.03601640873280498,"[{'constraint': 'max_daily_average_grid_connection_ratio', 'actual': 1.036016408732805, 'target': 1.0, 'operator': '<=', 'violation': 0.03601640873280498, 'scaled_violation': 0.03601640873280498}]",maximum scale-free violation at first failed capacity,"[1350.0, 1400.0]","[[0.0, 1350.0]]",False,2000.0,
609,1.1604126915044668,4.822378592041067,0.0039534878573937865,1450.0,1500.0,max_daily_average_grid_connection_ratio,0.0014517386371408758,"[{'constraint': 'max_daily_average_grid_connection_ratio', 'actual': 1.0014517386371409, 'target': 1.0, 'operator': '<=', 'violation': 0.0014517386371408758, 'scaled_violation': 0.0014517386371408758}]",maximum scale-free violation at first failed capacity,"[1450.0, 1500.0]","[[0.0, 1450.0]]",False,2000.0,
610,1.353002674200483,5.837729057218202,0.002344008289881804,1300.0,1350.0,max_daily_average_grid_connection_ratio,0.03544423342123437,"[{'constraint': 'max_daily_average_grid_connection_ratio', 'actual': 1.0354442334212344, 'target': 1.0, 'operator': '<=', 'violation': 0.03544423342123437, 'scaled_violation': 0.03544423342123437}]",maximum scale-free violation at first failed capacity,"[1300.0, 1350.0]","[[0.0, 1300.0]]",False,1850.0,reclaimed_water_substitution_ratio
611,1.151960303909389,6.605339503613992,0.0059865298115514,1450.0,1500.0,max_daily_average_grid_connection_ratio,0.009779067394929841,"[{'constraint': 'max_daily_average_grid_connection_ratio', 'actual': 1.0097790673949298, 'target': 1.0, 'operator': '<=', 'violation': 0.009779067394929841, 'scaled_violation': 0.009779067394929841}]",maximum scale-free violation at first failed capacity,"[1450.0, 1500.0]","[[0.0, 1450.0]]",False,2000.0,
612,1.3578059786910273,7.498674281903332,0.007467936145949778,1250.0,1300.0,max_daily_average_grid_connection_ratio,0.03422555464774013,"[{'constraint': 'max_daily_average_grid_connection_ratio', 'actual': 1.0342255546477401, 'target': 1.0, 'operator': '<=', 'violation': 0.03422555464774013, 'scaled_violation': 0.03422555464774013}]",maximum scale-free violation at first failed capacity,"[1250.0, 1300.0]","[[0.0, 1250.0]]",False,1900.0,reclaimed_water_substitution_ratio
613,1.308964166589854,3.7064842515599086,0.0013983469834052426,1300.0,1350.0,max_local_connection_ratio,0.0027817238639515907,"[{'constraint': 'max_local_connection_ratio', 'actual': 1.0027817238639516, 'target': 1.0, 'operator': '<=', 'violation': 0.0027817238639515907, 'scaled_violation': 0.0027817238639515907}]",maximum scale-free violation at first failed capacity,"[1300.0, 1350.0]","[[0.0, 1300.0]]",False,1750.0,reclaimed_water_substitution_ratio
614,1.2508789758177006,4.113428793133441,0.0010277235069441244,1400.0,1450.0,max_daily_average_grid_connection_ratio,0.019855170469345484,"[{'constraint': 'max_daily_average_grid_connection_ratio', 'actual': 1.0198551704693455, 'target': 1.0, 'operator': '<=', 'violation': 0.019855170469345484, 'scaled_violation': 0.019855170469345484}]",maximum scale-free violation at first failed capacity,"[1400.0, 1450.0]","[[0.0, 1400.0]]",False,1900.0,reclaimed_water_substitution_ratio
615,1.2521612503026176,6.679404972856771,0.002293638750160803,1400.0,1450.0,max_daily_average_grid_connection_ratio,0.030164602401939966,"[{'constraint': 'max_daily_average_grid_connection_ratio', 'actual': 1.03016460240194, 'target': 1.0, 'operator': '<=', 'violation': 0.030164602401939966, 'scaled_violation': 0.030164602401939966}]",maximum scale-free violation at first failed capacity,"[1400.0, 1450.0]","[[0.0, 1400.0]]",False,2000.0,
616,1.1248864057320282,7.656815047714589,0.00530117081417821,1500.0,1550.0,max_daily_average_grid_connection_ratio,0.014650736664465924,"[{'constraint': 'max_daily_average_grid_connection_ratio', 'actual': 1.014650736664466, 'target': 1.0, 'operator': '<=', 'violation': 0.014650736664465924, 'scaled_violation': 0.014650736664465924}]",maximum scale-free violation at first failed capacity,"[1500.0, 1550.0]","[[0.0, 1500.0]]",False,2000.0,
617,1.1567057302184254,7.666842463674571,0.004987239367985709,1450.0,1500.0,max_daily_average_grid_connection_ratio,0.006180654368708405,"[{'constraint': 'max_daily_average_grid_connection_ratio', 'actual': 1.0061806543687084, 'target': 1.0, 'operator': '<=', 'violation': 0.006180654368708405, 'scaled_violation': 0.006180654368708405}]",maximum scale-free violation at first failed capacity,"[1450.0, 1500.0]","[[0.0, 1450.0]]",False,2000.0,
618,1.309602760251236,5.6120606825223955,0.0028812959367849485,1300.0,1350.0,max_daily_average_grid_connection_ratio,0.006407027499262252,"[{'constraint': 'max_daily_average_grid_connection_ratio', 'actual': 1.0064070274992623, 'target': 1.0, 'operator': '<=', 'violation': 0.006407027499262252, 'scaled_violation': 0.006407027499262252}]",maximum scale-free violation at first failed capacity,"[1300.0, 1350.0]","[[0.0, 1300.0]]",False,1900.0,reclaimed_water_substitution_ratio
619,1.176492289361136,3.691464128324185,0.0015322843042028438,1450.0,1500.0,max_local_connection_ratio,0.00493990090382157,"[{'constraint': 'max_local_connection_ratio', 'actual': 1.0049399009038216, 'target': 1.0, 'operator': '<=', 'violation': 0.00493990090382157, 'scaled_violation': 0.00493990090382157}]",maximum scale-free violation at first failed capacity,"[1450.0, 1500.0]","[[0.0, 1450.0]]",False,1950.0,reclaimed_water_substitution_ratio
620,1.2580957803316937,8.645123411873309,0.0006066592601431215,1400.0,1450.0,max_daily_average_grid_connection_ratio,0.022611763635528304,"[{'constraint': 'max_daily_average_grid_connection_ratio', 'actual': 1.0226117636355283, 'target': 1.0, 'operator': '<=', 'violation': 0.022611763635528304, 'scaled_violation': 0.022611763635528304}]",maximum scale-free violation at first failed capacity,"[1400.0, 1450.0]","[[0.0, 1400.0]]",False,1950.0,reclaimed_water_substitution_ratio
621,1.1662872453597868,4.994518812815346,0.005337266181788919,1450.0,1500.0,max_daily_average_grid_connection_ratio,0.016854333004126643,"[{'constraint': 'max_daily_average_grid_connection_ratio', 'actual': 1.0168543330041266, 'target': 1.0, 'operator': '<=', 'violation': 0.016854333004126643, 'scaled_violation': 0.016854333004126643}]",maximum scale-free violation at first failed capacity,"[1450.0, 1500.0]","[[0.0, 1450.0]]",False,2000.0,
622,1.1913120406011886,6.622167028935804,0.005766740204294693,1400.0,1450.0,max_daily_average_grid_connection_ratio,0.006357101220000327,"[{'constraint': 'max_daily_average_grid_connection_ratio', 'actual': 1.0063571012200003, 'target': 1.0, 'operator': '<=', 'violation': 0.006357101220000327, 'scaled_violation': 0.006357101220000327}]",maximum scale-free violation at first failed capacity,"[1400.0, 1450.0]","[[0.0, 1400.0]]",False,2000.0,
623,1.35980722485473,8.554111311930015,0.004077762431925798,1250.0,1300.0,max_daily_average_grid_connection_ratio,0.013416237735074388,"[{'constraint': 'max_daily_average_grid_connection_ratio', 'actual': 1.0134162377350744, 'target': 1.0, 'operator': '<=', 'violation': 0.013416237735074388, 'scaled_violation': 0.013416237735074388}]",maximum scale-free violation at first failed capacity,"[1250.0, 1300.0]","[[0.0, 1250.0]]",False,1850.0,reclaimed_water_substitution_ratio
624,1.156286895600801,8.857617500498757,0.003503294469876506,1500.0,1550.0,max_daily_average_grid_connection_ratio,0.02773954874429596,"[{'constraint': 'max_daily_average_grid_connection_ratio', 'actual': 1.027739548744296, 'target': 1.0, 'operator': '<=', 'violation': 0.02773954874429596, 'scaled_violation': 0.02773954874429596}]",maximum scale-free violation at first failed capacity,"[1500.0, 1550.0]","[[0.0, 1500.0]]",False,2000.0,
625,1.3242701377714017,7.370294033776769,0.005016678489877722,1300.0,1350.0,max_daily_average_grid_connection_ratio,0.03201976393040096,"[{'constraint': 'max_daily_average_grid_connection_ratio', 'actual': 1.032019763930401, 'target': 1.0, 'operator': '<=', 'violation': 0.03201976393040096, 'scaled_violation': 0.03201976393040096}]",maximum scale-free violation at first failed capacity,"[1300.0, 1350.0]","[[0.0, 1300.0]]",False,1950.0,reclaimed_water_substitution_ratio
626,1.1458394401957201,4.085033807459238,0.002016540842873328,1500.0,1550.0,max_daily_average_grid_connection_ratio,0.007061271130235802,"[{'constraint': 'max_daily_average_grid_connection_ratio', 'actual': 1.0070612711302358, 'target': 1.0, 'operator': '<=', 'violation': 0.007061271130235802, 'scaled_violation': 0.007061271130235802}]",maximum scale-free violation at first failed capacity,"[1500.0, 1550.0]","[[0.0, 1500.0]]",False,2000.0,
627,1.3437086192012395,4.9007051683854606,0.0038635466020207634,1250.0,1300.0,max_daily_average_grid_connection_ratio,0.0003288836605519485,"[{'constraint': 'max_daily_average_grid_connection_ratio', 'actual': 1.000328883660552, 'target': 1.0, 'operator': '<=', 'violation': 0.0003288836605519485, 'scaled_violation': 0.0003288836605519485}]",maximum scale-free violation at first failed capacity,"[1250.0, 1300.0]","[[0.0, 1250.0]]",False,1850.0,reclaimed_water_substitution_ratio
628,1.2280238801538652,8.57271369518254,0.00554454540523629,1400.0,1450.0,max_daily_average_grid_connection_ratio,0.03444037025969182,"[{'constraint': 'max_daily_average_grid_connection_ratio', 'actual': 1.0344403702596918, 'target': 1.0, 'operator': '<=', 'violation': 0.03444037025969182, 'scaled_violation': 0.03444037025969182}]",maximum scale-free violation at first failed capacity,"[1400.0, 1450.0]","[[0.0, 1400.0]]",False,2000.0,
629,1.2563317430046321,5.435952597925414,0.0066503963103906275,1350.0,1400.0,max_daily_average_grid_connection_ratio,0.02870947848905825,"[{'constraint': 'max_daily_average_grid_connection_ratio', 'actual': 1.0287094784890582, 'target': 1.0, 'operator': '<=', 'violation': 0.02870947848905825, 'scaled_violation': 0.02870947848905825}]",maximum scale-free violation at first failed capacity,"[1350.0, 1400.0]","[[0.0, 1350.0]]",False,2000.0,
630,1.1533926400636445,7.791716359453216,0.005800190909372633,1450.0,1500.0,max_daily_average_grid_connection_ratio,0.009566392716690464,"[{'constraint': 'max_daily_average_grid_connection_ratio', 'actual': 1.0095663927166905, 'target': 1.0, 'operator': '<=', 'violation': 0.009566392716690464, 'scaled_violation': 0.009566392716690464}]",maximum scale-free violation at first failed capacity,"[1450.0, 1500.0]","[[0.0, 1450.0]]",False,2000.0,
631,1.259682291454087,7.09320948085625,0.002219673480505532,1400.0,1450.0,max_daily_average_grid_connection_ratio,0.03570960148889624,"[{'constraint': 'max_daily_average_grid_connection_ratio', 'actual': 1.0357096014888962, 'target': 1.0, 'operator': '<=', 'violation': 0.03570960148889624, 'scaled_violation': 0.03570960148889624}]",maximum scale-free violation at first failed capacity,"[1400.0, 1450.0]","[[0.0, 1400.0]]",False,2000.0,
632,1.2091844019358504,4.414390027008664,0.005888061762921544,1400.0,1450.0,max_daily_average_grid_connection_ratio,0.02170965589277274,"[{'constraint': 'max_daily_average_grid_connection_ratio', 'actual': 1.0217096558927727, 'target': 1.0, 'operator': '<=', 'violation': 0.02170965589277274, 'scaled_violation': 0.02170965589277274}]",maximum scale-free violation at first failed capacity,"[1400.0, 1450.0]","[[0.0, 1400.0]]",False,2000.0,
633,1.1581541692718418,5.780958414422053,0.0030220587370367305,1500.0,1550.0,max_daily_average_grid_connection_ratio,0.02558724146710767,"[{'constraint': 'max_daily_average_grid_connection_ratio', 'actual': 1.0255872414671077, 'target': 1.0, 'operator': '<=', 'violation': 0.02558724146710767, 'scaled_violation': 0.02558724146710767}]",maximum scale-free violation at first failed capacity,"[1500.0, 1550.0]","[[0.0, 1500.0]]",False,2000.0,
634,1.2747034034099545,7.709133834180493,0.005090869654791509,1350.0,1400.0,max_daily_average_grid_connection_ratio,0.03203657929258763,"[{'constraint': 'max_daily_average_grid_connection_ratio', 'actual': 1.0320365792925876, 'target': 1.0, 'operator': '<=', 'violation': 0.03203657929258763, 'scaled_violation': 0.03203657929258763}]",maximum scale-free violation at first failed capacity,"[1350.0, 1400.0]","[[0.0, 1350.0]]",False,2000.0,
635,1.2908481546742412,7.7860299550150245,0.007464564841048901,1300.0,1350.0,max_daily_average_grid_connection_ratio,0.02352909044767082,"[{'constraint': 'max_daily_average_grid_connection_ratio', 'actual': 1.0235290904476708, 'target': 1.0, 'operator': '<=', 'violation': 0.02352909044767082, 'scaled_violation': 0.02352909044767082}]",maximum scale-free violation at first failed capacity,"[1300.0, 1350.0]","[[0.0, 1300.0]]",False,2000.0,
636,1.2491692617573438,3.281508300397406,0.0014945722388825904,1300.0,1350.0,max_local_connection_ratio,0.0026078061956977816,"[{'constraint': 'max_local_connection_ratio', 'actual': 1.0026078061956978, 'target': 1.0, 'operator': '<=', 'violation': 0.0026078061956977816, 'scaled_violation': 0.0026078061956977816}]",maximum scale-free violation at first failed capacity,"[1300.0, 1350.0]","[[0.0, 1300.0]]",False,1800.0,reclaimed_water_substitution_ratio
637,1.3591191212130906,4.791102008821207,0.002017232494516398,1300.0,1350.0,max_daily_average_grid_connection_ratio,0.03782457172835185,"[{'constraint': 'max_daily_average_grid_connection_ratio', 'actual': 1.0378245717283519, 'target': 1.0, 'operator': '<=', 'violation': 0.03782457172835185, 'scaled_violation': 0.03782457172835185}]",maximum scale-free violation at first failed capacity,"[1300.0, 1350.0]","[[0.0, 1300.0]]",False,1800.0,reclaimed_water_substitution_ratio
638,1.2415180775518189,6.627470877124159,0.0018568935305040407,1400.0,1450.0,max_daily_average_grid_connection_ratio,0.018352385947771,"[{'constraint': 'max_daily_average_grid_connection_ratio', 'actual': 1.018352385947771, 'target': 1.0, 'operator': '<=', 'violation': 0.018352385947771, 'scaled_violation': 0.018352385947771}]",maximum scale-free violation at first failed capacity,"[1400.0, 1450.0]","[[0.0, 1400.0]]",False,2000.0,
639,1.267679292086546,4.156764803282319,0.007019851788520704,1300.0,1350.0,max_daily_average_grid_connection_ratio,0.0030393202281828735,"[{'constraint': 'max_daily_average_grid_connection_ratio', 'actual': 1.0030393202281829, 'target': 1.0, 'operator': '<=', 'violation': 0.0030393202281828735, 'scaled_violation': 0.0030393202281828735}]",maximum scale-free violation at first failed capacity,"[1300.0, 1350.0]","[[0.0, 1300.0]]",False,1950.0,reclaimed_water_substitution_ratio
640,1.1203614496341674,7.891881846825192,0.004489015008920221,1500.0,1550.0,max_daily_average_grid_connection_ratio,0.004377624294250815,"[{'constraint': 'max_daily_average_grid_connection_ratio', 'actual': 1.0043776242942508, 'target': 1.0, 'operator': '<=', 'violation': 0.004377624294250815, 'scaled_violation': 0.004377624294250815}]",maximum scale-free violation at first failed capacity,"[1500.0, 1550.0]","[[0.0, 1500.0]]",False,2000.0,
641,1.3011388902965215,5.954267293842288,0.007068412130485329,1300.0,1350.0,max_daily_average_grid_connection_ratio,0.02858159096792967,"[{'constraint': 'max_daily_average_grid_connection_ratio', 'actual': 1.0285815909679297, 'target': 1.0, 'operator': '<=', 'violation': 0.02858159096792967, 'scaled_violation': 0.02858159096792967}]",maximum scale-free violation at first failed capacity,"[1300.0, 1350.0]","[[0.0, 1300.0]]",False,2000.0,
642,1.1772505947794403,6.9419139640197205,0.0016940892524672044,1500.0,1550.0,max_daily_average_grid_connection_ratio,0.03171072743244374,"[{'constraint': 'max_daily_average_grid_connection_ratio', 'actual': 1.0317107274324437, 'target': 1.0, 'operator': '<=', 'violation': 0.03171072743244374, 'scaled_violation': 0.03171072743244374}]",maximum scale-free violation at first failed capacity,"[1500.0, 1550.0]","[[0.0, 1500.0]]",False,2000.0,
643,1.2161412922187926,4.326358801123739,0.007232304193033763,1350.0,1400.0,max_daily_average_grid_connection_ratio,0.0014201864172469492,"[{'constraint': 'max_daily_average_grid_connection_ratio', 'actual': 1.001420186417247, 'target': 1.0, 'operator': '<=', 'violation': 0.0014201864172469492, 'scaled_violation': 0.0014201864172469492}]",maximum scale-free violation at first failed capacity,"[1350.0, 1400.0]","[[0.0, 1350.0]]",False,2000.0,
644,1.3209816138912838,5.098489840845691,0.002354009717570174,1300.0,1350.0,max_daily_average_grid_connection_ratio,0.011385204574857255,"[{'constraint': 'max_daily_average_grid_connection_ratio', 'actual': 1.0113852045748573, 'target': 1.0, 'operator': '<=', 'violation': 0.011385204574857255, 'scaled_violation': 0.011385204574857255}]",maximum scale-free violation at first failed capacity,"[1300.0, 1350.0]","[[0.0, 1300.0]]",False,1850.0,reclaimed_water_substitution_ratio
645,1.2158745932769102,8.033362872430306,0.006680105739775833,1400.0,1450.0,max_daily_average_grid_connection_ratio,0.032924996130900386,"[{'constraint': 'max_daily_average_grid_connection_ratio', 'actual': 1.0329249961309004, 'target': 1.0, 'operator': '<=', 'violation': 0.032924996130900386, 'scaled_violation': 0.032924996130900386}]",maximum scale-free violation at first failed capacity,"[1400.0, 1450.0]","[[0.0, 1400.0]]",False,2000.0,
646,1.286965892690854,6.670923839291152,0.0038962168716478356,1350.0,1400.0,max_daily_average_grid_connection_ratio,0.03317027882462109,"[{'constraint': 'max_daily_average_grid_connection_ratio', 'actual': 1.033170278824621, 'target': 1.0, 'operator': '<=', 'violation': 0.03317027882462109, 'scaled_violation': 0.03317027882462109}]",maximum scale-free violation at first failed capacity,"[1350.0, 1400.0]","[[0.0, 1350.0]]",False,2000.0,
647,1.2126581456995855,8.735399722914984,0.0010418234131565533,1450.0,1500.0,max_daily_average_grid_connection_ratio,0.023130941361219737,"[{'constraint': 'max_daily_average_grid_connection_ratio', 'actual': 1.0231309413612197, 'target': 1.0, 'operator': '<=', 'violation': 0.023130941361219737, 'scaled_violation': 0.023130941361219737}]",maximum scale-free violation at first failed capacity,"[1450.0, 1500.0]","[[0.0, 1450.0]]",False,2000.0,
648,1.2044673005565016,3.8883432874976505,0.007957422234757011,1400.0,1450.0,max_daily_average_grid_connection_ratio,0.03304834988259375,"[{'constraint': 'max_daily_average_grid_connection_ratio', 'actual': 1.0330483498825938, 'target': 1.0, 'operator': '<=', 'violation': 0.03304834988259375, 'scaled_violation': 0.03304834988259375}, {'constraint': 'max_local_connection_ratio', 'actual': 1.023931627915988, 'target': 1.0, 'operator': '<=', 'violation': 0.02393162791598802, 'scaled_violation': 0.02393162791598802}, {'constraint': 'max_wtw_utilization', 'actual': 0.9506385463430275, 'target': 0.95, 'operator': '<=', 'violation': 0.0006385463430275129, 'scaled_violation': 0.0006721540452921189}]",maximum scale-free violation at first failed capacity,"[1400.0, 1450.0]","[[0.0, 1400.0]]",False,2000.0,
649,1.330241336312454,7.206105345624799,0.0034506991194081715,1300.0,1350.0,max_daily_average_grid_connection_ratio,0.02584053867575742,"[{'constraint': 'max_daily_average_grid_connection_ratio', 'actual': 1.0258405386757574, 'target': 1.0, 'operator': '<=', 'violation': 0.02584053867575742, 'scaled_violation': 0.02584053867575742}]",maximum scale-free violation at first failed capacity,"[1300.0, 1350.0]","[[0.0, 1300.0]]",False,1900.0,reclaimed_water_substitution_ratio
650,1.2308254023242426,5.75407137471854,0.002535599227106822,1400.0,1450.0,max_daily_average_grid_connection_ratio,0.014669786730376888,"[{'constraint': 'max_daily_average_grid_connection_ratio', 'actual': 1.0146697867303769, 'target': 1.0, 'operator': '<=', 'violation': 0.014669786730376888, 'scaled_violation': 0.014669786730376888}]",maximum scale-free violation at first failed capacity,"[1400.0, 1450.0]","[[0.0, 1400.0]]",False,2000.0,
651,1.2569619987786016,4.735799618073303,0.0007660348239233615,1400.0,1450.0,max_daily_average_grid_connection_ratio,0.022861485093589984,"[{'constraint': 'max_daily_average_grid_connection_ratio', 'actual': 1.02286148509359, 'target': 1.0, 'operator': '<=', 'violation': 0.022861485093589984, 'scaled_violation': 0.022861485093589984}]",maximum scale-free violation at first failed capacity,"[1400.0, 1450.0]","[[0.0, 1400.0]]",False,1900.0,reclaimed_water_substitution_ratio
652,1.323026673325752,5.006697803731985,0.003567448004847694,1300.0,1350.0,max_daily_average_grid_connection_ratio,0.02120054435785601,"[{'constraint': 'max_daily_average_grid_connection_ratio', 'actual': 1.021200544357856, 'target': 1.0, 'operator': '<=', 'violation': 0.02120054435785601, 'scaled_violation': 0.02120054435785601}]",maximum scale-free violation at first failed capacity,"[1300.0, 1350.0]","[[0.0, 1300.0]]",False,1900.0,reclaimed_water_substitution_ratio
653,1.2138543177849432,8.344117738463723,0.0032994711710777093,1400.0,1450.0,max_daily_average_grid_connection_ratio,0.006529879222858526,"[{'constraint': 'max_daily_average_grid_connection_ratio', 'actual': 1.0065298792228585, 'target': 1.0, 'operator': '<=', 'violation': 0.006529879222858526, 'scaled_violation': 0.006529879222858526}]",maximum scale-free violation at first failed capacity,"[1400.0, 1450.0]","[[0.0, 1400.0]]",False,2000.0,
654,1.2011028672267527,5.593488550560995,0.004536441957113006,1400.0,1450.0,max_daily_average_grid_connection_ratio,0.005269918802316642,"[{'constraint': 'max_daily_average_grid_connection_ratio', 'actual': 1.0052699188023166, 'target': 1.0, 'operator': '<=', 'violation': 0.005269918802316642, 'scaled_violation': 0.005269918802316642}]",maximum scale-free violation at first failed capacity,"[1400.0, 1450.0]","[[0.0, 1400.0]]",False,2000.0,
655,1.359898814103187,4.203445800472522,0.0065918994182949334,1250.0,1300.0,max_daily_average_grid_connection_ratio,0.02999161877196599,"[{'constraint': 'max_daily_average_grid_connection_ratio', 'actual': 1.029991618771966, 'target': 1.0, 'operator': '<=', 'violation': 0.02999161877196599, 'scaled_violation': 0.02999161877196599}]",maximum scale-free violation at first failed capacity,"[1250.0, 1300.0]","[[0.0, 1250.0]]",False,1800.0,reclaimed_water_substitution_ratio
656,1.3093862128708953,7.664276770639288,0.002560937474960327,1300.0,1350.0,max_daily_average_grid_connection_ratio,0.00405934095009175,"[{'constraint': 'max_daily_average_grid_connection_ratio', 'actual': 1.0040593409500917, 'target': 1.0, 'operator': '<=', 'violation': 0.00405934095009175, 'scaled_violation': 0.00405934095009175}]",maximum scale-free violation at first failed capacity,"[1300.0, 1350.0]","[[0.0, 1300.0]]",False,1900.0,reclaimed_water_substitution_ratio
657,1.2617563079438632,5.280403879648984,0.0045314533969171115,1350.0,1400.0,max_daily_average_grid_connection_ratio,0.01796395185789601,"[{'constraint': 'max_daily_average_grid_connection_ratio', 'actual': 1.017963951857896, 'target': 1.0, 'operator': '<=', 'violation': 0.01796395185789601, 'scaled_violation': 0.01796395185789601}]",maximum scale-free violation at first failed capacity,"[1350.0, 1400.0]","[[0.0, 1350.0]]",False,2000.0,
658,1.2556987886373185,6.279013967192505,0.004342996286571839,1350.0,1400.0,max_daily_average_grid_connection_ratio,0.011898003285662151,"[{'constraint': 'max_daily_average_grid_connection_ratio', 'actual': 1.0118980032856622, 'target': 1.0, 'operator': '<=', 'violation': 0.011898003285662151, 'scaled_violation': 0.011898003285662151}]",maximum scale-free violation at first failed capacity,"[1350.0, 1400.0]","[[0.0, 1350.0]]",False,2000.0,
659,1.1695051013277096,5.650012277838242,0.006220582958866771,1450.0,1500.0,max_daily_average_grid_connection_ratio,0.026240912912686154,"[{'constraint': 'max_daily_average_grid_connection_ratio', 'actual': 1.0262409129126862, 'target': 1.0, 'operator': '<=', 'violation': 0.026240912912686154, 'scaled_violation': 0.026240912912686154}]",maximum scale-free violation at first failed capacity,"[1450.0, 1500.0]","[[0.0, 1450.0]]",False,2000.0,
660,1.1469307035714214,3.206718601379709,0.0033451111611533736,1400.0,1450.0,max_local_connection_ratio,0.01359038339709051,"[{'constraint': 'max_local_connection_ratio', 'actual': 1.0135903833970905, 'target': 1.0, 'operator': '<=', 'violation': 0.01359038339709051, 'scaled_violation': 0.01359038339709051}]",maximum scale-free violation at first failed capacity,"[1400.0, 1450.0]","[[0.0, 1400.0]]",False,2000.0,
661,1.2247418823292093,3.0133016507711083,0.0032412136288572984,1300.0,1350.0,max_local_connection_ratio,0.03328865066137898,"[{'constraint': 'max_local_connection_ratio', 'actual': 1.033288650661379, 'target': 1.0, 'operator': '<=', 'violation': 0.03328865066137898, 'scaled_violation': 0.03328865066137898}, {'constraint': 'max_wtw_utilization', 'actual': 0.9501417990163334, 'target': 0.95, 'operator': '<=', 'violation': 0.00014179901633348813, 'scaled_violation': 0.00014926212245630328}]",maximum scale-free violation at first failed capacity,"[1300.0, 1350.0]","[[0.0, 1300.0]]",False,1800.0,reclaimed_water_substitution_ratio
662,1.1681381214444078,4.5407895313615345,0.0027258689776007363,1500.0,1550.0,max_daily_average_grid_connection_ratio,0.03190549164512291,"[{'constraint': 'max_daily_average_grid_connection_ratio', 'actual': 1.031905491645123, 'target': 1.0, 'operator': '<=', 'violation': 0.03190549164512291, 'scaled_violation': 0.03190549164512291}]",maximum scale-free violation at first failed capacity,"[1500.0, 1550.0]","[[0.0, 1500.0]]",False,2000.0,
663,1.2861836884161537,4.790952336994408,0.0069763757290150375,1300.0,1350.0,max_daily_average_grid_connection_ratio,0.01668554978570258,"[{'constraint': 'max_daily_average_grid_connection_ratio', 'actual': 1.0166855497857026, 'target': 1.0, 'operator': '<=', 'violation': 0.01668554978570258, 'scaled_violation': 0.01668554978570258}]",maximum scale-free violation at first failed capacity,"[1300.0, 1350.0]","[[0.0, 1300.0]]",False,2000.0,
664,1.187492297453848,8.933678635855191,0.003363767291567652,1450.0,1500.0,max_daily_average_grid_connection_ratio,0.019654672515690752,"[{'constraint': 'max_daily_average_grid_connection_ratio', 'actual': 1.0196546725156908, 'target': 1.0, 'operator': '<=', 'violation': 0.019654672515690752, 'scaled_violation': 0.019654672515690752}]",maximum scale-free violation at first failed capacity,"[1450.0, 1500.0]","[[0.0, 1450.0]]",False,2000.0,
665,1.3470715727458644,6.355470251842375,0.004500613280093671,1250.0,1300.0,max_daily_average_grid_connection_ratio,0.006952212341913233,"[{'constraint': 'max_daily_average_grid_connection_ratio', 'actual': 1.0069522123419132, 'target': 1.0, 'operator': '<=', 'violation': 0.006952212341913233, 'scaled_violation': 0.006952212341913233}]",maximum scale-free violation at first failed capacity,"[1250.0, 1300.0]","[[0.0, 1250.0]]",False,1900.0,reclaimed_water_substitution_ratio
666,1.2626454714959083,3.8574241947398105,0.0021314244694796503,1350.0,1400.0,max_daily_average_grid_connection_ratio,0.001686809440148762,"[{'constraint': 'max_daily_average_grid_connection_ratio', 'actual': 1.0016868094401488, 'target': 1.0, 'operator': '<=', 'violation': 0.001686809440148762, 'scaled_violation': 0.001686809440148762}]",maximum scale-free violation at first failed capacity,"[1350.0, 1400.0]","[[0.0, 1350.0]]",False,1850.0,reclaimed_water_substitution_ratio
667,1.1736508857041783,6.693742571580563,0.005890478004167331,1450.0,1500.0,max_daily_average_grid_connection_ratio,0.027210670586592878,"[{'constraint': 'max_daily_average_grid_connection_ratio', 'actual': 1.0272106705865929, 'target': 1.0, 'operator': '<=', 'violation': 0.027210670586592878, 'scaled_violation': 0.027210670586592878}]",maximum scale-free violation at first failed capacity,"[1450.0, 1500.0]","[[0.0, 1450.0]]",False,2000.0,
668,1.3049361075535444,7.066982939400591,0.006113659562106608,1300.0,1350.0,max_daily_average_grid_connection_ratio,0.024932266191492136,"[{'constraint': 'max_daily_average_grid_connection_ratio', 'actual': 1.0249322661914921, 'target': 1.0, 'operator': '<=', 'violation': 0.024932266191492136, 'scaled_violation': 0.024932266191492136}]",maximum scale-free violation at first failed capacity,"[1300.0, 1350.0]","[[0.0, 1300.0]]",False,2000.0,
669,1.1498530247646688,6.349874511866918,0.0053096481958176105,1450.0,1500.0,max_daily_average_grid_connection_ratio,0.0028863514323043127,"[{'constraint': 'max_daily_average_grid_connection_ratio', 'actual': 1.0028863514323043, 'target': 1.0, 'operator': '<=', 'violation': 0.0028863514323043127, 'scaled_violation': 0.0028863514323043127}]",maximum scale-free violation at first failed capacity,"[1450.0, 1500.0]","[[0.0, 1450.0]]",False,2000.0,
670,1.1703935754410977,7.069634169950525,0.00578727801524506,1450.0,1500.0,max_daily_average_grid_connection_ratio,0.02370173920627372,"[{'constraint': 'max_daily_average_grid_connection_ratio', 'actual': 1.0237017392062737, 'target': 1.0, 'operator': '<=', 'violation': 0.02370173920627372, 'scaled_violation': 0.02370173920627372}]",maximum scale-free violation at first failed capacity,"[1450.0, 1500.0]","[[0.0, 1450.0]]",False,2000.0,
671,1.3091763723913354,3.0447839693473675,0.0029428204289149167,1200.0,1250.0,max_local_connection_ratio,0.014257369339484072,"[{'constraint': 'max_local_connection_ratio', 'actual': 1.014257369339484, 'target': 1.0, 'operator': '<=', 'violation': 0.014257369339484072, 'scaled_violation': 0.014257369339484072}]",maximum scale-free violation at first failed capacity,"[1200.0, 1250.0]","[[0.0, 1200.0]]",False,1700.0,reclaimed_water_substitution_ratio
672,1.2857559293780079,5.480814945334809,0.007230555162364618,1300.0,1350.0,max_daily_average_grid_connection_ratio,0.018096489936574534,"[{'constraint': 'max_daily_average_grid_connection_ratio', 'actual': 1.0180964899365745, 'target': 1.0, 'operator': '<=', 'violation': 0.018096489936574534, 'scaled_violation': 0.018096489936574534}]",maximum scale-free violation at first failed capacity,"[1300.0, 1350.0]","[[0.0, 1300.0]]",False,2000.0,
673,1.1815376651112124,4.112213017766151,0.004232239410576455,1450.0,1500.0,max_daily_average_grid_connection_ratio,0.021249572283645435,"[{'constraint': 'max_daily_average_grid_connection_ratio', 'actual': 1.0212495722836454, 'target': 1.0, 'operator': '<=', 'violation': 0.021249572283645435, 'scaled_violation': 0.021249572283645435}]",maximum scale-free violation at first failed capacity,"[1450.0, 1500.0]","[[0.0, 1450.0]]",False,2000.0,
674,1.167325335916011,6.747297565772557,0.004922906084596241,1450.0,1500.0,max_daily_average_grid_connection_ratio,0.014583956843801538,"[{'constraint': 'max_daily_average_grid_connection_ratio', 'actual': 1.0145839568438015, 'target': 1.0, 'operator': '<=', 'violation': 0.014583956843801538, 'scaled_violation': 0.014583956843801538}]",maximum scale-free violation at first failed capacity,"[1450.0, 1500.0]","[[0.0, 1450.0]]",False,2000.0,
675,1.2164534358972665,8.577035671446074,0.0029108601236330694,1400.0,1450.0,max_daily_average_grid_connection_ratio,0.005787100197599981,"[{'constraint': 'max_daily_average_grid_connection_ratio', 'actual': 1.0057871001976, 'target': 1.0, 'operator': '<=', 'violation': 0.005787100197599981, 'scaled_violation': 0.005787100197599981}]",maximum scale-free violation at first failed capacity,"[1400.0, 1450.0]","[[0.0, 1400.0]]",False,2000.0,
676,1.1524131526763155,8.46857977428243,0.0016376362421658735,1500.0,1550.0,max_daily_average_grid_connection_ratio,0.009781707912219106,"[{'constraint': 'max_daily_average_grid_connection_ratio', 'actual': 1.009781707912219, 'target': 1.0, 'operator': '<=', 'violation': 0.009781707912219106, 'scaled_violation': 0.009781707912219106}]",maximum scale-free violation at first failed capacity,"[1500.0, 1550.0]","[[0.0, 1500.0]]",False,2000.0,
677,1.190868814289784,8.573946291300276,0.00700232880665147,1400.0,1450.0,max_daily_average_grid_connection_ratio,0.015047981369624042,"[{'constraint': 'max_daily_average_grid_connection_ratio', 'actual': 1.015047981369624, 'target': 1.0, 'operator': '<=', 'violation': 0.015047981369624042, 'scaled_violation': 0.015047981369624042}]",maximum scale-free violation at first failed capacity,"[1400.0, 1450.0]","[[0.0, 1400.0]]",False,2000.0,
678,1.1990622736827046,4.512903719913731,0.0017853608776747408,1450.0,1500.0,max_daily_average_grid_connection_ratio,0.017382007874603422,"[{'constraint': 'max_daily_average_grid_connection_ratio', 'actual': 1.0173820078746034, 'target': 1.0, 'operator': '<=', 'violation': 0.017382007874603422, 'scaled_violation': 0.017382007874603422}]",maximum scale-free violation at first failed capacity,"[1450.0, 1500.0]","[[0.0, 1450.0]]",False,2000.0,
679,1.2867010082260595,3.354566518559646,0.00410526426050184,1250.0,1300.0,max_local_connection_ratio,0.0033519706861446785,"[{'constraint': 'max_local_connection_ratio', 'actual': 1.0033519706861447, 'target': 1.0, 'operator': '<=', 'violation': 0.0033519706861446785, 'scaled_violation': 0.0033519706861446785}]",maximum scale-free violation at first failed capacity,"[1250.0, 1300.0]","[[0.0, 1250.0]]",False,1800.0,reclaimed_water_substitution_ratio
680,1.136501400836524,7.662804739269666,0.0019911508395308855,1550.0,1600.0,max_daily_average_grid_connection_ratio,0.031002928746856284,"[{'constraint': 'max_daily_average_grid_connection_ratio', 'actual': 1.0310029287468563, 'target': 1.0, 'operator': '<=', 'violation': 0.031002928746856284, 'scaled_violation': 0.031002928746856284}]",maximum scale-free violation at first failed capacity,"[1550.0, 1600.0]","[[0.0, 1550.0]]",False,2000.0,
681,1.2419083485924702,6.23548960803759,0.00383853702803299,1400.0,1450.0,max_daily_average_grid_connection_ratio,0.033181994087084776,"[{'constraint': 'max_daily_average_grid_connection_ratio', 'actual': 1.0331819940870848, 'target': 1.0, 'operator': '<=', 'violation': 0.033181994087084776, 'scaled_violation': 0.033181994087084776}]",maximum scale-free violation at first failed capacity,"[1400.0, 1450.0]","[[0.0, 1400.0]]",False,2000.0,
682,1.1203476063152258,7.628120182584248,0.007370546221405993,1500.0,1550.0,max_daily_average_grid_connection_ratio,0.026925776699018078,"[{'constraint': 'max_daily_average_grid_connection_ratio', 'actual': 1.026925776699018, 'target': 1.0, 'operator': '<=', 'violation': 0.026925776699018078, 'scaled_violation': 0.026925776699018078}]",maximum scale-free violation at first failed capacity,"[1500.0, 1550.0]","[[0.0, 1500.0]]",False,2000.0,
683,1.1564812011244465,5.116049934725005,0.007577796016666286,1450.0,1500.0,max_daily_average_grid_connection_ratio,0.025620445549021653,"[{'constraint': 'max_daily_average_grid_connection_ratio', 'actual': 1.0256204455490217, 'target': 1.0, 'operator': '<=', 'violation': 0.025620445549021653, 'scaled_violation': 0.025620445549021653}]",maximum scale-free violation at first failed capacity,"[1450.0, 1500.0]","[[0.0, 1450.0]]",False,2000.0,
684,1.2793752333190584,7.439657260061183,0.002793795833395132,1350.0,1400.0,max_daily_average_grid_connection_ratio,0.019443214042182966,"[{'constraint': 'max_daily_average_grid_connection_ratio', 'actual': 1.019443214042183, 'target': 1.0, 'operator': '<=', 'violation': 0.019443214042182966, 'scaled_violation': 0.019443214042182966}]",maximum scale-free violation at first failed capacity,"[1350.0, 1400.0]","[[0.0, 1350.0]]",False,1950.0,reclaimed_water_substitution_ratio
685,1.168929680845762,3.1083310694737456,0.0015888938938246706,1400.0,1450.0,max_local_connection_ratio,0.03262079119722894,"[{'constraint': 'max_local_connection_ratio', 'actual': 1.032620791197229, 'target': 1.0, 'operator': '<=', 'violation': 0.03262079119722894, 'scaled_violation': 0.03262079119722894}, {'constraint': 'max_wtw_utilization', 'actual': 0.9502855695842551, 'target': 0.95, 'operator': '<=', 'violation': 0.0002855695842551853, 'scaled_violation': 0.00030059956237387926}]",maximum scale-free violation at first failed capacity,"[1400.0, 1450.0]","[[0.0, 1400.0]]",False,1900.0,reclaimed_water_substitution_ratio
686,1.1644254098792066,3.625847000585632,0.0008067444053202059,1500.0,1550.0,max_local_connection_ratio,0.028583955467336608,"[{'constraint': 'max_local_connection_ratio', 'actual': 1.0285839554673366, 'target': 1.0, 'operator': '<=', 'violation': 0.028583955467336608, 'scaled_violation': 0.028583955467336608}, {'constraint': 'max_daily_average_grid_connection_ratio', 'actual': 1.0136683605907815, 'target': 1.0, 'operator': '<=', 'violation': 0.01366836059078147, 'scaled_violation': 0.01366836059078147}, {'constraint': 'max_wtw_utilization', 'actual': 0.9508772157466353, 'target': 0.95, 'operator': '<=', 'violation': 0.0008772157466353514, 'scaled_violation': 0.0009233849964582647}]",maximum scale-free violation at first failed capacity,"[1500.0, 1550.0]","[[0.0, 1500.0]]",False,1950.0,reclaimed_water_substitution_ratio
687,1.2567437340462768,8.40402720668899,0.003046872762788967,1350.0,1400.0,max_daily_average_grid_connection_ratio,0.0035489082550921314,"[{'constraint': 'max_daily_average_grid_connection_ratio', 'actual': 1.0035489082550921, 'target': 1.0, 'operator': '<=', 'violation': 0.0035489082550921314, 'scaled_violation': 0.0035489082550921314}]",maximum scale-free violation at first failed capacity,"[1350.0, 1400.0]","[[0.0, 1350.0]]",False,2000.0,
688,1.2927099508460904,3.8466862211855326,0.006339874818656837,1300.0,1350.0,max_daily_average_grid_connection_ratio,0.017262662112684346,"[{'constraint': 'max_daily_average_grid_connection_ratio', 'actual': 1.0172626621126843, 'target': 1.0, 'operator': '<=', 'violation': 0.017262662112684346, 'scaled_violation': 0.017262662112684346}, {'constraint': 'max_local_connection_ratio', 'actual': 1.0117905597798265, 'target': 1.0, 'operator': '<=', 'violation': 0.01179055977982646, 'scaled_violation': 0.01179055977982646}]",maximum scale-free violation at first failed capacity,"[1300.0, 1350.0]","[[0.0, 1300.0]]",False,1900.0,reclaimed_water_substitution_ratio
689,1.1961986454224625,7.270568085559487,0.003139118191295049,1450.0,1500.0,max_daily_average_grid_connection_ratio,0.025241537182943086,"[{'constraint': 'max_daily_average_grid_connection_ratio', 'actual': 1.025241537182943, 'target': 1.0, 'operator': '<=', 'violation': 0.025241537182943086, 'scaled_violation': 0.025241537182943086}]",maximum scale-free violation at first failed capacity,"[1450.0, 1500.0]","[[0.0, 1450.0]]",False,2000.0,
690,1.147007290723838,5.242393660642195,0.0006216661865889252,1550.0,1600.0,max_daily_average_grid_connection_ratio,0.029316967598163268,"[{'constraint': 'max_daily_average_grid_connection_ratio', 'actual': 1.0293169675981633, 'target': 1.0, 'operator': '<=', 'violation': 0.029316967598163268, 'scaled_violation': 0.029316967598163268}]",maximum scale-free violation at first failed capacity,"[1550.0, 1600.0]","[[0.0, 1550.0]]",False,2000.0,
691,1.343051460229555,4.561946425833542,0.007794518917439246,1250.0,1300.0,max_daily_average_grid_connection_ratio,0.025664555244496956,"[{'constraint': 'max_daily_average_grid_connection_ratio', 'actual': 1.025664555244497, 'target': 1.0, 'operator': '<=', 'violation': 0.025664555244496956, 'scaled_violation': 0.025664555244496956}]",maximum scale-free violation at first failed capacity,"[1250.0, 1300.0]","[[0.0, 1250.0]]",False,1900.0,reclaimed_water_substitution_ratio
692,1.1563967167443279,8.863508315351696,0.0021397140456403314,1500.0,1550.0,max_daily_average_grid_connection_ratio,0.017158790982039207,"[{'constraint': 'max_daily_average_grid_connection_ratio', 'actual': 1.0171587909820392, 'target': 1.0, 'operator': '<=', 'violation': 0.017158790982039207, 'scaled_violation': 0.017158790982039207}]",maximum scale-free violation at first failed capacity,"[1500.0, 1550.0]","[[0.0, 1500.0]]",False,2000.0,
693,1.1431919549851706,6.967557943909352,0.0005403500523632749,1550.0,1600.0,max_daily_average_grid_connection_ratio,0.025252643564078525,"[{'constraint': 'max_daily_average_grid_connection_ratio', 'actual': 1.0252526435640785, 'target': 1.0, 'operator': '<=', 'violation': 0.025252643564078525, 'scaled_violation': 0.025252643564078525}]",maximum scale-free violation at first failed capacity,"[1550.0, 1600.0]","[[0.0, 1550.0]]",False,2000.0,
694,1.3031855913672636,7.457943521793589,0.004021485621249035,1300.0,1350.0,max_daily_average_grid_connection_ratio,0.009346765705789295,"[{'constraint': 'max_daily_average_grid_connection_ratio', 'actual': 1.0093467657057893, 'target': 1.0, 'operator': '<=', 'violation': 0.009346765705789295, 'scaled_violation': 0.009346765705789295}]",maximum scale-free violation at first failed capacity,"[1300.0, 1350.0]","[[0.0, 1300.0]]",False,1950.0,reclaimed_water_substitution_ratio
695,1.2108963131875383,3.629803109300851,0.0036065120231449396,1400.0,1450.0,max_local_connection_ratio,0.020801073724340036,"[{'constraint': 'max_local_connection_ratio', 'actual': 1.02080107372434, 'target': 1.0, 'operator': '<=', 'violation': 0.020801073724340036, 'scaled_violation': 0.020801073724340036}, {'constraint': 'max_daily_average_grid_connection_ratio', 'actual': 1.006384785159692, 'target': 1.0, 'operator': '<=', 'violation': 0.006384785159692097, 'scaled_violation': 0.006384785159692097}]",maximum scale-free violation at first failed capacity,"[1400.0, 1450.0]","[[0.0, 1400.0]]",False,1950.0,reclaimed_water_substitution_ratio
696,1.2701292789329874,5.8397909499547636,0.005304653993505191,1350.0,1400.0,max_daily_average_grid_connection_ratio,0.02997420591251987,"[{'constraint': 'max_daily_average_grid_connection_ratio', 'actual': 1.0299742059125199, 'target': 1.0, 'operator': '<=', 'violation': 0.02997420591251987, 'scaled_violation': 0.02997420591251987}]",maximum scale-free violation at first failed capacity,"[1350.0, 1400.0]","[[0.0, 1350.0]]",False,2000.0,
697,1.2665692331205234,4.600752520589948,0.004337274895658863,1350.0,1400.0,max_daily_average_grid_connection_ratio,0.020351564567482106,"[{'constraint': 'max_daily_average_grid_connection_ratio', 'actual': 1.020351564567482, 'target': 1.0, 'operator': '<=', 'violation': 0.020351564567482106, 'scaled_violation': 0.020351564567482106}]",maximum scale-free violation at first failed capacity,"[1350.0, 1400.0]","[[0.0, 1350.0]]",False,1950.0,reclaimed_water_substitution_ratio
698,1.3291297215356213,6.544729384027718,0.0066834360483469,1250.0,1300.0,max_daily_average_grid_connection_ratio,0.008267455381064881,"[{'constraint': 'max_daily_average_grid_connection_ratio', 'actual': 1.0082674553810649, 'target': 1.0, 'operator': '<=', 'violation': 0.008267455381064881, 'scaled_violation': 0.008267455381064881}]",maximum scale-free violation at first failed capacity,"[1250.0, 1300.0]","[[0.0, 1250.0]]",False,1950.0,reclaimed_water_substitution_ratio
699,1.329196755034003,7.071717248193655,0.00411365925724857,1300.0,1350.0,max_daily_average_grid_connection_ratio,0.02957418877624285,"[{'constraint': 'max_daily_average_grid_connection_ratio', 'actual': 1.0295741887762428, 'target': 1.0, 'operator': '<=', 'violation': 0.02957418877624285, 'scaled_violation': 0.02957418877624285}]",maximum scale-free violation at first failed capacity,"[1300.0, 1350.0]","[[0.0, 1300.0]]",False,1900.0,reclaimed_water_substitution_ratio
700,1.3211038795988501,4.40199062260302,0.004608515870974135,1300.0,1350.0,max_daily_average_grid_connection_ratio,0.02685079327321893,"[{'constraint': 'max_daily_average_grid_connection_ratio', 'actual': 1.026850793273219, 'target': 1.0, 'operator': '<=', 'violation': 0.02685079327321893, 'scaled_violation': 0.02685079327321893}]",maximum scale-free violation at first failed capacity,"[1300.0, 1350.0]","[[0.0, 1300.0]]",False,1850.0,reclaimed_water_substitution_ratio
701,1.2962523444447636,8.368682495509828,0.005458647688636636,1300.0,1350.0,max_daily_average_grid_connection_ratio,0.013922702329167702,"[{'constraint': 'max_daily_average_grid_connection_ratio', 'actual': 1.0139227023291677, 'target': 1.0, 'operator': '<=', 'violation': 0.013922702329167702, 'scaled_violation': 0.013922702329167702}]",maximum scale-free violation at first failed capacity,"[1300.0, 1350.0]","[[0.0, 1300.0]]",False,2000.0,
702,1.1527184910036319,6.158461924689418,0.0054919610833503215,1450.0,1500.0,max_daily_average_grid_connection_ratio,0.006666642530017697,"[{'constraint': 'max_daily_average_grid_connection_ratio', 'actual': 1.0066666425300177, 'target': 1.0, 'operator': '<=', 'violation': 0.006666642530017697, 'scaled_violation': 0.006666642530017697}]",maximum scale-free violation at first failed capacity,"[1450.0, 1500.0]","[[0.0, 1450.0]]",False,2000.0,
703,1.2945430720416433,6.091881701032068,0.004795194707865713,1300.0,1350.0,max_daily_average_grid_connection_ratio,0.00811071786370543,"[{'constraint': 'max_daily_average_grid_connection_ratio', 'actual': 1.0081107178637054, 'target': 1.0, 'operator': '<=', 'violation': 0.00811071786370543, 'scaled_violation': 0.00811071786370543}]",maximum scale-free violation at first failed capacity,"[1300.0, 1350.0]","[[0.0, 1300.0]]",False,2000.0,
704,1.1885697931773136,6.604062660879495,0.005434111871242616,1400.0,1450.0,max_daily_average_grid_connection_ratio,0.0017016139351355708,"[{'constraint': 'max_daily_average_grid_connection_ratio', 'actual': 1.0017016139351356, 'target': 1.0, 'operator': '<=', 'violation': 0.0017016139351355708, 'scaled_violation': 0.0017016139351355708}]",maximum scale-free violation at first failed capacity,"[1400.0, 1450.0]","[[0.0, 1400.0]]",False,2000.0,
705,1.1508941583298924,8.921021396672405,0.00462347071164974,1500.0,1550.0,max_daily_average_grid_connection_ratio,0.03184435678777797,"[{'constraint': 'max_daily_average_grid_connection_ratio', 'actual': 1.031844356787778, 'target': 1.0, 'operator': '<=', 'violation': 0.03184435678777797, 'scaled_violation': 0.03184435678777797}]",maximum scale-free violation at first failed capacity,"[1500.0, 1550.0]","[[0.0, 1500.0]]",False,2000.0,
706,1.162574519025251,7.275972963145354,0.0036595760183597502,1450.0,1500.0,max_daily_average_grid_connection_ratio,0.0010347505632060106,"[{'constraint': 'max_daily_average_grid_connection_ratio', 'actual': 1.001034750563206, 'target': 1.0, 'operator': '<=', 'violation': 0.0010347505632060106, 'scaled_violation': 0.0010347505632060106}]",maximum scale-free violation at first failed capacity,"[1450.0, 1500.0]","[[0.0, 1450.0]]",False,2000.0,
707,1.1508559564439202,6.6694574613103,0.002980559473777854,1500.0,1550.0,max_daily_average_grid_connection_ratio,0.018948602226692035,"[{'constraint': 'max_daily_average_grid_connection_ratio', 'actual': 1.018948602226692, 'target': 1.0, 'operator': '<=', 'violation': 0.018948602226692035, 'scaled_violation': 0.018948602226692035}]",maximum scale-free violation at first failed capacity,"[1500.0, 1550.0]","[[0.0, 1500.0]]",False,2000.0,
708,1.2621422844232013,7.901398429761384,0.0050670053683003966,1350.0,1400.0,max_daily_average_grid_connection_ratio,0.022052730918698416,"[{'constraint': 'max_daily_average_grid_connection_ratio', 'actual': 1.0220527309186984, 'target': 1.0, 'operator': '<=', 'violation': 0.022052730918698416, 'scaled_violation': 0.022052730918698416}]",maximum scale-free violation at first failed capacity,"[1350.0, 1400.0]","[[0.0, 1350.0]]",False,2000.0,
709,1.2961040037253762,5.8897992448678504,0.0026674100580102366,1350.0,1400.0,max_daily_average_grid_connection_ratio,0.03162110894174175,"[{'constraint': 'max_daily_average_grid_connection_ratio', 'actual': 1.0316211089417417, 'target': 1.0, 'operator': '<=', 'violation': 0.03162110894174175, 'scaled_violation': 0.03162110894174175}]",maximum scale-free violation at first failed capacity,"[1350.0, 1400.0]","[[0.0, 1350.0]]",False,1950.0,reclaimed_water_substitution_ratio
710,1.1516774822402942,4.223054353608622,0.0007469286815355962,1500.0,1550.0,max_daily_average_grid_connection_ratio,0.002171733222345207,"[{'constraint': 'max_daily_average_grid_connection_ratio', 'actual': 1.0021717332223452, 'target': 1.0, 'operator': '<=', 'violation': 0.002171733222345207, 'scaled_violation': 0.002171733222345207}]",maximum scale-free violation at first failed capacity,"[1500.0, 1550.0]","[[0.0, 1500.0]]",False,2000.0,
711,1.161313845359122,6.451005765636746,0.00766279349197828,1450.0,1500.0,max_daily_average_grid_connection_ratio,0.03031033227358959,"[{'constraint': 'max_daily_average_grid_connection_ratio', 'actual': 1.0303103322735896, 'target': 1.0, 'operator': '<=', 'violation': 0.03031033227358959, 'scaled_violation': 0.03031033227358959}]",maximum scale-free violation at first failed capacity,"[1450.0, 1500.0]","[[0.0, 1450.0]]",False,2000.0,
712,1.1214244083395448,3.212779493129046,0.004452221045017607,1450.0,1500.0,max_local_connection_ratio,0.03392640879908937,"[{'constraint': 'max_local_connection_ratio', 'actual': 1.0339264087990894, 'target': 1.0, 'operator': '<=', 'violation': 0.03392640879908937, 'scaled_violation': 0.03392640879908937}, {'constraint': 'max_wtw_utilization', 'actual': 0.9509480260507172, 'target': 0.95, 'operator': '<=', 'violation': 0.0009480260507171989, 'scaled_violation': 0.000997922158649683}]",maximum scale-free violation at first failed capacity,"[1450.0, 1500.0]","[[0.0, 1450.0]]",False,2000.0,
713,1.1319587432787068,8.40314813014568,0.004114275003444703,1500.0,1550.0,max_daily_average_grid_connection_ratio,0.011476600144550764,"[{'constraint': 'max_daily_average_grid_connection_ratio', 'actual': 1.0114766001445508, 'target': 1.0, 'operator': '<=', 'violation': 0.011476600144550764, 'scaled_violation': 0.011476600144550764}]",maximum scale-free violation at first failed capacity,"[1500.0, 1550.0]","[[0.0, 1500.0]]",False,2000.0,
714,1.1461277587654974,4.784330421319184,0.004237313832197612,1500.0,1550.0,max_daily_average_grid_connection_ratio,0.024697607386944043,"[{'constraint': 'max_daily_average_grid_connection_ratio', 'actual': 1.024697607386944, 'target': 1.0, 'operator': '<=', 'violation': 0.024697607386944043, 'scaled_violation': 0.024697607386944043}]",maximum scale-free violation at first failed capacity,"[1500.0, 1550.0]","[[0.0, 1500.0]]",False,2000.0,
715,1.2187240923389888,8.850986413894336,0.001317333305269799,1450.0,1500.0,max_daily_average_grid_connection_ratio,0.03029679666690699,"[{'constraint': 'max_daily_average_grid_connection_ratio', 'actual': 1.030296796666907, 'target': 1.0, 'operator': '<=', 'violation': 0.03029679666690699, 'scaled_violation': 0.03029679666690699}]",maximum scale-free violation at first failed capacity,"[1450.0, 1500.0]","[[0.0, 1450.0]]",False,2000.0,
716,1.2304118788335439,7.4699115729663905,0.0067065624030005,1350.0,1400.0,max_daily_average_grid_connection_ratio,0.008853223518710207,"[{'constraint': 'max_daily_average_grid_connection_ratio', 'actual': 1.0088532235187102, 'target': 1.0, 'operator': '<=', 'violation': 0.008853223518710207, 'scaled_violation': 0.008853223518710207}]",maximum scale-free violation at first failed capacity,"[1350.0, 1400.0]","[[0.0, 1350.0]]",False,2000.0,
717,1.1617148811262907,5.341670223890264,0.0047110737222272395,1450.0,1500.0,max_daily_average_grid_connection_ratio,0.008281902307181177,"[{'constraint': 'max_daily_average_grid_connection_ratio', 'actual': 1.0082819023071812, 'target': 1.0, 'operator': '<=', 'violation': 0.008281902307181177, 'scaled_violation': 0.008281902307181177}]",maximum scale-free violation at first failed capacity,"[1450.0, 1500.0]","[[0.0, 1450.0]]",False,2000.0,
718,1.2190175169572917,3.0846004082980967,0.0024387807961408986,1300.0,1350.0,max_local_connection_ratio,0.011783759688885675,"[{'constraint': 'max_local_connection_ratio', 'actual': 1.0117837596888857, 'target': 1.0, 'operator': '<=', 'violation': 0.011783759688885675, 'scaled_violation': 0.011783759688885675}]",maximum scale-free violation at first failed capacity,"[1300.0, 1350.0]","[[0.0, 1300.0]]",False,1800.0,reclaimed_water_substitution_ratio
719,1.141988942424846,8.075356127898768,0.00693349899684984,1450.0,1500.0,max_daily_average_grid_connection_ratio,0.00860590710755349,"[{'constraint': 'max_daily_average_grid_connection_ratio', 'actual': 1.0086059071075535, 'target': 1.0, 'operator': '<=', 'violation': 0.00860590710755349, 'scaled_violation': 0.00860590710755349}]",maximum scale-free violation at first failed capacity,"[1450.0, 1500.0]","[[0.0, 1450.0]]",False,2000.0,
720,1.27713934851137,7.429647691324663,0.005803710805666721,1300.0,1350.0,max_daily_average_grid_connection_ratio,0.0018744254779234915,"[{'constraint': 'max_daily_average_grid_connection_ratio', 'actual': 1.0018744254779235, 'target': 1.0, 'operator': '<=', 'violation': 0.0018744254779234915, 'scaled_violation': 0.0018744254779234915}]",maximum scale-free violation at first failed capacity,"[1300.0, 1350.0]","[[0.0, 1300.0]]",False,2000.0,
721,1.1537203916646273,7.197626858513843,0.006731070724231186,1450.0,1500.0,max_daily_average_grid_connection_ratio,0.016893746215079553,"[{'constraint': 'max_daily_average_grid_connection_ratio', 'actual': 1.0168937462150796, 'target': 1.0, 'operator': '<=', 'violation': 0.016893746215079553, 'scaled_violation': 0.016893746215079553}]",maximum scale-free violation at first failed capacity,"[1450.0, 1500.0]","[[0.0, 1450.0]]",False,2000.0,
722,1.2569212486049088,8.832123504012516,0.007590566136593575,1350.0,1400.0,max_daily_average_grid_connection_ratio,0.03581856761274538,"[{'constraint': 'max_daily_average_grid_connection_ratio', 'actual': 1.0358185676127454, 'target': 1.0, 'operator': '<=', 'violation': 0.03581856761274538, 'scaled_violation': 0.03581856761274538}]",maximum scale-free violation at first failed capacity,"[1350.0, 1400.0]","[[0.0, 1350.0]]",False,2000.0,
723,1.2661840296850224,8.355341999541942,0.006440203700664542,1350.0,1400.0,max_daily_average_grid_connection_ratio,0.034921536528112584,"[{'constraint': 'max_daily_average_grid_connection_ratio', 'actual': 1.0349215365281126, 'target': 1.0, 'operator': '<=', 'violation': 0.034921536528112584, 'scaled_violation': 0.034921536528112584}]",maximum scale-free violation at first failed capacity,"[1350.0, 1400.0]","[[0.0, 1350.0]]",False,2000.0,
724,1.24965245540105,5.747300067152514,0.0013485149303674455,1400.0,1450.0,max_daily_average_grid_connection_ratio,0.02121206563427447,"[{'constraint': 'max_daily_average_grid_connection_ratio', 'actual': 1.0212120656342745, 'target': 1.0, 'operator': '<=', 'violation': 0.02121206563427447, 'scaled_violation': 0.02121206563427447}]",maximum scale-free violation at first failed capacity,"[1400.0, 1450.0]","[[0.0, 1400.0]]",False,2000.0,
725,1.1796354991691287,8.51605571453862,0.005822624304579903,1450.0,1500.0,max_daily_average_grid_connection_ratio,0.031706884567933136,"[{'constraint': 'max_daily_average_grid_connection_ratio', 'actual': 1.0317068845679331, 'target': 1.0, 'operator': '<=', 'violation': 0.031706884567933136, 'scaled_violation': 0.031706884567933136}]",maximum scale-free violation at first failed capacity,"[1450.0, 1500.0]","[[0.0, 1450.0]]",False,2000.0,
726,1.2286373834425341,5.0431030341246785,0.002897760644529671,1400.0,1450.0,max_daily_average_grid_connection_ratio,0.015551545763636154,"[{'constraint': 'max_daily_average_grid_connection_ratio', 'actual': 1.0155515457636362, 'target': 1.0, 'operator': '<=', 'violation': 0.015551545763636154, 'scaled_violation': 0.015551545763636154}]",maximum scale-free violation at first failed capacity,"[1400.0, 1450.0]","[[0.0, 1400.0]]",False,2000.0,
727,1.1471861739310814,5.163183394529657,0.0018799556551982498,1500.0,1550.0,max_daily_average_grid_connection_ratio,0.007156984617269657,"[{'constraint': 'max_daily_average_grid_connection_ratio', 'actual': 1.0071569846172697, 'target': 1.0, 'operator': '<=', 'violation': 0.007156984617269657, 'scaled_violation': 0.007156984617269657}]",maximum scale-free violation at first failed capacity,"[1500.0, 1550.0]","[[0.0, 1500.0]]",False,2000.0,
728,1.1886420145769705,6.037218819632804,0.004617156984396353,1450.0,1500.0,max_daily_average_grid_connection_ratio,0.030113723241236068,"[{'constraint': 'max_daily_average_grid_connection_ratio', 'actual': 1.030113723241236, 'target': 1.0, 'operator': '<=', 'violation': 0.030113723241236068, 'scaled_violation': 0.030113723241236068}]",maximum scale-free violation at first failed capacity,"[1450.0, 1500.0]","[[0.0, 1450.0]]",False,2000.0,
729,1.2753786813512258,4.327457881456309,0.0020292362423007973,1350.0,1400.0,max_daily_average_grid_connection_ratio,0.010913740755181367,"[{'constraint': 'max_daily_average_grid_connection_ratio', 'actual': 1.0109137407551814, 'target': 1.0, 'operator': '<=', 'violation': 0.010913740755181367, 'scaled_violation': 0.010913740755181367}]",maximum scale-free violation at first failed capacity,"[1350.0, 1400.0]","[[0.0, 1350.0]]",False,1900.0,reclaimed_water_substitution_ratio
730,1.2588431886522429,8.325035156006228,0.006689550801173729,1350.0,1400.0,max_daily_average_grid_connection_ratio,0.03094877154535358,"[{'constraint': 'max_daily_average_grid_connection_ratio', 'actual': 1.0309487715453536, 'target': 1.0, 'operator': '<=', 'violation': 0.03094877154535358, 'scaled_violation': 0.03094877154535358}]",maximum scale-free violation at first failed capacity,"[1350.0, 1400.0]","[[0.0, 1350.0]]",False,2000.0,
731,1.1557118419846568,3.1413841712309103,0.007982967122879372,1350.0,1400.0,max_local_connection_ratio,0.029854670308137488,"[{'constraint': 'max_local_connection_ratio', 'actual': 1.0298546703081375, 'target': 1.0, 'operator': '<=', 'violation': 0.029854670308137488, 'scaled_violation': 0.029854670308137488}]",maximum scale-free violation at first failed capacity,"[1350.0, 1400.0]","[[0.0, 1350.0]]",False,2000.0,
732,1.3365794569481566,5.219674755658858,0.002184382337568707,1300.0,1350.0,max_daily_average_grid_connection_ratio,0.021981179274884077,"[{'constraint': 'max_daily_average_grid_connection_ratio', 'actual': 1.021981179274884, 'target': 1.0, 'operator': '<=', 'violation': 0.021981179274884077, 'scaled_violation': 0.021981179274884077}]",maximum scale-free violation at first failed capacity,"[1300.0, 1350.0]","[[0.0, 1300.0]]",False,1850.0,reclaimed_water_substitution_ratio
733,1.1280710764493809,7.820081473771208,0.0011354798784477971,1550.0,1600.0,max_daily_average_grid_connection_ratio,0.01655920019121271,"[{'constraint': 'max_daily_average_grid_connection_ratio', 'actual': 1.0165592001912127, 'target': 1.0, 'operator': '<=', 'violation': 0.01655920019121271, 'scaled_violation': 0.01655920019121271}]",maximum scale-free violation at first failed capacity,"[1550.0, 1600.0]","[[0.0, 1550.0]]",False,2000.0,
734,1.3480674098660468,3.7526404639764923,0.007226559615069251,1250.0,1300.0,max_local_connection_ratio,0.028429347601413024,"[{'constraint': 'max_local_connection_ratio', 'actual': 1.028429347601413, 'target': 1.0, 'operator': '<=', 'violation': 0.028429347601413024, 'scaled_violation': 0.028429347601413024}, {'constraint': 'max_daily_average_grid_connection_ratio', 'actual': 1.025574524617903, 'target': 1.0, 'operator': '<=', 'violation': 0.025574524617903105, 'scaled_violation': 0.025574524617903105}, {'constraint': 'max_wtw_utilization', 'actual': 0.9512435330615764, 'target': 0.95, 'operator': '<=', 'violation': 0.0012435330615764295, 'scaled_violation': 0.001308982170080452}]",maximum scale-free violation at first failed capacity,"[1250.0, 1300.0]","[[0.0, 1250.0]]",False,1800.0,reclaimed_water_substitution_ratio
735,1.2854238234039743,5.890748076187858,0.004258301574307953,1350.0,1400.0,max_daily_average_grid_connection_ratio,0.03452582628248324,"[{'constraint': 'max_daily_average_grid_connection_ratio', 'actual': 1.0345258262824832, 'target': 1.0, 'operator': '<=', 'violation': 0.03452582628248324, 'scaled_violation': 0.03452582628248324}]",maximum scale-free violation at first failed capacity,"[1350.0, 1400.0]","[[0.0, 1350.0]]",False,2000.0,
736,1.235430698897549,4.770812764812671,0.0031279413534769326,1400.0,1450.0,max_daily_average_grid_connection_ratio,0.022735198277187063,"[{'constraint': 'max_daily_average_grid_connection_ratio', 'actual': 1.022735198277187, 'target': 1.0, 'operator': '<=', 'violation': 0.022735198277187063, 'scaled_violation': 0.022735198277187063}]",maximum scale-free violation at first failed capacity,"[1400.0, 1450.0]","[[0.0, 1400.0]]",False,2000.0,
737,1.334867691794113,5.60562635721061,0.0038548868692760796,1300.0,1350.0,max_daily_average_grid_connection_ratio,0.032082558845300646,"[{'constraint': 'max_daily_average_grid_connection_ratio', 'actual': 1.0320825588453006, 'target': 1.0, 'operator': '<=', 'violation': 0.032082558845300646, 'scaled_violation': 0.032082558845300646}]",maximum scale-free violation at first failed capacity,"[1300.0, 1350.0]","[[0.0, 1300.0]]",False,1900.0,reclaimed_water_substitution_ratio
738,1.338043295111128,6.3633816789822255,0.001340469006812002,1300.0,1350.0,max_daily_average_grid_connection_ratio,0.017329512114969692,"[{'constraint': 'max_daily_average_grid_connection_ratio', 'actual': 1.0173295121149697, 'target': 1.0, 'operator': '<=', 'violation': 0.017329512114969692, 'scaled_violation': 0.017329512114969692}]",maximum scale-free violation at first failed capacity,"[1300.0, 1350.0]","[[0.0, 1300.0]]",False,1850.0,reclaimed_water_substitution_ratio
739,1.336093927531809,4.464726757586336,0.002123446002190783,1300.0,1350.0,max_daily_average_grid_connection_ratio,0.02119981806493021,"[{'constraint': 'max_daily_average_grid_connection_ratio', 'actual': 1.0211998180649302, 'target': 1.0, 'operator': '<=', 'violation': 0.02119981806493021, 'scaled_violation': 0.02119981806493021}]",maximum scale-free violation at first failed capacity,"[1300.0, 1350.0]","[[0.0, 1300.0]]",False,1800.0,reclaimed_water_substitution_ratio
740,1.1464585580302848,8.398910008862984,0.0063938944827091095,1450.0,1500.0,max_daily_average_grid_connection_ratio,0.008259469354317428,"[{'constraint': 'max_daily_average_grid_connection_ratio', 'actual': 1.0082594693543174, 'target': 1.0, 'operator': '<=', 'violation': 0.008259469354317428, 'scaled_violation': 0.008259469354317428}]",maximum scale-free violation at first failed capacity,"[1450.0, 1500.0]","[[0.0, 1450.0]]",False,2000.0,
741,1.2605702971546653,5.309384423826314,0.007156110448506493,1350.0,1400.0,max_daily_average_grid_connection_ratio,0.035597610664089396,"[{'constraint': 'max_daily_average_grid_connection_ratio', 'actual': 1.0355976106640894, 'target': 1.0, 'operator': '<=', 'violation': 0.035597610664089396, 'scaled_violation': 0.035597610664089396}]",maximum scale-free violation at first failed capacity,"[1350.0, 1400.0]","[[0.0, 1350.0]]",False,2000.0,
742,1.2883954691405428,5.5103817896156695,0.0048936672966486145,1300.0,1350.0,max_daily_average_grid_connection_ratio,0.00415010602185939,"[{'constraint': 'max_daily_average_grid_connection_ratio', 'actual': 1.0041501060218594, 'target': 1.0, 'operator': '<=', 'violation': 0.00415010602185939, 'scaled_violation': 0.00415010602185939}]",maximum scale-free violation at first failed capacity,"[1300.0, 1350.0]","[[0.0, 1300.0]]",False,2000.0,
743,1.1253970691591195,8.296096269882309,0.002060914184355515,1550.0,1600.0,max_daily_average_grid_connection_ratio,0.02165042385499083,"[{'constraint': 'max_daily_average_grid_connection_ratio', 'actual': 1.0216504238549908, 'target': 1.0, 'operator': '<=', 'violation': 0.02165042385499083, 'scaled_violation': 0.02165042385499083}]",maximum scale-free violation at first failed capacity,"[1550.0, 1600.0]","[[0.0, 1550.0]]",False,2000.0,
744,1.140633400146486,3.938582360845536,0.005716798759719156,1500.0,1550.0,max_daily_average_grid_connection_ratio,0.03152760719656711,"[{'constraint': 'max_daily_average_grid_connection_ratio', 'actual': 1.031527607196567, 'target': 1.0, 'operator': '<=', 'violation': 0.03152760719656711, 'scaled_violation': 0.03152760719656711}, {'constraint': 'max_local_connection_ratio', 'actual': 1.0182716223422204, 'target': 1.0, 'operator': '<=', 'violation': 0.01827162234222035, 'scaled_violation': 0.01827162234222035}]",maximum scale-free violation at first failed capacity,"[1500.0, 1550.0]","[[0.0, 1500.0]]",False,2000.0,
745,1.3011159296166344,8.306797233496905,0.006275842191776262,1300.0,1350.0,max_daily_average_grid_connection_ratio,0.023159760898210813,"[{'constraint': 'max_daily_average_grid_connection_ratio', 'actual': 1.0231597608982108, 'target': 1.0, 'operator': '<=', 'violation': 0.023159760898210813, 'scaled_violation': 0.023159760898210813}]",maximum scale-free violation at first failed capacity,"[1300.0, 1350.0]","[[0.0, 1300.0]]",False,2000.0,
746,1.319417136985221,3.1601006800676563,0.005458760326023732,1200.0,1250.0,max_local_connection_ratio,0.022363982299185903,"[{'constraint': 'max_local_connection_ratio', 'actual': 1.022363982299186, 'target': 1.0, 'operator': '<=', 'violation': 0.022363982299185903, 'scaled_violation': 0.022363982299185903}]",maximum scale-free violation at first failed capacity,"[1200.0, 1250.0]","[[0.0, 1200.0]]",False,1750.0,reclaimed_water_substitution_ratio
747,1.1872067244047457,6.04740792921719,0.005865821029164418,1400.0,1450.0,max_daily_average_grid_connection_ratio,0.0037603745227994256,"[{'constraint': 'max_daily_average_grid_connection_ratio', 'actual': 1.0037603745227994, 'target': 1.0, 'operator': '<=', 'violation': 0.0037603745227994256, 'scaled_violation': 0.0037603745227994256}]",maximum scale-free violation at first failed capacity,"[1400.0, 1450.0]","[[0.0, 1400.0]]",False,2000.0,
748,1.1389523341842211,5.13588479067635,0.00694062909453161,1450.0,1500.0,max_daily_average_grid_connection_ratio,0.0061176810144039084,"[{'constraint': 'max_daily_average_grid_connection_ratio', 'actual': 1.006117681014404, 'target': 1.0, 'operator': '<=', 'violation': 0.0061176810144039084, 'scaled_violation': 0.0061176810144039084}]",maximum scale-free violation at first failed capacity,"[1450.0, 1500.0]","[[0.0, 1450.0]]",False,2000.0,
749,1.2533442731630249,4.97825135180311,0.005288205733559351,1350.0,1400.0,max_daily_average_grid_connection_ratio,0.01674231152229355,"[{'constraint': 'max_daily_average_grid_connection_ratio', 'actual': 1.0167423115222936, 'target': 1.0, 'operator': '<=', 'violation': 0.01674231152229355, 'scaled_violation': 0.01674231152229355}]",maximum scale-free violation at first failed capacity,"[1350.0, 1400.0]","[[0.0, 1350.0]]",False,2000.0,
750,1.127439199239155,6.740046308166586,0.006728729953014725,1500.0,1550.0,max_daily_average_grid_connection_ratio,0.028035843245123537,"[{'constraint': 'max_daily_average_grid_connection_ratio', 'actual': 1.0280358432451235, 'target': 1.0, 'operator': '<=', 'violation': 0.028035843245123537, 'scaled_violation': 0.028035843245123537}]",maximum scale-free violation at first failed capacity,"[1500.0, 1550.0]","[[0.0, 1500.0]]",False,2000.0,
751,1.2463192258148807,4.014519988524006,0.0024025034799467684,1400.0,1450.0,max_daily_average_grid_connection_ratio,0.026234027606305332,"[{'constraint': 'max_daily_average_grid_connection_ratio', 'actual': 1.0262340276063053, 'target': 1.0, 'operator': '<=', 'violation': 0.026234027606305332, 'scaled_violation': 0.026234027606305332}, {'constraint': 'max_local_connection_ratio', 'actual': 1.0070627743255833, 'target': 1.0, 'operator': '<=', 'violation': 0.007062774325583332, 'scaled_violation': 0.007062774325583332}]",maximum scale-free violation at first failed capacity,"[1400.0, 1450.0]","[[0.0, 1400.0]]",False,1900.0,reclaimed_water_substitution_ratio
752,1.3017439570928988,6.758235915575542,0.0016258804548919415,1350.0,1400.0,max_daily_average_grid_connection_ratio,0.02866286533316753,"[{'constraint': 'max_daily_average_grid_connection_ratio', 'actual': 1.0286628653331675, 'target': 1.0, 'operator': '<=', 'violation': 0.02866286533316753, 'scaled_violation': 0.02866286533316753}]",maximum scale-free violation at first failed capacity,"[1350.0, 1400.0]","[[0.0, 1350.0]]",False,1900.0,reclaimed_water_substitution_ratio
753,1.1682285866789996,8.94518223551399,0.0055905959873241255,1450.0,1500.0,max_daily_average_grid_connection_ratio,0.020399017760977634,"[{'constraint': 'max_daily_average_grid_connection_ratio', 'actual': 1.0203990177609776, 'target': 1.0, 'operator': '<=', 'violation': 0.020399017760977634, 'scaled_violation': 0.020399017760977634}]",maximum scale-free violation at first failed capacity,"[1450.0, 1500.0]","[[0.0, 1450.0]]",False,2000.0,
754,1.2451086380805165,8.193462951948003,0.000959543541903617,1400.0,1450.0,max_daily_average_grid_connection_ratio,0.014685917407434301,"[{'constraint': 'max_daily_average_grid_connection_ratio', 'actual': 1.0146859174074343, 'target': 1.0, 'operator': '<=', 'violation': 0.014685917407434301, 'scaled_violation': 0.014685917407434301}]",maximum scale-free violation at first failed capacity,"[1400.0, 1450.0]","[[0.0, 1400.0]]",False,2000.0,
755,1.3048105372082157,7.396564669805668,0.001584021718111562,1350.0,1400.0,max_daily_average_grid_connection_ratio,0.030763044025368114,"[{'constraint': 'max_daily_average_grid_connection_ratio', 'actual': 1.0307630440253681, 'target': 1.0, 'operator': '<=', 'violation': 0.030763044025368114, 'scaled_violation': 0.030763044025368114}]",maximum scale-free violation at first failed capacity,"[1350.0, 1400.0]","[[0.0, 1350.0]]",False,1900.0,reclaimed_water_substitution_ratio
756,1.3576324217125197,3.7384083330593896,0.006187865942140344,1250.0,1300.0,max_local_connection_ratio,0.029866423388921426,"[{'constraint': 'max_local_connection_ratio', 'actual': 1.0298664233889214, 'target': 1.0, 'operator': '<=', 'violation': 0.029866423388921426, 'scaled_violation': 0.029866423388921426}, {'constraint': 'max_daily_average_grid_connection_ratio', 'actual': 1.025694123849979, 'target': 1.0, 'operator': '<=', 'violation': 0.025694123849979045, 'scaled_violation': 0.025694123849979045}, {'constraint': 'max_wtw_utilization', 'actual': 0.9514858695523389, 'target': 0.95, 'operator': '<=', 'violation': 0.0014858695523389809, 'scaled_violation': 0.001564073212988401}]",maximum scale-free violation at first failed capacity,"[1250.0, 1300.0]","[[0.0, 1250.0]]",False,1750.0,reclaimed_water_substitution_ratio
757,1.201710804539831,4.437059328764833,0.004241520065163581,1400.0,1450.0,max_daily_average_grid_connection_ratio,0.003601879611746517,"[{'constraint': 'max_daily_average_grid_connection_ratio', 'actual': 1.0036018796117465, 'target': 1.0, 'operator': '<=', 'violation': 0.003601879611746517, 'scaled_violation': 0.003601879611746517}]",maximum scale-free violation at first failed capacity,"[1400.0, 1450.0]","[[0.0, 1400.0]]",False,2000.0,
758,1.32384843203623,3.408166932135055,0.0025786967450340172,1250.0,1300.0,max_local_connection_ratio,0.014750818307008862,"[{'constraint': 'max_local_connection_ratio', 'actual': 1.0147508183070089, 'target': 1.0, 'operator': '<=', 'violation': 0.014750818307008862, 'scaled_violation': 0.014750818307008862}]",maximum scale-free violation at first failed capacity,"[1250.0, 1300.0]","[[0.0, 1250.0]]",False,1700.0,reclaimed_water_substitution_ratio
759,1.3386795887862226,7.247651002874061,0.007424735834734521,1250.0,1300.0,max_daily_average_grid_connection_ratio,0.020064283975901986,"[{'constraint': 'max_daily_average_grid_connection_ratio', 'actual': 1.020064283975902, 'target': 1.0, 'operator': '<=', 'violation': 0.020064283975901986, 'scaled_violation': 0.020064283975901986}]",maximum scale-free violation at first failed capacity,"[1250.0, 1300.0]","[[0.0, 1250.0]]",False,1950.0,reclaimed_water_substitution_ratio
760,1.2581350005167136,5.142529425451801,0.0017288202777185708,1400.0,1450.0,max_daily_average_grid_connection_ratio,0.03086232901537267,"[{'constraint': 'max_daily_average_grid_connection_ratio', 'actual': 1.0308623290153727, 'target': 1.0, 'operator': '<=', 'violation': 0.03086232901537267, 'scaled_violation': 0.03086232901537267}]",maximum scale-free violation at first failed capacity,"[1400.0, 1450.0]","[[0.0, 1400.0]]",False,1950.0,reclaimed_water_substitution_ratio
761,1.1381374575847387,5.814310456820843,0.0017955827411702025,1550.0,1600.0,max_daily_average_grid_connection_ratio,0.03088341271643502,"[{'constraint': 'max_daily_average_grid_connection_ratio', 'actual': 1.030883412716435, 'target': 1.0, 'operator': '<=', 'violation': 0.03088341271643502, 'scaled_violation': 0.03088341271643502}]",maximum scale-free violation at first failed capacity,"[1550.0, 1600.0]","[[0.0, 1550.0]]",False,2000.0,
762,1.3034725763817558,4.261747448526674,0.0065771695109923655,1300.0,1350.0,max_daily_average_grid_connection_ratio,0.026990196284565116,"[{'constraint': 'max_daily_average_grid_connection_ratio', 'actual': 1.0269901962845651, 'target': 1.0, 'operator': '<=', 'violation': 0.026990196284565116, 'scaled_violation': 0.026990196284565116}]",maximum scale-free violation at first failed capacity,"[1300.0, 1350.0]","[[0.0, 1300.0]]",False,1900.0,reclaimed_water_substitution_ratio
763,1.3024187579835858,4.028261923396886,0.006949310310327087,1300.0,1350.0,max_daily_average_grid_connection_ratio,0.028733791075730597,"[{'constraint': 'max_daily_average_grid_connection_ratio', 'actual': 1.0287337910757306, 'target': 1.0, 'operator': '<=', 'violation': 0.028733791075730597, 'scaled_violation': 0.028733791075730597}, {'constraint': 'max_local_connection_ratio', 'actual': 1.0084625872072364, 'target': 1.0, 'operator': '<=', 'violation': 0.00846258720723636, 'scaled_violation': 0.00846258720723636}]",maximum scale-free violation at first failed capacity,"[1300.0, 1350.0]","[[0.0, 1300.0]]",False,1900.0,reclaimed_water_substitution_ratio
764,1.1851573731193963,3.5000901818942394,0.006593935428397828,1400.0,1450.0,max_local_connection_ratio,0.03538401851383277,"[{'constraint': 'max_local_connection_ratio', 'actual': 1.0353840185138328, 'target': 1.0, 'operator': '<=', 'violation': 0.03538401851383277, 'scaled_violation': 0.03538401851383277}, {'constraint': 'max_daily_average_grid_connection_ratio', 'actual': 1.0074346342592007, 'target': 1.0, 'operator': '<=', 'violation': 0.0074346342592006565, 'scaled_violation': 0.0074346342592006565}, {'constraint': 'max_wtw_utilization', 'actual': 0.9520708697038904, 'target': 0.95, 'operator': '<=', 'violation': 0.0020708697038904766, 'scaled_violation': 0.002179862846200502}]",maximum scale-free violation at first failed capacity,"[1400.0, 1450.0]","[[0.0, 1400.0]]",False,2000.0,
765,1.2198563578603085,8.694707882783876,0.00647102025192073,1400.0,1450.0,max_daily_average_grid_connection_ratio,0.03461604766581572,"[{'constraint': 'max_daily_average_grid_connection_ratio', 'actual': 1.0346160476658157, 'target': 1.0, 'operator': '<=', 'violation': 0.03461604766581572, 'scaled_violation': 0.03461604766581572}]",maximum scale-free violation at first failed capacity,"[1400.0, 1450.0]","[[0.0, 1400.0]]",False,2000.0,
766,1.2802804673312342,7.21572581602971,0.003152024261149598,1350.0,1400.0,max_daily_average_grid_connection_ratio,0.022683781828978455,"[{'constraint': 'max_daily_average_grid_connection_ratio', 'actual': 1.0226837818289785, 'target': 1.0, 'operator': '<=', 'violation': 0.022683781828978455, 'scaled_violation': 0.022683781828978455}]",maximum scale-free violation at first failed capacity,"[1350.0, 1400.0]","[[0.0, 1350.0]]",False,1950.0,reclaimed_water_substitution_ratio
767,1.2082071995667876,3.533040082936162,0.0011724167412542324,1400.0,1450.0,max_local_connection_ratio,0.010255671895713414,"[{'constraint': 'max_local_connection_ratio', 'actual': 1.0102556718957134, 'target': 1.0, 'operator': '<=', 'violation': 0.010255671895713414, 'scaled_violation': 0.010255671895713414}]",maximum scale-free violation at first failed capacity,"[1400.0, 1450.0]","[[0.0, 1400.0]]",False,1900.0,reclaimed_water_substitution_ratio
768,1.1408917766793174,6.008101069388786,0.0014693286422305515,1550.0,1600.0,max_daily_average_grid_connection_ratio,0.03070634558545815,"[{'constraint': 'max_daily_average_grid_connection_ratio', 'actual': 1.0307063455854582, 'target': 1.0, 'operator': '<=', 'violation': 0.03070634558545815, 'scaled_violation': 0.03070634558545815}]",maximum scale-free violation at first failed capacity,"[1550.0, 1600.0]","[[0.0, 1550.0]]",False,2000.0,
769,1.1669301391947575,5.95266465958397,0.0017986648687068885,1500.0,1550.0,max_daily_average_grid_connection_ratio,0.023601177521254124,"[{'constraint': 'max_daily_average_grid_connection_ratio', 'actual': 1.0236011775212541, 'target': 1.0, 'operator': '<=', 'violation': 0.023601177521254124, 'scaled_violation': 0.023601177521254124}]",maximum scale-free violation at first failed capacity,"[1500.0, 1550.0]","[[0.0, 1500.0]]",False,2000.0,
770,1.178067393362523,7.592483582502678,0.007522680735597859,1400.0,1450.0,max_daily_average_grid_connection_ratio,0.008498988747103198,"[{'constraint': 'max_daily_average_grid_connection_ratio', 'actual': 1.0084989887471032, 'target': 1.0, 'operator': '<=', 'violation': 0.008498988747103198, 'scaled_violation': 0.008498988747103198}]",maximum scale-free violation at first failed capacity,"[1400.0, 1450.0]","[[0.0, 1400.0]]",False,2000.0,
771,1.1690098931815127,8.686425743364074,0.0011242320632662505,1500.0,1550.0,max_daily_average_grid_connection_ratio,0.020120106898563694,"[{'constraint': 'max_daily_average_grid_connection_ratio', 'actual': 1.0201201068985637, 'target': 1.0, 'operator': '<=', 'violation': 0.020120106898563694, 'scaled_violation': 0.020120106898563694}]",maximum scale-free violation at first failed capacity,"[1500.0, 1550.0]","[[0.0, 1500.0]]",False,2000.0,
772,1.285276012047575,3.641887415717867,0.007942943616972096,1300.0,1350.0,max_local_connection_ratio,0.0360314117554259,"[{'constraint': 'max_local_connection_ratio', 'actual': 1.036031411755426, 'target': 1.0, 'operator': '<=', 'violation': 0.0360314117554259, 'scaled_violation': 0.0360314117554259}, {'constraint': 'max_daily_average_grid_connection_ratio', 'actual': 1.0225926544240778, 'target': 1.0, 'operator': '<=', 'violation': 0.022592654424077763, 'scaled_violation': 0.022592654424077763}, {'constraint': 'max_wtw_utilization', 'actual': 0.9525573552001065, 'target': 0.95, 'operator': '<=', 'violation': 0.0025573552001065813, 'scaled_violation': 0.0026919528422174543}]",maximum scale-free violation at first failed capacity,"[1300.0, 1350.0]","[[0.0, 1300.0]]",False,1900.0,reclaimed_water_substitution_ratio
773,1.3068853896210462,4.778901801937849,0.004186264500439624,1300.0,1350.0,max_daily_average_grid_connection_ratio,0.013258115882576638,"[{'constraint': 'max_daily_average_grid_connection_ratio', 'actual': 1.0132581158825766, 'target': 1.0, 'operator': '<=', 'violation': 0.013258115882576638, 'scaled_violation': 0.013258115882576638}]",maximum scale-free violation at first failed capacity,"[1300.0, 1350.0]","[[0.0, 1300.0]]",False,1900.0,reclaimed_water_substitution_ratio
774,1.267525463651007,3.677766800235689,0.007806796385286557,1300.0,1350.0,max_local_connection_ratio,0.018062319229823265,"[{'constraint': 'max_local_connection_ratio', 'actual': 1.0180623192298233, 'target': 1.0, 'operator': '<=', 'violation': 0.018062319229823265, 'scaled_violation': 0.018062319229823265}, {'constraint': 'max_daily_average_grid_connection_ratio', 'actual': 1.0082895840622514, 'target': 1.0, 'operator': '<=', 'violation': 0.008289584062251443, 'scaled_violation': 0.008289584062251443}]",maximum scale-free violation at first failed capacity,"[1300.0, 1350.0]","[[0.0, 1300.0]]",False,1900.0,reclaimed_water_substitution_ratio
775,1.208728861013328,7.963668474780524,0.007125131128057174,1400.0,1450.0,max_daily_average_grid_connection_ratio,0.03040141517129502,"[{'constraint': 'max_daily_average_grid_connection_ratio', 'actual': 1.030401415171295, 'target': 1.0, 'operator': '<=', 'violation': 0.03040141517129502, 'scaled_violation': 0.03040141517129502}]",maximum scale-free violation at first failed capacity,"[1400.0, 1450.0]","[[0.0, 1400.0]]",False,2000.0,
776,1.305978940396768,6.58122679842226,0.005547696631838251,1300.0,1350.0,max_daily_average_grid_connection_ratio,0.021858722056481872,"[{'constraint': 'max_daily_average_grid_connection_ratio', 'actual': 1.0218587220564819, 'target': 1.0, 'operator': '<=', 'violation': 0.021858722056481872, 'scaled_violation': 0.021858722056481872}]",maximum scale-free violation at first failed capacity,"[1300.0, 1350.0]","[[0.0, 1300.0]]",False,1950.0,reclaimed_water_substitution_ratio
777,1.2090357536929375,7.20669530633627,0.003499730957152571,1400.0,1450.0,max_daily_average_grid_connection_ratio,0.004096971060695287,"[{'constraint': 'max_daily_average_grid_connection_ratio', 'actual': 1.0040969710606953, 'target': 1.0, 'operator': '<=', 'violation': 0.004096971060695287, 'scaled_violation': 0.004096971060695287}]",maximum scale-free violation at first failed capacity,"[1400.0, 1450.0]","[[0.0, 1400.0]]",False,2000.0,
778,1.1447984454456828,7.958129778246324,0.007686922238118404,1450.0,1500.0,max_daily_average_grid_connection_ratio,0.016666454771787853,"[{'constraint': 'max_daily_average_grid_connection_ratio', 'actual': 1.0166664547717879, 'target': 1.0, 'operator': '<=', 'violation': 0.016666454771787853, 'scaled_violation': 0.016666454771787853}]",maximum scale-free violation at first failed capacity,"[1450.0, 1500.0]","[[0.0, 1450.0]]",False,2000.0,
779,1.1416988129902863,4.2480858065022975,0.00238089368118366,1500.0,1550.0,max_daily_average_grid_connection_ratio,0.0063317837590761705,"[{'constraint': 'max_daily_average_grid_connection_ratio', 'actual': 1.0063317837590762, 'target': 1.0, 'operator': '<=', 'violation': 0.0063317837590761705, 'scaled_violation': 0.0063317837590761705}]",maximum scale-free violation at first failed capacity,"[1500.0, 1550.0]","[[0.0, 1500.0]]",False,2000.0,
780,1.1273981354256897,4.639961456741068,0.0054581421819845655,1500.0,1550.0,max_daily_average_grid_connection_ratio,0.018052613407040674,"[{'constraint': 'max_daily_average_grid_connection_ratio', 'actual': 1.0180526134070407, 'target': 1.0, 'operator': '<=', 'violation': 0.018052613407040674, 'scaled_violation': 0.018052613407040674}]",maximum scale-free violation at first failed capacity,"[1500.0, 1550.0]","[[0.0, 1500.0]]",False,2000.0,
781,1.3281477486528817,7.150266939219984,0.0071590920420932305,1250.0,1300.0,max_daily_average_grid_connection_ratio,0.010678327952660327,"[{'constraint': 'max_daily_average_grid_connection_ratio', 'actual': 1.0106783279526603, 'target': 1.0, 'operator': '<=', 'violation': 0.010678327952660327, 'scaled_violation': 0.010678327952660327}]",maximum scale-free violation at first failed capacity,"[1250.0, 1300.0]","[[0.0, 1250.0]]",False,1950.0,reclaimed_water_substitution_ratio
782,1.196512031530925,8.196594068247748,0.0039983374813751,1450.0,1500.0,max_daily_average_grid_connection_ratio,0.03201391645932605,"[{'constraint': 'max_daily_average_grid_connection_ratio', 'actual': 1.032013916459326, 'target': 1.0, 'operator': '<=', 'violation': 0.03201391645932605, 'scaled_violation': 0.03201391645932605}]",maximum scale-free violation at first failed capacity,"[1450.0, 1500.0]","[[0.0, 1450.0]]",False,2000.0,
783,1.2755183101371843,7.373706918672648,0.007067152549505611,1300.0,1350.0,max_daily_average_grid_connection_ratio,0.009268407154329195,"[{'constraint': 'max_daily_average_grid_connection_ratio', 'actual': 1.0092684071543292, 'target': 1.0, 'operator': '<=', 'violation': 0.009268407154329195, 'scaled_violation': 0.009268407154329195}]",maximum scale-free violation at first failed capacity,"[1300.0, 1350.0]","[[0.0, 1300.0]]",False,2000.0,
784,1.2838062945924735,5.681634762428375,0.004086306581489918,1350.0,1400.0,max_daily_average_grid_connection_ratio,0.032045639759428424,"[{'constraint': 'max_daily_average_grid_connection_ratio', 'actual': 1.0320456397594284, 'target': 1.0, 'operator': '<=', 'violation': 0.032045639759428424, 'scaled_violation': 0.032045639759428424}]",maximum scale-free violation at first failed capacity,"[1350.0, 1400.0]","[[0.0, 1350.0]]",False,2000.0,
785,1.190433349573988,4.7228587846888255,0.005695540507176192,1400.0,1450.0,max_daily_average_grid_connection_ratio,0.005124508395696337,"[{'constraint': 'max_daily_average_grid_connection_ratio', 'actual': 1.0051245083956963, 'target': 1.0, 'operator': '<=', 'violation': 0.005124508395696337, 'scaled_violation': 0.005124508395696337}]",maximum scale-free violation at first failed capacity,"[1400.0, 1450.0]","[[0.0, 1400.0]]",False,2000.0,
786,1.1338446440220042,8.025103169729128,0.007154873826427254,1450.0,1500.0,max_daily_average_grid_connection_ratio,0.0034647823009603673,"[{'constraint': 'max_daily_average_grid_connection_ratio', 'actual': 1.0034647823009604, 'target': 1.0, 'operator': '<=', 'violation': 0.0034647823009603673, 'scaled_violation': 0.0034647823009603673}]",maximum scale-free violation at first failed capacity,"[1450.0, 1500.0]","[[0.0, 1450.0]]",False,2000.0,
787,1.1905218831492803,3.98955657102749,0.002889513275389237,1450.0,1500.0,max_daily_average_grid_connection_ratio,0.018597780225688254,"[{'constraint': 'max_daily_average_grid_connection_ratio', 'actual': 1.0185977802256883, 'target': 1.0, 'operator': '<=', 'violation': 0.018597780225688254, 'scaled_violation': 0.018597780225688254}, {'constraint': 'max_local_connection_ratio', 'actual': 1.0014881804766307, 'target': 1.0, 'operator': '<=', 'violation': 0.001488180476630685, 'scaled_violation': 0.001488180476630685}]",maximum scale-free violation at first failed capacity,"[1450.0, 1500.0]","[[0.0, 1450.0]]",False,2000.0,
788,1.293842918336746,7.369661553821497,0.0020861202993296673,1350.0,1400.0,max_daily_average_grid_connection_ratio,0.025743707761400225,"[{'constraint': 'max_daily_average_grid_connection_ratio', 'actual': 1.0257437077614002, 'target': 1.0, 'operator': '<=', 'violation': 0.025743707761400225, 'scaled_violation': 0.025743707761400225}]",maximum scale-free violation at first failed capacity,"[1350.0, 1400.0]","[[0.0, 1350.0]]",False,1950.0,reclaimed_water_substitution_ratio
789,1.1780726972026696,6.452096988105925,0.0036787003215466942,1450.0,1500.0,max_daily_average_grid_connection_ratio,0.01415472367632531,"[{'constraint': 'max_daily_average_grid_connection_ratio', 'actual': 1.0141547236763253, 'target': 1.0, 'operator': '<=', 'violation': 0.01415472367632531, 'scaled_violation': 0.01415472367632531}]",maximum scale-free violation at first failed capacity,"[1450.0, 1500.0]","[[0.0, 1450.0]]",False,2000.0,
790,1.2127097379619347,3.3908860466898116,0.004071033717255316,1350.0,1400.0,max_local_connection_ratio,0.015603830209393932,"[{'constraint': 'max_local_connection_ratio', 'actual': 1.015603830209394, 'target': 1.0, 'operator': '<=', 'violation': 0.015603830209393932, 'scaled_violation': 0.015603830209393932}]",maximum scale-free violation at first failed capacity,"[1350.0, 1400.0]","[[0.0, 1350.0]]",False,1900.0,reclaimed_water_substitution_ratio
791,1.2506405130821945,4.909879346648334,0.005211679777940377,1350.0,1400.0,max_daily_average_grid_connection_ratio,0.01408847237482691,"[{'constraint': 'max_daily_average_grid_connection_ratio', 'actual': 1.014088472374827, 'target': 1.0, 'operator': '<=', 'violation': 0.01408847237482691, 'scaled_violation': 0.01408847237482691}]",maximum scale-free violation at first failed capacity,"[1350.0, 1400.0]","[[0.0, 1350.0]]",False,2000.0,
792,1.249815770855427,7.413278975771824,0.0022903995531841134,1400.0,1450.0,max_daily_average_grid_connection_ratio,0.028242697304164954,"[{'constraint': 'max_daily_average_grid_connection_ratio', 'actual': 1.028242697304165, 'target': 1.0, 'operator': '<=', 'violation': 0.028242697304164954, 'scaled_violation': 0.028242697304164954}]",maximum scale-free violation at first failed capacity,"[1400.0, 1450.0]","[[0.0, 1400.0]]",False,2000.0,
793,1.329873090755648,6.344224527202955,0.003336756768087481,1300.0,1350.0,max_daily_average_grid_connection_ratio,0.024786100803613653,"[{'constraint': 'max_daily_average_grid_connection_ratio', 'actual': 1.0247861008036137, 'target': 1.0, 'operator': '<=', 'violation': 0.024786100803613653, 'scaled_violation': 0.024786100803613653}]",maximum scale-free violation at first failed capacity,"[1300.0, 1350.0]","[[0.0, 1300.0]]",False,1900.0,reclaimed_water_substitution_ratio
794,1.3523031164041905,7.029617396125791,0.006225935459780372,1250.0,1300.0,max_daily_average_grid_connection_ratio,0.022077303185716213,"[{'constraint': 'max_daily_average_grid_connection_ratio', 'actual': 1.0220773031857162, 'target': 1.0, 'operator': '<=', 'violation': 0.022077303185716213, 'scaled_violation': 0.022077303185716213}]",maximum scale-free violation at first failed capacity,"[1250.0, 1300.0]","[[0.0, 1250.0]]",False,1900.0,reclaimed_water_substitution_ratio
795,1.3431686736619606,5.551755051643387,0.0018207522356341863,1300.0,1350.0,max_daily_average_grid_connection_ratio,0.024466430801090233,"[{'constraint': 'max_daily_average_grid_connection_ratio', 'actual': 1.0244664308010902, 'target': 1.0, 'operator': '<=', 'violation': 0.024466430801090233, 'scaled_violation': 0.024466430801090233}]",maximum scale-free violation at first failed capacity,"[1300.0, 1350.0]","[[0.0, 1300.0]]",False,1850.0,reclaimed_water_substitution_ratio
796,1.194964005056462,3.2520053569814804,0.0025955525450392578,1350.0,1400.0,max_local_connection_ratio,0.0070300109922336596,"[{'constraint': 'max_local_connection_ratio', 'actual': 1.0070300109922337, 'target': 1.0, 'operator': '<=', 'violation': 0.0070300109922336596, 'scaled_violation': 0.0070300109922336596}]",maximum scale-free violation at first failed capacity,"[1350.0, 1400.0]","[[0.0, 1350.0]]",False,1900.0,reclaimed_water_substitution_ratio
797,1.162690285158759,6.018069311526595,0.005126809724147113,1450.0,1500.0,max_daily_average_grid_connection_ratio,0.012248400899469658,"[{'constraint': 'max_daily_average_grid_connection_ratio', 'actual': 1.0122484008994697, 'target': 1.0, 'operator': '<=', 'violation': 0.012248400899469658, 'scaled_violation': 0.012248400899469658}]",maximum scale-free violation at first failed capacity,"[1450.0, 1500.0]","[[0.0, 1450.0]]",False,2000.0,
798,1.3088574601950866,8.975291258931861,0.0030310124583484374,1300.0,1350.0,max_daily_average_grid_connection_ratio,0.006866374875197145,"[{'constraint': 'max_daily_average_grid_connection_ratio', 'actual': 1.0068663748751971, 'target': 1.0, 'operator': '<=', 'violation': 0.006866374875197145, 'scaled_violation': 0.006866374875197145}]",maximum scale-free violation at first failed capacity,"[1300.0, 1350.0]","[[0.0, 1300.0]]",False,1950.0,reclaimed_water_substitution_ratio
799,1.3330152904759736,7.171236654330792,0.0018716363826444665,1300.0,1350.0,max_daily_average_grid_connection_ratio,0.017163038331270863,"[{'constraint': 'max_daily_average_grid_connection_ratio', 'actual': 1.0171630383312709, 'target': 1.0, 'operator': '<=', 'violation': 0.017163038331270863, 'scaled_violation': 0.017163038331270863}]",maximum scale-free violation at first failed capacity,"[1300.0, 1350.0]","[[0.0, 1300.0]]",False,1850.0,reclaimed_water_substitution_ratio
800,1.1473670889344654,5.704149444060499,0.004621680090453252,1500.0,1550.0,max_daily_average_grid_connection_ratio,0.028779046381070428,"[{'constraint': 'max_daily_average_grid_connection_ratio', 'actual': 1.0287790463810704, 'target': 1.0, 'operator': '<=', 'violation': 0.028779046381070428, 'scaled_violation': 0.028779046381070428}]",maximum scale-free violation at first failed capacity,"[1500.0, 1550.0]","[[0.0, 1500.0]]",False,2000.0,
801,1.2829598686175667,5.248439221863122,0.003378402088498452,1350.0,1400.0,max_daily_average_grid_connection_ratio,0.026378272242838507,"[{'constraint': 'max_daily_average_grid_connection_ratio', 'actual': 1.0263782722428385, 'target': 1.0, 'operator': '<=', 'violation': 0.026378272242838507, 'scaled_violation': 0.026378272242838507}]",maximum scale-free violation at first failed capacity,"[1350.0, 1400.0]","[[0.0, 1350.0]]",False,1950.0,reclaimed_water_substitution_ratio
802,1.1958900786977726,7.291181767519566,0.002107676447681691,1450.0,1500.0,max_daily_average_grid_connection_ratio,0.017168321719867263,"[{'constraint': 'max_daily_average_grid_connection_ratio', 'actual': 1.0171683217198673, 'target': 1.0, 'operator': '<=', 'violation': 0.017168321719867263, 'scaled_violation': 0.017168321719867263}]",maximum scale-free violation at first failed capacity,"[1450.0, 1500.0]","[[0.0, 1450.0]]",False,2000.0,
803,1.1545339877041172,3.263512734773757,0.0049142509751815226,1400.0,1450.0,max_local_connection_ratio,0.024859924687996582,"[{'constraint': 'max_local_connection_ratio', 'actual': 1.0248599246879966, 'target': 1.0, 'operator': '<=', 'violation': 0.024859924687996582, 'scaled_violation': 0.024859924687996582}]",maximum scale-free violation at first failed capacity,"[1400.0, 1450.0]","[[0.0, 1400.0]]",False,2000.0,
804,1.1566769092884708,3.830627448743501,0.00102956356240095,1500.0,1550.0,max_daily_average_grid_connection_ratio,0.008709580234242287,"[{'constraint': 'max_daily_average_grid_connection_ratio', 'actual': 1.0087095802342423, 'target': 1.0, 'operator': '<=', 'violation': 0.008709580234242287, 'scaled_violation': 0.008709580234242287}, {'constraint': 'max_local_connection_ratio', 'actual': 1.0046507410373882, 'target': 1.0, 'operator': '<=', 'violation': 0.004650741037388162, 'scaled_violation': 0.004650741037388162}]",maximum scale-free violation at first failed capacity,"[1500.0, 1550.0]","[[0.0, 1500.0]]",False,2000.0,
805,1.258540293642014,6.760009770591457,0.0020328853386144437,1400.0,1450.0,max_daily_average_grid_connection_ratio,0.03341733437120209,"[{'constraint': 'max_daily_average_grid_connection_ratio', 'actual': 1.033417334371202, 'target': 1.0, 'operator': '<=', 'violation': 0.03341733437120209, 'scaled_violation': 0.03341733437120209}]",maximum scale-free violation at first failed capacity,"[1400.0, 1450.0]","[[0.0, 1400.0]]",False,2000.0,
806,1.2436883112829915,4.51334769234473,0.005037777498453813,1350.0,1400.0,max_daily_average_grid_connection_ratio,0.0074263560363854175,"[{'constraint': 'max_daily_average_grid_connection_ratio', 'actual': 1.0074263560363854, 'target': 1.0, 'operator': '<=', 'violation': 0.0074263560363854175, 'scaled_violation': 0.0074263560363854175}]",maximum scale-free violation at first failed capacity,"[1350.0, 1400.0]","[[0.0, 1350.0]]",False,2000.0,
807,1.2027542688856787,7.525589742698743,0.0017864266659116546,1450.0,1500.0,max_daily_average_grid_connection_ratio,0.02048102137363661,"[{'constraint': 'max_daily_average_grid_connection_ratio', 'actual': 1.0204810213736366, 'target': 1.0, 'operator': '<=', 'violation': 0.02048102137363661, 'scaled_violation': 0.02048102137363661}]",maximum scale-free violation at first failed capacity,"[1450.0, 1500.0]","[[0.0, 1450.0]]",False,2000.0,
808,1.192132262574028,8.727196543865535,0.00603587337755661,1400.0,1450.0,max_daily_average_grid_connection_ratio,0.008992060924715384,"[{'constraint': 'max_daily_average_grid_connection_ratio', 'actual': 1.0089920609247154, 'target': 1.0, 'operator': '<=', 'violation': 0.008992060924715384, 'scaled_violation': 0.008992060924715384}]",maximum scale-free violation at first failed capacity,"[1400.0, 1450.0]","[[0.0, 1400.0]]",False,2000.0,
809,1.2681799862468073,7.577964591381164,0.0075126906201980845,1300.0,1350.0,max_daily_average_grid_connection_ratio,0.006777248300231298,"[{'constraint': 'max_daily_average_grid_connection_ratio', 'actual': 1.0067772483002313, 'target': 1.0, 'operator': '<=', 'violation': 0.006777248300231298, 'scaled_violation': 0.006777248300231298}]",maximum scale-free violation at first failed capacity,"[1300.0, 1350.0]","[[0.0, 1300.0]]",False,2000.0,
810,1.2891489083398504,8.98366633740509,0.005007462988899498,1300.0,1350.0,max_daily_average_grid_connection_ratio,0.0054937795324381256,"[{'constraint': 'max_daily_average_grid_connection_ratio', 'actual': 1.0054937795324381, 'target': 1.0, 'operator': '<=', 'violation': 0.0054937795324381256, 'scaled_violation': 0.0054937795324381256}]",maximum scale-free violation at first failed capacity,"[1300.0, 1350.0]","[[0.0, 1300.0]]",False,2000.0,
811,1.3174908081720895,5.085691057084878,0.001719518571174004,1300.0,1350.0,max_daily_average_grid_connection_ratio,0.004428360961230116,"[{'constraint': 'max_daily_average_grid_connection_ratio', 'actual': 1.0044283609612301, 'target': 1.0, 'operator': '<=', 'violation': 0.004428360961230116, 'scaled_violation': 0.004428360961230116}]",maximum scale-free violation at first failed capacity,"[1300.0, 1350.0]","[[0.0, 1300.0]]",False,1850.0,reclaimed_water_substitution_ratio
812,1.123483865781141,7.314306871383303,0.002781517850291705,1550.0,1600.0,max_daily_average_grid_connection_ratio,0.025765661298733367,"[{'constraint': 'max_daily_average_grid_connection_ratio', 'actual': 1.0257656612987334, 'target': 1.0, 'operator': '<=', 'violation': 0.025765661298733367, 'scaled_violation': 0.025765661298733367}]",maximum scale-free violation at first failed capacity,"[1550.0, 1600.0]","[[0.0, 1550.0]]",False,2000.0,
813,1.1827447895428362,7.7769892542159,0.0035194459060370296,1450.0,1500.0,max_daily_average_grid_connection_ratio,0.01685958282369704,"[{'constraint': 'max_daily_average_grid_connection_ratio', 'actual': 1.016859582823697, 'target': 1.0, 'operator': '<=', 'violation': 0.01685958282369704, 'scaled_violation': 0.01685958282369704}]",maximum scale-free violation at first failed capacity,"[1450.0, 1500.0]","[[0.0, 1450.0]]",False,2000.0,
814,1.3555859767041958,5.1073714345911,0.005764123322018188,1250.0,1300.0,max_daily_average_grid_connection_ratio,0.021426797998321145,"[{'constraint': 'max_daily_average_grid_connection_ratio', 'actual': 1.0214267979983211, 'target': 1.0, 'operator': '<=', 'violation': 0.021426797998321145, 'scaled_violation': 0.021426797998321145}]",maximum scale-free violation at first failed capacity,"[1250.0, 1300.0]","[[0.0, 1250.0]]",False,1850.0,reclaimed_water_substitution_ratio
815,1.1332720200812563,3.198172055031682,0.0012609196959469772,1450.0,1500.0,max_local_connection_ratio,0.02072388211875653,"[{'constraint': 'max_local_connection_ratio', 'actual': 1.0207238821187565, 'target': 1.0, 'operator': '<=', 'violation': 0.02072388211875653, 'scaled_violation': 0.02072388211875653}]",maximum scale-free violation at first failed capacity,"[1450.0, 1500.0]","[[0.0, 1450.0]]",False,1950.0,reclaimed_water_substitution_ratio
816,1.341258940256999,6.481099271053406,0.004988777247382217,1250.0,1300.0,max_daily_average_grid_connection_ratio,0.0059402199620024465,"[{'constraint': 'max_daily_average_grid_connection_ratio', 'actual': 1.0059402199620024, 'target': 1.0, 'operator': '<=', 'violation': 0.0059402199620024465, 'scaled_violation': 0.0059402199620024465}]",maximum scale-free violation at first failed capacity,"[1250.0, 1300.0]","[[0.0, 1250.0]]",False,1900.0,reclaimed_water_substitution_ratio
817,1.2852367945224656,6.363476865457691,0.006096618536218797,1300.0,1350.0,max_daily_average_grid_connection_ratio,0.009973025155552095,"[{'constraint': 'max_daily_average_grid_connection_ratio', 'actual': 1.009973025155552, 'target': 1.0, 'operator': '<=', 'violation': 0.009973025155552095, 'scaled_violation': 0.009973025155552095}]",maximum scale-free violation at first failed capacity,"[1300.0, 1350.0]","[[0.0, 1300.0]]",False,2000.0,
818,1.3578586505069579,8.807312971854518,0.0036093889233572017,1250.0,1300.0,max_daily_average_grid_connection_ratio,0.008926858233206492,"[{'constraint': 'max_daily_average_grid_connection_ratio', 'actual': 1.0089268582332065, 'target': 1.0, 'operator': '<=', 'violation': 0.008926858233206492, 'scaled_violation': 0.008926858233206492}]",maximum scale-free violation at first failed capacity,"[1250.0, 1300.0]","[[0.0, 1250.0]]",False,1850.0,reclaimed_water_substitution_ratio
819,1.1646891087345168,3.2157617536916865,0.006395826724587552,1350.0,1400.0,max_local_connection_ratio,0.015152361324478836,"[{'constraint': 'max_local_connection_ratio', 'actual': 1.0151523613244788, 'target': 1.0, 'operator': '<=', 'violation': 0.015152361324478836, 'scaled_violation': 0.015152361324478836}]",maximum scale-free violation at first failed capacity,"[1350.0, 1400.0]","[[0.0, 1350.0]]",False,2000.0,
820,1.1525157471445056,3.1717148209057067,0.0026088168811610533,1400.0,1450.0,max_local_connection_ratio,0.017390287776370528,"[{'constraint': 'max_local_connection_ratio', 'actual': 1.0173902877763705, 'target': 1.0, 'operator': '<=', 'violation': 0.017390287776370528, 'scaled_violation': 0.017390287776370528}]",maximum scale-free violation at first failed capacity,"[1400.0, 1450.0]","[[0.0, 1400.0]]",False,1950.0,reclaimed_water_substitution_ratio
821,1.286034240161765,3.7041863233352137,0.0016729641993287697,1350.0,1400.0,max_local_connection_ratio,0.024051948387421307,"[{'constraint': 'max_local_connection_ratio', 'actual': 1.0240519483874213, 'target': 1.0, 'operator': '<=', 'violation': 0.024051948387421307, 'scaled_violation': 0.024051948387421307}, {'constraint': 'max_daily_average_grid_connection_ratio', 'actual': 1.0167204570076551, 'target': 1.0, 'operator': '<=', 'violation': 0.01672045700765512, 'scaled_violation': 0.01672045700765512}, {'constraint': 'max_wtw_utilization', 'actual': 0.9501533696617608, 'target': 0.95, 'operator': '<=', 'violation': 0.00015336966176082711, 'scaled_violation': 0.0001614417492219233}]",maximum scale-free violation at first failed capacity,"[1350.0, 1400.0]","[[0.0, 1350.0]]",False,1800.0,reclaimed_water_substitution_ratio
822,1.1840621572183905,3.541172292108369,0.006998356178718855,1400.0,1450.0,max_local_connection_ratio,0.033077438849225205,"[{'constraint': 'max_local_connection_ratio', 'actual': 1.0330774388492252, 'target': 1.0, 'operator': '<=', 'violation': 0.033077438849225205, 'scaled_violation': 0.033077438849225205}, {'constraint': 'max_daily_average_grid_connection_ratio', 'actual': 1.0095103032366788, 'target': 1.0, 'operator': '<=', 'violation': 0.009510303236678785, 'scaled_violation': 0.009510303236678785}, {'constraint': 'max_wtw_utilization', 'actual': 0.951713829446852, 'target': 0.95, 'operator': '<=', 'violation': 0.0017138294468520554, 'scaled_violation': 0.0018040309966863741}]",maximum scale-free violation at first failed capacity,"[1400.0, 1450.0]","[[0.0, 1400.0]]",False,2000.0,
823,1.279130183710058,6.950358714841183,0.007749540834139774,1300.0,1350.0,max_daily_average_grid_connection_ratio,0.01664308327260855,"[{'constraint': 'max_daily_average_grid_connection_ratio', 'actual': 1.0166430832726085, 'target': 1.0, 'operator': '<=', 'violation': 0.01664308327260855, 'scaled_violation': 0.01664308327260855}]",maximum scale-free violation at first failed capacity,"[1300.0, 1350.0]","[[0.0, 1300.0]]",False,2000.0,
824,1.2310505414828246,8.095307622587592,0.005988653173207124,1350.0,1400.0,max_daily_average_grid_connection_ratio,0.004275535462016755,"[{'constraint': 'max_daily_average_grid_connection_ratio', 'actual': 1.0042755354620168, 'target': 1.0, 'operator': '<=', 'violation': 0.004275535462016755, 'scaled_violation': 0.004275535462016755}]",maximum scale-free violation at first failed capacity,"[1350.0, 1400.0]","[[0.0, 1350.0]]",False,2000.0,
825,1.163614504378313,5.566508577431483,0.006569388178567911,1450.0,1500.0,max_daily_average_grid_connection_ratio,0.023952083702552196,"[{'constraint': 'max_daily_average_grid_connection_ratio', 'actual': 1.0239520837025522, 'target': 1.0, 'operator': '<=', 'violation': 0.023952083702552196, 'scaled_violation': 0.023952083702552196}]",maximum scale-free violation at first failed capacity,"[1450.0, 1500.0]","[[0.0, 1450.0]]",False,2000.0,
826,1.155459115471986,7.860566457429026,0.0007849318159849988,1500.0,1550.0,max_daily_average_grid_connection_ratio,0.00574078406491596,"[{'constraint': 'max_daily_average_grid_connection_ratio', 'actual': 1.005740784064916, 'target': 1.0, 'operator': '<=', 'violation': 0.00574078406491596, 'scaled_violation': 0.00574078406491596}]",maximum scale-free violation at first failed capacity,"[1500.0, 1550.0]","[[0.0, 1500.0]]",False,2000.0,
827,1.3155890852620504,5.76028748579065,0.0017818680031922922,1300.0,1350.0,max_daily_average_grid_connection_ratio,0.003420611185809941,"[{'constraint': 'max_daily_average_grid_connection_ratio', 'actual': 1.00342061118581, 'target': 1.0, 'operator': '<=', 'violation': 0.003420611185809941, 'scaled_violation': 0.003420611185809941}]",maximum scale-free violation at first failed capacity,"[1300.0, 1350.0]","[[0.0, 1300.0]]",False,1900.0,reclaimed_water_substitution_ratio
828,1.2076330380703855,4.7374805068142525,0.004204260062519704,1400.0,1450.0,max_daily_average_grid_connection_ratio,0.00812180756722336,"[{'constraint': 'max_daily_average_grid_connection_ratio', 'actual': 1.0081218075672234, 'target': 1.0, 'operator': '<=', 'violation': 0.00812180756722336, 'scaled_violation': 0.00812180756722336}]",maximum scale-free violation at first failed capacity,"[1400.0, 1450.0]","[[0.0, 1400.0]]",False,2000.0,
829,1.260707626069616,8.231250866670262,0.004769443103369119,1350.0,1400.0,max_daily_average_grid_connection_ratio,0.018827481773785015,"[{'constraint': 'max_daily_average_grid_connection_ratio', 'actual': 1.018827481773785, 'target': 1.0, 'operator': '<=', 'violation': 0.018827481773785015, 'scaled_violation': 0.018827481773785015}]",maximum scale-free violation at first failed capacity,"[1350.0, 1400.0]","[[0.0, 1350.0]]",False,2000.0,
830,1.20971271454184,4.675265502011289,0.004014193461678495,1400.0,1450.0,max_daily_average_grid_connection_ratio,0.008412808192863386,"[{'constraint': 'max_daily_average_grid_connection_ratio', 'actual': 1.0084128081928634, 'target': 1.0, 'operator': '<=', 'violation': 0.008412808192863386, 'scaled_violation': 0.008412808192863386}]",maximum scale-free violation at first failed capacity,"[1400.0, 1450.0]","[[0.0, 1400.0]]",False,2000.0,
831,1.2280180403921683,4.263755401782801,0.0009472595816257452,1400.0,1450.0,max_daily_average_grid_connection_ratio,0.0007646416247757415,"[{'constraint': 'max_daily_average_grid_connection_ratio', 'actual': 1.0007646416247757, 'target': 1.0, 'operator': '<=', 'violation': 0.0007646416247757415, 'scaled_violation': 0.0007646416247757415}]",maximum scale-free violation at first failed capacity,"[1400.0, 1450.0]","[[0.0, 1400.0]]",False,1950.0,reclaimed_water_substitution_ratio
832,1.3445163057279084,8.576692069944967,0.004465664484890507,1250.0,1300.0,max_daily_average_grid_connection_ratio,0.004868689613962918,"[{'constraint': 'max_daily_average_grid_connection_ratio', 'actual': 1.004868689613963, 'target': 1.0, 'operator': '<=', 'violation': 0.004868689613962918, 'scaled_violation': 0.004868689613962918}]",maximum scale-free violation at first failed capacity,"[1250.0, 1300.0]","[[0.0, 1250.0]]",False,1900.0,reclaimed_water_substitution_ratio
833,1.256251066844374,6.527879918201434,0.004837024246373771,1350.0,1400.0,max_daily_average_grid_connection_ratio,0.0158230892027309,"[{'constraint': 'max_daily_average_grid_connection_ratio', 'actual': 1.015823089202731, 'target': 1.0, 'operator': '<=', 'violation': 0.0158230892027309, 'scaled_violation': 0.0158230892027309}]",maximum scale-free violation at first failed capacity,"[1350.0, 1400.0]","[[0.0, 1350.0]]",False,2000.0,
834,1.3414916772438938,7.811086777643365,0.005530976782741823,1250.0,1300.0,max_daily_average_grid_connection_ratio,0.009669407707407984,"[{'constraint': 'max_daily_average_grid_connection_ratio', 'actual': 1.009669407707408, 'target': 1.0, 'operator': '<=', 'violation': 0.009669407707407984, 'scaled_violation': 0.009669407707407984}]",maximum scale-free violation at first failed capacity,"[1250.0, 1300.0]","[[0.0, 1250.0]]",False,1900.0,reclaimed_water_substitution_ratio
835,1.2125481617359786,3.0536320339644254,0.007956617610302264,1250.0,1300.0,max_local_connection_ratio,0.013019533287887297,"[{'constraint': 'max_local_connection_ratio', 'actual': 1.0130195332878873, 'target': 1.0, 'operator': '<=', 'violation': 0.013019533287887297, 'scaled_violation': 0.013019533287887297}]",maximum scale-free violation at first failed capacity,"[1250.0, 1300.0]","[[0.0, 1250.0]]",False,1900.0,reclaimed_water_substitution_ratio
836,1.2300536877578068,4.087212697518108,0.0041133073769494015,1400.0,1450.0,max_daily_average_grid_connection_ratio,0.02560054289942415,"[{'constraint': 'max_daily_average_grid_connection_ratio', 'actual': 1.0256005428994242, 'target': 1.0, 'operator': '<=', 'violation': 0.02560054289942415, 'scaled_violation': 0.02560054289942415}, {'constraint': 'max_local_connection_ratio', 'actual': 1.0009926181044895, 'target': 1.0, 'operator': '<=', 'violation': 0.0009926181044894733, 'scaled_violation': 0.0009926181044894733}]",maximum scale-free violation at first failed capacity,"[1400.0, 1450.0]","[[0.0, 1400.0]]",False,1950.0,reclaimed_water_substitution_ratio
837,1.3360444822700783,8.791860247922708,0.005089739488127075,1250.0,1300.0,max_daily_average_grid_connection_ratio,0.002819710660406205,"[{'constraint': 'max_daily_average_grid_connection_ratio', 'actual': 1.0028197106604062, 'target': 1.0, 'operator': '<=', 'violation': 0.002819710660406205, 'scaled_violation': 0.002819710660406205}]",maximum scale-free violation at first failed capacity,"[1250.0, 1300.0]","[[0.0, 1250.0]]",False,1900.0,reclaimed_water_substitution_ratio
838,1.2194122155914697,8.75990444442237,0.0005209642420088938,1450.0,1500.0,max_daily_average_grid_connection_ratio,0.024839075827037815,"[{'constraint': 'max_daily_average_grid_connection_ratio', 'actual': 1.0248390758270378, 'target': 1.0, 'operator': '<=', 'violation': 0.024839075827037815, 'scaled_violation': 0.024839075827037815}]",maximum scale-free violation at first failed capacity,"[1450.0, 1500.0]","[[0.0, 1450.0]]",False,2000.0,
839,1.1477572763484516,3.997421466391192,0.0026393884993843745,1500.0,1550.0,max_daily_average_grid_connection_ratio,0.013596812394225166,"[{'constraint': 'max_daily_average_grid_connection_ratio', 'actual': 1.0135968123942252, 'target': 1.0, 'operator': '<=', 'violation': 0.013596812394225166, 'scaled_violation': 0.013596812394225166}]",maximum scale-free violation at first failed capacity,"[1500.0, 1550.0]","[[0.0, 1500.0]]",False,2000.0,
840,1.3554224180506202,4.949036430067025,0.002918014437423531,1250.0,1300.0,max_daily_average_grid_connection_ratio,0.0026193247715049495,"[{'constraint': 'max_daily_average_grid_connection_ratio', 'actual': 1.002619324771505, 'target': 1.0, 'operator': '<=', 'violation': 0.0026193247715049495, 'scaled_violation': 0.0026193247715049495}]",maximum scale-free violation at first failed capacity,"[1250.0, 1300.0]","[[0.0, 1250.0]]",False,1800.0,reclaimed_water_substitution_ratio
841,1.344223767532558,6.764324533779401,0.003806498611399696,1250.0,1300.0,max_daily_average_grid_connection_ratio,0.0003280594209980059,"[{'constraint': 'max_daily_average_grid_connection_ratio', 'actual': 1.000328059420998, 'target': 1.0, 'operator': '<=', 'violation': 0.0003280594209980059, 'scaled_violation': 0.0003280594209980059}]",maximum scale-free violation at first failed capacity,"[1250.0, 1300.0]","[[0.0, 1250.0]]",False,1900.0,reclaimed_water_substitution_ratio
842,1.3182419677091515,3.733326427346888,0.0025502606711940057,1300.0,1350.0,max_local_connection_ratio,0.015237007295006766,"[{'constraint': 'max_local_connection_ratio', 'actual': 1.0152370072950068, 'target': 1.0, 'operator': '<=', 'violation': 0.015237007295006766, 'scaled_violation': 0.015237007295006766}, {'constraint': 'max_daily_average_grid_connection_ratio', 'actual': 1.0106591700447993, 'target': 1.0, 'operator': '<=', 'violation': 0.010659170044799327, 'scaled_violation': 0.010659170044799327}]",maximum scale-free violation at first failed capacity,"[1300.0, 1350.0]","[[0.0, 1300.0]]",False,1750.0,reclaimed_water_substitution_ratio
843,1.219764847979751,6.38244783226778,0.00422926776426181,1400.0,1450.0,max_daily_average_grid_connection_ratio,0.018123159473172112,"[{'constraint': 'max_daily_average_grid_connection_ratio', 'actual': 1.0181231594731721, 'target': 1.0, 'operator': '<=', 'violation': 0.018123159473172112, 'scaled_violation': 0.018123159473172112}]",maximum scale-free violation at first failed capacity,"[1400.0, 1450.0]","[[0.0, 1400.0]]",False,2000.0,
844,1.3081234688370291,8.965748072003358,0.006895748463922085,1300.0,1350.0,max_daily_average_grid_connection_ratio,0.03266693870031867,"[{'constraint': 'max_daily_average_grid_connection_ratio', 'actual': 1.0326669387003187, 'target': 1.0, 'operator': '<=', 'violation': 0.03266693870031867, 'scaled_violation': 0.03266693870031867}]",maximum scale-free violation at first failed capacity,"[1300.0, 1350.0]","[[0.0, 1300.0]]",False,2000.0,
845,1.2996358178763985,7.938761040070135,0.003142318186031229,1300.0,1350.0,max_daily_average_grid_connection_ratio,0.0006770449101465292,"[{'constraint': 'max_daily_average_grid_connection_ratio', 'actual': 1.0006770449101465, 'target': 1.0, 'operator': '<=', 'violation': 0.0006770449101465292, 'scaled_violation': 0.0006770449101465292}]",maximum scale-free violation at first failed capacity,"[1300.0, 1350.0]","[[0.0, 1300.0]]",False,1950.0,reclaimed_water_substitution_ratio
846,1.3429345089567097,5.232517296283632,0.0019557169895114412,1300.0,1350.0,max_daily_average_grid_connection_ratio,0.025210316225878326,"[{'constraint': 'max_daily_average_grid_connection_ratio', 'actual': 1.0252103162258783, 'target': 1.0, 'operator': '<=', 'violation': 0.025210316225878326, 'scaled_violation': 0.025210316225878326}]",maximum scale-free violation at first failed capacity,"[1300.0, 1350.0]","[[0.0, 1300.0]]",False,1850.0,reclaimed_water_substitution_ratio
847,1.3434551735570657,7.985871988750176,0.00229936110992264,1300.0,1350.0,max_daily_average_grid_connection_ratio,0.02794593378417365,"[{'constraint': 'max_daily_average_grid_connection_ratio', 'actual': 1.0279459337841736, 'target': 1.0, 'operator': '<=', 'violation': 0.02794593378417365, 'scaled_violation': 0.02794593378417365}]",maximum scale-free violation at first failed capacity,"[1300.0, 1350.0]","[[0.0, 1300.0]]",False,1850.0,reclaimed_water_substitution_ratio
848,1.2300047308374475,5.766690390563358,0.004102625595420648,1400.0,1450.0,max_daily_average_grid_connection_ratio,0.02548268790421382,"[{'constraint': 'max_daily_average_grid_connection_ratio', 'actual': 1.0254826879042138, 'target': 1.0, 'operator': '<=', 'violation': 0.02548268790421382, 'scaled_violation': 0.02548268790421382}]",maximum scale-free violation at first failed capacity,"[1400.0, 1450.0]","[[0.0, 1400.0]]",False,2000.0,
849,1.2103644949207237,3.2752498126570124,0.00473982429942001,1350.0,1400.0,max_local_connection_ratio,0.03277517512747985,"[{'constraint': 'max_local_connection_ratio', 'actual': 1.0327751751274798, 'target': 1.0, 'operator': '<=', 'violation': 0.03277517512747985, 'scaled_violation': 0.03277517512747985}, {'constraint': 'max_wtw_utilization', 'actual': 0.9508978650663198, 'target': 0.95, 'operator': '<=', 'violation': 0.0008978650663198362, 'scaled_violation': 0.0009451211224419329}]",maximum scale-free violation at first failed capacity,"[1350.0, 1400.0]","[[0.0, 1350.0]]",False,1900.0,reclaimed_water_substitution_ratio
850,1.1373330300421791,5.250015575216883,0.0047837566728359485,1500.0,1550.0,max_daily_average_grid_connection_ratio,0.02136744760359255,"[{'constraint': 'max_daily_average_grid_connection_ratio', 'actual': 1.0213674476035925, 'target': 1.0, 'operator': '<=', 'violation': 0.02136744760359255, 'scaled_violation': 0.02136744760359255}]",maximum scale-free violation at first failed capacity,"[1500.0, 1550.0]","[[0.0, 1500.0]]",False,2000.0,
851,1.3180661640447395,8.309379027935233,0.003240167139470838,1300.0,1350.0,max_daily_average_grid_connection_ratio,0.015231173567479273,"[{'constraint': 'max_daily_average_grid_connection_ratio', 'actual': 1.0152311735674793, 'target': 1.0, 'operator': '<=', 'violation': 0.015231173567479273, 'scaled_violation': 0.015231173567479273}]",maximum scale-free violation at first failed capacity,"[1300.0, 1350.0]","[[0.0, 1300.0]]",False,1900.0,reclaimed_water_substitution_ratio
852,1.2787644529185553,8.501690835202677,0.007198677960754001,1300.0,1350.0,max_daily_average_grid_connection_ratio,0.012611181807386629,"[{'constraint': 'max_daily_average_grid_connection_ratio', 'actual': 1.0126111818073866, 'target': 1.0, 'operator': '<=', 'violation': 0.012611181807386629, 'scaled_violation': 0.012611181807386629}]",maximum scale-free violation at first failed capacity,"[1300.0, 1350.0]","[[0.0, 1300.0]]",False,2000.0,
853,1.3277421261469406,5.10060796361132,0.0024660314831561818,1300.0,1350.0,max_daily_average_grid_connection_ratio,0.017242991096650062,"[{'constraint': 'max_daily_average_grid_connection_ratio', 'actual': 1.01724299109665, 'target': 1.0, 'operator': '<=', 'violation': 0.017242991096650062, 'scaled_violation': 0.017242991096650062}]",maximum scale-free violation at first failed capacity,"[1300.0, 1350.0]","[[0.0, 1300.0]]",False,1850.0,reclaimed_water_substitution_ratio
854,1.15773676196831,3.9644550225386603,0.0016580342179464444,1500.0,1550.0,max_daily_average_grid_connection_ratio,0.014546897946202675,"[{'constraint': 'max_daily_average_grid_connection_ratio', 'actual': 1.0145468979462027, 'target': 1.0, 'operator': '<=', 'violation': 0.014546897946202675, 'scaled_violation': 0.014546897946202675}]",maximum scale-free violation at first failed capacity,"[1500.0, 1550.0]","[[0.0, 1500.0]]",False,2000.0,
855,1.2027782905997308,3.410026994997924,0.0016980919562323059,1400.0,1450.0,max_local_connection_ratio,0.023209982058062018,"[{'constraint': 'max_local_connection_ratio', 'actual': 1.023209982058062, 'target': 1.0, 'operator': '<=', 'violation': 0.023209982058062018, 'scaled_violation': 0.023209982058062018}]",maximum scale-free violation at first failed capacity,"[1400.0, 1450.0]","[[0.0, 1400.0]]",False,1900.0,reclaimed_water_substitution_ratio
856,1.3266259342805182,4.918811952802185,0.005683204429418453,1300.0,1350.0,max_daily_average_grid_connection_ratio,0.038339845866662836,"[{'constraint': 'max_daily_average_grid_connection_ratio', 'actual': 1.0383398458666628, 'target': 1.0, 'operator': '<=', 'violation': 0.038339845866662836, 'scaled_violation': 0.038339845866662836}]",maximum scale-free violation at first failed capacity,"[1300.0, 1350.0]","[[0.0, 1300.0]]",False,1900.0,reclaimed_water_substitution_ratio
857,1.2237103607358097,4.719905305011332,0.00345022911519614,1400.0,1450.0,max_daily_average_grid_connection_ratio,0.015610476038096621,"[{'constraint': 'max_daily_average_grid_connection_ratio', 'actual': 1.0156104760380966, 'target': 1.0, 'operator': '<=', 'violation': 0.015610476038096621, 'scaled_violation': 0.015610476038096621}]",maximum scale-free violation at first failed capacity,"[1400.0, 1450.0]","[[0.0, 1400.0]]",False,2000.0,
858,1.3283403404286986,5.056181071697722,0.007465571670465299,1250.0,1300.0,max_daily_average_grid_connection_ratio,0.012830547091700284,"[{'constraint': 'max_daily_average_grid_connection_ratio', 'actual': 1.0128305470917003, 'target': 1.0, 'operator': '<=', 'violation': 0.012830547091700284, 'scaled_violation': 0.012830547091700284}]",maximum scale-free violation at first failed capacity,"[1250.0, 1300.0]","[[0.0, 1250.0]]",False,1950.0,reclaimed_water_substitution_ratio
859,1.1740423491611338,7.071677677419007,0.005198711383443647,1450.0,1500.0,max_daily_average_grid_connection_ratio,0.02229712330818323,"[{'constraint': 'max_daily_average_grid_connection_ratio', 'actual': 1.0222971233081832, 'target': 1.0, 'operator': '<=', 'violation': 0.02229712330818323, 'scaled_violation': 0.02229712330818323}]",maximum scale-free violation at first failed capacity,"[1450.0, 1500.0]","[[0.0, 1450.0]]",False,2000.0,
860,1.2033822969646613,8.13682495037034,0.006323207757863684,1400.0,1450.0,max_daily_average_grid_connection_ratio,0.02020110583252621,"[{'constraint': 'max_daily_average_grid_connection_ratio', 'actual': 1.0202011058325262, 'target': 1.0, 'operator': '<=', 'violation': 0.02020110583252621, 'scaled_violation': 0.02020110583252621}]",maximum scale-free violation at first failed capacity,"[1400.0, 1450.0]","[[0.0, 1400.0]]",False,2000.0,
861,1.3081659860453385,6.018851372719692,0.0007196970654585156,1350.0,1400.0,max_daily_average_grid_connection_ratio,0.02727283258612556,"[{'constraint': 'max_daily_average_grid_connection_ratio', 'actual': 1.0272728325861256, 'target': 1.0, 'operator': '<=', 'violation': 0.02727283258612556, 'scaled_violation': 0.02727283258612556}]",maximum scale-free violation at first failed capacity,"[1350.0, 1400.0]","[[0.0, 1350.0]]",False,1900.0,reclaimed_water_substitution_ratio
862,1.2240184881955611,8.170054765314056,0.004490032405966923,1400.0,1450.0,max_daily_average_grid_connection_ratio,0.023475469671440097,"[{'constraint': 'max_daily_average_grid_connection_ratio', 'actual': 1.02347546967144, 'target': 1.0, 'operator': '<=', 'violation': 0.023475469671440097, 'scaled_violation': 0.023475469671440097}]",maximum scale-free violation at first failed capacity,"[1400.0, 1450.0]","[[0.0, 1400.0]]",False,2000.0,
863,1.1628128287449835,3.953839386507817,0.0027018124480522334,1500.0,1550.0,max_daily_average_grid_connection_ratio,0.027110201678891777,"[{'constraint': 'max_daily_average_grid_connection_ratio', 'actual': 1.0271102016788918, 'target': 1.0, 'operator': '<=', 'violation': 0.027110201678891777, 'scaled_violation': 0.027110201678891777}, {'constraint': 'max_local_connection_ratio', 'actual': 1.0126831061630723, 'target': 1.0, 'operator': '<=', 'violation': 0.012683106163072333, 'scaled_violation': 0.012683106163072333}]",maximum scale-free violation at first failed capacity,"[1500.0, 1550.0]","[[0.0, 1500.0]]",False,2000.0,
864,1.3119556300076887,4.751978381851194,0.00514473386420076,1300.0,1350.0,max_daily_average_grid_connection_ratio,0.023614237449774977,"[{'constraint': 'max_daily_average_grid_connection_ratio', 'actual': 1.023614237449775, 'target': 1.0, 'operator': '<=', 'violation': 0.023614237449774977, 'scaled_violation': 0.023614237449774977}]",maximum scale-free violation at first failed capacity,"[1300.0, 1350.0]","[[0.0, 1300.0]]",False,1900.0,reclaimed_water_substitution_ratio
865,1.222763498566251,8.174947808407442,0.007928614753165171,1350.0,1400.0,max_daily_average_grid_connection_ratio,0.011518684638356591,"[{'constraint': 'max_daily_average_grid_connection_ratio', 'actual': 1.0115186846383566, 'target': 1.0, 'operator': '<=', 'violation': 0.011518684638356591, 'scaled_violation': 0.011518684638356591}]",maximum scale-free violation at first failed capacity,"[1350.0, 1400.0]","[[0.0, 1350.0]]",False,2000.0,
866,1.3394100887685099,5.416176605318168,0.0067733760051178,1250.0,1300.0,max_daily_average_grid_connection_ratio,0.016317200911941443,"[{'constraint': 'max_daily_average_grid_connection_ratio', 'actual': 1.0163172009119414, 'target': 1.0, 'operator': '<=', 'violation': 0.016317200911941443, 'scaled_violation': 0.016317200911941443}]",maximum scale-free violation at first failed capacity,"[1250.0, 1300.0]","[[0.0, 1250.0]]",False,1950.0,reclaimed_water_substitution_ratio
867,1.1698061591040598,8.958885116521206,0.003147898824219545,1450.0,1500.0,max_daily_average_grid_connection_ratio,0.0032122755074301956,"[{'constraint': 'max_daily_average_grid_connection_ratio', 'actual': 1.0032122755074302, 'target': 1.0, 'operator': '<=', 'violation': 0.0032122755074301956, 'scaled_violation': 0.0032122755074301956}]",maximum scale-free violation at first failed capacity,"[1450.0, 1500.0]","[[0.0, 1450.0]]",False,2000.0,
868,1.1448059673433535,8.123525512873972,0.002524543269301767,1500.0,1550.0,max_daily_average_grid_connection_ratio,0.01014446726219842,"[{'constraint': 'max_daily_average_grid_connection_ratio', 'actual': 1.0101444672621984, 'target': 1.0, 'operator': '<=', 'violation': 0.01014446726219842, 'scaled_violation': 0.01014446726219842}]",maximum scale-free violation at first failed capacity,"[1500.0, 1550.0]","[[0.0, 1500.0]]",False,2000.0,
869,1.199422076182125,4.290338612664204,0.0021210480242042054,1450.0,1500.0,max_daily_average_grid_connection_ratio,0.02022662190274227,"[{'constraint': 'max_daily_average_grid_connection_ratio', 'actual': 1.0202266219027423, 'target': 1.0, 'operator': '<=', 'violation': 0.02022662190274227, 'scaled_violation': 0.02022662190274227}]",maximum scale-free violation at first failed capacity,"[1450.0, 1500.0]","[[0.0, 1450.0]]",False,2000.0,
870,1.1256254994923456,8.825484730603208,0.005026677480322603,1500.0,1550.0,max_daily_average_grid_connection_ratio,0.013141064185488105,"[{'constraint': 'max_daily_average_grid_connection_ratio', 'actual': 1.013141064185488, 'target': 1.0, 'operator': '<=', 'violation': 0.013141064185488105, 'scaled_violation': 0.013141064185488105}]",maximum scale-free violation at first failed capacity,"[1500.0, 1550.0]","[[0.0, 1500.0]]",False,2000.0,
871,1.2754759722064835,3.687446974039308,0.0021585795569459883,1350.0,1400.0,max_local_connection_ratio,0.020786421887684092,"[{'constraint': 'max_local_connection_ratio', 'actual': 1.020786421887684, 'target': 1.0, 'operator': '<=', 'violation': 0.020786421887684092, 'scaled_violation': 0.020786421887684092}, {'constraint': 'max_daily_average_grid_connection_ratio', 'actual': 1.0119044201627185, 'target': 1.0, 'operator': '<=', 'violation': 0.011904420162718532, 'scaled_violation': 0.011904420162718532}]",maximum scale-free violation at first failed capacity,"[1350.0, 1400.0]","[[0.0, 1350.0]]",False,1800.0,reclaimed_water_substitution_ratio
872,1.1300608156728316,3.362851799170131,0.005650705061559324,1450.0,1500.0,max_local_connection_ratio,0.031960895697989544,"[{'constraint': 'max_local_connection_ratio', 'actual': 1.0319608956979895, 'target': 1.0, 'operator': '<=', 'violation': 0.031960895697989544, 'scaled_violation': 0.031960895697989544}, {'constraint': 'max_wtw_utilization', 'actual': 0.9510068062455244, 'target': 0.95, 'operator': '<=', 'violation': 0.0010068062455244053, 'scaled_violation': 0.0010597960479204267}]",maximum scale-free violation at first failed capacity,"[1450.0, 1500.0]","[[0.0, 1450.0]]",False,2000.0,
873,1.3210253019134472,3.6337864256108485,0.0016854200612163243,1300.0,1350.0,max_local_connection_ratio,0.020888271101463296,"[{'constraint': 'max_local_connection_ratio', 'actual': 1.0208882711014633, 'target': 1.0, 'operator': '<=', 'violation': 0.020888271101463296, 'scaled_violation': 0.020888271101463296}, {'constraint': 'max_daily_average_grid_connection_ratio', 'actual': 1.006859013770658, 'target': 1.0, 'operator': '<=', 'violation': 0.006859013770657896, 'scaled_violation': 0.006859013770657896}]",maximum scale-free violation at first failed capacity,"[1300.0, 1350.0]","[[0.0, 1300.0]]",False,1750.0,reclaimed_water_substitution_ratio
874,1.2917133484638497,7.797681473813697,0.006418875905083997,1300.0,1350.0,max_daily_average_grid_connection_ratio,0.017050450084053814,"[{'constraint': 'max_daily_average_grid_connection_ratio', 'actual': 1.0170504500840538, 'target': 1.0, 'operator': '<=', 'violation': 0.017050450084053814, 'scaled_violation': 0.017050450084053814}]",maximum scale-free violation at first failed capacity,"[1300.0, 1350.0]","[[0.0, 1300.0]]",False,2000.0,
875,1.2183290159835611,5.5703820799389065,0.007149889355008843,1350.0,1400.0,max_daily_average_grid_connection_ratio,0.002546844004494897,"[{'constraint': 'max_daily_average_grid_connection_ratio', 'actual': 1.002546844004495, 'target': 1.0, 'operator': '<=', 'violation': 0.002546844004494897, 'scaled_violation': 0.002546844004494897}]",maximum scale-free violation at first failed capacity,"[1350.0, 1400.0]","[[0.0, 1350.0]]",False,2000.0,
876,1.2424174057472746,7.416016106294304,0.0015610754124586366,1400.0,1450.0,max_daily_average_grid_connection_ratio,0.016913603401971233,"[{'constraint': 'max_daily_average_grid_connection_ratio', 'actual': 1.0169136034019712, 'target': 1.0, 'operator': '<=', 'violation': 0.016913603401971233, 'scaled_violation': 0.016913603401971233}]",maximum scale-free violation at first failed capacity,"[1400.0, 1450.0]","[[0.0, 1400.0]]",False,2000.0,
877,1.1937725060504805,8.662683646429501,0.0023308541581093614,1450.0,1500.0,max_daily_average_grid_connection_ratio,0.017086431531043278,"[{'constraint': 'max_daily_average_grid_connection_ratio', 'actual': 1.0170864315310433, 'target': 1.0, 'operator': '<=', 'violation': 0.017086431531043278, 'scaled_violation': 0.017086431531043278}]",maximum scale-free violation at first failed capacity,"[1450.0, 1500.0]","[[0.0, 1450.0]]",False,2000.0,
878,1.1290407310741633,3.8786122175391764,0.007439580371898864,1450.0,1500.0,max_daily_average_grid_connection_ratio,0.0016000710758410364,"[{'constraint': 'max_daily_average_grid_connection_ratio', 'actual': 1.001600071075841, 'target': 1.0, 'operator': '<=', 'violation': 0.0016000710758410364, 'scaled_violation': 0.0016000710758410364}]",maximum scale-free violation at first failed capacity,"[1450.0, 1500.0]","[[0.0, 1450.0]]",False,2000.0,
879,1.3220002973673024,7.990752242224826,0.00680899755954791,1250.0,1300.0,max_daily_average_grid_connection_ratio,0.003919027284706056,"[{'constraint': 'max_daily_average_grid_connection_ratio', 'actual': 1.003919027284706, 'target': 1.0, 'operator': '<=', 'violation': 0.003919027284706056, 'scaled_violation': 0.003919027284706056}]",maximum scale-free violation at first failed capacity,"[1250.0, 1300.0]","[[0.0, 1250.0]]",False,1950.0,reclaimed_water_substitution_ratio
880,1.2069907357044096,3.4759831439011117,0.0023680996181253554,1400.0,1450.0,max_local_connection_ratio,0.024367916406317525,"[{'constraint': 'max_local_connection_ratio', 'actual': 1.0243679164063175, 'target': 1.0, 'operator': '<=', 'violation': 0.024367916406317525, 'scaled_violation': 0.024367916406317525}]",maximum scale-free violation at first failed capacity,"[1400.0, 1450.0]","[[0.0, 1400.0]]",False,1900.0,reclaimed_water_substitution_ratio
881,1.1621649881254659,6.828530574305236,0.007505563482600317,1450.0,1500.0,max_daily_average_grid_connection_ratio,0.029831630674718834,"[{'constraint': 'max_daily_average_grid_connection_ratio', 'actual': 1.0298316306747188, 'target': 1.0, 'operator': '<=', 'violation': 0.029831630674718834, 'scaled_violation': 0.029831630674718834}]",maximum scale-free violation at first failed capacity,"[1450.0, 1500.0]","[[0.0, 1450.0]]",False,2000.0,
882,1.3145973009180913,7.482643234158033,0.004663719484241364,1300.0,1350.0,max_daily_average_grid_connection_ratio,0.0223246494764886,"[{'constraint': 'max_daily_average_grid_connection_ratio', 'actual': 1.0223246494764886, 'target': 1.0, 'operator': '<=', 'violation': 0.0223246494764886, 'scaled_violation': 0.0223246494764886}]",maximum scale-free violation at first failed capacity,"[1300.0, 1350.0]","[[0.0, 1300.0]]",False,1950.0,reclaimed_water_substitution_ratio
883,1.2309598298832305,7.354700849525889,0.004581022196990983,1400.0,1450.0,max_daily_average_grid_connection_ratio,0.029759469976717856,"[{'constraint': 'max_daily_average_grid_connection_ratio', 'actual': 1.0297594699767179, 'target': 1.0, 'operator': '<=', 'violation': 0.029759469976717856, 'scaled_violation': 0.029759469976717856}]",maximum scale-free violation at first failed capacity,"[1400.0, 1450.0]","[[0.0, 1400.0]]",False,2000.0,
884,1.2827429749781418,6.012241086865402,0.0005449819704740687,1350.0,1400.0,max_daily_average_grid_connection_ratio,0.006172124298238435,"[{'constraint': 'max_daily_average_grid_connection_ratio', 'actual': 1.0061721242982384, 'target': 1.0, 'operator': '<=', 'violation': 0.006172124298238435, 'scaled_violation': 0.006172124298238435}]",maximum scale-free violation at first failed capacity,"[1350.0, 1400.0]","[[0.0, 1350.0]]",False,1950.0,reclaimed_water_substitution_ratio
885,1.3356239071607408,3.058726659675016,0.0020819987294070255,1200.0,1250.0,max_local_connection_ratio,0.026294716241674898,"[{'constraint': 'max_local_connection_ratio', 'actual': 1.026294716241675, 'target': 1.0, 'operator': '<=', 'violation': 0.026294716241674898, 'scaled_violation': 0.026294716241674898}]",maximum scale-free violation at first failed capacity,"[1200.0, 1250.0]","[[0.0, 1200.0]]",False,1650.0,reclaimed_water_substitution_ratio
886,1.1860960927436912,8.839110510417747,0.0019734172612387293,1450.0,1500.0,max_daily_average_grid_connection_ratio,0.00795156047155543,"[{'constraint': 'max_daily_average_grid_connection_ratio', 'actual': 1.0079515604715554, 'target': 1.0, 'operator': '<=', 'violation': 0.00795156047155543, 'scaled_violation': 0.00795156047155543}]",maximum scale-free violation at first failed capacity,"[1450.0, 1500.0]","[[0.0, 1450.0]]",False,2000.0,
887,1.1528936274059773,5.86100129492361,0.007597755143512306,1450.0,1500.0,max_daily_average_grid_connection_ratio,0.022768152349928128,"[{'constraint': 'max_daily_average_grid_connection_ratio', 'actual': 1.0227681523499281, 'target': 1.0, 'operator': '<=', 'violation': 0.022768152349928128, 'scaled_violation': 0.022768152349928128}]",maximum scale-free violation at first failed capacity,"[1450.0, 1500.0]","[[0.0, 1450.0]]",False,2000.0,
888,1.162714975795481,3.5077301358394735,0.0022927323343743832,1450.0,1500.0,max_local_connection_ratio,0.017462846766023832,"[{'constraint': 'max_local_connection_ratio', 'actual': 1.0174628467660238, 'target': 1.0, 'operator': '<=', 'violation': 0.017462846766023832, 'scaled_violation': 0.017462846766023832}]",maximum scale-free violation at first failed capacity,"[1450.0, 1500.0]","[[0.0, 1450.0]]",False,2000.0,
889,1.35679892060055,5.4199272480528675,0.0005455860722747808,1300.0,1350.0,max_daily_average_grid_connection_ratio,0.026041198847427838,"[{'constraint': 'max_daily_average_grid_connection_ratio', 'actual': 1.0260411988474278, 'target': 1.0, 'operator': '<=', 'violation': 0.026041198847427838, 'scaled_violation': 0.026041198847427838}]",maximum scale-free violation at first failed capacity,"[1300.0, 1350.0]","[[0.0, 1300.0]]",False,1800.0,reclaimed_water_substitution_ratio
890,1.2098006562102188,7.265616039469467,0.001995825528670791,1450.0,1500.0,max_daily_average_grid_connection_ratio,0.02796680082925418,"[{'constraint': 'max_daily_average_grid_connection_ratio', 'actual': 1.0279668008292542, 'target': 1.0, 'operator': '<=', 'violation': 0.02796680082925418, 'scaled_violation': 0.02796680082925418}]",maximum scale-free violation at first failed capacity,"[1450.0, 1500.0]","[[0.0, 1450.0]]",False,2000.0,
891,1.1618232357583693,7.613251968568904,0.007842795042672943,1450.0,1500.0,max_daily_average_grid_connection_ratio,0.03210060446492524,"[{'constraint': 'max_daily_average_grid_connection_ratio', 'actual': 1.0321006044649252, 'target': 1.0, 'operator': '<=', 'violation': 0.03210060446492524, 'scaled_violation': 0.03210060446492524}]",maximum scale-free violation at first failed capacity,"[1450.0, 1500.0]","[[0.0, 1450.0]]",False,2000.0,
892,1.2490193555426852,6.935908943158713,0.004570875364832187,1350.0,1400.0,max_daily_average_grid_connection_ratio,0.008290241468575932,"[{'constraint': 'max_daily_average_grid_connection_ratio', 'actual': 1.008290241468576, 'target': 1.0, 'operator': '<=', 'violation': 0.008290241468575932, 'scaled_violation': 0.008290241468575932}]",maximum scale-free violation at first failed capacity,"[1350.0, 1400.0]","[[0.0, 1350.0]]",False,2000.0,
893,1.1648184957191112,5.785164356004825,0.005552663292967136,1450.0,1500.0,max_daily_average_grid_connection_ratio,0.017256686481332606,"[{'constraint': 'max_daily_average_grid_connection_ratio', 'actual': 1.0172566864813326, 'target': 1.0, 'operator': '<=', 'violation': 0.017256686481332606, 'scaled_violation': 0.017256686481332606}]",maximum scale-free violation at first failed capacity,"[1450.0, 1500.0]","[[0.0, 1450.0]]",False,2000.0,
894,1.188829806825111,8.074100179454547,0.0028530201300418956,1450.0,1500.0,max_daily_average_grid_connection_ratio,0.016904677772466403,"[{'constraint': 'max_daily_average_grid_connection_ratio', 'actual': 1.0169046777724664, 'target': 1.0, 'operator': '<=', 'violation': 0.016904677772466403, 'scaled_violation': 0.016904677772466403}]",maximum scale-free violation at first failed capacity,"[1450.0, 1500.0]","[[0.0, 1450.0]]",False,2000.0,
895,1.260510176593919,5.753993757162741,0.004868946147793754,1350.0,1400.0,max_daily_average_grid_connection_ratio,0.0193768380736008,"[{'constraint': 'max_daily_average_grid_connection_ratio', 'actual': 1.0193768380736008, 'target': 1.0, 'operator': '<=', 'violation': 0.0193768380736008, 'scaled_violation': 0.0193768380736008}]",maximum scale-free violation at first failed capacity,"[1350.0, 1400.0]","[[0.0, 1350.0]]",False,2000.0,
896,1.2693619732225394,8.377135311622459,0.007751719113856215,1300.0,1350.0,max_daily_average_grid_connection_ratio,0.009297785710789652,"[{'constraint': 'max_daily_average_grid_connection_ratio', 'actual': 1.0092977857107897, 'target': 1.0, 'operator': '<=', 'violation': 0.009297785710789652, 'scaled_violation': 0.009297785710789652}]",maximum scale-free violation at first failed capacity,"[1300.0, 1350.0]","[[0.0, 1300.0]]",False,2000.0,
897,1.2726272333447373,7.149676620351006,0.0012791113227402784,1350.0,1400.0,max_daily_average_grid_connection_ratio,0.003459250594049612,"[{'constraint': 'max_daily_average_grid_connection_ratio', 'actual': 1.0034592505940496, 'target': 1.0, 'operator': '<=', 'violation': 0.003459250594049612, 'scaled_violation': 0.003459250594049612}]",maximum scale-free violation at first failed capacity,"[1350.0, 1400.0]","[[0.0, 1350.0]]",False,1950.0,reclaimed_water_substitution_ratio
898,1.2743820707494342,4.722950844496399,0.006860367394701004,1300.0,1350.0,max_daily_average_grid_connection_ratio,0.007002206770545305,"[{'constraint': 'max_daily_average_grid_connection_ratio', 'actual': 1.0070022067705453, 'target': 1.0, 'operator': '<=', 'violation': 0.007002206770545305, 'scaled_violation': 0.007002206770545305}]",maximum scale-free violation at first failed capacity,"[1300.0, 1350.0]","[[0.0, 1300.0]]",False,2000.0,
899,1.3140049187390672,7.578448095975993,0.0008084102359476315,1350.0,1400.0,max_daily_average_grid_connection_ratio,0.032462636302199366,"[{'constraint': 'max_daily_average_grid_connection_ratio', 'actual': 1.0324626363021994, 'target': 1.0, 'operator': '<=', 'violation': 0.032462636302199366, 'scaled_violation': 0.032462636302199366}]",maximum scale-free violation at first failed capacity,"[1350.0, 1400.0]","[[0.0, 1350.0]]",False,1900.0,reclaimed_water_substitution_ratio
900,1.2761416835479014,3.485364188332057,0.007918971471311305,1250.0,1300.0,max_local_connection_ratio,0.006641064133759311,"[{'constraint': 'max_local_connection_ratio', 'actual': 1.0066410641337593, 'target': 1.0, 'operator': '<=', 'violation': 0.006641064133759311, 'scaled_violation': 0.006641064133759311}]",maximum scale-free violation at first failed capacity,"[1250.0, 1300.0]","[[0.0, 1250.0]]",False,1900.0,reclaimed_water_substitution_ratio
901,1.232417425910001,8.436048400438239,0.0016848901468701884,1400.0,1450.0,max_daily_average_grid_connection_ratio,0.009727518460303619,"[{'constraint': 'max_daily_average_grid_connection_ratio', 'actual': 1.0097275184603036, 'target': 1.0, 'operator': '<=', 'violation': 0.009727518460303619, 'scaled_violation': 0.009727518460303619}]",maximum scale-free violation at first failed capacity,"[1400.0, 1450.0]","[[0.0, 1400.0]]",False,2000.0,
902,1.3542146264482329,6.370405859069754,0.003294164749281941,1250.0,1300.0,max_daily_average_grid_connection_ratio,0.004212951344854554,"[{'constraint': 'max_daily_average_grid_connection_ratio', 'actual': 1.0042129513448546, 'target': 1.0, 'operator': '<=', 'violation': 0.004212951344854554, 'scaled_violation': 0.004212951344854554}]",maximum scale-free violation at first failed capacity,"[1250.0, 1300.0]","[[0.0, 1250.0]]",False,1850.0,reclaimed_water_substitution_ratio
903,1.2465981589937658,4.05158155298835,0.005391472771179915,1350.0,1400.0,max_daily_average_grid_connection_ratio,0.01220124580966453,"[{'constraint': 'max_daily_average_grid_connection_ratio', 'actual': 1.0122012458096645, 'target': 1.0, 'operator': '<=', 'violation': 0.01220124580966453, 'scaled_violation': 0.01220124580966453}]",maximum scale-free violation at first failed capacity,"[1350.0, 1400.0]","[[0.0, 1350.0]]",False,1950.0,reclaimed_water_substitution_ratio
904,1.2541904420010161,4.669645929680994,0.0043216955874285316,1350.0,1400.0,max_daily_average_grid_connection_ratio,0.010568772390517456,"[{'constraint': 'max_daily_average_grid_connection_ratio', 'actual': 1.0105687723905175, 'target': 1.0, 'operator': '<=', 'violation': 0.010568772390517456, 'scaled_violation': 0.010568772390517456}]",maximum scale-free violation at first failed capacity,"[1350.0, 1400.0]","[[0.0, 1350.0]]",False,2000.0,
905,1.3356432982362163,6.00445493104258,0.0028639885051977725,1300.0,1350.0,max_daily_average_grid_connection_ratio,0.02591003278803683,"[{'constraint': 'max_daily_average_grid_connection_ratio', 'actual': 1.0259100327880368, 'target': 1.0, 'operator': '<=', 'violation': 0.02591003278803683, 'scaled_violation': 0.02591003278803683}]",maximum scale-free violation at first failed capacity,"[1300.0, 1350.0]","[[0.0, 1300.0]]",False,1900.0,reclaimed_water_substitution_ratio
906,1.1774208040247776,7.953513400467438,0.006111202076585269,1450.0,1500.0,max_daily_average_grid_connection_ratio,0.032039197455124624,"[{'constraint': 'max_daily_average_grid_connection_ratio', 'actual': 1.0320391974551246, 'target': 1.0, 'operator': '<=', 'violation': 0.032039197455124624, 'scaled_violation': 0.032039197455124624}]",maximum scale-free violation at first failed capacity,"[1450.0, 1500.0]","[[0.0, 1450.0]]",False,2000.0,
907,1.1948264849899317,8.131422909843582,0.0015830819128678526,1450.0,1500.0,max_daily_average_grid_connection_ratio,0.012303206639520337,"[{'constraint': 'max_daily_average_grid_connection_ratio', 'actual': 1.0123032066395203, 'target': 1.0, 'operator': '<=', 'violation': 0.012303206639520337, 'scaled_violation': 0.012303206639520337}]",maximum scale-free violation at first failed capacity,"[1450.0, 1500.0]","[[0.0, 1450.0]]",False,2000.0,
908,1.157110590809891,8.305299252141726,0.007321161041807852,1450.0,1500.0,max_daily_average_grid_connection_ratio,0.024202934645064733,"[{'constraint': 'max_daily_average_grid_connection_ratio', 'actual': 1.0242029346450647, 'target': 1.0, 'operator': '<=', 'violation': 0.024202934645064733, 'scaled_violation': 0.024202934645064733}]",maximum scale-free violation at first failed capacity,"[1450.0, 1500.0]","[[0.0, 1450.0]]",False,2000.0,
909,1.1993365889015637,5.486408905510974,0.002510179473857415,1450.0,1500.0,max_daily_average_grid_connection_ratio,0.02310336864078577,"[{'constraint': 'max_daily_average_grid_connection_ratio', 'actual': 1.0231033686407858, 'target': 1.0, 'operator': '<=', 'violation': 0.02310336864078577, 'scaled_violation': 0.02310336864078577}]",maximum scale-free violation at first failed capacity,"[1450.0, 1500.0]","[[0.0, 1450.0]]",False,2000.0,
910,1.1224028070825283,6.606656158305399,0.0009745255689623709,1550.0,1600.0,max_daily_average_grid_connection_ratio,0.010196564252615614,"[{'constraint': 'max_daily_average_grid_connection_ratio', 'actual': 1.0101965642526156, 'target': 1.0, 'operator': '<=', 'violation': 0.010196564252615614, 'scaled_violation': 0.010196564252615614}]",maximum scale-free violation at first failed capacity,"[1550.0, 1600.0]","[[0.0, 1550.0]]",False,2000.0,
911,1.3031716980493593,5.814971205621144,0.004606459499307748,1300.0,1350.0,max_daily_average_grid_connection_ratio,0.013325230733253868,"[{'constraint': 'max_daily_average_grid_connection_ratio', 'actual': 1.0133252307332539, 'target': 1.0, 'operator': '<=', 'violation': 0.013325230733253868, 'scaled_violation': 0.013325230733253868}]",maximum scale-free violation at first failed capacity,"[1300.0, 1350.0]","[[0.0, 1300.0]]",False,1950.0,reclaimed_water_substitution_ratio
912,1.2686230439645998,8.134338591592885,0.007653345836394312,1300.0,1350.0,max_daily_average_grid_connection_ratio,0.008070210504744324,"[{'constraint': 'max_daily_average_grid_connection_ratio', 'actual': 1.0080702105047443, 'target': 1.0, 'operator': '<=', 'violation': 0.008070210504744324, 'scaled_violation': 0.008070210504744324}]",maximum scale-free violation at first failed capacity,"[1300.0, 1350.0]","[[0.0, 1300.0]]",False,2000.0,
913,1.3593105511479882,3.2498462604311595,0.0009996640207816283,1200.0,1250.0,max_local_connection_ratio,0.010029148426464296,"[{'constraint': 'max_local_connection_ratio', 'actual': 1.0100291484264643, 'target': 1.0, 'operator': '<=', 'violation': 0.010029148426464296, 'scaled_violation': 0.010029148426464296}]",maximum scale-free violation at first failed capacity,"[1200.0, 1250.0]","[[0.0, 1200.0]]",False,1650.0,reclaimed_water_substitution_ratio
914,1.2019535990055445,6.470093545702139,0.001100445101630113,1450.0,1500.0,max_daily_average_grid_connection_ratio,0.014613251471158994,"[{'constraint': 'max_daily_average_grid_connection_ratio', 'actual': 1.014613251471159, 'target': 1.0, 'operator': '<=', 'violation': 0.014613251471158994, 'scaled_violation': 0.014613251471158994}]",maximum scale-free violation at first failed capacity,"[1450.0, 1500.0]","[[0.0, 1450.0]]",False,2000.0,
915,1.202339965423202,7.863906920721403,0.004931218447101145,1400.0,1450.0,max_daily_average_grid_connection_ratio,0.00916247845799445,"[{'constraint': 'max_daily_average_grid_connection_ratio', 'actual': 1.0091624784579944, 'target': 1.0, 'operator': '<=', 'violation': 0.00916247845799445, 'scaled_violation': 0.00916247845799445}]",maximum scale-free violation at first failed capacity,"[1400.0, 1450.0]","[[0.0, 1400.0]]",False,2000.0,
916,1.2113909394987687,3.8728503739846967,0.0036792800193355675,1400.0,1450.0,max_daily_average_grid_connection_ratio,0.0073180433563460046,"[{'constraint': 'max_daily_average_grid_connection_ratio', 'actual': 1.007318043356346, 'target': 1.0, 'operator': '<=', 'violation': 0.0073180433563460046, 'scaled_violation': 0.0073180433563460046}]",maximum scale-free violation at first failed capacity,"[1400.0, 1450.0]","[[0.0, 1400.0]]",False,1950.0,reclaimed_water_substitution_ratio
917,1.2427054946733747,4.06738319646161,0.00260898771300911,1400.0,1450.0,max_daily_average_grid_connection_ratio,0.024821771219990074,"[{'constraint': 'max_daily_average_grid_connection_ratio', 'actual': 1.02482177121999, 'target': 1.0, 'operator': '<=', 'violation': 0.024821771219990074, 'scaled_violation': 0.024821771219990074}, {'constraint': 'max_local_connection_ratio', 'actual': 1.0016920806878167, 'target': 1.0, 'operator': '<=', 'violation': 0.0016920806878166772, 'scaled_violation': 0.0016920806878166772}]",maximum scale-free violation at first failed capacity,"[1400.0, 1450.0]","[[0.0, 1400.0]]",False,1900.0,reclaimed_water_substitution_ratio
918,1.1230476089522266,7.331370733209472,0.0013855504555834244,1550.0,1600.0,max_daily_average_grid_connection_ratio,0.014094189791578282,"[{'constraint': 'max_daily_average_grid_connection_ratio', 'actual': 1.0140941897915783, 'target': 1.0, 'operator': '<=', 'violation': 0.014094189791578282, 'scaled_violation': 0.014094189791578282}]",maximum scale-free violation at first failed capacity,"[1550.0, 1600.0]","[[0.0, 1550.0]]",False,2000.0,
919,1.343181958771013,8.761685898194706,0.0021565265026160328,1300.0,1350.0,max_daily_average_grid_connection_ratio,0.02676608357696253,"[{'constraint': 'max_daily_average_grid_connection_ratio', 'actual': 1.0267660835769625, 'target': 1.0, 'operator': '<=', 'violation': 0.02676608357696253, 'scaled_violation': 0.02676608357696253}]",maximum scale-free violation at first failed capacity,"[1300.0, 1350.0]","[[0.0, 1300.0]]",False,1850.0,reclaimed_water_substitution_ratio
920,1.274879462247752,5.708569755591928,0.001774370229177569,1350.0,1400.0,max_daily_average_grid_connection_ratio,0.008721360018790758,"[{'constraint': 'max_daily_average_grid_connection_ratio', 'actual': 1.0087213600187908, 'target': 1.0, 'operator': '<=', 'violation': 0.008721360018790758, 'scaled_violation': 0.008721360018790758}]",maximum scale-free violation at first failed capacity,"[1350.0, 1400.0]","[[0.0, 1350.0]]",False,1950.0,reclaimed_water_substitution_ratio
921,1.1232909327516238,3.489422659286296,0.0016611404775287299,1500.0,1550.0,max_local_connection_ratio,0.013240539833700993,"[{'constraint': 'max_local_connection_ratio', 'actual': 1.013240539833701, 'target': 1.0, 'operator': '<=', 'violation': 0.013240539833700993, 'scaled_violation': 0.013240539833700993}]",maximum scale-free violation at first failed capacity,"[1500.0, 1550.0]","[[0.0, 1500.0]]",False,2000.0,
922,1.2640293029282328,8.69700712190464,0.005309433017295301,1350.0,1400.0,max_daily_average_grid_connection_ratio,0.025241561097914866,"[{'constraint': 'max_daily_average_grid_connection_ratio', 'actual': 1.0252415610979149, 'target': 1.0, 'operator': '<=', 'violation': 0.025241561097914866, 'scaled_violation': 0.025241561097914866}]",maximum scale-free violation at first failed capacity,"[1350.0, 1400.0]","[[0.0, 1350.0]]",False,2000.0,
923,1.3501287876990138,8.113905103424042,0.001809586138558336,1300.0,1350.0,max_daily_average_grid_connection_ratio,0.02963459597676521,"[{'constraint': 'max_daily_average_grid_connection_ratio', 'actual': 1.0296345959767652, 'target': 1.0, 'operator': '<=', 'violation': 0.02963459597676521, 'scaled_violation': 0.02963459597676521}]",maximum scale-free violation at first failed capacity,"[1300.0, 1350.0]","[[0.0, 1300.0]]",False,1850.0,reclaimed_water_substitution_ratio
924,1.2150053858952214,7.718481255048905,0.006274619491096346,1400.0,1450.0,max_daily_average_grid_connection_ratio,0.02925172866539305,"[{'constraint': 'max_daily_average_grid_connection_ratio', 'actual': 1.029251728665393, 'target': 1.0, 'operator': '<=', 'violation': 0.02925172866539305, 'scaled_violation': 0.02925172866539305}]",maximum scale-free violation at first failed capacity,"[1400.0, 1450.0]","[[0.0, 1400.0]]",False,2000.0,
925,1.1547962573644848,4.399101858055964,0.0020643818249582693,1500.0,1550.0,max_daily_average_grid_connection_ratio,0.015184430725549536,"[{'constraint': 'max_daily_average_grid_connection_ratio', 'actual': 1.0151844307255495, 'target': 1.0, 'operator': '<=', 'violation': 0.015184430725549536, 'scaled_violation': 0.015184430725549536}]",maximum scale-free violation at first failed capacity,"[1500.0, 1550.0]","[[0.0, 1500.0]]",False,2000.0,
926,1.3036422451409901,4.1726251254190885,0.0058134383130075545,1300.0,1350.0,max_daily_average_grid_connection_ratio,0.021910159844601873,"[{'constraint': 'max_daily_average_grid_connection_ratio', 'actual': 1.0219101598446019, 'target': 1.0, 'operator': '<=', 'violation': 0.021910159844601873, 'scaled_violation': 0.021910159844601873}]",maximum scale-free violation at first failed capacity,"[1300.0, 1350.0]","[[0.0, 1300.0]]",False,1900.0,reclaimed_water_substitution_ratio
927,1.3053579927465753,5.3398932001020265,0.003920882901542312,1300.0,1350.0,max_daily_average_grid_connection_ratio,0.010297617355009114,"[{'constraint': 'max_daily_average_grid_connection_ratio', 'actual': 1.0102976173550091, 'target': 1.0, 'operator': '<=', 'violation': 0.010297617355009114, 'scaled_violation': 0.010297617355009114}]",maximum scale-free violation at first failed capacity,"[1300.0, 1350.0]","[[0.0, 1300.0]]",False,1950.0,reclaimed_water_substitution_ratio
928,1.2298963318657432,8.036963052853759,0.006538266071797383,1350.0,1400.0,max_daily_average_grid_connection_ratio,0.007260266183308328,"[{'constraint': 'max_daily_average_grid_connection_ratio', 'actual': 1.0072602661833083, 'target': 1.0, 'operator': '<=', 'violation': 0.007260266183308328, 'scaled_violation': 0.007260266183308328}]",maximum scale-free violation at first failed capacity,"[1350.0, 1400.0]","[[0.0, 1350.0]]",False,2000.0,
929,1.3388763495025964,5.4427811019191195,0.003349002776163634,1300.0,1350.0,max_daily_average_grid_connection_ratio,0.0316533816598592,"[{'constraint': 'max_daily_average_grid_connection_ratio', 'actual': 1.0316533816598592, 'target': 1.0, 'operator': '<=', 'violation': 0.0316533816598592, 'scaled_violation': 0.0316533816598592}]",maximum scale-free violation at first failed capacity,"[1300.0, 1350.0]","[[0.0, 1300.0]]",False,1900.0,reclaimed_water_substitution_ratio
930,1.2372220507947498,8.893325149499011,0.006300575241458753,1350.0,1400.0,max_daily_average_grid_connection_ratio,0.011303642845361006,"[{'constraint': 'max_daily_average_grid_connection_ratio', 'actual': 1.011303642845361, 'target': 1.0, 'operator': '<=', 'violation': 0.011303642845361006, 'scaled_violation': 0.011303642845361006}]",maximum scale-free violation at first failed capacity,"[1350.0, 1400.0]","[[0.0, 1350.0]]",False,2000.0,
931,1.208017397392041,8.533626341306373,0.007950503608689175,1350.0,1400.0,max_daily_average_grid_connection_ratio,0.00015106591719926676,"[{'constraint': 'max_daily_average_grid_connection_ratio', 'actual': 1.0001510659171993, 'target': 1.0, 'operator': '<=', 'violation': 0.00015106591719926676, 'scaled_violation': 0.00015106591719926676}]",maximum scale-free violation at first failed capacity,"[1350.0, 1400.0]","[[0.0, 1350.0]]",False,2000.0,
932,1.334217289049323,5.533895751512159,0.0007052473771482024,1300.0,1350.0,max_daily_average_grid_connection_ratio,0.010115120586172921,"[{'constraint': 'max_daily_average_grid_connection_ratio', 'actual': 1.010115120586173, 'target': 1.0, 'operator': '<=', 'violation': 0.010115120586172921, 'scaled_violation': 0.010115120586172921}]",maximum scale-free violation at first failed capacity,"[1300.0, 1350.0]","[[0.0, 1300.0]]",False,1850.0,reclaimed_water_substitution_ratio
933,1.3084962215224925,6.942581323523199,0.005291619499710947,1300.0,1350.0,max_daily_average_grid_connection_ratio,0.022009254611579543,"[{'constraint': 'max_daily_average_grid_connection_ratio', 'actual': 1.0220092546115795, 'target': 1.0, 'operator': '<=', 'violation': 0.022009254611579543, 'scaled_violation': 0.022009254611579543}]",maximum scale-free violation at first failed capacity,"[1300.0, 1350.0]","[[0.0, 1300.0]]",False,1950.0,reclaimed_water_substitution_ratio
934,1.2134150427016621,8.373179584180518,0.002530563673608651,1400.0,1450.0,max_daily_average_grid_connection_ratio,0.0005428178360114,"[{'constraint': 'max_daily_average_grid_connection_ratio', 'actual': 1.0005428178360114, 'target': 1.0, 'operator': '<=', 'violation': 0.0005428178360114, 'scaled_violation': 0.0005428178360114}]",maximum scale-free violation at first failed capacity,"[1400.0, 1450.0]","[[0.0, 1400.0]]",False,2000.0,
935,1.1849113910287152,6.066591678698339,0.006065090150856243,1400.0,1450.0,max_daily_average_grid_connection_ratio,0.0033622444279060026,"[{'constraint': 'max_daily_average_grid_connection_ratio', 'actual': 1.003362244427906, 'target': 1.0, 'operator': '<=', 'violation': 0.0033622444279060026, 'scaled_violation': 0.0033622444279060026}]",maximum scale-free violation at first failed capacity,"[1400.0, 1450.0]","[[0.0, 1400.0]]",False,2000.0,
936,1.2375242913128919,7.232303602652346,0.006364008002367702,1350.0,1400.0,max_daily_average_grid_connection_ratio,0.011988377454480892,"[{'constraint': 'max_daily_average_grid_connection_ratio', 'actual': 1.011988377454481, 'target': 1.0, 'operator': '<=', 'violation': 0.011988377454480892, 'scaled_violation': 0.011988377454480892}]",maximum scale-free violation at first failed capacity,"[1350.0, 1400.0]","[[0.0, 1350.0]]",False,2000.0,
937,1.2948570336194158,4.073216504012286,0.007530754045103305,1300.0,1350.0,max_daily_average_grid_connection_ratio,0.027001044340592584,"[{'constraint': 'max_daily_average_grid_connection_ratio', 'actual': 1.0270010443405926, 'target': 1.0, 'operator': '<=', 'violation': 0.027001044340592584, 'scaled_violation': 0.027001044340592584}, {'constraint': 'max_local_connection_ratio', 'actual': 1.0033899360691805, 'target': 1.0, 'operator': '<=', 'violation': 0.003389936069180477, 'scaled_violation': 0.003389936069180477}]",maximum scale-free violation at first failed capacity,"[1300.0, 1350.0]","[[0.0, 1300.0]]",False,1900.0,reclaimed_water_substitution_ratio
938,1.2283373491961378,4.126199768479853,0.0013692116125070698,1400.0,1450.0,max_daily_average_grid_connection_ratio,0.0041134769495903,"[{'constraint': 'max_daily_average_grid_connection_ratio', 'actual': 1.0041134769495903, 'target': 1.0, 'operator': '<=', 'violation': 0.0041134769495903, 'scaled_violation': 0.0041134769495903}]",maximum scale-free violation at first failed capacity,"[1400.0, 1450.0]","[[0.0, 1400.0]]",False,1950.0,reclaimed_water_substitution_ratio
939,1.1773545124959335,7.387607740212948,0.006790745998611637,1400.0,1450.0,max_daily_average_grid_connection_ratio,0.0025612923914550834,"[{'constraint': 'max_daily_average_grid_connection_ratio', 'actual': 1.002561292391455, 'target': 1.0, 'operator': '<=', 'violation': 0.0025612923914550834, 'scaled_violation': 0.0025612923914550834}]",maximum scale-free violation at first failed capacity,"[1400.0, 1450.0]","[[0.0, 1400.0]]",False,2000.0,
940,1.337932069422393,4.898629933925971,0.0005066720356150255,1300.0,1350.0,max_daily_average_grid_connection_ratio,0.01156004923921139,"[{'constraint': 'max_daily_average_grid_connection_ratio', 'actual': 1.0115600492392114, 'target': 1.0, 'operator': '<=', 'violation': 0.01156004923921139, 'scaled_violation': 0.01156004923921139}]",maximum scale-free violation at first failed capacity,"[1300.0, 1350.0]","[[0.0, 1300.0]]",False,1800.0,reclaimed_water_substitution_ratio
941,1.152458493454646,7.300824981833188,0.007001978384379539,1450.0,1500.0,max_daily_average_grid_connection_ratio,0.017889860266022906,"[{'constraint': 'max_daily_average_grid_connection_ratio', 'actual': 1.017889860266023, 'target': 1.0, 'operator': '<=', 'violation': 0.017889860266022906, 'scaled_violation': 0.017889860266022906}]",maximum scale-free violation at first failed capacity,"[1450.0, 1500.0]","[[0.0, 1450.0]]",False,2000.0,
942,1.296633949021512,8.955270566517434,0.001552920359565227,1350.0,1400.0,max_daily_average_grid_connection_ratio,0.024154032246159307,"[{'constraint': 'max_daily_average_grid_connection_ratio', 'actual': 1.0241540322461593, 'target': 1.0, 'operator': '<=', 'violation': 0.024154032246159307, 'scaled_violation': 0.024154032246159307}]",maximum scale-free violation at first failed capacity,"[1350.0, 1400.0]","[[0.0, 1350.0]]",False,1900.0,reclaimed_water_substitution_ratio
943,1.3131963071439334,5.69142415944701,0.0011144290840762738,1350.0,1400.0,max_daily_average_grid_connection_ratio,0.03399482536472154,"[{'constraint': 'max_daily_average_grid_connection_ratio', 'actual': 1.0339948253647215, 'target': 1.0, 'operator': '<=', 'violation': 0.03399482536472154, 'scaled_violation': 0.03399482536472154}]",maximum scale-free violation at first failed capacity,"[1350.0, 1400.0]","[[0.0, 1350.0]]",False,1900.0,reclaimed_water_substitution_ratio
944,1.330528122745321,7.806245577190181,0.0037974052212366503,1300.0,1350.0,max_daily_average_grid_connection_ratio,0.028420813345325646,"[{'constraint': 'max_daily_average_grid_connection_ratio', 'actual': 1.0284208133453256, 'target': 1.0, 'operator': '<=', 'violation': 0.028420813345325646, 'scaled_violation': 0.028420813345325646}]",maximum scale-free violation at first failed capacity,"[1300.0, 1350.0]","[[0.0, 1300.0]]",False,1900.0,reclaimed_water_substitution_ratio
945,1.1368776311919033,3.7984236318059743,0.0032643114814154147,1500.0,1550.0,max_daily_average_grid_connection_ratio,0.009077415431397284,"[{'constraint': 'max_daily_average_grid_connection_ratio', 'actual': 1.0090774154313973, 'target': 1.0, 'operator': '<=', 'violation': 0.009077415431397284, 'scaled_violation': 0.009077415431397284}, {'constraint': 'max_local_connection_ratio', 'actual': 1.0078072535150808, 'target': 1.0, 'operator': '<=', 'violation': 0.007807253515080825, 'scaled_violation': 0.007807253515080825}]",maximum scale-free violation at first failed capacity,"[1500.0, 1550.0]","[[0.0, 1500.0]]",False,2000.0,
946,1.2113958438474264,3.052931891997857,0.0014216613193851128,1300.0,1350.0,max_local_connection_ratio,0.002708742691653221,"[{'constraint': 'max_local_connection_ratio', 'actual': 1.0027087426916532, 'target': 1.0, 'operator': '<=', 'violation': 0.002708742691653221, 'scaled_violation': 0.002708742691653221}]",maximum scale-free violation at first failed capacity,"[1300.0, 1350.0]","[[0.0, 1300.0]]",False,1800.0,reclaimed_water_substitution_ratio
947,1.2907354031315883,4.937740026955833,0.005696099690908408,1300.0,1350.0,max_daily_average_grid_connection_ratio,0.011384981167295471,"[{'constraint': 'max_daily_average_grid_connection_ratio', 'actual': 1.0113849811672955, 'target': 1.0, 'operator': '<=', 'violation': 0.011384981167295471, 'scaled_violation': 0.011384981167295471}]",maximum scale-free violation at first failed capacity,"[1300.0, 1350.0]","[[0.0, 1300.0]]",False,1950.0,reclaimed_water_substitution_ratio
948,1.1446749187664063,8.499778533440647,0.00508926822643045,1500.0,1550.0,max_daily_average_grid_connection_ratio,0.030110880224758718,"[{'constraint': 'max_daily_average_grid_connection_ratio', 'actual': 1.0301108802247587, 'target': 1.0, 'operator': '<=', 'violation': 0.030110880224758718, 'scaled_violation': 0.030110880224758718}]",maximum scale-free violation at first failed capacity,"[1500.0, 1550.0]","[[0.0, 1500.0]]",False,2000.0,
949,1.213511877260651,5.349401521555873,0.004146734029601146,1400.0,1450.0,max_daily_average_grid_connection_ratio,0.012458186245490221,"[{'constraint': 'max_daily_average_grid_connection_ratio', 'actual': 1.0124581862454902, 'target': 1.0, 'operator': '<=', 'violation': 0.012458186245490221, 'scaled_violation': 0.012458186245490221}]",maximum scale-free violation at first failed capacity,"[1400.0, 1450.0]","[[0.0, 1400.0]]",False,2000.0,
950,1.333789625675338,4.5787059891077,0.004221662763944512,1300.0,1350.0,max_daily_average_grid_connection_ratio,0.03377130021121477,"[{'constraint': 'max_daily_average_grid_connection_ratio', 'actual': 1.0337713002112148, 'target': 1.0, 'operator': '<=', 'violation': 0.03377130021121477, 'scaled_violation': 0.03377130021121477}]",maximum scale-free violation at first failed capacity,"[1300.0, 1350.0]","[[0.0, 1300.0]]",False,1850.0,reclaimed_water_substitution_ratio
951,1.2590133736031381,3.322197014707184,0.007746374302603394,1250.0,1300.0,max_local_connection_ratio,0.011224850084735616,"[{'constraint': 'max_local_connection_ratio', 'actual': 1.0112248500847356, 'target': 1.0, 'operator': '<=', 'violation': 0.011224850084735616, 'scaled_violation': 0.011224850084735616}]",maximum scale-free violation at first failed capacity,"[1250.0, 1300.0]","[[0.0, 1250.0]]",False,1900.0,reclaimed_water_substitution_ratio
952,1.2355232519527206,7.20009048580439,0.007318063217268323,1350.0,1400.0,max_daily_average_grid_connection_ratio,0.01717144049786179,"[{'constraint': 'max_daily_average_grid_connection_ratio', 'actual': 1.0171714404978618, 'target': 1.0, 'operator': '<=', 'violation': 0.01717144049786179, 'scaled_violation': 0.01717144049786179}]",maximum scale-free violation at first failed capacity,"[1350.0, 1400.0]","[[0.0, 1350.0]]",False,2000.0,
953,1.3222235613554545,7.057961114073125,0.006651698472305231,1250.0,1300.0,max_daily_average_grid_connection_ratio,0.003048126872100987,"[{'constraint': 'max_daily_average_grid_connection_ratio', 'actual': 1.003048126872101, 'target': 1.0, 'operator': '<=', 'violation': 0.003048126872100987, 'scaled_violation': 0.003048126872100987}]",maximum scale-free violation at first failed capacity,"[1250.0, 1300.0]","[[0.0, 1250.0]]",False,1950.0,reclaimed_water_substitution_ratio
954,1.3538168824627181,4.0798441473954234,0.007776629492559696,1250.0,1300.0,max_daily_average_grid_connection_ratio,0.033358188727700355,"[{'constraint': 'max_daily_average_grid_connection_ratio', 'actual': 1.0333581887277004, 'target': 1.0, 'operator': '<=', 'violation': 0.033358188727700355, 'scaled_violation': 0.033358188727700355}, {'constraint': 'max_local_connection_ratio', 'actual': 1.0091087960205574, 'target': 1.0, 'operator': '<=', 'violation': 0.009108796020557364, 'scaled_violation': 0.009108796020557364}]",maximum scale-free violation at first failed capacity,"[1250.0, 1300.0]","[[0.0, 1250.0]]",False,1850.0,reclaimed_water_substitution_ratio
955,1.2360745018593193,6.86226494778341,0.003634934405584163,1400.0,1450.0,max_daily_average_grid_connection_ratio,0.026969493901034536,"[{'constraint': 'max_daily_average_grid_connection_ratio', 'actual': 1.0269694939010345, 'target': 1.0, 'operator': '<=', 'violation': 0.026969493901034536, 'scaled_violation': 0.026969493901034536}]",maximum scale-free violation at first failed capacity,"[1400.0, 1450.0]","[[0.0, 1400.0]]",False,2000.0,
956,1.342066356765962,7.304775390684674,0.007185972888293887,1250.0,1300.0,max_daily_average_grid_connection_ratio,0.02095381026451304,"[{'constraint': 'max_daily_average_grid_connection_ratio', 'actual': 1.020953810264513, 'target': 1.0, 'operator': '<=', 'violation': 0.02095381026451304, 'scaled_violation': 0.02095381026451304}]",maximum scale-free violation at first failed capacity,"[1250.0, 1300.0]","[[0.0, 1250.0]]",False,1950.0,reclaimed_water_substitution_ratio
957,1.1918531284047091,8.036151848691997,0.0014862744477532348,1450.0,1500.0,max_daily_average_grid_connection_ratio,0.009080435257736497,"[{'constraint': 'max_daily_average_grid_connection_ratio', 'actual': 1.0090804352577365, 'target': 1.0, 'operator': '<=', 'violation': 0.009080435257736497, 'scaled_violation': 0.009080435257736497}]",maximum scale-free violation at first failed capacity,"[1450.0, 1500.0]","[[0.0, 1450.0]]",False,2000.0,
958,1.2058808607662987,7.123569986220543,0.0014361338609708515,1450.0,1500.0,max_daily_average_grid_connection_ratio,0.020444554612608856,"[{'constraint': 'max_daily_average_grid_connection_ratio', 'actual': 1.0204445546126089, 'target': 1.0, 'operator': '<=', 'violation': 0.020444554612608856, 'scaled_violation': 0.020444554612608856}]",maximum scale-free violation at first failed capacity,"[1450.0, 1500.0]","[[0.0, 1450.0]]",False,2000.0,
959,1.3105979204482745,6.667120222105102,0.0052780745992170985,1300.0,1350.0,max_daily_average_grid_connection_ratio,0.023500480122979672,"[{'constraint': 'max_daily_average_grid_connection_ratio', 'actual': 1.0235004801229797, 'target': 1.0, 'operator': '<=', 'violation': 0.023500480122979672, 'scaled_violation': 0.023500480122979672}]",maximum scale-free violation at first failed capacity,"[1300.0, 1350.0]","[[0.0, 1300.0]]",False,1950.0,reclaimed_water_substitution_ratio
960,1.3380078516743261,3.932086241534801,0.0018604036976714242,1300.0,1350.0,max_daily_average_grid_connection_ratio,0.020848237731570407,"[{'constraint': 'max_daily_average_grid_connection_ratio', 'actual': 1.0208482377315704, 'target': 1.0, 'operator': '<=', 'violation': 0.020848237731570407, 'scaled_violation': 0.020848237731570407}, {'constraint': 'max_local_connection_ratio', 'actual': 1.0082529638079416, 'target': 1.0, 'operator': '<=', 'violation': 0.008252963807941605, 'scaled_violation': 0.008252963807941605}]",maximum scale-free violation at first failed capacity,"[1300.0, 1350.0]","[[0.0, 1300.0]]",False,1750.0,reclaimed_water_substitution_ratio
961,1.1597917312719441,4.211643462659362,0.0005155040502060888,1500.0,1550.0,max_daily_average_grid_connection_ratio,0.007379550882503194,"[{'constraint': 'max_daily_average_grid_connection_ratio', 'actual': 1.0073795508825032, 'target': 1.0, 'operator': '<=', 'violation': 0.007379550882503194, 'scaled_violation': 0.007379550882503194}]",maximum scale-free violation at first failed capacity,"[1500.0, 1550.0]","[[0.0, 1500.0]]",False,2000.0,
962,1.254056243518376,7.5659243882053095,0.007639814023309419,1350.0,1400.0,max_daily_average_grid_connection_ratio,0.033928149698670085,"[{'constraint': 'max_daily_average_grid_connection_ratio', 'actual': 1.03392814969867, 'target': 1.0, 'operator': '<=', 'violation': 0.033928149698670085, 'scaled_violation': 0.033928149698670085}]",maximum scale-free violation at first failed capacity,"[1350.0, 1400.0]","[[0.0, 1350.0]]",False,2000.0,
963,1.20051340286427,7.621644658841213,0.005600493090016739,1400.0,1450.0,max_daily_average_grid_connection_ratio,0.012586091091594032,"[{'constraint': 'max_daily_average_grid_connection_ratio', 'actual': 1.012586091091594, 'target': 1.0, 'operator': '<=', 'violation': 0.012586091091594032, 'scaled_violation': 0.012586091091594032}]",maximum scale-free violation at first failed capacity,"[1400.0, 1450.0]","[[0.0, 1400.0]]",False,2000.0,
964,1.2077929683822313,3.2645144010133276,0.0046079743791862405,1350.0,1400.0,max_local_connection_ratio,0.031056330924054354,"[{'constraint': 'max_local_connection_ratio', 'actual': 1.0310563309240544, 'target': 1.0, 'operator': '<=', 'violation': 0.031056330924054354, 'scaled_violation': 0.031056330924054354}, {'constraint': 'max_wtw_utilization', 'actual': 0.9505174215226847, 'target': 0.95, 'operator': '<=', 'violation': 0.0005174215226847467, 'scaled_violation': 0.0005446542344049966}]",maximum scale-free violation at first failed capacity,"[1350.0, 1400.0]","[[0.0, 1350.0]]",False,1900.0,reclaimed_water_substitution_ratio
965,1.132717414429961,3.8134186127076486,0.0009653388794507604,1550.0,1600.0,max_daily_average_grid_connection_ratio,0.019333401424152186,"[{'constraint': 'max_daily_average_grid_connection_ratio', 'actual': 1.0193334014241522, 'target': 1.0, 'operator': '<=', 'violation': 0.019333401424152186, 'scaled_violation': 0.019333401424152186}, {'constraint': 'max_local_connection_ratio', 'actual': 1.0167299242201733, 'target': 1.0, 'operator': '<=', 'violation': 0.016729924220173276, 'scaled_violation': 0.016729924220173276}]",maximum scale-free violation at first failed capacity,"[1550.0, 1600.0]","[[0.0, 1550.0]]",False,2000.0,
966,1.1884793663790028,7.440586192634417,0.0019763084748258353,1450.0,1500.0,max_daily_average_grid_connection_ratio,0.009968742901375283,"[{'constraint': 'max_daily_average_grid_connection_ratio', 'actual': 1.0099687429013753, 'target': 1.0, 'operator': '<=', 'violation': 0.009968742901375283, 'scaled_violation': 0.009968742901375283}]",maximum scale-free violation at first failed capacity,"[1450.0, 1500.0]","[[0.0, 1450.0]]",False,2000.0,
967,1.3053518045397163,3.78032097469983,0.005020916886618473,1300.0,1350.0,max_local_connection_ratio,0.01812354292079421,"[{'constraint': 'max_local_connection_ratio', 'actual': 1.0181235429207942, 'target': 1.0, 'operator': '<=', 'violation': 0.01812354292079421, 'scaled_violation': 0.01812354292079421}, {'constraint': 'max_daily_average_grid_connection_ratio', 'actual': 1.0177940798089355, 'target': 1.0, 'operator': '<=', 'violation': 0.017794079808935548, 'scaled_violation': 0.017794079808935548}]",maximum scale-free violation at first failed capacity,"[1300.0, 1350.0]","[[0.0, 1300.0]]",False,1850.0,reclaimed_water_substitution_ratio
968,1.1293927247045472,7.5850723504461275,0.006039168671170929,1500.0,1550.0,max_daily_average_grid_connection_ratio,0.02432712738765308,"[{'constraint': 'max_daily_average_grid_connection_ratio', 'actual': 1.024327127387653, 'target': 1.0, 'operator': '<=', 'violation': 0.02432712738765308, 'scaled_violation': 0.02432712738765308}]",maximum scale-free violation at first failed capacity,"[1500.0, 1550.0]","[[0.0, 1500.0]]",False,2000.0,
969,1.221168995060193,8.850997622645544,0.002921800457698829,1400.0,1450.0,max_daily_average_grid_connection_ratio,0.009683498942881341,"[{'constraint': 'max_daily_average_grid_connection_ratio', 'actual': 1.0096834989428813, 'target': 1.0, 'operator': '<=', 'violation': 0.009683498942881341, 'scaled_violation': 0.009683498942881341}]",maximum scale-free violation at first failed capacity,"[1400.0, 1450.0]","[[0.0, 1400.0]]",False,2000.0,
970,1.1605984369024775,3.9159262412333744,0.007343499415814442,1450.0,1500.0,max_daily_average_grid_connection_ratio,0.027292209658579036,"[{'constraint': 'max_daily_average_grid_connection_ratio', 'actual': 1.027292209658579, 'target': 1.0, 'operator': '<=', 'violation': 0.027292209658579036, 'scaled_violation': 0.027292209658579036}, {'constraint': 'max_local_connection_ratio', 'actual': 1.015938041348689, 'target': 1.0, 'operator': '<=', 'violation': 0.015938041348688925, 'scaled_violation': 0.015938041348688925}]",maximum scale-free violation at first failed capacity,"[1450.0, 1500.0]","[[0.0, 1450.0]]",False,2000.0,
971,1.1838725218747048,8.332052116581286,0.0028288244956297367,1450.0,1500.0,max_daily_average_grid_connection_ratio,0.01257111671656097,"[{'constraint': 'max_daily_average_grid_connection_ratio', 'actual': 1.012571116716561, 'target': 1.0, 'operator': '<=', 'violation': 0.01257111671656097, 'scaled_violation': 0.01257111671656097}]",maximum scale-free violation at first failed capacity,"[1450.0, 1500.0]","[[0.0, 1450.0]]",False,2000.0,
972,1.201919788404939,6.710721954267926,0.0027786007680689544,1450.0,1500.0,max_daily_average_grid_connection_ratio,0.027299760148012497,"[{'constraint': 'max_daily_average_grid_connection_ratio', 'actual': 1.0272997601480125, 'target': 1.0, 'operator': '<=', 'violation': 0.027299760148012497, 'scaled_violation': 0.027299760148012497}]",maximum scale-free violation at first failed capacity,"[1450.0, 1500.0]","[[0.0, 1450.0]]",False,2000.0,
973,1.26787161223297,8.230720271986508,0.0071721488079483,1300.0,1350.0,max_daily_average_grid_connection_ratio,0.004222742073805019,"[{'constraint': 'max_daily_average_grid_connection_ratio', 'actual': 1.004222742073805, 'target': 1.0, 'operator': '<=', 'violation': 0.004222742073805019, 'scaled_violation': 0.004222742073805019}]",maximum scale-free violation at first failed capacity,"[1300.0, 1350.0]","[[0.0, 1300.0]]",False,2000.0,
974,1.2961408845379494,3.5342264042103144,0.006277766466840593,1250.0,1300.0,max_local_connection_ratio,0.005305101986181171,"[{'constraint': 'max_local_connection_ratio', 'actual': 1.0053051019861812, 'target': 1.0, 'operator': '<=', 'violation': 0.005305101986181171, 'scaled_violation': 0.005305101986181171}]",maximum scale-free violation at first failed capacity,"[1250.0, 1300.0]","[[0.0, 1250.0]]",False,1850.0,reclaimed_water_substitution_ratio
975,1.266401479242433,8.792941138759426,0.00534500546705792,1350.0,1400.0,max_daily_average_grid_connection_ratio,0.02734670037421716,"[{'constraint': 'max_daily_average_grid_connection_ratio', 'actual': 1.0273467003742172, 'target': 1.0, 'operator': '<=', 'violation': 0.02734670037421716, 'scaled_violation': 0.02734670037421716}]",maximum scale-free violation at first failed capacity,"[1350.0, 1400.0]","[[0.0, 1350.0]]",False,2000.0,
976,1.1285578624585797,8.636556587087043,0.007358493354122409,1450.0,1500.0,max_daily_average_grid_connection_ratio,0.0005814447067682416,"[{'constraint': 'max_daily_average_grid_connection_ratio', 'actual': 1.0005814447067682, 'target': 1.0, 'operator': '<=', 'violation': 0.0005814447067682416, 'scaled_violation': 0.0005814447067682416}]",maximum scale-free violation at first failed capacity,"[1450.0, 1500.0]","[[0.0, 1450.0]]",False,2000.0,
977,1.2153671084272852,5.813060397639836,0.0014449203187662497,1450.0,1500.0,max_daily_average_grid_connection_ratio,0.028453013157706764,"[{'constraint': 'max_daily_average_grid_connection_ratio', 'actual': 1.0284530131577068, 'target': 1.0, 'operator': '<=', 'violation': 0.028453013157706764, 'scaled_violation': 0.028453013157706764}]",maximum scale-free violation at first failed capacity,"[1450.0, 1500.0]","[[0.0, 1450.0]]",False,2000.0,
978,1.3177350350327846,6.554589665191809,0.005347047190058435,1300.0,1350.0,max_daily_average_grid_connection_ratio,0.02934847690322795,"[{'constraint': 'max_daily_average_grid_connection_ratio', 'actual': 1.029348476903228, 'target': 1.0, 'operator': '<=', 'violation': 0.02934847690322795, 'scaled_violation': 0.02934847690322795}]",maximum scale-free violation at first failed capacity,"[1300.0, 1350.0]","[[0.0, 1300.0]]",False,1950.0,reclaimed_water_substitution_ratio
979,1.315673595548814,5.725162519525137,0.0013464453759957917,1300.0,1350.0,max_daily_average_grid_connection_ratio,0.0005151437143633419,"[{'constraint': 'max_daily_average_grid_connection_ratio', 'actual': 1.0005151437143633, 'target': 1.0, 'operator': '<=', 'violation': 0.0005151437143633419, 'scaled_violation': 0.0005151437143633419}]",maximum scale-free violation at first failed capacity,"[1300.0, 1350.0]","[[0.0, 1300.0]]",False,1900.0,reclaimed_water_substitution_ratio
980,1.2946383024868646,4.974779779993089,0.0030462230887804823,1350.0,1400.0,max_daily_average_grid_connection_ratio,0.033154624571853475,"[{'constraint': 'max_daily_average_grid_connection_ratio', 'actual': 1.0331546245718535, 'target': 1.0, 'operator': '<=', 'violation': 0.033154624571853475, 'scaled_violation': 0.033154624571853475}]",maximum scale-free violation at first failed capacity,"[1350.0, 1400.0]","[[0.0, 1350.0]]",False,1900.0,reclaimed_water_substitution_ratio
981,1.3491868107958842,6.752952407602141,0.0008040832538328067,1300.0,1350.0,max_daily_average_grid_connection_ratio,0.022068317081869182,"[{'constraint': 'max_daily_average_grid_connection_ratio', 'actual': 1.0220683170818692, 'target': 1.0, 'operator': '<=', 'violation': 0.022068317081869182, 'scaled_violation': 0.022068317081869182}]",maximum scale-free violation at first failed capacity,"[1300.0, 1350.0]","[[0.0, 1300.0]]",False,1850.0,reclaimed_water_substitution_ratio
982,1.286298707540929,6.309783920561442,0.006393117085467666,1300.0,1350.0,max_daily_average_grid_connection_ratio,0.012794977205040636,"[{'constraint': 'max_daily_average_grid_connection_ratio', 'actual': 1.0127949772050406, 'target': 1.0, 'operator': '<=', 'violation': 0.012794977205040636, 'scaled_violation': 0.012794977205040636}]",maximum scale-free violation at first failed capacity,"[1300.0, 1350.0]","[[0.0, 1300.0]]",False,2000.0,
983,1.3225471746365185,4.474233858543671,0.00337051987342705,1300.0,1350.0,max_daily_average_grid_connection_ratio,0.01949639993890373,"[{'constraint': 'max_daily_average_grid_connection_ratio', 'actual': 1.0194963999389037, 'target': 1.0, 'operator': '<=', 'violation': 0.01949639993890373, 'scaled_violation': 0.01949639993890373}]",maximum scale-free violation at first failed capacity,"[1300.0, 1350.0]","[[0.0, 1300.0]]",False,1850.0,reclaimed_water_substitution_ratio
984,1.2776558247459218,3.196474257565785,0.0032267939204386185,1250.0,1300.0,max_local_connection_ratio,0.01018523424627471,"[{'constraint': 'max_local_connection_ratio', 'actual': 1.0101852342462747, 'target': 1.0, 'operator': '<=', 'violation': 0.01018523424627471, 'scaled_violation': 0.01018523424627471}]",maximum scale-free violation at first failed capacity,"[1250.0, 1300.0]","[[0.0, 1250.0]]",False,1750.0,reclaimed_water_substitution_ratio
985,1.3591602818667858,5.008586028071521,0.005833000644256833,1250.0,1300.0,max_daily_average_grid_connection_ratio,0.02447249722149647,"[{'constraint': 'max_daily_average_grid_connection_ratio', 'actual': 1.0244724972214965, 'target': 1.0, 'operator': '<=', 'violation': 0.02447249722149647, 'scaled_violation': 0.02447249722149647}]",maximum scale-free violation at first failed capacity,"[1250.0, 1300.0]","[[0.0, 1250.0]]",False,1850.0,reclaimed_water_substitution_ratio
986,1.304055198535294,6.356895388310711,0.002336625557796315,1350.0,1400.0,max_daily_average_grid_connection_ratio,0.035494907638315976,"[{'constraint': 'max_daily_average_grid_connection_ratio', 'actual': 1.035494907638316, 'target': 1.0, 'operator': '<=', 'violation': 0.035494907638315976, 'scaled_violation': 0.035494907638315976}]",maximum scale-free violation at first failed capacity,"[1350.0, 1400.0]","[[0.0, 1350.0]]",False,1900.0,reclaimed_water_substitution_ratio
987,1.3438137984103313,6.014651929534696,0.003402397430831838,1300.0,1350.0,max_daily_average_grid_connection_ratio,0.03573774849267397,"[{'constraint': 'max_daily_average_grid_connection_ratio', 'actual': 1.035737748492674, 'target': 1.0, 'operator': '<=', 'violation': 0.03573774849267397, 'scaled_violation': 0.03573774849267397}]",maximum scale-free violation at first failed capacity,"[1300.0, 1350.0]","[[0.0, 1300.0]]",False,1900.0,reclaimed_water_substitution_ratio
988,1.209506363783145,7.659680621578955,0.0057383269359659195,1400.0,1450.0,max_daily_average_grid_connection_ratio,0.020873543924507798,"[{'constraint': 'max_daily_average_grid_connection_ratio', 'actual': 1.0208735439245078, 'target': 1.0, 'operator': '<=', 'violation': 0.020873543924507798, 'scaled_violation': 0.020873543924507798}]",maximum scale-free violation at first failed capacity,"[1400.0, 1450.0]","[[0.0, 1400.0]]",False,2000.0,
989,1.120814441961256,3.0222065755774814,0.007686194941886281,1350.0,1400.0,max_local_connection_ratio,0.015745411385408525,"[{'constraint': 'max_local_connection_ratio', 'actual': 1.0157454113854085, 'target': 1.0, 'operator': '<=', 'violation': 0.015745411385408525, 'scaled_violation': 0.015745411385408525}]",maximum scale-free violation at first failed capacity,"[1350.0, 1400.0]","[[0.0, 1350.0]]",False,2000.0,
990,1.2982339832148773,4.668006728751746,0.0010008186037863257,1350.0,1400.0,max_daily_average_grid_connection_ratio,0.021500062828055277,"[{'constraint': 'max_daily_average_grid_connection_ratio', 'actual': 1.0215000628280553, 'target': 1.0, 'operator': '<=', 'violation': 0.021500062828055277, 'scaled_violation': 0.021500062828055277}]",maximum scale-free violation at first failed capacity,"[1350.0, 1400.0]","[[0.0, 1350.0]]",False,1850.0,reclaimed_water_substitution_ratio
991,1.2661207087426993,4.047825408519517,0.004726951023711732,1350.0,1400.0,max_daily_average_grid_connection_ratio,0.02275670756252346,"[{'constraint': 'max_daily_average_grid_connection_ratio', 'actual': 1.0227567075625235, 'target': 1.0, 'operator': '<=', 'violation': 0.02275670756252346, 'scaled_violation': 0.02275670756252346}, {'constraint': 'max_local_connection_ratio', 'actual': 1.0011288388480846, 'target': 1.0, 'operator': '<=', 'violation': 0.001128838848084568, 'scaled_violation': 0.001128838848084568}]",maximum scale-free violation at first failed capacity,"[1350.0, 1400.0]","[[0.0, 1350.0]]",False,1900.0,reclaimed_water_substitution_ratio
992,1.1426677715933498,4.336018688470267,0.0007885210756404561,1550.0,1600.0,max_daily_average_grid_connection_ratio,0.026790202102308758,"[{'constraint': 'max_daily_average_grid_connection_ratio', 'actual': 1.0267902021023088, 'target': 1.0, 'operator': '<=', 'violation': 0.026790202102308758, 'scaled_violation': 0.026790202102308758}]",maximum scale-free violation at first failed capacity,"[1550.0, 1600.0]","[[0.0, 1550.0]]",False,2000.0,
993,1.1921487722022446,3.36877698039505,0.004829212163226683,1350.0,1400.0,max_local_connection_ratio,0.007033244921092141,"[{'constraint': 'max_local_connection_ratio', 'actual': 1.0070332449210921, 'target': 1.0, 'operator': '<=', 'violation': 0.007033244921092141, 'scaled_violation': 0.007033244921092141}]",maximum scale-free violation at first failed capacity,"[1350.0, 1400.0]","[[0.0, 1350.0]]",False,1950.0,reclaimed_water_substitution_ratio
994,1.3541419931966314,3.106383416148792,0.005138679118122946,1150.0,1200.0,max_local_connection_ratio,0.011823370683907042,"[{'constraint': 'max_local_connection_ratio', 'actual': 1.011823370683907, 'target': 1.0, 'operator': '<=', 'violation': 0.011823370683907042, 'scaled_violation': 0.011823370683907042}]",maximum scale-free violation at first failed capacity,"[1150.0, 1200.0]","[[0.0, 1150.0]]",False,1650.0,reclaimed_water_substitution_ratio
995,1.2076465020306661,5.43985182779427,0.0052904654183924624,1400.0,1450.0,max_daily_average_grid_connection_ratio,0.016088185576424996,"[{'constraint': 'max_daily_average_grid_connection_ratio', 'actual': 1.016088185576425, 'target': 1.0, 'operator': '<=', 'violation': 0.016088185576424996, 'scaled_violation': 0.016088185576424996}]",maximum scale-free violation at first failed capacity,"[1400.0, 1450.0]","[[0.0, 1400.0]]",False,2000.0,
996,1.2651403990890548,6.421928535158157,0.006981098422715579,1300.0,1350.0,max_daily_average_grid_connection_ratio,0.0008620561635281909,"[{'constraint': 'max_daily_average_grid_connection_ratio', 'actual': 1.0008620561635282, 'target': 1.0, 'operator': '<=', 'violation': 0.0008620561635281909, 'scaled_violation': 0.0008620561635281909}]",maximum scale-free violation at first failed capacity,"[1300.0, 1350.0]","[[0.0, 1300.0]]",False,2000.0,
997,1.1929578088134574,3.790969493551991,0.004248270571615689,1450.0,1500.0,max_daily_average_grid_connection_ratio,0.030931979247764252,"[{'constraint': 'max_daily_average_grid_connection_ratio', 'actual': 1.0309319792477643, 'target': 1.0, 'operator': '<=', 'violation': 0.030931979247764252, 'scaled_violation': 0.030931979247764252}, {'constraint': 'max_local_connection_ratio', 'actual': 1.0303035020620546, 'target': 1.0, 'operator': '<=', 'violation': 0.030303502062054566, 'scaled_violation': 0.030303502062054566}, {'constraint': 'max_wtw_utilization', 'actual': 0.9516646803288195, 'target': 0.95, 'operator': '<=', 'violation': 0.0016646803288195011, 'scaled_violation': 0.001752295082967896}]",maximum scale-free violation at first failed capacity,"[1450.0, 1500.0]","[[0.0, 1450.0]]",False,2000.0,
998,1.3061906894790845,5.928979794765435,0.006210104013849922,1300.0,1350.0,max_daily_average_grid_connection_ratio,0.026535222718518936,"[{'constraint': 'max_daily_average_grid_connection_ratio', 'actual': 1.026535222718519, 'target': 1.0, 'operator': '<=', 'violation': 0.026535222718518936, 'scaled_violation': 0.026535222718518936}]",maximum scale-free violation at first failed capacity,"[1300.0, 1350.0]","[[0.0, 1300.0]]",False,2000.0,
999,1.3077176675899673,3.428750621651848,0.006063758332328023,1250.0,1300.0,max_local_connection_ratio,0.02399105223027398,"[{'constraint': 'max_local_connection_ratio', 'actual': 1.023991052230274, 'target': 1.0, 'operator': '<=', 'violation': 0.02399105223027398, 'scaled_violation': 0.02399105223027398}]",maximum scale-free violation at first failed capacity,"[1250.0, 1300.0]","[[0.0, 1250.0]]",False,1800.0,reclaimed_water_substitution_ratio
1000,1.3318624996888586,4.994113249290351,0.0018326083076214454,1300.0,1350.0,max_daily_average_grid_connection_ratio,0.016028301319582106,"[{'constraint': 'max_daily_average_grid_connection_ratio', 'actual': 1.016028301319582, 'target': 1.0, 'operator': '<=', 'violation': 0.016028301319582106, 'scaled_violation': 0.016028301319582106}]",maximum scale-free violation at first failed capacity,"[1300.0, 1350.0]","[[0.0, 1300.0]]",False,1850.0,reclaimed_water_substitution_ratio
1001,1.297062610852752,4.37638350119323,0.0007270664869795012,1350.0,1400.0,max_daily_average_grid_connection_ratio,0.01864891648348488,"[{'constraint': 'max_daily_average_grid_connection_ratio', 'actual': 1.0186489164834849, 'target': 1.0, 'operator': '<=', 'violation': 0.01864891648348488, 'scaled_violation': 0.01864891648348488}]",maximum scale-free violation at first failed capacity,"[1350.0, 1400.0]","[[0.0, 1350.0]]",False,1850.0,reclaimed_water_substitution_ratio
1002,1.1287262290085909,7.114993159827284,0.0026722535243688837,1550.0,1600.0,max_daily_average_grid_connection_ratio,0.02956411233486622,"[{'constraint': 'max_daily_average_grid_connection_ratio', 'actual': 1.0295641123348662, 'target': 1.0, 'operator': '<=', 'violation': 0.02956411233486622, 'scaled_violation': 0.02956411233486622}]",maximum scale-free violation at first failed capacity,"[1550.0, 1600.0]","[[0.0, 1550.0]]",False,2000.0,
1003,1.3238661147525486,4.004880722538742,0.003138349913752996,1300.0,1350.0,max_daily_average_grid_connection_ratio,0.01890702937553268,"[{'constraint': 'max_daily_average_grid_connection_ratio', 'actual': 1.0189070293755327, 'target': 1.0, 'operator': '<=', 'violation': 0.01890702937553268, 'scaled_violation': 0.01890702937553268}, {'constraint': 'max_local_connection_ratio', 'actual': 1.0006100920909902, 'target': 1.0, 'operator': '<=', 'violation': 0.0006100920909901664, 'scaled_violation': 0.0006100920909901664}]",maximum scale-free violation at first failed capacity,"[1300.0, 1350.0]","[[0.0, 1300.0]]",False,1800.0,reclaimed_water_substitution_ratio
1004,1.310942134248429,6.803497070259015,0.005540671336340184,1300.0,1350.0,max_daily_average_grid_connection_ratio,0.025550483911982225,"[{'constraint': 'max_daily_average_grid_connection_ratio', 'actual': 1.0255504839119822, 'target': 1.0, 'operator': '<=', 'violation': 0.025550483911982225, 'scaled_violation': 0.025550483911982225}]",maximum scale-free violation at first failed capacity,"[1300.0, 1350.0]","[[0.0, 1300.0]]",False,1950.0,reclaimed_water_substitution_ratio
1005,1.3468642412140295,8.856228631544264,0.0007016489444637495,1300.0,1350.0,max_daily_average_grid_connection_ratio,0.019619808412351558,"[{'constraint': 'max_daily_average_grid_connection_ratio', 'actual': 1.0196198084123516, 'target': 1.0, 'operator': '<=', 'violation': 0.019619808412351558, 'scaled_violation': 0.019619808412351558}]",maximum scale-free violation at first failed capacity,"[1300.0, 1350.0]","[[0.0, 1300.0]]",False,1850.0,reclaimed_water_substitution_ratio
1006,1.1481547134732402,8.99316050296808,0.005432069293351206,1450.0,1500.0,max_daily_average_grid_connection_ratio,0.002392068251959145,"[{'constraint': 'max_daily_average_grid_connection_ratio', 'actual': 1.0023920682519591, 'target': 1.0, 'operator': '<=', 'violation': 0.002392068251959145, 'scaled_violation': 0.002392068251959145}]",maximum scale-free violation at first failed capacity,"[1450.0, 1500.0]","[[0.0, 1450.0]]",False,2000.0,
1007,1.137446558921849,5.664655807235196,0.005067061538811479,1500.0,1550.0,max_daily_average_grid_connection_ratio,0.02368371699495775,"[{'constraint': 'max_daily_average_grid_connection_ratio', 'actual': 1.0236837169949577, 'target': 1.0, 'operator': '<=', 'violation': 0.02368371699495775, 'scaled_violation': 0.02368371699495775}]",maximum scale-free violation at first failed capacity,"[1500.0, 1550.0]","[[0.0, 1500.0]]",False,2000.0,
1008,1.1209918609201543,5.436603943477068,0.004687437243472739,1500.0,1550.0,max_daily_average_grid_connection_ratio,0.006476487701732925,"[{'constraint': 'max_daily_average_grid_connection_ratio', 'actual': 1.006476487701733, 'target': 1.0, 'operator': '<=', 'violation': 0.006476487701732925, 'scaled_violation': 0.006476487701732925}]",maximum scale-free violation at first failed capacity,"[1500.0, 1550.0]","[[0.0, 1500.0]]",False,2000.0,
1009,1.2982532932631574,8.349196313944141,0.006824897383652152,1300.0,1350.0,max_daily_average_grid_connection_ratio,0.024746825717663512,"[{'constraint': 'max_daily_average_grid_connection_ratio', 'actual': 1.0247468257176635, 'target': 1.0, 'operator': '<=', 'violation': 0.024746825717663512, 'scaled_violation': 0.024746825717663512}]",maximum scale-free violation at first failed capacity,"[1300.0, 1350.0]","[[0.0, 1300.0]]",False,2000.0,
1010,1.2975192294849545,5.16561466732995,0.007461208183660533,1300.0,1350.0,max_daily_average_grid_connection_ratio,0.02853272286945563,"[{'constraint': 'max_daily_average_grid_connection_ratio', 'actual': 1.0285327228694556, 'target': 1.0, 'operator': '<=', 'violation': 0.02853272286945563, 'scaled_violation': 0.02853272286945563}]",maximum scale-free violation at first failed capacity,"[1300.0, 1350.0]","[[0.0, 1300.0]]",False,2000.0,
1011,1.332135184732121,6.263775806718076,0.001976286654592917,1300.0,1350.0,max_daily_average_grid_connection_ratio,0.017213505831907616,"[{'constraint': 'max_daily_average_grid_connection_ratio', 'actual': 1.0172135058319076, 'target': 1.0, 'operator': '<=', 'violation': 0.017213505831907616, 'scaled_violation': 0.017213505831907616}]",maximum scale-free violation at first failed capacity,"[1300.0, 1350.0]","[[0.0, 1300.0]]",False,1900.0,reclaimed_water_substitution_ratio
1012,1.2630645494184836,8.554096192718047,0.0076245842063679264,1300.0,1350.0,max_daily_average_grid_connection_ratio,0.0036858706515565665,"[{'constraint': 'max_daily_average_grid_connection_ratio', 'actual': 1.0036858706515566, 'target': 1.0, 'operator': '<=', 'violation': 0.0036858706515565665, 'scaled_violation': 0.0036858706515565665}]",maximum scale-free violation at first failed capacity,"[1300.0, 1350.0]","[[0.0, 1300.0]]",False,2000.0,
1013,1.3326932127422348,5.801299326614819,0.007215634832708373,1250.0,1300.0,max_daily_average_grid_connection_ratio,0.014347680250135664,"[{'constraint': 'max_daily_average_grid_connection_ratio', 'actual': 1.0143476802501357, 'target': 1.0, 'operator': '<=', 'violation': 0.014347680250135664, 'scaled_violation': 0.014347680250135664}]",maximum scale-free violation at first failed capacity,"[1250.0, 1300.0]","[[0.0, 1250.0]]",False,1950.0,reclaimed_water_substitution_ratio
1014,1.2662205154355752,5.077942888043615,0.002335424400961692,1350.0,1400.0,max_daily_average_grid_connection_ratio,0.005922896686823886,"[{'constraint': 'max_daily_average_grid_connection_ratio', 'actual': 1.0059228966868239, 'target': 1.0, 'operator': '<=', 'violation': 0.005922896686823886, 'scaled_violation': 0.005922896686823886}]",maximum scale-free violation at first failed capacity,"[1350.0, 1400.0]","[[0.0, 1350.0]]",False,1950.0,reclaimed_water_substitution_ratio
1015,1.2728137153014643,6.699270266060898,0.0019123569921824222,1350.0,1400.0,max_daily_average_grid_connection_ratio,0.008082993100190006,"[{'constraint': 'max_daily_average_grid_connection_ratio', 'actual': 1.00808299310019, 'target': 1.0, 'operator': '<=', 'violation': 0.008082993100190006, 'scaled_violation': 0.008082993100190006}]",maximum scale-free violation at first failed capacity,"[1350.0, 1400.0]","[[0.0, 1350.0]]",False,1950.0,reclaimed_water_substitution_ratio
1016,1.2026498605468603,7.626300801910461,0.0017991982427369472,1450.0,1500.0,max_daily_average_grid_connection_ratio,0.020490376607646965,"[{'constraint': 'max_daily_average_grid_connection_ratio', 'actual': 1.020490376607647, 'target': 1.0, 'operator': '<=', 'violation': 0.020490376607646965, 'scaled_violation': 0.020490376607646965}]",maximum scale-free violation at first failed capacity,"[1450.0, 1500.0]","[[0.0, 1450.0]]",False,2000.0,
1017,1.354283119937373,8.96832587615792,0.0031380221621152638,1250.0,1300.0,max_daily_average_grid_connection_ratio,0.0032373476721967442,"[{'constraint': 'max_daily_average_grid_connection_ratio', 'actual': 1.0032373476721967, 'target': 1.0, 'operator': '<=', 'violation': 0.0032373476721967442, 'scaled_violation': 0.0032373476721967442}]",maximum scale-free violation at first failed capacity,"[1250.0, 1300.0]","[[0.0, 1250.0]]",False,1850.0,reclaimed_water_substitution_ratio
1018,1.2568897291020105,6.552812121960254,0.005469219866272777,1350.0,1400.0,max_daily_average_grid_connection_ratio,0.02079273388978442,"[{'constraint': 'max_daily_average_grid_connection_ratio', 'actual': 1.0207927338897844, 'target': 1.0, 'operator': '<=', 'violation': 0.02079273388978442, 'scaled_violation': 0.02079273388978442}]",maximum scale-free violation at first failed capacity,"[1350.0, 1400.0]","[[0.0, 1350.0]]",False,2000.0,
1019,1.2475406142403158,6.042840598654523,0.0031394853037660176,1400.0,1450.0,max_daily_average_grid_connection_ratio,0.032620221131503424,"[{'constraint': 'max_daily_average_grid_connection_ratio', 'actual': 1.0326202211315034, 'target': 1.0, 'operator': '<=', 'violation': 0.032620221131503424, 'scaled_violation': 0.032620221131503424}]",maximum scale-free violation at first failed capacity,"[1400.0, 1450.0]","[[0.0, 1400.0]]",False,2000.0,
1020,1.338737517097205,7.261932795102115,0.0037626857911695704,1300.0,1350.0,max_daily_average_grid_connection_ratio,0.034369676216272405,"[{'constraint': 'max_daily_average_grid_connection_ratio', 'actual': 1.0343696762162724, 'target': 1.0, 'operator': '<=', 'violation': 0.034369676216272405, 'scaled_violation': 0.034369676216272405}]",maximum scale-free violation at first failed capacity,"[1300.0, 1350.0]","[[0.0, 1300.0]]",False,1900.0,reclaimed_water_substitution_ratio
1021,1.2884325835104404,7.4542929386197425,0.004021223809372603,1350.0,1400.0,max_daily_average_grid_connection_ratio,0.03520032420229802,"[{'constraint': 'max_daily_average_grid_connection_ratio', 'actual': 1.035200324202298, 'target': 1.0, 'operator': '<=', 'violation': 0.03520032420229802, 'scaled_violation': 0.03520032420229802}]",maximum scale-free violation at first failed capacity,"[1350.0, 1400.0]","[[0.0, 1350.0]]",False,1950.0,reclaimed_water_substitution_ratio
1022,1.129716306250678,4.850289353815472,0.00551888155951547,1500.0,1550.0,max_daily_average_grid_connection_ratio,0.02053362010811255,"[{'constraint': 'max_daily_average_grid_connection_ratio', 'actual': 1.0205336201081125, 'target': 1.0, 'operator': '<=', 'violation': 0.02053362010811255, 'scaled_violation': 0.02053362010811255}]",maximum scale-free violation at first failed capacity,"[1500.0, 1550.0]","[[0.0, 1500.0]]",False,2000.0,
1023,1.262441635748654,8.94411337137629,0.0025035206275116737,1350.0,1400.0,max_daily_average_grid_connection_ratio,0.004158831243321615,"[{'constraint': 'max_daily_average_grid_connection_ratio', 'actual': 1.0041588312433216, 'target': 1.0, 'operator': '<=', 'violation': 0.004158831243321615, 'scaled_violation': 0.004158831243321615}]",maximum scale-free violation at first failed capacity,"[1350.0, 1400.0]","[[0.0, 1350.0]]",False,2000.0,
